# matchedfilter CPU COST table -- FDR and batch-aware relative costs
# format cost-fd-pairs-v1
# cpu     Intel(R) Xeon(R) CPU E5-2698 v3 @ 2.30GHz
# commit  unknown
# Warm public-API cost relative to the widest band for this profile and shape.
# The reference-profile gate model computes accuracy independently.
# U=2 and K=8 are retained as configuration metadata; taps are inert.
# COST n band U K snr fd pairs f beff relative_cost
COST 1024 256 2 8 5.00 0.0001 512 0.884518 113.275 0.852972
COST 1024 512 2 8 5.00 0.0001 512 1.000000 143.622 1.000000
COST 1024 256 2 8 5.00 0.0001 512 0.940195 81.628 0.845634
COST 1024 512 2 8 5.00 0.0001 512 1.000000 92.210 1.000000
COST 1024 256 2 8 5.00 0.0001 512 0.972159 61.071 0.498058
COST 1024 512 2 8 5.00 0.0001 512 1.000000 64.605 1.000000
COST 1024 256 2 8 5.00 0.0001 512 0.988151 48.031 0.394409
COST 1024 512 2 8 5.00 0.0001 512 1.000000 49.188 1.000000
COST 1024 256 2 8 5.00 0.001 512 0.884518 113.275 1.316788
COST 1024 512 2 8 5.00 0.001 512 1.000000 143.622 1.000000
COST 1024 256 2 8 5.00 0.001 512 0.940195 81.628 0.604639
COST 1024 512 2 8 5.00 0.001 512 1.000000 92.210 1.000000
COST 1024 256 2 8 5.00 0.001 512 0.972159 61.071 0.383172
COST 1024 512 2 8 5.00 0.001 512 1.000000 64.605 1.000000
COST 1024 256 2 8 5.00 0.001 512 0.988151 48.031 0.373721
COST 1024 512 2 8 5.00 0.001 512 1.000000 49.188 1.000000
COST 1024 256 2 8 5.00 0.01 512 0.884518 113.275 0.614789
COST 1024 512 2 8 5.00 0.01 512 1.000000 143.622 1.000000
COST 1024 256 2 8 5.00 0.01 512 0.940195 81.628 0.430798
COST 1024 512 2 8 5.00 0.01 512 1.000000 92.210 1.000000
COST 1024 256 2 8 5.00 0.01 512 0.972159 61.071 0.367978
COST 1024 512 2 8 5.00 0.01 512 1.000000 64.605 1.000000
COST 1024 256 2 8 5.00 0.01 512 0.988151 48.031 0.347225
COST 1024 512 2 8 5.00 0.01 512 1.000000 49.188 1.000000
COST 1024 256 2 8 5.50 0.0001 512 0.884518 113.275 1.020269
COST 1024 512 2 8 5.50 0.0001 512 1.000000 143.622 1.000000
COST 1024 256 2 8 5.50 0.0001 512 0.940195 81.628 0.568952
COST 1024 512 2 8 5.50 0.0001 512 1.000000 92.210 1.000000
COST 1024 256 2 8 5.50 0.0001 512 0.972159 61.071 0.394910
COST 1024 512 2 8 5.50 0.0001 512 1.000000 64.605 1.000000
COST 1024 256 2 8 5.50 0.0001 512 0.988151 48.031 0.350115
COST 1024 512 2 8 5.50 0.0001 512 1.000000 49.188 1.000000
COST 1024 256 2 8 5.50 0.001 512 0.884518 113.275 0.781091
COST 1024 512 2 8 5.50 0.001 512 1.000000 143.622 1.000000
COST 1024 256 2 8 5.50 0.001 512 0.940195 81.628 0.415975
COST 1024 512 2 8 5.50 0.001 512 1.000000 92.210 1.000000
COST 1024 256 2 8 5.50 0.001 512 0.972159 61.071 0.367800
COST 1024 512 2 8 5.50 0.001 512 1.000000 64.605 1.000000
COST 1024 256 2 8 5.50 0.001 512 0.988151 48.031 0.335480
COST 1024 512 2 8 5.50 0.001 512 1.000000 49.188 1.000000
COST 1024 256 2 8 5.50 0.01 512 0.884518 113.275 0.445073
COST 1024 512 2 8 5.50 0.01 512 1.000000 143.622 1.000000
COST 1024 256 2 8 5.50 0.01 512 0.940195 81.628 0.353241
COST 1024 512 2 8 5.50 0.01 512 1.000000 92.210 1.000000
COST 1024 256 2 8 5.50 0.01 512 0.972159 61.071 0.326484
COST 1024 512 2 8 5.50 0.01 512 1.000000 64.605 1.000000
COST 1024 256 2 8 5.50 0.01 512 0.988151 48.031 0.319969
COST 1024 512 2 8 5.50 0.01 512 1.000000 49.188 1.000000
COST 1024 256 2 8 6.00 0.0001 512 0.884518 113.275 0.794736
COST 1024 512 2 8 6.00 0.0001 512 1.000000 143.622 1.000000
COST 1024 256 2 8 6.00 0.0001 512 0.940195 81.628 0.405001
COST 1024 512 2 8 6.00 0.0001 512 1.000000 92.210 1.000000
COST 1024 256 2 8 6.00 0.0001 512 0.972159 61.071 0.352179
COST 1024 512 2 8 6.00 0.0001 512 1.000000 64.605 1.000000
COST 1024 256 2 8 6.00 0.0001 512 0.988151 48.031 0.342161
COST 1024 512 2 8 6.00 0.0001 512 1.000000 49.188 1.000000
COST 1024 256 2 8 6.00 0.001 512 0.884518 113.275 0.540011
COST 1024 512 2 8 6.00 0.001 512 1.000000 143.622 1.000000
COST 1024 256 2 8 6.00 0.001 512 0.940195 81.628 0.368247
COST 1024 512 2 8 6.00 0.001 512 1.000000 92.210 1.000000
COST 1024 256 2 8 6.00 0.001 512 0.972159 61.071 0.347109
COST 1024 512 2 8 6.00 0.001 512 1.000000 64.605 1.000000
COST 1024 256 2 8 6.00 0.001 512 0.988151 48.031 0.337093
COST 1024 512 2 8 6.00 0.001 512 1.000000 49.188 1.000000
COST 1024 256 2 8 6.00 0.01 512 0.884518 113.275 0.375782
COST 1024 512 2 8 6.00 0.01 512 1.000000 143.622 1.000000
COST 1024 256 2 8 6.00 0.01 512 0.940195 81.628 0.345451
COST 1024 512 2 8 6.00 0.01 512 1.000000 92.210 1.000000
COST 1024 256 2 8 6.00 0.01 512 0.972159 61.071 0.333214
COST 1024 512 2 8 6.00 0.01 512 1.000000 64.605 1.000000
COST 1024 256 2 8 6.00 0.01 512 0.988151 48.031 0.341265
COST 1024 512 2 8 6.00 0.01 512 1.000000 49.188 1.000000
COST 1024 256 2 8 6.50 0.0001 512 0.884518 113.275 0.521521
COST 1024 512 2 8 6.50 0.0001 512 1.000000 143.622 1.000000
COST 1024 256 2 8 6.50 0.0001 512 0.940195 81.628 0.370120
COST 1024 512 2 8 6.50 0.0001 512 1.000000 92.210 1.000000
COST 1024 256 2 8 6.50 0.0001 512 0.972159 61.071 0.348519
COST 1024 512 2 8 6.50 0.0001 512 1.000000 64.605 1.000000
COST 1024 256 2 8 6.50 0.0001 512 0.988151 48.031 0.338420
COST 1024 512 2 8 6.50 0.0001 512 1.000000 49.188 1.000000
COST 1024 256 2 8 6.50 0.001 512 0.884518 113.275 0.398535
COST 1024 512 2 8 6.50 0.001 512 1.000000 143.622 1.000000
COST 1024 256 2 8 6.50 0.001 512 0.940195 81.628 0.353553
COST 1024 512 2 8 6.50 0.001 512 1.000000 92.210 1.000000
COST 1024 256 2 8 6.50 0.001 512 0.972159 61.071 0.329264
COST 1024 512 2 8 6.50 0.001 512 1.000000 64.605 1.000000
COST 1024 256 2 8 6.50 0.001 512 0.988151 48.031 0.327436
COST 1024 512 2 8 6.50 0.001 512 1.000000 49.188 1.000000
COST 1024 256 2 8 6.50 0.01 512 0.884518 113.275 0.330997
COST 1024 512 2 8 6.50 0.01 512 1.000000 143.622 1.000000
COST 1024 256 2 8 6.50 0.01 512 0.940195 81.628 0.356032
COST 1024 512 2 8 6.50 0.01 512 1.000000 92.210 1.000000
COST 1024 256 2 8 6.50 0.01 512 0.972159 61.071 0.354229
COST 1024 512 2 8 6.50 0.01 512 1.000000 64.605 1.000000
COST 1024 256 2 8 6.50 0.01 512 0.988151 48.031 0.327496
COST 1024 512 2 8 6.50 0.01 512 1.000000 49.188 1.000000
COST 131072 2048 2 8 5.00 0.0001 512 0.101363 1161.495 0.729075
COST 131072 4096 2 8 5.00 0.0001 512 0.330517 3133.156 0.752121
COST 131072 8192 2 8 5.00 0.0001 512 0.556820 6433.428 0.770351
COST 131072 16384 2 8 5.00 0.0001 512 0.739558 10405.039 0.796014
COST 131072 32768 2 8 5.00 0.0001 512 0.884753 14510.533 0.854343
COST 131072 65536 2 8 5.00 0.0001 512 1.000000 18388.750 1.000000
COST 131072 2048 2 8 5.00 0.0001 512 0.165475 1248.868 0.746328
COST 131072 4096 2 8 5.00 0.0001 512 0.461394 3219.569 0.732171
COST 131072 8192 2 8 5.00 0.0001 512 0.695493 5977.928 0.768047
COST 131072 16384 2 8 5.00 0.0001 512 0.845646 8515.006 0.801398
COST 131072 32768 2 8 5.00 0.0001 512 0.940342 10452.859 0.870467
COST 131072 65536 2 8 5.00 0.0001 512 1.000000 11804.351 1.000000
COST 131072 2048 2 8 5.00 0.0001 512 0.244680 1346.831 0.744113
COST 131072 4096 2 8 5.00 0.0001 512 0.588141 3276.857 0.730355
COST 131072 8192 2 8 5.00 0.0001 512 0.805819 5460.169 0.760789
COST 131072 16384 2 8 5.00 0.0001 512 0.916724 6964.047 0.782224
COST 131072 32768 2 8 5.00 0.0001 512 0.972240 7818.850 0.859667
COST 131072 65536 2 8 5.00 0.0001 512 1.000000 8269.841 1.000000
COST 131072 2048 2 8 5.00 0.0001 512 0.334152 1456.527 0.886146
COST 131072 4096 2 8 5.00 0.0001 512 0.698534 3302.182 0.904757
COST 131072 8192 2 8 5.00 0.0001 512 0.883560 4943.763 0.979051
COST 131072 16384 2 8 5.00 0.0001 512 0.958440 5786.452 0.954347
COST 131072 32768 2 8 5.00 0.0001 512 0.988192 6148.706 1.031175
COST 131072 65536 2 8 5.00 0.0001 512 1.000000 6296.317 1.000000
COST 131072 2048 2 8 5.00 0.001 512 0.101363 1161.495 0.692284
COST 131072 4096 2 8 5.00 0.001 512 0.330517 3133.156 0.714012
COST 131072 8192 2 8 5.00 0.001 512 0.556820 6433.428 0.735842
COST 131072 16384 2 8 5.00 0.001 512 0.739558 10405.039 0.758356
COST 131072 32768 2 8 5.00 0.001 512 0.884753 14510.533 0.835379
COST 131072 65536 2 8 5.00 0.001 512 1.000000 18388.750 1.000000
COST 131072 2048 2 8 5.00 0.001 512 0.165475 1248.868 0.714032
COST 131072 4096 2 8 5.00 0.001 512 0.461394 3219.569 0.761519
COST 131072 8192 2 8 5.00 0.001 512 0.695493 5977.928 0.738919
COST 131072 16384 2 8 5.00 0.001 512 0.845646 8515.006 0.787751
COST 131072 32768 2 8 5.00 0.001 512 0.940342 10452.859 0.848716
COST 131072 65536 2 8 5.00 0.001 512 1.000000 11804.351 1.000000
COST 131072 2048 2 8 5.00 0.001 512 0.244680 1346.831 0.783524
COST 131072 4096 2 8 5.00 0.001 512 0.588141 3276.857 0.766660
COST 131072 8192 2 8 5.00 0.001 512 0.805819 5460.169 0.804418
COST 131072 16384 2 8 5.00 0.001 512 0.916724 6964.047 0.837133
COST 131072 32768 2 8 5.00 0.001 512 0.972240 7818.850 0.908646
COST 131072 65536 2 8 5.00 0.001 512 1.000000 8269.841 1.000000
COST 131072 2048 2 8 5.00 0.001 512 0.334152 1456.527 1.066464
COST 131072 4096 2 8 5.00 0.001 512 0.698534 3302.182 1.104580
COST 131072 8192 2 8 5.00 0.001 512 0.883560 4943.763 1.096488
COST 131072 16384 2 8 5.00 0.001 512 0.958440 5786.452 1.131129
COST 131072 32768 2 8 5.00 0.001 512 0.988192 6148.706 1.088313
COST 131072 65536 2 8 5.00 0.001 512 1.000000 6296.317 1.000000
COST 131072 2048 2 8 5.00 0.01 512 0.101363 1161.495 0.738507
COST 131072 4096 2 8 5.00 0.01 512 0.330517 3133.156 0.766409
COST 131072 8192 2 8 5.00 0.01 512 0.556820 6433.428 0.782837
COST 131072 16384 2 8 5.00 0.01 512 0.739558 10405.039 0.815698
COST 131072 32768 2 8 5.00 0.01 512 0.884753 14510.533 0.860733
COST 131072 65536 2 8 5.00 0.01 512 1.000000 18388.750 1.000000
COST 131072 2048 2 8 5.00 0.01 512 0.165475 1248.868 0.738406
COST 131072 4096 2 8 5.00 0.01 512 0.461394 3219.569 0.738064
COST 131072 8192 2 8 5.00 0.01 512 0.695493 5977.928 0.773895
COST 131072 16384 2 8 5.00 0.01 512 0.845646 8515.006 0.794977
COST 131072 32768 2 8 5.00 0.01 512 0.940342 10452.859 0.875927
COST 131072 65536 2 8 5.00 0.01 512 1.000000 11804.351 1.000000
COST 131072 2048 2 8 5.00 0.01 512 0.244680 1346.831 1.081423
COST 131072 4096 2 8 5.00 0.01 512 0.588141 3276.857 1.061434
COST 131072 8192 2 8 5.00 0.01 512 0.805819 5460.169 1.105279
COST 131072 16384 2 8 5.00 0.01 512 0.916724 6964.047 1.121783
COST 131072 32768 2 8 5.00 0.01 512 0.972240 7818.850 1.103610
COST 131072 65536 2 8 5.00 0.01 512 1.000000 8269.841 1.000000
COST 131072 2048 2 8 5.00 0.01 512 0.334152 1456.527 1.442056
COST 131072 4096 2 8 5.00 0.01 512 0.698534 3302.182 1.500929
COST 131072 8192 2 8 5.00 0.01 512 0.883560 4943.763 1.468588
COST 131072 16384 2 8 5.00 0.01 512 0.958440 5786.452 1.324941
COST 131072 32768 2 8 5.00 0.01 512 0.988192 6148.706 0.968303
COST 131072 65536 2 8 5.00 0.01 512 1.000000 6296.317 1.000000
COST 131072 2048 2 8 5.50 0.0001 512 0.101363 1161.495 0.730477
COST 131072 4096 2 8 5.50 0.0001 512 0.330517 3133.156 0.727167
COST 131072 8192 2 8 5.50 0.0001 512 0.556820 6433.428 0.746656
COST 131072 16384 2 8 5.50 0.0001 512 0.739558 10405.039 0.783126
COST 131072 32768 2 8 5.50 0.0001 512 0.884753 14510.533 0.850975
COST 131072 65536 2 8 5.50 0.0001 512 1.000000 18388.750 1.000000
COST 131072 2048 2 8 5.50 0.0001 512 0.165475 1248.868 0.738307
COST 131072 4096 2 8 5.50 0.0001 512 0.461394 3219.569 0.771246
COST 131072 8192 2 8 5.50 0.0001 512 0.695493 5977.928 0.780365
COST 131072 16384 2 8 5.50 0.0001 512 0.845646 8515.006 0.798036
COST 131072 32768 2 8 5.50 0.0001 512 0.940342 10452.859 0.851740
COST 131072 65536 2 8 5.50 0.0001 512 1.000000 11804.351 1.000000
COST 131072 2048 2 8 5.50 0.0001 512 0.244680 1346.831 0.997798
COST 131072 4096 2 8 5.50 0.0001 512 0.588141 3276.857 1.005455
COST 131072 8192 2 8 5.50 0.0001 512 0.805819 5460.169 1.024234
COST 131072 16384 2 8 5.50 0.0001 512 0.916724 6964.047 1.091048
COST 131072 32768 2 8 5.50 0.0001 512 0.972240 7818.850 1.151779
COST 131072 65536 2 8 5.50 0.0001 512 1.000000 8269.841 1.000000
COST 131072 2048 2 8 5.50 0.0001 512 0.334152 1456.527 1.827530
COST 131072 4096 2 8 5.50 0.0001 512 0.698534 3302.182 1.917316
COST 131072 8192 2 8 5.50 0.0001 512 0.883560 4943.763 2.001469
COST 131072 16384 2 8 5.50 0.0001 512 0.958440 5786.452 1.957533
COST 131072 32768 2 8 5.50 0.0001 512 0.988192 6148.706 1.180668
COST 131072 65536 2 8 5.50 0.0001 512 1.000000 6296.317 1.000000
COST 131072 2048 2 8 5.50 0.001 512 0.101363 1161.495 0.745082
COST 131072 4096 2 8 5.50 0.001 512 0.330517 3133.156 0.778735
COST 131072 8192 2 8 5.50 0.001 512 0.556820 6433.428 0.764440
COST 131072 16384 2 8 5.50 0.001 512 0.739558 10405.039 0.787814
COST 131072 32768 2 8 5.50 0.001 512 0.884753 14510.533 0.868879
COST 131072 65536 2 8 5.50 0.001 512 1.000000 18388.750 1.000000
COST 131072 2048 2 8 5.50 0.001 512 0.165475 1248.868 0.790833
COST 131072 4096 2 8 5.50 0.001 512 0.461394 3219.569 0.801763
COST 131072 8192 2 8 5.50 0.001 512 0.695493 5977.928 0.827425
COST 131072 16384 2 8 5.50 0.001 512 0.845646 8515.006 0.838206
COST 131072 32768 2 8 5.50 0.001 512 0.940342 10452.859 0.894572
COST 131072 65536 2 8 5.50 0.001 512 1.000000 11804.351 1.000000
COST 131072 2048 2 8 5.50 0.001 512 0.244680 1346.831 1.414205
COST 131072 4096 2 8 5.50 0.001 512 0.588141 3276.857 1.396966
COST 131072 8192 2 8 5.50 0.001 512 0.805819 5460.169 1.434282
COST 131072 16384 2 8 5.50 0.001 512 0.916724 6964.047 1.481639
COST 131072 32768 2 8 5.50 0.001 512 0.972240 7818.850 1.192175
COST 131072 65536 2 8 5.50 0.001 512 1.000000 8269.841 1.000000
COST 131072 2048 2 8 5.50 0.001 512 0.334152 1456.527 1.988906
COST 131072 4096 2 8 5.50 0.001 512 0.698534 3302.182 1.997575
COST 131072 8192 2 8 5.50 0.001 512 0.883560 4943.763 2.022485
COST 131072 16384 2 8 5.50 0.001 512 0.958440 5786.452 1.553523
COST 131072 32768 2 8 5.50 0.001 512 0.988192 6148.706 0.768897
COST 131072 65536 2 8 5.50 0.001 512 1.000000 6296.317 1.000000
COST 131072 2048 2 8 5.50 0.01 512 0.101363 1161.495 0.732263
COST 131072 4096 2 8 5.50 0.01 512 0.330517 3133.156 0.770586
COST 131072 8192 2 8 5.50 0.01 512 0.556820 6433.428 0.796760
COST 131072 16384 2 8 5.50 0.01 512 0.739558 10405.039 0.813365
COST 131072 32768 2 8 5.50 0.01 512 0.884753 14510.533 0.878991
COST 131072 65536 2 8 5.50 0.01 512 1.000000 18388.750 1.000000
COST 131072 2048 2 8 5.50 0.01 512 0.165475 1248.868 1.182360
COST 131072 4096 2 8 5.50 0.01 512 0.461394 3219.569 1.225454
COST 131072 8192 2 8 5.50 0.01 512 0.695493 5977.928 1.241092
COST 131072 16384 2 8 5.50 0.01 512 0.845646 8515.006 1.304902
COST 131072 32768 2 8 5.50 0.01 512 0.940342 10452.859 1.130728
COST 131072 65536 2 8 5.50 0.01 512 1.000000 11804.351 1.000000
COST 131072 2048 2 8 5.50 0.01 512 0.244680 1346.831 2.034040
COST 131072 4096 2 8 5.50 0.01 512 0.588141 3276.857 2.102269
COST 131072 8192 2 8 5.50 0.01 512 0.805819 5460.169 2.074629
COST 131072 16384 2 8 5.50 0.01 512 0.916724 6964.047 1.680774
COST 131072 32768 2 8 5.50 0.01 512 0.972240 7818.850 0.803465
COST 131072 65536 2 8 5.50 0.01 512 1.000000 8269.841 1.000000
COST 131072 2048 2 8 5.50 0.01 512 0.334152 1456.527 2.268625
COST 131072 4096 2 8 5.50 0.01 512 0.698534 3302.182 2.233981
COST 131072 8192 2 8 5.50 0.01 512 0.883560 4943.763 1.966298
COST 131072 16384 2 8 5.50 0.01 512 0.958440 5786.452 0.804534
COST 131072 32768 2 8 5.50 0.01 512 0.988192 6148.706 0.562672
COST 131072 65536 2 8 5.50 0.01 512 1.000000 6296.317 1.000000
COST 131072 2048 2 8 6.00 0.0001 512 0.101363 1161.495 0.730878
COST 131072 4096 2 8 6.00 0.0001 512 0.330517 3133.156 0.753710
COST 131072 8192 2 8 6.00 0.0001 512 0.556820 6433.428 0.766351
COST 131072 16384 2 8 6.00 0.0001 512 0.739558 10405.039 0.793487
COST 131072 32768 2 8 6.00 0.0001 512 0.884753 14510.533 0.861591
COST 131072 65536 2 8 6.00 0.0001 512 1.000000 18388.750 1.000000
COST 131072 2048 2 8 6.00 0.0001 512 0.165475 1248.868 1.005688
COST 131072 4096 2 8 6.00 0.0001 512 0.461394 3219.569 1.001620
COST 131072 8192 2 8 6.00 0.0001 512 0.695493 5977.928 1.073400
COST 131072 16384 2 8 6.00 0.0001 512 0.845646 8515.006 1.057667
COST 131072 32768 2 8 6.00 0.0001 512 0.940342 10452.859 1.146158
COST 131072 65536 2 8 6.00 0.0001 512 1.000000 11804.351 1.000000
COST 131072 2048 2 8 6.00 0.0001 512 0.244680 1346.831 1.998985
COST 131072 4096 2 8 6.00 0.0001 512 0.588141 3276.857 2.040193
COST 131072 8192 2 8 6.00 0.0001 512 0.805819 5460.169 2.051360
COST 131072 16384 2 8 6.00 0.0001 512 0.916724 6964.047 2.170100
COST 131072 32768 2 8 6.00 0.0001 512 0.972240 7818.850 1.177166
COST 131072 65536 2 8 6.00 0.0001 512 1.000000 8269.841 1.000000
COST 131072 2048 2 8 6.00 0.0001 512 0.334152 1456.527 2.496071
COST 131072 4096 2 8 6.00 0.0001 512 0.698534 3302.182 2.515655
COST 131072 8192 2 8 6.00 0.0001 512 0.883560 4943.763 2.615579
COST 131072 16384 2 8 6.00 0.0001 512 0.958440 5786.452 1.321152
COST 131072 32768 2 8 6.00 0.0001 512 0.988192 6148.706 0.586385
COST 131072 65536 2 8 6.00 0.0001 512 1.000000 6296.317 1.000000
COST 131072 2048 2 8 6.00 0.001 512 0.101363 1161.495 0.746900
COST 131072 4096 2 8 6.00 0.001 512 0.330517 3133.156 0.784660
COST 131072 8192 2 8 6.00 0.001 512 0.556820 6433.428 0.775038
COST 131072 16384 2 8 6.00 0.001 512 0.739558 10405.039 0.802225
COST 131072 32768 2 8 6.00 0.001 512 0.884753 14510.533 0.861130
COST 131072 65536 2 8 6.00 0.001 512 1.000000 18388.750 1.000000
COST 131072 2048 2 8 6.00 0.001 512 0.165475 1248.868 1.453352
COST 131072 4096 2 8 6.00 0.001 512 0.461394 3219.569 1.479964
COST 131072 8192 2 8 6.00 0.001 512 0.695493 5977.928 1.611510
COST 131072 16384 2 8 6.00 0.001 512 0.845646 8515.006 1.571654
COST 131072 32768 2 8 6.00 0.001 512 0.940342 10452.859 1.372856
COST 131072 65536 2 8 6.00 0.001 512 1.000000 11804.351 1.000000
COST 131072 2048 2 8 6.00 0.001 512 0.244680 1346.831 2.428198
COST 131072 4096 2 8 6.00 0.001 512 0.588141 3276.857 2.392468
COST 131072 8192 2 8 6.00 0.001 512 0.805819 5460.169 2.474676
COST 131072 16384 2 8 6.00 0.001 512 0.916724 6964.047 1.685059
COST 131072 32768 2 8 6.00 0.001 512 0.972240 7818.850 0.732539
COST 131072 65536 2 8 6.00 0.001 512 1.000000 8269.841 1.000000
COST 131072 2048 2 8 6.00 0.001 512 0.334152 1456.527 2.506100
COST 131072 4096 2 8 6.00 0.001 512 0.698534 3302.182 2.466159
COST 131072 8192 2 8 6.00 0.001 512 0.883560 4943.763 2.151037
COST 131072 16384 2 8 6.00 0.001 512 0.958440 5786.452 0.524759
COST 131072 32768 2 8 6.00 0.001 512 0.988192 6148.706 0.486263
COST 131072 65536 2 8 6.00 0.001 512 1.000000 6296.317 1.000000
COST 131072 2048 2 8 6.00 0.01 512 0.101363 1161.495 1.142598
COST 131072 4096 2 8 6.00 0.01 512 0.330517 3133.156 1.156386
COST 131072 8192 2 8 6.00 0.01 512 0.556820 6433.428 1.175995
COST 131072 16384 2 8 6.00 0.01 512 0.739558 10405.039 1.225644
COST 131072 32768 2 8 6.00 0.01 512 0.884753 14510.533 1.259490
COST 131072 65536 2 8 6.00 0.01 512 1.000000 18388.750 1.000000
COST 131072 2048 2 8 6.00 0.01 512 0.165475 1248.868 2.165064
COST 131072 4096 2 8 6.00 0.01 512 0.461394 3219.569 2.245897
COST 131072 8192 2 8 6.00 0.01 512 0.695493 5977.928 2.269153
COST 131072 16384 2 8 6.00 0.01 512 0.845646 8515.006 2.136943
COST 131072 32768 2 8 6.00 0.01 512 0.940342 10452.859 0.830895
COST 131072 65536 2 8 6.00 0.01 512 1.000000 11804.351 1.000000
COST 131072 2048 2 8 6.00 0.01 512 0.244680 1346.831 2.493358
COST 131072 4096 2 8 6.00 0.01 512 0.588141 3276.857 2.506638
COST 131072 8192 2 8 6.00 0.01 512 0.805819 5460.169 2.113032
COST 131072 16384 2 8 6.00 0.01 512 0.916724 6964.047 0.701115
COST 131072 32768 2 8 6.00 0.01 512 0.972240 7818.850 0.483827
COST 131072 65536 2 8 6.00 0.01 512 1.000000 8269.841 1.000000
COST 131072 2048 2 8 6.00 0.01 512 0.334152 1456.527 2.465553
COST 131072 4096 2 8 6.00 0.01 512 0.698534 3302.182 2.497800
COST 131072 8192 2 8 6.00 0.01 512 0.883560 4943.763 0.831342
COST 131072 16384 2 8 6.00 0.01 512 0.958440 5786.452 0.281959
COST 131072 32768 2 8 6.00 0.01 512 0.988192 6148.706 0.451306
COST 131072 65536 2 8 6.00 0.01 512 1.000000 6296.317 1.000000
COST 131072 2048 2 8 6.50 0.0001 512 0.101363 1161.495 0.797972
COST 131072 4096 2 8 6.50 0.0001 512 0.330517 3133.156 0.825225
COST 131072 8192 2 8 6.50 0.0001 512 0.556820 6433.428 0.828056
COST 131072 16384 2 8 6.50 0.0001 512 0.739558 10405.039 0.868708
COST 131072 32768 2 8 6.50 0.0001 512 0.884753 14510.533 0.938213
COST 131072 65536 2 8 6.50 0.0001 512 1.000000 18388.750 1.000000
COST 131072 2048 2 8 6.50 0.0001 512 0.165475 1248.868 1.979083
COST 131072 4096 2 8 6.50 0.0001 512 0.461394 3219.569 2.003783
COST 131072 8192 2 8 6.50 0.0001 512 0.695493 5977.928 2.077927
COST 131072 16384 2 8 6.50 0.0001 512 0.845646 8515.006 2.123411
COST 131072 32768 2 8 6.50 0.0001 512 0.940342 10452.859 1.530710
COST 131072 65536 2 8 6.50 0.0001 512 1.000000 11804.351 1.000000
COST 131072 2048 2 8 6.50 0.0001 512 0.244680 1346.831 2.597230
COST 131072 4096 2 8 6.50 0.0001 512 0.588141 3276.857 2.648567
COST 131072 8192 2 8 6.50 0.0001 512 0.805819 5460.169 2.656334
COST 131072 16384 2 8 6.50 0.0001 512 0.916724 6964.047 1.593745
COST 131072 32768 2 8 6.50 0.0001 512 0.972240 7818.850 0.599795
COST 131072 65536 2 8 6.50 0.0001 512 1.000000 8269.841 1.000000
COST 131072 2048 2 8 6.50 0.0001 512 0.334152 1456.527 2.528925
COST 131072 4096 2 8 6.50 0.0001 512 0.698534 3302.182 2.561762
COST 131072 8192 2 8 6.50 0.0001 512 0.883560 4943.763 1.838380
COST 131072 16384 2 8 6.50 0.0001 512 0.958440 5786.452 0.378988
COST 131072 32768 2 8 6.50 0.0001 512 0.988192 6148.706 0.430397
COST 131072 65536 2 8 6.50 0.0001 512 1.000000 6296.317 1.000000
COST 131072 2048 2 8 6.50 0.001 512 0.101363 1161.495 1.190952
COST 131072 4096 2 8 6.50 0.001 512 0.330517 3133.156 1.181121
COST 131072 8192 2 8 6.50 0.001 512 0.556820 6433.428 1.191214
COST 131072 16384 2 8 6.50 0.001 512 0.739558 10405.039 1.238626
COST 131072 32768 2 8 6.50 0.001 512 0.884753 14510.533 1.316108
COST 131072 65536 2 8 6.50 0.001 512 1.000000 18388.750 1.000000
COST 131072 2048 2 8 6.50 0.001 512 0.165475 1248.868 2.535933
COST 131072 4096 2 8 6.50 0.001 512 0.461394 3219.569 2.502178
COST 131072 8192 2 8 6.50 0.001 512 0.695493 5977.928 2.536080
COST 131072 16384 2 8 6.50 0.001 512 0.845646 8515.006 2.329670
COST 131072 32768 2 8 6.50 0.001 512 0.940342 10452.859 0.864990
COST 131072 65536 2 8 6.50 0.001 512 1.000000 11804.351 1.000000
COST 131072 2048 2 8 6.50 0.001 512 0.244680 1346.831 2.616722
COST 131072 4096 2 8 6.50 0.001 512 0.588141 3276.857 2.713927
COST 131072 8192 2 8 6.50 0.001 512 0.805819 5460.169 2.492832
COST 131072 16384 2 8 6.50 0.001 512 0.916724 6964.047 0.608178
COST 131072 32768 2 8 6.50 0.001 512 0.972240 7818.850 0.479648
COST 131072 65536 2 8 6.50 0.001 512 1.000000 8269.841 1.000000
COST 131072 2048 2 8 6.50 0.001 512 0.334152 1456.527 2.750862
COST 131072 4096 2 8 6.50 0.001 512 0.698534 3302.182 2.577825
COST 131072 8192 2 8 6.50 0.001 512 0.883560 4943.763 0.927289
COST 131072 16384 2 8 6.50 0.001 512 0.958440 5786.452 0.260353
COST 131072 32768 2 8 6.50 0.001 512 0.988192 6148.706 0.466557
COST 131072 65536 2 8 6.50 0.001 512 1.000000 6296.317 1.000000
COST 131072 2048 2 8 6.50 0.01 512 0.101363 1161.495 2.073029
COST 131072 4096 2 8 6.50 0.01 512 0.330517 3133.156 2.112087
COST 131072 8192 2 8 6.50 0.01 512 0.556820 6433.428 2.097565
COST 131072 16384 2 8 6.50 0.01 512 0.739558 10405.039 2.163405
COST 131072 32768 2 8 6.50 0.01 512 0.884753 14510.533 1.169216
COST 131072 65536 2 8 6.50 0.01 512 1.000000 18388.750 1.000000
COST 131072 2048 2 8 6.50 0.01 512 0.165475 1248.868 2.676156
COST 131072 4096 2 8 6.50 0.01 512 0.461394 3219.569 2.651305
COST 131072 8192 2 8 6.50 0.01 512 0.695493 5977.928 2.695466
COST 131072 16384 2 8 6.50 0.01 512 0.845646 8515.006 1.100921
COST 131072 32768 2 8 6.50 0.01 512 0.940342 10452.859 0.514853
COST 131072 65536 2 8 6.50 0.01 512 1.000000 11804.351 1.000000
COST 131072 2048 2 8 6.50 0.01 512 0.244680 1346.831 2.550484
COST 131072 4096 2 8 6.50 0.01 512 0.588141 3276.857 2.681777
COST 131072 8192 2 8 6.50 0.01 512 0.805819 5460.169 0.899294
COST 131072 16384 2 8 6.50 0.01 512 0.916724 6964.047 0.273117
COST 131072 32768 2 8 6.50 0.01 512 0.972240 7818.850 0.461353
COST 131072 65536 2 8 6.50 0.01 512 1.000000 8269.841 1.000000
COST 131072 2048 2 8 6.50 0.01 512 0.334152 1456.527 2.498099
COST 131072 4096 2 8 6.50 0.01 512 0.698534 3302.182 1.900331
COST 131072 8192 2 8 6.50 0.01 512 0.883560 4943.763 0.230998
COST 131072 16384 2 8 6.50 0.01 512 0.958440 5786.452 0.203171
COST 131072 32768 2 8 6.50 0.01 512 0.988192 6148.706 0.421378
COST 131072 65536 2 8 6.50 0.01 512 1.000000 6296.317 1.000000
COST 16384 256 2 8 5.00 0.0001 512 0.100931 144.827 0.678821
COST 16384 512 2 8 5.00 0.0001 512 0.330217 391.221 0.693445
COST 16384 1024 2 8 5.00 0.0001 512 0.556698 803.890 0.713558
COST 16384 2048 2 8 5.00 0.0001 512 0.739514 1300.471 0.775470
COST 16384 4096 2 8 5.00 0.0001 512 0.884740 1813.739 0.840031
COST 16384 8192 2 8 5.00 0.0001 512 1.000000 2298.558 1.000000
COST 16384 256 2 8 5.00 0.0001 512 0.164845 155.728 0.705676
COST 16384 512 2 8 5.00 0.0001 512 0.461047 402.049 0.699243
COST 16384 1024 2 8 5.00 0.0001 512 0.695380 747.028 0.731960
COST 16384 2048 2 8 5.00 0.0001 512 0.845613 1064.289 0.782596
COST 16384 4096 2 8 5.00 0.0001 512 0.940334 1306.576 0.844214
COST 16384 8192 2 8 5.00 0.0001 512 1.000000 1475.533 1.000000
COST 16384 256 2 8 5.00 0.0001 512 0.243860 167.954 1.130973
COST 16384 512 2 8 5.00 0.0001 512 0.587781 409.249 1.147349
COST 16384 1024 2 8 5.00 0.0001 512 0.805726 682.375 1.124556
COST 16384 2048 2 8 5.00 0.0001 512 0.916701 870.462 1.221781
COST 16384 4096 2 8 5.00 0.0001 512 0.972236 977.344 1.164177
COST 16384 8192 2 8 5.00 0.0001 512 1.000000 1033.727 1.000000
COST 16384 256 2 8 5.00 0.0001 512 0.333179 181.648 1.843193
COST 16384 512 2 8 5.00 0.0001 512 0.698196 412.464 1.892158
COST 16384 1024 2 8 5.00 0.0001 512 0.883490 617.877 1.890124
COST 16384 2048 2 8 5.00 0.0001 512 0.958427 723.286 1.584237
COST 16384 4096 2 8 5.00 0.0001 512 0.988190 768.584 0.911435
COST 16384 8192 2 8 5.00 0.0001 512 1.000000 787.039 1.000000
COST 16384 256 2 8 5.00 0.001 512 0.100931 144.827 0.691729
COST 16384 512 2 8 5.00 0.001 512 0.330217 391.221 0.657099
COST 16384 1024 2 8 5.00 0.001 512 0.556698 803.890 0.691954
COST 16384 2048 2 8 5.00 0.001 512 0.739514 1300.471 0.767250
COST 16384 4096 2 8 5.00 0.001 512 0.884740 1813.739 0.813783
COST 16384 8192 2 8 5.00 0.001 512 1.000000 2298.558 1.000000
COST 16384 256 2 8 5.00 0.001 512 0.164845 155.728 0.840201
COST 16384 512 2 8 5.00 0.001 512 0.461047 402.049 0.855653
COST 16384 1024 2 8 5.00 0.001 512 0.695380 747.028 0.815808
COST 16384 2048 2 8 5.00 0.001 512 0.845613 1064.289 0.875956
COST 16384 4096 2 8 5.00 0.001 512 0.940334 1306.576 0.974029
COST 16384 8192 2 8 5.00 0.001 512 1.000000 1475.533 1.000000
COST 16384 256 2 8 5.00 0.001 512 0.243860 167.954 1.554561
COST 16384 512 2 8 5.00 0.001 512 0.587781 409.249 1.541828
COST 16384 1024 2 8 5.00 0.001 512 0.805726 682.375 1.591076
COST 16384 2048 2 8 5.00 0.001 512 0.916701 870.462 1.620255
COST 16384 4096 2 8 5.00 0.001 512 0.972236 977.344 1.066395
COST 16384 8192 2 8 5.00 0.001 512 1.000000 1033.727 1.000000
COST 16384 256 2 8 5.00 0.001 512 0.333179 181.648 1.933411
COST 16384 512 2 8 5.00 0.001 512 0.698196 412.464 1.917874
COST 16384 1024 2 8 5.00 0.001 512 0.883490 617.877 1.859839
COST 16384 2048 2 8 5.00 0.001 512 0.958427 723.286 1.037022
COST 16384 4096 2 8 5.00 0.001 512 0.988190 768.584 0.736508
COST 16384 8192 2 8 5.00 0.001 512 1.000000 787.039 1.000000
COST 16384 256 2 8 5.00 0.01 512 0.100931 144.827 0.772147
COST 16384 512 2 8 5.00 0.01 512 0.330217 391.221 0.792876
COST 16384 1024 2 8 5.00 0.01 512 0.556698 803.890 0.773996
COST 16384 2048 2 8 5.00 0.01 512 0.739514 1300.471 0.821695
COST 16384 4096 2 8 5.00 0.01 512 0.884740 1813.739 0.902928
COST 16384 8192 2 8 5.00 0.01 512 1.000000 2298.558 1.000000
COST 16384 256 2 8 5.00 0.01 512 0.164845 155.728 1.338441
COST 16384 512 2 8 5.00 0.01 512 0.461047 402.049 1.317719
COST 16384 1024 2 8 5.00 0.01 512 0.695380 747.028 1.363160
COST 16384 2048 2 8 5.00 0.01 512 0.845613 1064.289 1.411033
COST 16384 4096 2 8 5.00 0.01 512 0.940334 1306.576 1.008797
COST 16384 8192 2 8 5.00 0.01 512 1.000000 1475.533 1.000000
COST 16384 256 2 8 5.00 0.01 512 0.243860 167.954 2.083330
COST 16384 512 2 8 5.00 0.01 512 0.587781 409.249 2.148062
COST 16384 1024 2 8 5.00 0.01 512 0.805726 682.375 1.882322
COST 16384 2048 2 8 5.00 0.01 512 0.916701 870.462 1.329013
COST 16384 4096 2 8 5.00 0.01 512 0.972236 977.344 0.795420
COST 16384 8192 2 8 5.00 0.01 512 1.000000 1033.727 1.000000
COST 16384 256 2 8 5.00 0.01 512 0.333179 181.648 2.258251
COST 16384 512 2 8 5.00 0.01 512 0.698196 412.464 2.288177
COST 16384 1024 2 8 5.00 0.01 512 0.883490 617.877 1.267674
COST 16384 2048 2 8 5.00 0.01 512 0.958427 723.286 0.587256
COST 16384 4096 2 8 5.00 0.01 512 0.988190 768.584 0.555641
COST 16384 8192 2 8 5.00 0.01 512 1.000000 787.039 1.000000
COST 16384 256 2 8 5.50 0.0001 512 0.100931 144.827 0.676056
COST 16384 512 2 8 5.50 0.0001 512 0.330217 391.221 0.691930
COST 16384 1024 2 8 5.50 0.0001 512 0.556698 803.890 0.741367
COST 16384 2048 2 8 5.50 0.0001 512 0.739514 1300.471 0.745313
COST 16384 4096 2 8 5.50 0.0001 512 0.884740 1813.739 0.837225
COST 16384 8192 2 8 5.50 0.0001 512 1.000000 2298.558 1.000000
COST 16384 256 2 8 5.50 0.0001 512 0.164845 155.728 1.128517
COST 16384 512 2 8 5.50 0.0001 512 0.461047 402.049 1.194793
COST 16384 1024 2 8 5.50 0.0001 512 0.695380 747.028 1.249523
COST 16384 2048 2 8 5.50 0.0001 512 0.845613 1064.289 1.328979
COST 16384 4096 2 8 5.50 0.0001 512 0.940334 1306.576 1.325010
COST 16384 8192 2 8 5.50 0.0001 512 1.000000 1475.533 1.000000
COST 16384 256 2 8 5.50 0.0001 512 0.243860 167.954 2.075996
COST 16384 512 2 8 5.50 0.0001 512 0.587781 409.249 2.052266
COST 16384 1024 2 8 5.50 0.0001 512 0.805726 682.375 1.997182
COST 16384 2048 2 8 5.50 0.0001 512 0.916701 870.462 1.926517
COST 16384 4096 2 8 5.50 0.0001 512 0.972236 977.344 0.944663
COST 16384 8192 2 8 5.50 0.0001 512 1.000000 1033.727 1.000000
COST 16384 256 2 8 5.50 0.0001 512 0.333179 181.648 2.330496
COST 16384 512 2 8 5.50 0.0001 512 0.698196 412.464 2.410523
COST 16384 1024 2 8 5.50 0.0001 512 0.883490 617.877 2.107994
COST 16384 2048 2 8 5.50 0.0001 512 0.958427 723.286 0.825586
COST 16384 4096 2 8 5.50 0.0001 512 0.988190 768.584 0.565797
COST 16384 8192 2 8 5.50 0.0001 512 1.000000 787.039 1.000000
COST 16384 256 2 8 5.50 0.001 512 0.100931 144.827 0.760863
COST 16384 512 2 8 5.50 0.001 512 0.330217 391.221 0.769867
COST 16384 1024 2 8 5.50 0.001 512 0.556698 803.890 0.823312
COST 16384 2048 2 8 5.50 0.001 512 0.739514 1300.471 0.840359
COST 16384 4096 2 8 5.50 0.001 512 0.884740 1813.739 0.950851
COST 16384 8192 2 8 5.50 0.001 512 1.000000 2298.558 1.000000
COST 16384 256 2 8 5.50 0.001 512 0.164845 155.728 1.558520
COST 16384 512 2 8 5.50 0.001 512 0.461047 402.049 1.621816
COST 16384 1024 2 8 5.50 0.001 512 0.695380 747.028 1.623498
COST 16384 2048 2 8 5.50 0.001 512 0.845613 1064.289 1.710962
COST 16384 4096 2 8 5.50 0.001 512 0.940334 1306.576 1.213429
COST 16384 8192 2 8 5.50 0.001 512 1.000000 1475.533 1.000000
COST 16384 256 2 8 5.50 0.001 512 0.243860 167.954 2.211358
COST 16384 512 2 8 5.50 0.001 512 0.587781 409.249 2.134891
COST 16384 1024 2 8 5.50 0.001 512 0.805726 682.375 2.223295
COST 16384 2048 2 8 5.50 0.001 512 0.916701 870.462 1.164762
COST 16384 4096 2 8 5.50 0.001 512 0.972236 977.344 0.665925
COST 16384 8192 2 8 5.50 0.001 512 1.000000 1033.727 1.000000
COST 16384 256 2 8 5.50 0.001 512 0.333179 181.648 2.360430
COST 16384 512 2 8 5.50 0.001 512 0.698196 412.464 2.396337
COST 16384 1024 2 8 5.50 0.001 512 0.883490 617.877 1.276572
COST 16384 2048 2 8 5.50 0.001 512 0.958427 723.286 0.497095
COST 16384 4096 2 8 5.50 0.001 512 0.988190 768.584 0.485034
COST 16384 8192 2 8 5.50 0.001 512 1.000000 787.039 1.000000
COST 16384 256 2 8 5.50 0.01 512 0.100931 144.827 1.199506
COST 16384 512 2 8 5.50 0.01 512 0.330217 391.221 1.240715
COST 16384 1024 2 8 5.50 0.01 512 0.556698 803.890 1.259517
COST 16384 2048 2 8 5.50 0.01 512 0.739514 1300.471 1.351110
COST 16384 4096 2 8 5.50 0.01 512 0.884740 1813.739 1.136518
COST 16384 8192 2 8 5.50 0.01 512 1.000000 2298.558 1.000000
COST 16384 256 2 8 5.50 0.01 512 0.164845 155.728 2.251463
COST 16384 512 2 8 5.50 0.01 512 0.461047 402.049 2.298156
COST 16384 1024 2 8 5.50 0.01 512 0.695380 747.028 2.324602
COST 16384 2048 2 8 5.50 0.01 512 0.845613 1064.289 1.663926
COST 16384 4096 2 8 5.50 0.01 512 0.940334 1306.576 0.760902
COST 16384 8192 2 8 5.50 0.01 512 1.000000 1475.533 1.000000
COST 16384 256 2 8 5.50 0.01 512 0.243860 167.954 2.177898
COST 16384 512 2 8 5.50 0.01 512 0.587781 409.249 2.376789
COST 16384 1024 2 8 5.50 0.01 512 0.805726 682.375 1.271028
COST 16384 2048 2 8 5.50 0.01 512 0.916701 870.462 0.551844
COST 16384 4096 2 8 5.50 0.01 512 0.972236 977.344 0.511221
COST 16384 8192 2 8 5.50 0.01 512 1.000000 1033.727 1.000000
COST 16384 256 2 8 5.50 0.01 512 0.333179 181.648 2.341263
COST 16384 512 2 8 5.50 0.01 512 0.698196 412.464 1.896364
COST 16384 1024 2 8 5.50 0.01 512 0.883490 617.877 0.381281
COST 16384 2048 2 8 5.50 0.01 512 0.958427 723.286 0.246116
COST 16384 4096 2 8 5.50 0.01 512 0.988190 768.584 0.459654
COST 16384 8192 2 8 5.50 0.01 512 1.000000 787.039 1.000000
COST 16384 256 2 8 6.00 0.0001 512 0.100931 144.827 0.854472
COST 16384 512 2 8 6.00 0.0001 512 0.330217 391.221 0.882689
COST 16384 1024 2 8 6.00 0.0001 512 0.556698 803.890 0.902129
COST 16384 2048 2 8 6.00 0.0001 512 0.739514 1300.471 0.989992
COST 16384 4096 2 8 6.00 0.0001 512 0.884740 1813.739 1.059187
COST 16384 8192 2 8 6.00 0.0001 512 1.000000 2298.558 1.000000
COST 16384 256 2 8 6.00 0.0001 512 0.164845 155.728 2.049065
COST 16384 512 2 8 6.00 0.0001 512 0.461047 402.049 2.136603
COST 16384 1024 2 8 6.00 0.0001 512 0.695380 747.028 2.186377
COST 16384 2048 2 8 6.00 0.0001 512 0.845613 1064.289 2.200317
COST 16384 4096 2 8 6.00 0.0001 512 0.940334 1306.576 1.310513
COST 16384 8192 2 8 6.00 0.0001 512 1.000000 1475.533 1.000000
COST 16384 256 2 8 6.00 0.0001 512 0.243860 167.954 2.445270
COST 16384 512 2 8 6.00 0.0001 512 0.587781 409.249 2.429400
COST 16384 1024 2 8 6.00 0.0001 512 0.805726 682.375 2.277213
COST 16384 2048 2 8 6.00 0.0001 512 0.916701 870.462 0.943728
COST 16384 4096 2 8 6.00 0.0001 512 0.972236 977.344 0.532981
COST 16384 8192 2 8 6.00 0.0001 512 1.000000 1033.727 1.000000
COST 16384 256 2 8 6.00 0.0001 512 0.333179 181.648 2.365785
COST 16384 512 2 8 6.00 0.0001 512 0.698196 412.464 2.392639
COST 16384 1024 2 8 6.00 0.0001 512 0.883490 617.877 1.123203
COST 16384 2048 2 8 6.00 0.0001 512 0.958427 723.286 0.329904
COST 16384 4096 2 8 6.00 0.0001 512 0.988190 768.584 0.477831
COST 16384 8192 2 8 6.00 0.0001 512 1.000000 787.039 1.000000
COST 16384 256 2 8 6.00 0.001 512 0.100931 144.827 1.230667
COST 16384 512 2 8 6.00 0.001 512 0.330217 391.221 1.249657
COST 16384 1024 2 8 6.00 0.001 512 0.556698 803.890 1.316274
COST 16384 2048 2 8 6.00 0.001 512 0.739514 1300.471 1.329527
COST 16384 4096 2 8 6.00 0.001 512 0.884740 1813.739 1.311683
COST 16384 8192 2 8 6.00 0.001 512 1.000000 2298.558 1.000000
COST 16384 256 2 8 6.00 0.001 512 0.164845 155.728 2.278251
COST 16384 512 2 8 6.00 0.001 512 0.461047 402.049 2.240554
COST 16384 1024 2 8 6.00 0.001 512 0.695380 747.028 2.303920
COST 16384 2048 2 8 6.00 0.001 512 0.845613 1064.289 1.715179
COST 16384 4096 2 8 6.00 0.001 512 0.940334 1306.576 0.784173
COST 16384 8192 2 8 6.00 0.001 512 1.000000 1475.533 1.000000
COST 16384 256 2 8 6.00 0.001 512 0.243860 167.954 2.419183
COST 16384 512 2 8 6.00 0.001 512 0.587781 409.249 2.397555
COST 16384 1024 2 8 6.00 0.001 512 0.805726 682.375 1.642166
COST 16384 2048 2 8 6.00 0.001 512 0.916701 870.462 0.476451
COST 16384 4096 2 8 6.00 0.001 512 0.972236 977.344 0.485561
COST 16384 8192 2 8 6.00 0.001 512 1.000000 1033.727 1.000000
COST 16384 256 2 8 6.00 0.001 512 0.333179 181.648 2.532427
COST 16384 512 2 8 6.00 0.001 512 0.698196 412.464 2.091045
COST 16384 1024 2 8 6.00 0.001 512 0.883490 617.877 0.380724
COST 16384 2048 2 8 6.00 0.001 512 0.958427 723.286 0.239688
COST 16384 4096 2 8 6.00 0.001 512 0.988190 768.584 0.464608
COST 16384 8192 2 8 6.00 0.001 512 1.000000 787.039 1.000000
COST 16384 256 2 8 6.00 0.01 512 0.100931 144.827 1.980732
COST 16384 512 2 8 6.00 0.01 512 0.330217 391.221 2.142331
COST 16384 1024 2 8 6.00 0.01 512 0.556698 803.890 2.157825
COST 16384 2048 2 8 6.00 0.01 512 0.739514 1300.471 1.879006
COST 16384 4096 2 8 6.00 0.01 512 0.884740 1813.739 0.939193
COST 16384 8192 2 8 6.00 0.01 512 1.000000 2298.558 1.000000
COST 16384 256 2 8 6.00 0.01 512 0.164845 155.728 2.320791
COST 16384 512 2 8 6.00 0.01 512 0.461047 402.049 2.330154
COST 16384 1024 2 8 6.00 0.01 512 0.695380 747.028 1.836797
COST 16384 2048 2 8 6.00 0.01 512 0.845613 1064.289 0.692780
COST 16384 4096 2 8 6.00 0.01 512 0.940334 1306.576 0.513738
COST 16384 8192 2 8 6.00 0.01 512 1.000000 1475.533 1.000000
COST 16384 256 2 8 6.00 0.01 512 0.243860 167.954 2.337546
COST 16384 512 2 8 6.00 0.01 512 0.587781 409.249 1.963937
COST 16384 1024 2 8 6.00 0.01 512 0.805726 682.375 0.404377
COST 16384 2048 2 8 6.00 0.01 512 0.916701 870.462 0.252922
COST 16384 4096 2 8 6.00 0.01 512 0.972236 977.344 0.471536
COST 16384 8192 2 8 6.00 0.01 512 1.000000 1033.727 1.000000
COST 16384 256 2 8 6.00 0.01 512 0.333179 181.648 2.387101
COST 16384 512 2 8 6.00 0.01 512 0.698196 412.464 0.940275
COST 16384 1024 2 8 6.00 0.01 512 0.883490 617.877 0.120633
COST 16384 2048 2 8 6.00 0.01 512 0.958427 723.286 0.221003
COST 16384 4096 2 8 6.00 0.01 512 0.988190 768.584 0.467027
COST 16384 8192 2 8 6.00 0.01 512 1.000000 787.039 1.000000
COST 16384 256 2 8 6.50 0.0001 512 0.100931 144.827 1.635238
COST 16384 512 2 8 6.50 0.0001 512 0.330217 391.221 1.628487
COST 16384 1024 2 8 6.50 0.0001 512 0.556698 803.890 1.662487
COST 16384 2048 2 8 6.50 0.0001 512 0.739514 1300.471 1.716344
COST 16384 4096 2 8 6.50 0.0001 512 0.884740 1813.739 1.645029
COST 16384 8192 2 8 6.50 0.0001 512 1.000000 2298.558 1.000000
COST 16384 256 2 8 6.50 0.0001 512 0.164845 155.728 2.159205
COST 16384 512 2 8 6.50 0.0001 512 0.461047 402.049 2.389401
COST 16384 1024 2 8 6.50 0.0001 512 0.695380 747.028 2.217520
COST 16384 2048 2 8 6.50 0.0001 512 0.845613 1064.289 1.566625
COST 16384 4096 2 8 6.50 0.0001 512 0.940334 1306.576 0.639596
COST 16384 8192 2 8 6.50 0.0001 512 1.000000 1475.533 1.000000
COST 16384 256 2 8 6.50 0.0001 512 0.243860 167.954 2.374200
COST 16384 512 2 8 6.50 0.0001 512 0.587781 409.249 2.542510
COST 16384 1024 2 8 6.50 0.0001 512 0.805726 682.375 1.598523
COST 16384 2048 2 8 6.50 0.0001 512 0.916701 870.462 0.409108
COST 16384 4096 2 8 6.50 0.0001 512 0.972236 977.344 0.479001
COST 16384 8192 2 8 6.50 0.0001 512 1.000000 1033.727 1.000000
COST 16384 256 2 8 6.50 0.0001 512 0.333179 181.648 2.247358
COST 16384 512 2 8 6.50 0.0001 512 0.698196 412.464 2.327653
COST 16384 1024 2 8 6.50 0.0001 512 0.883490 617.877 0.278813
COST 16384 2048 2 8 6.50 0.0001 512 0.958427 723.286 0.229490
COST 16384 4096 2 8 6.50 0.0001 512 0.988190 768.584 0.470693
COST 16384 8192 2 8 6.50 0.0001 512 1.000000 787.039 1.000000
COST 16384 256 2 8 6.50 0.001 512 0.100931 144.827 1.880944
COST 16384 512 2 8 6.50 0.001 512 0.330217 391.221 2.089477
COST 16384 1024 2 8 6.50 0.001 512 0.556698 803.890 2.150032
COST 16384 2048 2 8 6.50 0.001 512 0.739514 1300.471 2.054478
COST 16384 4096 2 8 6.50 0.001 512 0.884740 1813.739 1.143610
COST 16384 8192 2 8 6.50 0.001 512 1.000000 2298.558 1.000000
COST 16384 256 2 8 6.50 0.001 512 0.164845 155.728 2.203870
COST 16384 512 2 8 6.50 0.001 512 0.461047 402.049 2.373465
COST 16384 1024 2 8 6.50 0.001 512 0.695380 747.028 2.116410
COST 16384 2048 2 8 6.50 0.001 512 0.845613 1064.289 0.769756
COST 16384 4096 2 8 6.50 0.001 512 0.940334 1306.576 0.494466
COST 16384 8192 2 8 6.50 0.001 512 1.000000 1475.533 1.000000
COST 16384 256 2 8 6.50 0.001 512 0.243860 167.954 2.353429
COST 16384 512 2 8 6.50 0.001 512 0.587781 409.249 2.414951
COST 16384 1024 2 8 6.50 0.001 512 0.805726 682.375 0.601447
COST 16384 2048 2 8 6.50 0.001 512 0.916701 870.462 0.228989
COST 16384 4096 2 8 6.50 0.001 512 0.972236 977.344 0.455972
COST 16384 8192 2 8 6.50 0.001 512 1.000000 1033.727 1.000000
COST 16384 256 2 8 6.50 0.001 512 0.333179 181.648 2.390122
COST 16384 512 2 8 6.50 0.001 512 0.698196 412.464 1.313227
COST 16384 1024 2 8 6.50 0.001 512 0.883490 617.877 0.127223
COST 16384 2048 2 8 6.50 0.001 512 0.958427 723.286 0.217627
COST 16384 4096 2 8 6.50 0.001 512 0.988190 768.584 0.462945
COST 16384 8192 2 8 6.50 0.001 512 1.000000 787.039 1.000000
COST 16384 256 2 8 6.50 0.01 512 0.100931 144.827 2.503283
COST 16384 512 2 8 6.50 0.01 512 0.330217 391.221 2.847884
COST 16384 1024 2 8 6.50 0.01 512 0.556698 803.890 2.672897
COST 16384 2048 2 8 6.50 0.01 512 0.739514 1300.471 1.313911
COST 16384 4096 2 8 6.50 0.01 512 0.884740 1813.739 0.574753
COST 16384 8192 2 8 6.50 0.01 512 1.000000 2298.558 1.000000
COST 16384 256 2 8 6.50 0.01 512 0.164845 155.728 2.433208
COST 16384 512 2 8 6.50 0.01 512 0.461047 402.049 2.433452
COST 16384 1024 2 8 6.50 0.01 512 0.695380 747.028 0.815549
COST 16384 2048 2 8 6.50 0.01 512 0.845613 1064.289 0.322103
COST 16384 4096 2 8 6.50 0.01 512 0.940334 1306.576 0.463964
COST 16384 8192 2 8 6.50 0.01 512 1.000000 1475.533 1.000000
COST 16384 256 2 8 6.50 0.01 512 0.243860 167.954 2.424502
COST 16384 512 2 8 6.50 0.01 512 0.587781 409.249 1.259981
COST 16384 1024 2 8 6.50 0.01 512 0.805726 682.375 0.146736
COST 16384 2048 2 8 6.50 0.01 512 0.916701 870.462 0.224911
COST 16384 4096 2 8 6.50 0.01 512 0.972236 977.344 0.451572
COST 16384 8192 2 8 6.50 0.01 512 1.000000 1033.727 1.000000
COST 16384 256 2 8 6.50 0.01 512 0.333179 181.648 2.388440
COST 16384 512 2 8 6.50 0.01 512 0.698196 412.464 0.332390
COST 16384 1024 2 8 6.50 0.01 512 0.883490 617.877 0.078209
COST 16384 2048 2 8 6.50 0.01 512 0.958427 723.286 0.215940
COST 16384 4096 2 8 6.50 0.01 512 0.988190 768.584 0.465625
COST 16384 8192 2 8 6.50 0.01 512 1.000000 787.039 1.000000
COST 2048 256 2 8 5.00 0.0001 512 0.739159 162.400 0.797999
COST 2048 512 2 8 5.00 0.0001 512 0.884636 226.640 0.924558
COST 2048 1024 2 8 5.00 0.0001 512 1.000000 287.284 1.000000
COST 2048 256 2 8 5.00 0.0001 512 0.845345 132.949 1.562321
COST 2048 512 2 8 5.00 0.0001 512 0.940269 163.291 1.333142
COST 2048 1024 2 8 5.00 0.0001 512 1.000000 184.431 1.000000
COST 2048 256 2 8 5.00 0.0001 512 0.916522 108.764 1.653897
COST 2048 512 2 8 5.00 0.0001 512 0.972200 122.156 0.990698
COST 2048 1024 2 8 5.00 0.0001 512 1.000000 129.213 1.000000
COST 2048 256 2 8 5.00 0.0001 512 0.958318 90.389 0.650385
COST 2048 512 2 8 5.00 0.0001 512 0.988172 96.068 0.660069
COST 2048 1024 2 8 5.00 0.0001 512 1.000000 98.379 1.000000
COST 2048 256 2 8 5.00 0.001 512 0.739159 162.400 1.129766
COST 2048 512 2 8 5.00 0.001 512 0.884636 226.640 1.122760
COST 2048 1024 2 8 5.00 0.001 512 1.000000 287.284 1.000000
COST 2048 256 2 8 5.00 0.001 512 0.845345 132.949 1.651630
COST 2048 512 2 8 5.00 0.001 512 0.940269 163.291 1.060153
COST 2048 1024 2 8 5.00 0.001 512 1.000000 184.431 1.000000
COST 2048 256 2 8 5.00 0.001 512 0.916522 108.764 0.907140
COST 2048 512 2 8 5.00 0.001 512 0.972200 122.156 0.717029
COST 2048 1024 2 8 5.00 0.001 512 1.000000 129.213 1.000000
COST 2048 256 2 8 5.00 0.001 512 0.958318 90.389 0.401026
COST 2048 512 2 8 5.00 0.001 512 0.988172 96.068 0.576043
COST 2048 1024 2 8 5.00 0.001 512 1.000000 98.379 1.000000
COST 2048 256 2 8 5.00 0.01 512 0.739159 162.400 1.554270
COST 2048 512 2 8 5.00 0.01 512 0.884636 226.640 1.054438
COST 2048 1024 2 8 5.00 0.01 512 1.000000 287.284 1.000000
COST 2048 256 2 8 5.00 0.01 512 0.845345 132.949 1.103433
COST 2048 512 2 8 5.00 0.01 512 0.940269 163.291 0.727028
COST 2048 1024 2 8 5.00 0.01 512 1.000000 184.431 1.000000
COST 2048 256 2 8 5.00 0.01 512 0.916522 108.764 0.446945
COST 2048 512 2 8 5.00 0.01 512 0.972200 122.156 0.607087
COST 2048 1024 2 8 5.00 0.01 512 1.000000 129.213 1.000000
COST 2048 256 2 8 5.00 0.01 512 0.958318 90.389 0.222262
COST 2048 512 2 8 5.00 0.01 512 0.988172 96.068 0.565080
COST 2048 1024 2 8 5.00 0.01 512 1.000000 98.379 1.000000
COST 2048 256 2 8 5.50 0.0001 512 0.739159 162.400 1.323643
COST 2048 512 2 8 5.50 0.0001 512 0.884636 226.640 1.299179
COST 2048 1024 2 8 5.50 0.0001 512 1.000000 287.284 1.000000
COST 2048 256 2 8 5.50 0.0001 512 0.845345 132.949 1.954488
COST 2048 512 2 8 5.50 0.0001 512 0.940269 163.291 1.149102
COST 2048 1024 2 8 5.50 0.0001 512 1.000000 184.431 1.000000
COST 2048 256 2 8 5.50 0.0001 512 0.916522 108.764 0.717700
COST 2048 512 2 8 5.50 0.0001 512 0.972200 122.156 0.609325
COST 2048 1024 2 8 5.50 0.0001 512 1.000000 129.213 1.000000
COST 2048 256 2 8 5.50 0.0001 512 0.958318 90.389 0.241106
COST 2048 512 2 8 5.50 0.0001 512 0.988172 96.068 0.580445
COST 2048 1024 2 8 5.50 0.0001 512 1.000000 98.379 1.000000
COST 2048 256 2 8 5.50 0.001 512 0.739159 162.400 1.783726
COST 2048 512 2 8 5.50 0.001 512 0.884636 226.640 1.281642
COST 2048 1024 2 8 5.50 0.001 512 1.000000 287.284 1.000000
COST 2048 256 2 8 5.50 0.001 512 0.845345 132.949 1.139631
COST 2048 512 2 8 5.50 0.001 512 0.940269 163.291 0.726196
COST 2048 1024 2 8 5.50 0.001 512 1.000000 184.431 1.000000
COST 2048 256 2 8 5.50 0.001 512 0.916522 108.764 0.403435
COST 2048 512 2 8 5.50 0.001 512 0.972200 122.156 0.611868
COST 2048 1024 2 8 5.50 0.001 512 1.000000 129.213 1.000000
COST 2048 256 2 8 5.50 0.001 512 0.958318 90.389 0.214125
COST 2048 512 2 8 5.50 0.001 512 0.988172 96.068 0.561922
COST 2048 1024 2 8 5.50 0.001 512 1.000000 98.379 1.000000
COST 2048 256 2 8 5.50 0.01 512 0.739159 162.400 1.407061
COST 2048 512 2 8 5.50 0.01 512 0.884636 226.640 0.808973
COST 2048 1024 2 8 5.50 0.01 512 1.000000 287.284 1.000000
COST 2048 256 2 8 5.50 0.01 512 0.845345 132.949 0.791056
COST 2048 512 2 8 5.50 0.01 512 0.940269 163.291 0.549637
COST 2048 1024 2 8 5.50 0.01 512 1.000000 184.431 1.000000
COST 2048 256 2 8 5.50 0.01 512 0.916522 108.764 0.287250
COST 2048 512 2 8 5.50 0.01 512 0.972200 122.156 0.566028
COST 2048 1024 2 8 5.50 0.01 512 1.000000 129.213 1.000000
COST 2048 256 2 8 5.50 0.01 512 0.958318 90.389 0.189033
COST 2048 512 2 8 5.50 0.01 512 0.988172 96.068 0.547063
COST 2048 1024 2 8 5.50 0.01 512 1.000000 98.379 1.000000
COST 2048 256 2 8 6.00 0.0001 512 0.739159 162.400 2.164378
COST 2048 512 2 8 6.00 0.0001 512 0.884636 226.640 1.518874
COST 2048 1024 2 8 6.00 0.0001 512 1.000000 287.284 1.000000
COST 2048 256 2 8 6.00 0.0001 512 0.845345 132.949 1.126566
COST 2048 512 2 8 6.00 0.0001 512 0.940269 163.291 0.728989
COST 2048 1024 2 8 6.00 0.0001 512 1.000000 184.431 1.000000
COST 2048 256 2 8 6.00 0.0001 512 0.916522 108.764 0.326709
COST 2048 512 2 8 6.00 0.0001 512 0.972200 122.156 0.567870
COST 2048 1024 2 8 6.00 0.0001 512 1.000000 129.213 1.000000
COST 2048 256 2 8 6.00 0.0001 512 0.958318 90.389 0.198782
COST 2048 512 2 8 6.00 0.0001 512 0.988172 96.068 0.543326
COST 2048 1024 2 8 6.00 0.0001 512 1.000000 98.379 1.000000
COST 2048 256 2 8 6.00 0.001 512 0.739159 162.400 1.699374
COST 2048 512 2 8 6.00 0.001 512 0.884636 226.640 0.989937
COST 2048 1024 2 8 6.00 0.001 512 1.000000 287.284 1.000000
COST 2048 256 2 8 6.00 0.001 512 0.845345 132.949 0.524085
COST 2048 512 2 8 6.00 0.001 512 0.940269 163.291 0.573823
COST 2048 1024 2 8 6.00 0.001 512 1.000000 184.431 1.000000
COST 2048 256 2 8 6.00 0.001 512 0.916522 108.764 0.220846
COST 2048 512 2 8 6.00 0.001 512 0.972200 122.156 0.558585
COST 2048 1024 2 8 6.00 0.001 512 1.000000 129.213 1.000000
COST 2048 256 2 8 6.00 0.001 512 0.958318 90.389 0.187884
COST 2048 512 2 8 6.00 0.001 512 0.988172 96.068 0.543422
COST 2048 1024 2 8 6.00 0.001 512 1.000000 98.379 1.000000
COST 2048 256 2 8 6.00 0.01 512 0.739159 162.400 0.722632
COST 2048 512 2 8 6.00 0.01 512 0.884636 226.640 0.653887
COST 2048 1024 2 8 6.00 0.01 512 1.000000 287.284 1.000000
COST 2048 256 2 8 6.00 0.01 512 0.845345 132.949 0.262117
COST 2048 512 2 8 6.00 0.01 512 0.940269 163.291 0.553130
COST 2048 1024 2 8 6.00 0.01 512 1.000000 184.431 1.000000
COST 2048 256 2 8 6.00 0.01 512 0.916522 108.764 0.197129
COST 2048 512 2 8 6.00 0.01 512 0.972200 122.156 0.598833
COST 2048 1024 2 8 6.00 0.01 512 1.000000 129.213 1.000000
COST 2048 256 2 8 6.00 0.01 512 0.958318 90.389 0.193381
COST 2048 512 2 8 6.00 0.01 512 0.988172 96.068 0.604460
COST 2048 1024 2 8 6.00 0.01 512 1.000000 98.379 1.000000
COST 2048 256 2 8 6.50 0.0001 512 0.739159 162.400 1.871787
COST 2048 512 2 8 6.50 0.0001 512 0.884636 226.640 1.013297
COST 2048 1024 2 8 6.50 0.0001 512 1.000000 287.284 1.000000
COST 2048 256 2 8 6.50 0.0001 512 0.845345 132.949 0.511178
COST 2048 512 2 8 6.50 0.0001 512 0.940269 163.291 0.616320
COST 2048 1024 2 8 6.50 0.0001 512 1.000000 184.431 1.000000
COST 2048 256 2 8 6.50 0.0001 512 0.916522 108.764 0.202406
COST 2048 512 2 8 6.50 0.0001 512 0.972200 122.156 0.570834
COST 2048 1024 2 8 6.50 0.0001 512 1.000000 129.213 1.000000
COST 2048 256 2 8 6.50 0.0001 512 0.958318 90.389 0.194842
COST 2048 512 2 8 6.50 0.0001 512 0.988172 96.068 0.574884
COST 2048 1024 2 8 6.50 0.0001 512 1.000000 98.379 1.000000
COST 2048 256 2 8 6.50 0.001 512 0.739159 162.400 0.967116
COST 2048 512 2 8 6.50 0.001 512 0.884636 226.640 0.743059
COST 2048 1024 2 8 6.50 0.001 512 1.000000 287.284 1.000000
COST 2048 256 2 8 6.50 0.001 512 0.845345 132.949 0.279500
COST 2048 512 2 8 6.50 0.001 512 0.940269 163.291 0.554079
COST 2048 1024 2 8 6.50 0.001 512 1.000000 184.431 1.000000
COST 2048 256 2 8 6.50 0.001 512 0.916522 108.764 0.195174
COST 2048 512 2 8 6.50 0.001 512 0.972200 122.156 0.743415
COST 2048 1024 2 8 6.50 0.001 512 1.000000 129.213 1.000000
COST 2048 256 2 8 6.50 0.001 512 0.958318 90.389 0.189836
COST 2048 512 2 8 6.50 0.001 512 0.988172 96.068 0.555165
COST 2048 1024 2 8 6.50 0.001 512 1.000000 98.379 1.000000
COST 2048 256 2 8 6.50 0.01 512 0.739159 162.400 0.364187
COST 2048 512 2 8 6.50 0.01 512 0.884636 226.640 0.575133
COST 2048 1024 2 8 6.50 0.01 512 1.000000 287.284 1.000000
COST 2048 256 2 8 6.50 0.01 512 0.845345 132.949 0.219871
COST 2048 512 2 8 6.50 0.01 512 0.940269 163.291 0.529352
COST 2048 1024 2 8 6.50 0.01 512 1.000000 184.431 1.000000
COST 2048 256 2 8 6.50 0.01 512 0.916522 108.764 0.193140
COST 2048 512 2 8 6.50 0.01 512 0.972200 122.156 0.557797
COST 2048 1024 2 8 6.50 0.01 512 1.000000 129.213 1.000000
COST 2048 256 2 8 6.50 0.01 512 0.958318 90.389 0.196317
COST 2048 512 2 8 6.50 0.01 512 0.988172 96.068 0.567487
COST 2048 1024 2 8 6.50 0.01 512 1.000000 98.379 1.000000
COST 262144 4096 2 8 5.00 0.0001 512 0.101394 2323.402 0.701214
COST 262144 8192 2 8 5.00 0.0001 512 0.330538 6266.795 0.727923
COST 262144 16384 2 8 5.00 0.0001 512 0.556828 12867.185 0.746049
COST 262144 32768 2 8 5.00 0.0001 512 0.739561 20810.259 0.754352
COST 262144 65536 2 8 5.00 0.0001 512 0.884754 29021.154 0.833253
COST 262144 131072 2 8 5.00 0.0001 512 1.000000 36777.540 1.000000
COST 262144 4096 2 8 5.00 0.0001 512 0.165520 2498.171 0.733922
COST 262144 8192 2 8 5.00 0.0001 512 0.461419 6439.591 0.726914
COST 262144 16384 2 8 5.00 0.0001 512 0.695501 11956.100 0.765933
COST 262144 32768 2 8 5.00 0.0001 512 0.845648 17030.111 0.777419
COST 262144 65536 2 8 5.00 0.0001 512 0.940343 20905.755 0.893146
COST 262144 131072 2 8 5.00 0.0001 512 1.000000 23608.714 1.000000
COST 262144 4096 2 8 5.00 0.0001 512 0.244739 2694.120 0.695594
COST 262144 8192 2 8 5.00 0.0001 512 0.588167 6554.123 0.714960
COST 262144 16384 2 8 5.00 0.0001 512 0.805826 10920.503 0.739752
COST 262144 32768 2 8 5.00 0.0001 512 0.916725 13928.144 0.782393
COST 262144 65536 2 8 5.00 0.0001 512 0.972241 15637.714 0.838162
COST 262144 131072 2 8 5.00 0.0001 512 1.000000 16539.686 1.000000
COST 262144 4096 2 8 5.00 0.0001 512 0.334221 2913.531 0.763266
COST 262144 8192 2 8 5.00 0.0001 512 0.698559 6604.717 0.745682
COST 262144 16384 2 8 5.00 0.0001 512 0.883565 9887.633 0.763543
COST 262144 32768 2 8 5.00 0.0001 512 0.958441 11572.928 0.803641
COST 262144 65536 2 8 5.00 0.0001 512 0.988192 12297.418 0.860007
COST 262144 131072 2 8 5.00 0.0001 512 1.000000 12592.634 1.000000
COST 262144 4096 2 8 5.00 0.001 512 0.101394 2323.402 0.720646
COST 262144 8192 2 8 5.00 0.001 512 0.330538 6266.795 0.704261
COST 262144 16384 2 8 5.00 0.001 512 0.556828 12867.185 0.747048
COST 262144 32768 2 8 5.00 0.001 512 0.739561 20810.259 0.791416
COST 262144 65536 2 8 5.00 0.001 512 0.884754 29021.154 0.874392
COST 262144 131072 2 8 5.00 0.001 512 1.000000 36777.540 1.000000
COST 262144 4096 2 8 5.00 0.001 512 0.165520 2498.171 0.693914
COST 262144 8192 2 8 5.00 0.001 512 0.461419 6439.591 0.712160
COST 262144 16384 2 8 5.00 0.001 512 0.695501 11956.100 0.722784
COST 262144 32768 2 8 5.00 0.001 512 0.845648 17030.111 0.759477
COST 262144 65536 2 8 5.00 0.001 512 0.940343 20905.755 0.903207
COST 262144 131072 2 8 5.00 0.001 512 1.000000 23608.714 1.000000
COST 262144 4096 2 8 5.00 0.001 512 0.244739 2694.120 0.720799
COST 262144 8192 2 8 5.00 0.001 512 0.588167 6554.123 0.752477
COST 262144 16384 2 8 5.00 0.001 512 0.805826 10920.503 0.742207
COST 262144 32768 2 8 5.00 0.001 512 0.916725 13928.144 0.776464
COST 262144 65536 2 8 5.00 0.001 512 0.972241 15637.714 0.852801
COST 262144 131072 2 8 5.00 0.001 512 1.000000 16539.686 1.000000
COST 262144 4096 2 8 5.00 0.001 512 0.334221 2913.531 0.843468
COST 262144 8192 2 8 5.00 0.001 512 0.698559 6604.717 0.850722
COST 262144 16384 2 8 5.00 0.001 512 0.883565 9887.633 0.862313
COST 262144 32768 2 8 5.00 0.001 512 0.958441 11572.928 0.924325
COST 262144 65536 2 8 5.00 0.001 512 0.988192 12297.418 0.957518
COST 262144 131072 2 8 5.00 0.001 512 1.000000 12592.634 1.000000
COST 262144 4096 2 8 5.00 0.01 512 0.101394 2323.402 0.703435
COST 262144 8192 2 8 5.00 0.01 512 0.330538 6266.795 0.749990
COST 262144 16384 2 8 5.00 0.01 512 0.556828 12867.185 0.758656
COST 262144 32768 2 8 5.00 0.01 512 0.739561 20810.259 0.785036
COST 262144 65536 2 8 5.00 0.01 512 0.884754 29021.154 0.842396
COST 262144 131072 2 8 5.00 0.01 512 1.000000 36777.540 1.000000
COST 262144 4096 2 8 5.00 0.01 512 0.165520 2498.171 0.719825
COST 262144 8192 2 8 5.00 0.01 512 0.461419 6439.591 0.770274
COST 262144 16384 2 8 5.00 0.01 512 0.695501 11956.100 0.728070
COST 262144 32768 2 8 5.00 0.01 512 0.845648 17030.111 0.763291
COST 262144 65536 2 8 5.00 0.01 512 0.940343 20905.755 0.866588
COST 262144 131072 2 8 5.00 0.01 512 1.000000 23608.714 1.000000
COST 262144 4096 2 8 5.00 0.01 512 0.244739 2694.120 0.772800
COST 262144 8192 2 8 5.00 0.01 512 0.588167 6554.123 0.815700
COST 262144 16384 2 8 5.00 0.01 512 0.805826 10920.503 0.836900
COST 262144 32768 2 8 5.00 0.01 512 0.916725 13928.144 0.866165
COST 262144 65536 2 8 5.00 0.01 512 0.972241 15637.714 0.921519
COST 262144 131072 2 8 5.00 0.01 512 1.000000 16539.686 1.000000
COST 262144 4096 2 8 5.00 0.01 512 0.334221 2913.531 1.101760
COST 262144 8192 2 8 5.00 0.01 512 0.698559 6604.717 1.108605
COST 262144 16384 2 8 5.00 0.01 512 0.883565 9887.633 1.122506
COST 262144 32768 2 8 5.00 0.01 512 0.958441 11572.928 1.152695
COST 262144 65536 2 8 5.00 0.01 512 0.988192 12297.418 0.976478
COST 262144 131072 2 8 5.00 0.01 512 1.000000 12592.634 1.000000
COST 262144 4096 2 8 5.50 0.0001 512 0.101394 2323.402 0.707144
COST 262144 8192 2 8 5.50 0.0001 512 0.330538 6266.795 0.727876
COST 262144 16384 2 8 5.50 0.0001 512 0.556828 12867.185 0.726917
COST 262144 32768 2 8 5.50 0.0001 512 0.739561 20810.259 0.781332
COST 262144 65536 2 8 5.50 0.0001 512 0.884754 29021.154 0.842313
COST 262144 131072 2 8 5.50 0.0001 512 1.000000 36777.540 1.000000
COST 262144 4096 2 8 5.50 0.0001 512 0.165520 2498.171 0.718074
COST 262144 8192 2 8 5.50 0.0001 512 0.461419 6439.591 0.718375
COST 262144 16384 2 8 5.50 0.0001 512 0.695501 11956.100 0.729125
COST 262144 32768 2 8 5.50 0.0001 512 0.845648 17030.111 0.753549
COST 262144 65536 2 8 5.50 0.0001 512 0.940343 20905.755 0.850017
COST 262144 131072 2 8 5.50 0.0001 512 1.000000 23608.714 1.000000
COST 262144 4096 2 8 5.50 0.0001 512 0.244739 2694.120 0.785230
COST 262144 8192 2 8 5.50 0.0001 512 0.588167 6554.123 0.798572
COST 262144 16384 2 8 5.50 0.0001 512 0.805826 10920.503 0.809792
COST 262144 32768 2 8 5.50 0.0001 512 0.916725 13928.144 0.833305
COST 262144 65536 2 8 5.50 0.0001 512 0.972241 15637.714 0.927338
COST 262144 131072 2 8 5.50 0.0001 512 1.000000 16539.686 1.000000
COST 262144 4096 2 8 5.50 0.0001 512 0.334221 2913.531 1.527143
COST 262144 8192 2 8 5.50 0.0001 512 0.698559 6604.717 1.494540
COST 262144 16384 2 8 5.50 0.0001 512 0.883565 9887.633 1.542204
COST 262144 32768 2 8 5.50 0.0001 512 0.958441 11572.928 1.605424
COST 262144 65536 2 8 5.50 0.0001 512 0.988192 12297.418 1.271478
COST 262144 131072 2 8 5.50 0.0001 512 1.000000 12592.634 1.000000
COST 262144 4096 2 8 5.50 0.001 512 0.101394 2323.402 0.717147
COST 262144 8192 2 8 5.50 0.001 512 0.330538 6266.795 0.723683
COST 262144 16384 2 8 5.50 0.001 512 0.556828 12867.185 0.728205
COST 262144 32768 2 8 5.50 0.001 512 0.739561 20810.259 0.797113
COST 262144 65536 2 8 5.50 0.001 512 0.884754 29021.154 0.852383
COST 262144 131072 2 8 5.50 0.001 512 1.000000 36777.540 1.000000
COST 262144 4096 2 8 5.50 0.001 512 0.165520 2498.171 0.684880
COST 262144 8192 2 8 5.50 0.001 512 0.461419 6439.591 0.711678
COST 262144 16384 2 8 5.50 0.001 512 0.695501 11956.100 0.766232
COST 262144 32768 2 8 5.50 0.001 512 0.845648 17030.111 0.752206
COST 262144 65536 2 8 5.50 0.001 512 0.940343 20905.755 0.836470
COST 262144 131072 2 8 5.50 0.001 512 1.000000 23608.714 1.000000
COST 262144 4096 2 8 5.50 0.001 512 0.244739 2694.120 1.100241
COST 262144 8192 2 8 5.50 0.001 512 0.588167 6554.123 1.148391
COST 262144 16384 2 8 5.50 0.001 512 0.805826 10920.503 1.133310
COST 262144 32768 2 8 5.50 0.001 512 0.916725 13928.144 1.171514
COST 262144 65536 2 8 5.50 0.001 512 0.972241 15637.714 1.194427
COST 262144 131072 2 8 5.50 0.001 512 1.000000 16539.686 1.000000
COST 262144 4096 2 8 5.50 0.001 512 0.334221 2913.531 1.782178
COST 262144 8192 2 8 5.50 0.001 512 0.698559 6604.717 1.794872
COST 262144 16384 2 8 5.50 0.001 512 0.883565 9887.633 1.846218
COST 262144 32768 2 8 5.50 0.001 512 0.958441 11572.928 1.704408
COST 262144 65536 2 8 5.50 0.001 512 0.988192 12297.418 0.955362
COST 262144 131072 2 8 5.50 0.001 512 1.000000 12592.634 1.000000
COST 262144 4096 2 8 5.50 0.01 512 0.101394 2323.402 0.696386
COST 262144 8192 2 8 5.50 0.01 512 0.330538 6266.795 0.702825
COST 262144 16384 2 8 5.50 0.01 512 0.556828 12867.185 0.724020
COST 262144 32768 2 8 5.50 0.01 512 0.739561 20810.259 0.765630
COST 262144 65536 2 8 5.50 0.01 512 0.884754 29021.154 0.833127
COST 262144 131072 2 8 5.50 0.01 512 1.000000 36777.540 1.000000
COST 262144 4096 2 8 5.50 0.01 512 0.165520 2498.171 0.902459
COST 262144 8192 2 8 5.50 0.01 512 0.461419 6439.591 0.910232
COST 262144 16384 2 8 5.50 0.01 512 0.695501 11956.100 0.950192
COST 262144 32768 2 8 5.50 0.01 512 0.845648 17030.111 0.984286
COST 262144 65536 2 8 5.50 0.01 512 0.940343 20905.755 1.062409
COST 262144 131072 2 8 5.50 0.01 512 1.000000 23608.714 1.000000
COST 262144 4096 2 8 5.50 0.01 512 0.244739 2694.120 1.785515
COST 262144 8192 2 8 5.50 0.01 512 0.588167 6554.123 1.737234
COST 262144 16384 2 8 5.50 0.01 512 0.805826 10920.503 1.748006
COST 262144 32768 2 8 5.50 0.01 512 0.916725 13928.144 1.749821
COST 262144 65536 2 8 5.50 0.01 512 0.972241 15637.714 1.061998
COST 262144 131072 2 8 5.50 0.01 512 1.000000 16539.686 1.000000
COST 262144 4096 2 8 5.50 0.01 512 0.334221 2913.531 2.197413
COST 262144 8192 2 8 5.50 0.01 512 0.698559 6604.717 2.288598
COST 262144 16384 2 8 5.50 0.01 512 0.883565 9887.633 2.191563
COST 262144 32768 2 8 5.50 0.01 512 0.958441 11572.928 1.085059
COST 262144 65536 2 8 5.50 0.01 512 0.988192 12297.418 0.652453
COST 262144 131072 2 8 5.50 0.01 512 1.000000 12592.634 1.000000
COST 262144 4096 2 8 6.00 0.0001 512 0.101394 2323.402 0.688655
COST 262144 8192 2 8 6.00 0.0001 512 0.330538 6266.795 0.725012
COST 262144 16384 2 8 6.00 0.0001 512 0.556828 12867.185 0.733150
COST 262144 32768 2 8 6.00 0.0001 512 0.739561 20810.259 0.770986
COST 262144 65536 2 8 6.00 0.0001 512 0.884754 29021.154 0.831312
COST 262144 131072 2 8 6.00 0.0001 512 1.000000 36777.540 1.000000
COST 262144 4096 2 8 6.00 0.0001 512 0.165520 2498.171 0.828136
COST 262144 8192 2 8 6.00 0.0001 512 0.461419 6439.591 0.831896
COST 262144 16384 2 8 6.00 0.0001 512 0.695501 11956.100 0.866926
COST 262144 32768 2 8 6.00 0.0001 512 0.845648 17030.111 0.882809
COST 262144 65536 2 8 6.00 0.0001 512 0.940343 20905.755 0.975388
COST 262144 131072 2 8 6.00 0.0001 512 1.000000 23608.714 1.000000
COST 262144 4096 2 8 6.00 0.0001 512 0.244739 2694.120 1.671506
COST 262144 8192 2 8 6.00 0.0001 512 0.588167 6554.123 1.699777
COST 262144 16384 2 8 6.00 0.0001 512 0.805826 10920.503 1.717217
COST 262144 32768 2 8 6.00 0.0001 512 0.916725 13928.144 1.793881
COST 262144 65536 2 8 6.00 0.0001 512 0.972241 15637.714 1.385256
COST 262144 131072 2 8 6.00 0.0001 512 1.000000 16539.686 1.000000
COST 262144 4096 2 8 6.00 0.0001 512 0.334221 2913.531 2.116489
COST 262144 8192 2 8 6.00 0.0001 512 0.698559 6604.717 2.147154
COST 262144 16384 2 8 6.00 0.0001 512 0.883565 9887.633 2.131387
COST 262144 32768 2 8 6.00 0.0001 512 0.958441 11572.928 1.428725
COST 262144 65536 2 8 6.00 0.0001 512 0.988192 12297.418 0.634842
COST 262144 131072 2 8 6.00 0.0001 512 1.000000 12592.634 1.000000
COST 262144 4096 2 8 6.00 0.001 512 0.101394 2323.402 0.720897
COST 262144 8192 2 8 6.00 0.001 512 0.330538 6266.795 0.721323
COST 262144 16384 2 8 6.00 0.001 512 0.556828 12867.185 0.762277
COST 262144 32768 2 8 6.00 0.001 512 0.739561 20810.259 0.789350
COST 262144 65536 2 8 6.00 0.001 512 0.884754 29021.154 0.866683
COST 262144 131072 2 8 6.00 0.001 512 1.000000 36777.540 1.000000
COST 262144 4096 2 8 6.00 0.001 512 0.165520 2498.171 1.100353
COST 262144 8192 2 8 6.00 0.001 512 0.461419 6439.591 1.151020
COST 262144 16384 2 8 6.00 0.001 512 0.695501 11956.100 1.194461
COST 262144 32768 2 8 6.00 0.001 512 0.845648 17030.111 1.217710
COST 262144 65536 2 8 6.00 0.001 512 0.940343 20905.755 1.303452
COST 262144 131072 2 8 6.00 0.001 512 1.000000 23608.714 1.000000
COST 262144 4096 2 8 6.00 0.001 512 0.244739 2694.120 1.942905
COST 262144 8192 2 8 6.00 0.001 512 0.588167 6554.123 2.023641
COST 262144 16384 2 8 6.00 0.001 512 0.805826 10920.503 2.006143
COST 262144 32768 2 8 6.00 0.001 512 0.916725 13928.144 1.845478
COST 262144 65536 2 8 6.00 0.001 512 0.972241 15637.714 0.892590
COST 262144 131072 2 8 6.00 0.001 512 1.000000 16539.686 1.000000
COST 262144 4096 2 8 6.00 0.001 512 0.334221 2913.531 2.091314
COST 262144 8192 2 8 6.00 0.001 512 0.698559 6604.717 2.172513
COST 262144 16384 2 8 6.00 0.001 512 0.883565 9887.633 2.146725
COST 262144 32768 2 8 6.00 0.001 512 0.958441 11572.928 0.715155
COST 262144 65536 2 8 6.00 0.001 512 0.988192 12297.418 0.532649
COST 262144 131072 2 8 6.00 0.001 512 1.000000 12592.634 1.000000
COST 262144 4096 2 8 6.00 0.01 512 0.101394 2323.402 0.898422
COST 262144 8192 2 8 6.00 0.01 512 0.330538 6266.795 0.858706
COST 262144 16384 2 8 6.00 0.01 512 0.556828 12867.185 0.930781
COST 262144 32768 2 8 6.00 0.01 512 0.739561 20810.259 0.985824
COST 262144 65536 2 8 6.00 0.01 512 0.884754 29021.154 1.023907
COST 262144 131072 2 8 6.00 0.01 512 1.000000 36777.540 1.000000
COST 262144 4096 2 8 6.00 0.01 512 0.165520 2498.171 1.893940
COST 262144 8192 2 8 6.00 0.01 512 0.461419 6439.591 1.940165
COST 262144 16384 2 8 6.00 0.01 512 0.695501 11956.100 2.035513
COST 262144 32768 2 8 6.00 0.01 512 0.845648 17030.111 2.018247
COST 262144 65536 2 8 6.00 0.01 512 0.940343 20905.755 1.172274
COST 262144 131072 2 8 6.00 0.01 512 1.000000 23608.714 1.000000
COST 262144 4096 2 8 6.00 0.01 512 0.244739 2694.120 2.378732
COST 262144 8192 2 8 6.00 0.01 512 0.588167 6554.123 2.429515
COST 262144 16384 2 8 6.00 0.01 512 0.805826 10920.503 2.362356
COST 262144 32768 2 8 6.00 0.01 512 0.916725 13928.144 0.969656
COST 262144 65536 2 8 6.00 0.01 512 0.972241 15637.714 0.540461
COST 262144 131072 2 8 6.00 0.01 512 1.000000 16539.686 1.000000
COST 262144 4096 2 8 6.00 0.01 512 0.334221 2913.531 2.358215
COST 262144 8192 2 8 6.00 0.01 512 0.698559 6604.717 2.369117
COST 262144 16384 2 8 6.00 0.01 512 0.883565 9887.633 1.165450
COST 262144 32768 2 8 6.00 0.01 512 0.958441 11572.928 0.348972
COST 262144 65536 2 8 6.00 0.01 512 0.988192 12297.418 0.447990
COST 262144 131072 2 8 6.00 0.01 512 1.000000 12592.634 1.000000
COST 262144 4096 2 8 6.50 0.0001 512 0.101394 2323.402 0.744754
COST 262144 8192 2 8 6.50 0.0001 512 0.330538 6266.795 0.762983
COST 262144 16384 2 8 6.50 0.0001 512 0.556828 12867.185 0.779896
COST 262144 32768 2 8 6.50 0.0001 512 0.739561 20810.259 0.776043
COST 262144 65536 2 8 6.50 0.0001 512 0.884754 29021.154 0.851252
COST 262144 131072 2 8 6.50 0.0001 512 1.000000 36777.540 1.000000
COST 262144 4096 2 8 6.50 0.0001 512 0.165520 2498.171 1.579168
COST 262144 8192 2 8 6.50 0.0001 512 0.461419 6439.591 1.581052
COST 262144 16384 2 8 6.50 0.0001 512 0.695501 11956.100 1.647535
COST 262144 32768 2 8 6.50 0.0001 512 0.845648 17030.111 1.765974
COST 262144 65536 2 8 6.50 0.0001 512 0.940343 20905.755 1.675302
COST 262144 131072 2 8 6.50 0.0001 512 1.000000 23608.714 1.000000
COST 262144 4096 2 8 6.50 0.0001 512 0.244739 2694.120 2.361477
COST 262144 8192 2 8 6.50 0.0001 512 0.588167 6554.123 2.365117
COST 262144 16384 2 8 6.50 0.0001 512 0.805826 10920.503 2.379523
COST 262144 32768 2 8 6.50 0.0001 512 0.916725 13928.144 1.953762
COST 262144 65536 2 8 6.50 0.0001 512 0.972241 15637.714 0.710552
COST 262144 131072 2 8 6.50 0.0001 512 1.000000 16539.686 1.000000
COST 262144 4096 2 8 6.50 0.0001 512 0.334221 2913.531 2.255613
COST 262144 8192 2 8 6.50 0.0001 512 0.698559 6604.717 2.301498
COST 262144 16384 2 8 6.50 0.0001 512 0.883565 9887.633 2.099219
COST 262144 32768 2 8 6.50 0.0001 512 0.958441 11572.928 0.457400
COST 262144 65536 2 8 6.50 0.0001 512 0.988192 12297.418 0.456709
COST 262144 131072 2 8 6.50 0.0001 512 1.000000 12592.634 1.000000
COST 262144 4096 2 8 6.50 0.001 512 0.101394 2323.402 0.850495
COST 262144 8192 2 8 6.50 0.001 512 0.330538 6266.795 0.883199
COST 262144 16384 2 8 6.50 0.001 512 0.556828 12867.185 0.906686
COST 262144 32768 2 8 6.50 0.001 512 0.739561 20810.259 0.928438
COST 262144 65536 2 8 6.50 0.001 512 0.884754 29021.154 1.035146
COST 262144 131072 2 8 6.50 0.001 512 1.000000 36777.540 1.000000
COST 262144 4096 2 8 6.50 0.001 512 0.165520 2498.171 2.157937
COST 262144 8192 2 8 6.50 0.001 512 0.461419 6439.591 2.202283
COST 262144 16384 2 8 6.50 0.001 512 0.695501 11956.100 2.289416
COST 262144 32768 2 8 6.50 0.001 512 0.845648 17030.111 2.432724
COST 262144 65536 2 8 6.50 0.001 512 0.940343 20905.755 1.273070
COST 262144 131072 2 8 6.50 0.001 512 1.000000 23608.714 1.000000
COST 262144 4096 2 8 6.50 0.001 512 0.244739 2694.120 2.320085
COST 262144 8192 2 8 6.50 0.001 512 0.588167 6554.123 2.283711
COST 262144 16384 2 8 6.50 0.001 512 0.805826 10920.503 2.356850
COST 262144 32768 2 8 6.50 0.001 512 0.916725 13928.144 0.802995
COST 262144 65536 2 8 6.50 0.001 512 0.972241 15637.714 0.483931
COST 262144 131072 2 8 6.50 0.001 512 1.000000 16539.686 1.000000
COST 262144 4096 2 8 6.50 0.001 512 0.334221 2913.531 2.362489
COST 262144 8192 2 8 6.50 0.001 512 0.698559 6604.717 2.390137
COST 262144 16384 2 8 6.50 0.001 512 0.883565 9887.633 1.198870
COST 262144 32768 2 8 6.50 0.001 512 0.958441 11572.928 0.282858
COST 262144 65536 2 8 6.50 0.001 512 0.988192 12297.418 0.435189
COST 262144 131072 2 8 6.50 0.001 512 1.000000 12592.634 1.000000
COST 262144 4096 2 8 6.50 0.01 512 0.101394 2323.402 1.648416
COST 262144 8192 2 8 6.50 0.01 512 0.330538 6266.795 1.731785
COST 262144 16384 2 8 6.50 0.01 512 0.556828 12867.185 1.725620
COST 262144 32768 2 8 6.50 0.01 512 0.739561 20810.259 1.807184
COST 262144 65536 2 8 6.50 0.01 512 0.884754 29021.154 1.463677
COST 262144 131072 2 8 6.50 0.01 512 1.000000 36777.540 1.000000
COST 262144 4096 2 8 6.50 0.01 512 0.165520 2498.171 2.360548
COST 262144 8192 2 8 6.50 0.01 512 0.461419 6439.591 2.401972
COST 262144 16384 2 8 6.50 0.01 512 0.695501 11956.100 2.432377
COST 262144 32768 2 8 6.50 0.01 512 0.845648 17030.111 1.594344
COST 262144 65536 2 8 6.50 0.01 512 0.940343 20905.755 0.578366
COST 262144 131072 2 8 6.50 0.01 512 1.000000 23608.714 1.000000
COST 262144 4096 2 8 6.50 0.01 512 0.244739 2694.120 2.287193
COST 262144 8192 2 8 6.50 0.01 512 0.588167 6554.123 2.311407
COST 262144 16384 2 8 6.50 0.01 512 0.805826 10920.503 1.208015
COST 262144 32768 2 8 6.50 0.01 512 0.916725 13928.144 0.308672
COST 262144 65536 2 8 6.50 0.01 512 0.972241 15637.714 0.452750
COST 262144 131072 2 8 6.50 0.01 512 1.000000 16539.686 1.000000
COST 262144 4096 2 8 6.50 0.01 512 0.334221 2913.531 2.293898
COST 262144 8192 2 8 6.50 0.01 512 0.698559 6604.717 2.199728
COST 262144 16384 2 8 6.50 0.01 512 0.883565 9887.633 0.260075
COST 262144 32768 2 8 6.50 0.01 512 0.958441 11572.928 0.198746
COST 262144 65536 2 8 6.50 0.01 512 0.988192 12297.418 0.435311
COST 262144 131072 2 8 6.50 0.01 512 1.000000 12592.634 1.000000
COST 32768 512 2 8 5.00 0.0001 512 0.101178 290.065 0.719055
COST 32768 1024 2 8 5.00 0.0001 512 0.330389 782.926 0.786430
COST 32768 2048 2 8 5.00 0.0001 512 0.556768 1608.110 0.756102
COST 32768 4096 2 8 5.00 0.0001 512 0.739539 2601.124 0.800200
COST 32768 8192 2 8 5.00 0.0001 512 0.884747 3627.567 0.846114
COST 32768 16384 2 8 5.00 0.0001 512 1.000000 4597.157 1.000000
COST 32768 512 2 8 5.00 0.0001 512 0.165205 311.891 0.731113
COST 32768 1024 2 8 5.00 0.0001 512 0.461245 804.552 0.820210
COST 32768 2048 2 8 5.00 0.0001 512 0.695444 1494.300 0.761937
COST 32768 4096 2 8 5.00 0.0001 512 0.845632 2128.677 0.782402
COST 32768 8192 2 8 5.00 0.0001 512 0.940339 2613.188 0.862514
COST 32768 16384 2 8 5.00 0.0001 512 1.000000 2951.079 1.000000
COST 32768 512 2 8 5.00 0.0001 512 0.244329 336.365 0.863146
COST 32768 1024 2 8 5.00 0.0001 512 0.587987 818.907 0.874117
COST 32768 2048 2 8 5.00 0.0001 512 0.805779 1364.917 0.923008
COST 32768 4096 2 8 5.00 0.0001 512 0.916714 1740.974 0.941891
COST 32768 8192 2 8 5.00 0.0001 512 0.972238 1954.702 1.039898
COST 32768 16384 2 8 5.00 0.0001 512 1.000000 2067.458 1.000000
COST 32768 512 2 8 5.00 0.0001 512 0.333735 363.773 1.386421
COST 32768 1024 2 8 5.00 0.0001 512 0.698389 825.281 1.358223
COST 32768 2048 2 8 5.00 0.0001 512 0.883530 1235.861 1.464186
COST 32768 4096 2 8 5.00 0.0001 512 0.958434 1446.595 1.513770
COST 32768 8192 2 8 5.00 0.0001 512 0.988191 1537.173 1.143468
COST 32768 16384 2 8 5.00 0.0001 512 1.000000 1574.078 1.000000
COST 32768 512 2 8 5.00 0.001 512 0.101178 290.065 0.743445
COST 32768 1024 2 8 5.00 0.001 512 0.330389 782.926 0.745206
COST 32768 2048 2 8 5.00 0.001 512 0.556768 1608.110 0.763204
COST 32768 4096 2 8 5.00 0.001 512 0.739539 2601.124 0.778174
COST 32768 8192 2 8 5.00 0.001 512 0.884747 3627.567 0.847813
COST 32768 16384 2 8 5.00 0.001 512 1.000000 4597.157 1.000000
COST 32768 512 2 8 5.00 0.001 512 0.165205 311.891 0.810364
COST 32768 1024 2 8 5.00 0.001 512 0.461245 804.552 0.748537
COST 32768 2048 2 8 5.00 0.001 512 0.695444 1494.300 0.767648
COST 32768 4096 2 8 5.00 0.001 512 0.845632 2128.677 0.779482
COST 32768 8192 2 8 5.00 0.001 512 0.940339 2613.188 0.876784
COST 32768 16384 2 8 5.00 0.001 512 1.000000 2951.079 1.000000
COST 32768 512 2 8 5.00 0.001 512 0.244329 336.365 1.138530
COST 32768 1024 2 8 5.00 0.001 512 0.587987 818.907 1.116901
COST 32768 2048 2 8 5.00 0.001 512 0.805779 1364.917 1.133932
COST 32768 4096 2 8 5.00 0.001 512 0.916714 1740.974 1.169052
COST 32768 8192 2 8 5.00 0.001 512 0.972238 1954.702 1.084780
COST 32768 16384 2 8 5.00 0.001 512 1.000000 2067.458 1.000000
COST 32768 512 2 8 5.00 0.001 512 0.333735 363.773 1.794830
COST 32768 1024 2 8 5.00 0.001 512 0.698389 825.281 1.805951
COST 32768 2048 2 8 5.00 0.001 512 0.883530 1235.861 1.740297
COST 32768 4096 2 8 5.00 0.001 512 0.958434 1446.595 1.475216
COST 32768 8192 2 8 5.00 0.001 512 0.988191 1537.173 0.970251
COST 32768 16384 2 8 5.00 0.001 512 1.000000 1574.078 1.000000
COST 32768 512 2 8 5.00 0.01 512 0.101178 290.065 0.732750
COST 32768 1024 2 8 5.00 0.01 512 0.330389 782.926 0.773847
COST 32768 2048 2 8 5.00 0.01 512 0.556768 1608.110 0.715875
COST 32768 4096 2 8 5.00 0.01 512 0.739539 2601.124 0.762374
COST 32768 8192 2 8 5.00 0.01 512 0.884747 3627.567 0.813325
COST 32768 16384 2 8 5.00 0.01 512 1.000000 4597.157 1.000000
COST 32768 512 2 8 5.00 0.01 512 0.165205 311.891 1.044166
COST 32768 1024 2 8 5.00 0.01 512 0.461245 804.552 0.987303
COST 32768 2048 2 8 5.00 0.01 512 0.695444 1494.300 1.096547
COST 32768 4096 2 8 5.00 0.01 512 0.845632 2128.677 1.030908
COST 32768 8192 2 8 5.00 0.01 512 0.940339 2613.188 1.006822
COST 32768 16384 2 8 5.00 0.01 512 1.000000 2951.079 1.000000
COST 32768 512 2 8 5.00 0.01 512 0.244329 336.365 1.736480
COST 32768 1024 2 8 5.00 0.01 512 0.587987 818.907 1.708760
COST 32768 2048 2 8 5.00 0.01 512 0.805779 1364.917 1.713925
COST 32768 4096 2 8 5.00 0.01 512 0.916714 1740.974 1.740375
COST 32768 8192 2 8 5.00 0.01 512 0.972238 1954.702 1.029907
COST 32768 16384 2 8 5.00 0.01 512 1.000000 2067.458 1.000000
COST 32768 512 2 8 5.00 0.01 512 0.333735 363.773 2.321059
COST 32768 1024 2 8 5.00 0.01 512 0.698389 825.281 2.287818
COST 32768 2048 2 8 5.00 0.01 512 0.883530 1235.861 1.807292
COST 32768 4096 2 8 5.00 0.01 512 0.958434 1446.595 0.920812
COST 32768 8192 2 8 5.00 0.01 512 0.988191 1537.173 0.659849
COST 32768 16384 2 8 5.00 0.01 512 1.000000 1574.078 1.000000
COST 32768 512 2 8 5.50 0.0001 512 0.101178 290.065 0.721953
COST 32768 1024 2 8 5.50 0.0001 512 0.330389 782.926 0.722523
COST 32768 2048 2 8 5.50 0.0001 512 0.556768 1608.110 0.811586
COST 32768 4096 2 8 5.50 0.0001 512 0.739539 2601.124 0.817694
COST 32768 8192 2 8 5.50 0.0001 512 0.884747 3627.567 0.844913
COST 32768 16384 2 8 5.50 0.0001 512 1.000000 4597.157 1.000000
COST 32768 512 2 8 5.50 0.0001 512 0.165205 311.891 0.817193
COST 32768 1024 2 8 5.50 0.0001 512 0.461245 804.552 0.823731
COST 32768 2048 2 8 5.50 0.0001 512 0.695444 1494.300 0.837551
COST 32768 4096 2 8 5.50 0.0001 512 0.845632 2128.677 0.993521
COST 32768 8192 2 8 5.50 0.0001 512 0.940339 2613.188 0.954243
COST 32768 16384 2 8 5.50 0.0001 512 1.000000 2951.079 1.000000
COST 32768 512 2 8 5.50 0.0001 512 0.244329 336.365 1.706374
COST 32768 1024 2 8 5.50 0.0001 512 0.587987 818.907 1.688277
COST 32768 2048 2 8 5.50 0.0001 512 0.805779 1364.917 1.730785
COST 32768 4096 2 8 5.50 0.0001 512 0.916714 1740.974 1.810899
COST 32768 8192 2 8 5.50 0.0001 512 0.972238 1954.702 1.313589
COST 32768 16384 2 8 5.50 0.0001 512 1.000000 2067.458 1.000000
COST 32768 512 2 8 5.50 0.0001 512 0.333735 363.773 2.406181
COST 32768 1024 2 8 5.50 0.0001 512 0.698389 825.281 2.317030
COST 32768 2048 2 8 5.50 0.0001 512 0.883530 1235.861 2.410689
COST 32768 4096 2 8 5.50 0.0001 512 0.958434 1446.595 1.400162
COST 32768 8192 2 8 5.50 0.0001 512 0.988191 1537.173 0.708178
COST 32768 16384 2 8 5.50 0.0001 512 1.000000 1574.078 1.000000
COST 32768 512 2 8 5.50 0.001 512 0.101178 290.065 0.712394
COST 32768 1024 2 8 5.50 0.001 512 0.330389 782.926 0.738858
COST 32768 2048 2 8 5.50 0.001 512 0.556768 1608.110 0.748155
COST 32768 4096 2 8 5.50 0.001 512 0.739539 2601.124 0.773065
COST 32768 8192 2 8 5.50 0.001 512 0.884747 3627.567 0.872020
COST 32768 16384 2 8 5.50 0.001 512 1.000000 4597.157 1.000000
COST 32768 512 2 8 5.50 0.001 512 0.165205 311.891 1.124820
COST 32768 1024 2 8 5.50 0.001 512 0.461245 804.552 1.139442
COST 32768 2048 2 8 5.50 0.001 512 0.695444 1494.300 1.149881
COST 32768 4096 2 8 5.50 0.001 512 0.845632 2128.677 1.224691
COST 32768 8192 2 8 5.50 0.001 512 0.940339 2613.188 1.196488
COST 32768 16384 2 8 5.50 0.001 512 1.000000 2951.079 1.000000
COST 32768 512 2 8 5.50 0.001 512 0.244329 336.365 2.062361
COST 32768 1024 2 8 5.50 0.001 512 0.587987 818.907 2.313403
COST 32768 2048 2 8 5.50 0.001 512 0.805779 1364.917 2.113710
COST 32768 4096 2 8 5.50 0.001 512 0.916714 1740.974 1.751700
COST 32768 8192 2 8 5.50 0.001 512 0.972238 1954.702 0.922984
COST 32768 16384 2 8 5.50 0.001 512 1.000000 2067.458 1.000000
COST 32768 512 2 8 5.50 0.001 512 0.333735 363.773 2.379111
COST 32768 1024 2 8 5.50 0.001 512 0.698389 825.281 2.313206
COST 32768 2048 2 8 5.50 0.001 512 0.883530 1235.861 2.032781
COST 32768 4096 2 8 5.50 0.001 512 0.958434 1446.595 0.781668
COST 32768 8192 2 8 5.50 0.001 512 0.988191 1537.173 0.554922
COST 32768 16384 2 8 5.50 0.001 512 1.000000 1574.078 1.000000
COST 32768 512 2 8 5.50 0.01 512 0.101178 290.065 0.921868
COST 32768 1024 2 8 5.50 0.01 512 0.330389 782.926 0.927220
COST 32768 2048 2 8 5.50 0.01 512 0.556768 1608.110 0.966060
COST 32768 4096 2 8 5.50 0.01 512 0.739539 2601.124 1.010057
COST 32768 8192 2 8 5.50 0.01 512 0.884747 3627.567 1.024159
COST 32768 16384 2 8 5.50 0.01 512 1.000000 4597.157 1.000000
COST 32768 512 2 8 5.50 0.01 512 0.165205 311.891 1.855455
COST 32768 1024 2 8 5.50 0.01 512 0.461245 804.552 1.894017
COST 32768 2048 2 8 5.50 0.01 512 0.695444 1494.300 1.975180
COST 32768 4096 2 8 5.50 0.01 512 0.845632 2128.677 1.883381
COST 32768 8192 2 8 5.50 0.01 512 0.940339 2613.188 0.993158
COST 32768 16384 2 8 5.50 0.01 512 1.000000 2951.079 1.000000
COST 32768 512 2 8 5.50 0.01 512 0.244329 336.365 2.290196
COST 32768 1024 2 8 5.50 0.01 512 0.587987 818.907 2.288851
COST 32768 2048 2 8 5.50 0.01 512 0.805779 1364.917 1.851527
COST 32768 4096 2 8 5.50 0.01 512 0.916714 1740.974 0.891123
COST 32768 8192 2 8 5.50 0.01 512 0.972238 1954.702 0.574199
COST 32768 16384 2 8 5.50 0.01 512 1.000000 2067.458 1.000000
COST 32768 512 2 8 5.50 0.01 512 0.333735 363.773 2.299773
COST 32768 1024 2 8 5.50 0.01 512 0.698389 825.281 2.284936
COST 32768 2048 2 8 5.50 0.01 512 0.883530 1235.861 0.853626
COST 32768 4096 2 8 5.50 0.01 512 0.958434 1446.595 0.361371
COST 32768 8192 2 8 5.50 0.01 512 0.988191 1537.173 0.473246
COST 32768 16384 2 8 5.50 0.01 512 1.000000 1574.078 1.000000
COST 32768 512 2 8 6.00 0.0001 512 0.101178 290.065 0.743683
COST 32768 1024 2 8 6.00 0.0001 512 0.330389 782.926 0.775661
COST 32768 2048 2 8 6.00 0.0001 512 0.556768 1608.110 0.746004
COST 32768 4096 2 8 6.00 0.0001 512 0.739539 2601.124 0.798771
COST 32768 8192 2 8 6.00 0.0001 512 0.884747 3627.567 0.856229
COST 32768 16384 2 8 6.00 0.0001 512 1.000000 4597.157 1.000000
COST 32768 512 2 8 6.00 0.0001 512 0.165205 311.891 1.749044
COST 32768 1024 2 8 6.00 0.0001 512 0.461245 804.552 1.588845
COST 32768 2048 2 8 6.00 0.0001 512 0.695444 1494.300 1.709843
COST 32768 4096 2 8 6.00 0.0001 512 0.845632 2128.677 1.836496
COST 32768 8192 2 8 6.00 0.0001 512 0.940339 2613.188 1.583997
COST 32768 16384 2 8 6.00 0.0001 512 1.000000 2951.079 1.000000
COST 32768 512 2 8 6.00 0.0001 512 0.244329 336.365 2.284955
COST 32768 1024 2 8 6.00 0.0001 512 0.587987 818.907 2.218332
COST 32768 2048 2 8 6.00 0.0001 512 0.805779 1364.917 2.353191
COST 32768 4096 2 8 6.00 0.0001 512 0.916714 1740.974 1.610010
COST 32768 8192 2 8 6.00 0.0001 512 0.972238 1954.702 0.736035
COST 32768 16384 2 8 6.00 0.0001 512 1.000000 2067.458 1.000000
COST 32768 512 2 8 6.00 0.0001 512 0.333735 363.773 2.386607
COST 32768 1024 2 8 6.00 0.0001 512 0.698389 825.281 2.490596
COST 32768 2048 2 8 6.00 0.0001 512 0.883530 1235.861 1.787136
COST 32768 4096 2 8 6.00 0.0001 512 0.958434 1446.595 0.470827
COST 32768 8192 2 8 6.00 0.0001 512 0.988191 1537.173 0.475503
COST 32768 16384 2 8 6.00 0.0001 512 1.000000 1574.078 1.000000
COST 32768 512 2 8 6.00 0.001 512 0.101178 290.065 1.063917
COST 32768 1024 2 8 6.00 0.001 512 0.330389 782.926 0.980871
COST 32768 2048 2 8 6.00 0.001 512 0.556768 1608.110 1.034807
COST 32768 4096 2 8 6.00 0.001 512 0.739539 2601.124 1.062055
COST 32768 8192 2 8 6.00 0.001 512 0.884747 3627.567 1.131532
COST 32768 16384 2 8 6.00 0.001 512 1.000000 4597.157 1.000000
COST 32768 512 2 8 6.00 0.001 512 0.165205 311.891 2.150306
COST 32768 1024 2 8 6.00 0.001 512 0.461245 804.552 2.057363
COST 32768 2048 2 8 6.00 0.001 512 0.695444 1494.300 2.166490
COST 32768 4096 2 8 6.00 0.001 512 0.845632 2128.677 2.195638
COST 32768 8192 2 8 6.00 0.001 512 0.940339 2613.188 1.075714
COST 32768 16384 2 8 6.00 0.001 512 1.000000 2951.079 1.000000
COST 32768 512 2 8 6.00 0.001 512 0.244329 336.365 2.546881
COST 32768 1024 2 8 6.00 0.001 512 0.587987 818.907 2.413157
COST 32768 2048 2 8 6.00 0.001 512 0.805779 1364.917 2.420430
COST 32768 4096 2 8 6.00 0.001 512 0.916714 1740.974 0.747227
COST 32768 8192 2 8 6.00 0.001 512 0.972238 1954.702 0.534161
COST 32768 16384 2 8 6.00 0.001 512 1.000000 2067.458 1.000000
COST 32768 512 2 8 6.00 0.001 512 0.333735 363.773 2.636117
COST 32768 1024 2 8 6.00 0.001 512 0.698389 825.281 2.668737
COST 32768 2048 2 8 6.00 0.001 512 0.883530 1235.861 0.887372
COST 32768 4096 2 8 6.00 0.001 512 0.958434 1446.595 0.320243
COST 32768 8192 2 8 6.00 0.001 512 0.988191 1537.173 0.464040
COST 32768 16384 2 8 6.00 0.001 512 1.000000 1574.078 1.000000
COST 32768 512 2 8 6.00 0.01 512 0.101178 290.065 1.801824
COST 32768 1024 2 8 6.00 0.01 512 0.330389 782.926 1.929753
COST 32768 2048 2 8 6.00 0.01 512 0.556768 1608.110 1.803567
COST 32768 4096 2 8 6.00 0.01 512 0.739539 2601.124 1.876286
COST 32768 8192 2 8 6.00 0.01 512 0.884747 3627.567 1.146290
COST 32768 16384 2 8 6.00 0.01 512 1.000000 4597.157 1.000000
COST 32768 512 2 8 6.00 0.01 512 0.165205 311.891 2.536142
COST 32768 1024 2 8 6.00 0.01 512 0.461245 804.552 2.356848
COST 32768 2048 2 8 6.00 0.01 512 0.695444 1494.300 2.296833
COST 32768 4096 2 8 6.00 0.01 512 0.845632 2128.677 1.163273
COST 32768 8192 2 8 6.00 0.01 512 0.940339 2613.188 0.593241
COST 32768 16384 2 8 6.00 0.01 512 1.000000 2951.079 1.000000
COST 32768 512 2 8 6.00 0.01 512 0.244329 336.365 2.455227
COST 32768 1024 2 8 6.00 0.01 512 0.587987 818.907 2.504138
COST 32768 2048 2 8 6.00 0.01 512 0.805779 1364.917 0.985903
COST 32768 4096 2 8 6.00 0.01 512 0.916714 1740.974 0.341668
COST 32768 8192 2 8 6.00 0.01 512 0.972238 1954.702 0.475684
COST 32768 16384 2 8 6.00 0.01 512 1.000000 2067.458 1.000000
COST 32768 512 2 8 6.00 0.01 512 0.333735 363.773 2.480556
COST 32768 1024 2 8 6.00 0.01 512 0.698389 825.281 1.893200
COST 32768 2048 2 8 6.00 0.01 512 0.883530 1235.861 0.266980
COST 32768 4096 2 8 6.00 0.01 512 0.958434 1446.595 0.226214
COST 32768 8192 2 8 6.00 0.01 512 0.988191 1537.173 0.478227
COST 32768 16384 2 8 6.00 0.01 512 1.000000 1574.078 1.000000
COST 32768 512 2 8 6.50 0.0001 512 0.101178 290.065 1.292765
COST 32768 1024 2 8 6.50 0.0001 512 0.330389 782.926 1.167713
COST 32768 2048 2 8 6.50 0.0001 512 0.556768 1608.110 1.183881
COST 32768 4096 2 8 6.50 0.0001 512 0.739539 2601.124 1.268300
COST 32768 8192 2 8 6.50 0.0001 512 0.884747 3627.567 1.371245
COST 32768 16384 2 8 6.50 0.0001 512 1.000000 4597.157 1.000000
COST 32768 512 2 8 6.50 0.0001 512 0.165205 311.891 2.176494
COST 32768 1024 2 8 6.50 0.0001 512 0.461245 804.552 2.193214
COST 32768 2048 2 8 6.50 0.0001 512 0.695444 1494.300 2.283038
COST 32768 4096 2 8 6.50 0.0001 512 0.845632 2128.677 2.109454
COST 32768 8192 2 8 6.50 0.0001 512 0.940339 2613.188 0.911246
COST 32768 16384 2 8 6.50 0.0001 512 1.000000 2951.079 1.000000
COST 32768 512 2 8 6.50 0.0001 512 0.244329 336.365 2.387097
COST 32768 1024 2 8 6.50 0.0001 512 0.587987 818.907 2.437394
COST 32768 2048 2 8 6.50 0.0001 512 0.805779 1364.917 2.277894
COST 32768 4096 2 8 6.50 0.0001 512 0.916714 1740.974 0.624192
COST 32768 8192 2 8 6.50 0.0001 512 0.972238 1954.702 0.471271
COST 32768 16384 2 8 6.50 0.0001 512 1.000000 2067.458 1.000000
COST 32768 512 2 8 6.50 0.0001 512 0.333735 363.773 2.404523
COST 32768 1024 2 8 6.50 0.0001 512 0.698389 825.281 2.694385
COST 32768 2048 2 8 6.50 0.0001 512 0.883530 1235.861 0.679352
COST 32768 4096 2 8 6.50 0.0001 512 0.958434 1446.595 0.264822
COST 32768 8192 2 8 6.50 0.0001 512 0.988191 1537.173 0.458215
COST 32768 16384 2 8 6.50 0.0001 512 1.000000 1574.078 1.000000
COST 32768 512 2 8 6.50 0.001 512 0.101178 290.065 1.670768
COST 32768 1024 2 8 6.50 0.001 512 0.330389 782.926 1.742012
COST 32768 2048 2 8 6.50 0.001 512 0.556768 1608.110 1.794858
COST 32768 4096 2 8 6.50 0.001 512 0.739539 2601.124 2.024484
COST 32768 8192 2 8 6.50 0.001 512 0.884747 3627.567 1.413940
COST 32768 16384 2 8 6.50 0.001 512 1.000000 4597.157 1.000000
COST 32768 512 2 8 6.50 0.001 512 0.165205 311.891 2.416013
COST 32768 1024 2 8 6.50 0.001 512 0.461245 804.552 2.419022
COST 32768 2048 2 8 6.50 0.001 512 0.695444 1494.300 2.437373
COST 32768 4096 2 8 6.50 0.001 512 0.845632 2128.677 1.293489
COST 32768 8192 2 8 6.50 0.001 512 0.940339 2613.188 0.603266
COST 32768 16384 2 8 6.50 0.001 512 1.000000 2951.079 1.000000
COST 32768 512 2 8 6.50 0.001 512 0.244329 336.365 2.534018
COST 32768 1024 2 8 6.50 0.001 512 0.587987 818.907 2.544893
COST 32768 2048 2 8 6.50 0.001 512 0.805779 1364.917 1.281691
COST 32768 4096 2 8 6.50 0.001 512 0.916714 1740.974 0.287748
COST 32768 8192 2 8 6.50 0.001 512 0.972238 1954.702 0.470524
COST 32768 16384 2 8 6.50 0.001 512 1.000000 2067.458 1.000000
COST 32768 512 2 8 6.50 0.001 512 0.333735 363.773 2.491559
COST 32768 1024 2 8 6.50 0.001 512 0.698389 825.281 2.201614
COST 32768 2048 2 8 6.50 0.001 512 0.883530 1235.861 0.257917
COST 32768 4096 2 8 6.50 0.001 512 0.958434 1446.595 0.225312
COST 32768 8192 2 8 6.50 0.001 512 0.988191 1537.173 0.474196
COST 32768 16384 2 8 6.50 0.001 512 1.000000 1574.078 1.000000
COST 32768 512 2 8 6.50 0.01 512 0.101178 290.065 2.292995
COST 32768 1024 2 8 6.50 0.01 512 0.330389 782.926 2.319124
COST 32768 2048 2 8 6.50 0.01 512 0.556768 1608.110 2.281464
COST 32768 4096 2 8 6.50 0.01 512 0.739539 2601.124 1.712317
COST 32768 8192 2 8 6.50 0.01 512 0.884747 3627.567 0.729739
COST 32768 16384 2 8 6.50 0.01 512 1.000000 4597.157 1.000000
COST 32768 512 2 8 6.50 0.01 512 0.165205 311.891 2.701657
COST 32768 1024 2 8 6.50 0.01 512 0.461245 804.552 2.609611
COST 32768 2048 2 8 6.50 0.01 512 0.695444 1494.300 1.525272
COST 32768 4096 2 8 6.50 0.01 512 0.845632 2128.677 0.458540
COST 32768 8192 2 8 6.50 0.01 512 0.940339 2613.188 0.474800
COST 32768 16384 2 8 6.50 0.01 512 1.000000 2951.079 1.000000
COST 32768 512 2 8 6.50 0.01 512 0.244329 336.365 2.547883
COST 32768 1024 2 8 6.50 0.01 512 0.587987 818.907 2.211561
COST 32768 2048 2 8 6.50 0.01 512 0.805779 1364.917 0.324091
COST 32768 4096 2 8 6.50 0.01 512 0.916714 1740.974 0.231309
COST 32768 8192 2 8 6.50 0.01 512 0.972238 1954.702 0.467754
COST 32768 16384 2 8 6.50 0.01 512 1.000000 2067.458 1.000000
COST 32768 512 2 8 6.50 0.01 512 0.333735 363.773 2.471754
COST 32768 1024 2 8 6.50 0.01 512 0.698389 825.281 0.839365
COST 32768 2048 2 8 6.50 0.01 512 0.883530 1235.861 0.122079
COST 32768 4096 2 8 6.50 0.01 512 0.958434 1446.595 0.224666
COST 32768 8192 2 8 6.50 0.01 512 0.988191 1537.173 0.459475
COST 32768 16384 2 8 6.50 0.01 512 1.000000 1574.078 1.000000
COST 4096 256 2 8 5.00 0.0001 16384 0.556281 200.726 0.742017
COST 4096 512 2 8 5.00 0.0001 16384 0.739362 324.982 0.801133
COST 4096 1024 2 8 5.00 0.0001 16384 0.884695 453.368 0.847959
COST 4096 2048 2 8 5.00 0.0001 16384 1.000000 574.609 1.000000
COST 4096 256 2 8 5.00 0.0001 512 0.556281 200.726 0.705677
COST 4096 512 2 8 5.00 0.0001 512 0.739362 324.982 0.748856
COST 4096 1024 2 8 5.00 0.0001 512 0.884695 453.368 0.792686
COST 4096 2048 2 8 5.00 0.0001 512 1.000000 574.609 1.000000
COST 4096 256 2 8 5.00 0.0001 16384 0.694993 186.575 0.998332
COST 4096 512 2 8 5.00 0.0001 16384 0.845498 265.998 1.071238
COST 4096 1024 2 8 5.00 0.0001 16384 0.940306 326.617 1.089788
COST 4096 2048 2 8 5.00 0.0001 16384 1.000000 368.874 1.000000
COST 4096 256 2 8 5.00 0.0001 512 0.694993 186.575 1.046429
COST 4096 512 2 8 5.00 0.0001 512 0.845498 265.998 1.099017
COST 4096 1024 2 8 5.00 0.0001 512 0.940306 326.617 1.130304
COST 4096 2048 2 8 5.00 0.0001 512 1.000000 368.874 1.000000
COST 4096 256 2 8 5.00 0.0001 16384 0.805405 170.469 1.793323
COST 4096 512 2 8 5.00 0.0001 16384 0.916625 217.578 1.609366
COST 4096 1024 2 8 5.00 0.0001 16384 0.972220 244.326 0.945968
COST 4096 2048 2 8 5.00 0.0001 16384 1.000000 258.429 1.000000
COST 4096 256 2 8 5.00 0.0001 512 0.805405 170.469 1.762877
COST 4096 512 2 8 5.00 0.0001 512 0.916625 217.578 1.523791
COST 4096 1024 2 8 5.00 0.0001 512 0.972220 244.326 0.826220
COST 4096 2048 2 8 5.00 0.0001 512 1.000000 258.429 1.000000
COST 4096 256 2 8 5.00 0.0001 16384 0.883249 154.389 1.832273
COST 4096 512 2 8 5.00 0.0001 16384 0.958380 180.803 0.959428
COST 4096 1024 2 8 5.00 0.0001 16384 0.988182 192.142 0.549588
COST 4096 2048 2 8 5.00 0.0001 16384 1.000000 196.759 1.000000
COST 4096 256 2 8 5.00 0.0001 512 0.883249 154.389 1.677087
COST 4096 512 2 8 5.00 0.0001 512 0.958380 180.803 0.719918
COST 4096 1024 2 8 5.00 0.0001 512 0.988182 192.142 0.489509
COST 4096 2048 2 8 5.00 0.0001 512 1.000000 196.759 1.000000
COST 4096 256 2 8 5.00 0.0001 16384 0.787575 171.100 2.235069
COST 4096 512 2 8 5.00 0.0001 16384 0.930638 232.707 1.834800
COST 4096 1024 2 8 5.00 0.0001 16384 0.986999 261.191 0.863437
COST 4096 2048 2 8 5.00 0.0001 16384 1.000000 268.093 1.000000
COST 4096 256 2 8 5.00 0.0001 512 0.787575 171.100 1.997922
COST 4096 512 2 8 5.00 0.0001 512 0.930638 232.707 1.542329
COST 4096 1024 2 8 5.00 0.0001 512 0.986999 261.191 0.723270
COST 4096 2048 2 8 5.00 0.0001 512 1.000000 268.093 1.000000
COST 4096 256 2 8 5.00 0.001 16384 0.556281 200.726 0.791789
COST 4096 512 2 8 5.00 0.001 16384 0.739362 324.982 0.830432
COST 4096 1024 2 8 5.00 0.001 16384 0.884695 453.368 0.940544
COST 4096 2048 2 8 5.00 0.001 16384 1.000000 574.609 1.000000
COST 4096 256 2 8 5.00 0.001 512 0.556281 200.726 0.784445
COST 4096 512 2 8 5.00 0.001 512 0.739362 324.982 0.831117
COST 4096 1024 2 8 5.00 0.001 512 0.884695 453.368 0.862791
COST 4096 2048 2 8 5.00 0.001 512 1.000000 574.609 1.000000
COST 4096 256 2 8 5.00 0.001 16384 0.694993 186.575 1.381752
COST 4096 512 2 8 5.00 0.001 16384 0.845498 265.998 1.395908
COST 4096 1024 2 8 5.00 0.001 16384 0.940306 326.617 1.060284
COST 4096 2048 2 8 5.00 0.001 16384 1.000000 368.874 1.000000
COST 4096 256 2 8 5.00 0.001 512 0.694993 186.575 1.446674
COST 4096 512 2 8 5.00 0.001 512 0.845498 265.998 1.443285
COST 4096 1024 2 8 5.00 0.001 512 0.940306 326.617 0.951245
COST 4096 2048 2 8 5.00 0.001 512 1.000000 368.874 1.000000
COST 4096 256 2 8 5.00 0.001 16384 0.805405 170.469 1.902679
COST 4096 512 2 8 5.00 0.001 16384 0.916625 217.578 1.213398
COST 4096 1024 2 8 5.00 0.001 16384 0.972220 244.326 0.692046
COST 4096 2048 2 8 5.00 0.001 16384 1.000000 258.429 1.000000
COST 4096 256 2 8 5.00 0.001 512 0.805405 170.469 1.751383
COST 4096 512 2 8 5.00 0.001 512 0.916625 217.578 1.020138
COST 4096 1024 2 8 5.00 0.001 512 0.972220 244.326 0.557119
COST 4096 2048 2 8 5.00 0.001 512 1.000000 258.429 1.000000
COST 4096 256 2 8 5.00 0.001 16384 0.883249 154.389 1.284027
COST 4096 512 2 8 5.00 0.001 16384 0.958380 180.803 0.596566
COST 4096 1024 2 8 5.00 0.001 16384 0.988182 192.142 0.468906
COST 4096 2048 2 8 5.00 0.001 16384 1.000000 196.759 1.000000
COST 4096 256 2 8 5.00 0.001 512 0.883249 154.389 1.030591
COST 4096 512 2 8 5.00 0.001 512 0.958380 180.803 0.441518
COST 4096 1024 2 8 5.00 0.001 512 0.988182 192.142 0.415710
COST 4096 2048 2 8 5.00 0.001 512 1.000000 196.759 1.000000
COST 4096 256 2 8 5.00 0.001 16384 0.787575 171.100 2.118111
COST 4096 512 2 8 5.00 0.001 16384 0.930638 232.707 1.129246
COST 4096 1024 2 8 5.00 0.001 16384 0.986999 261.191 0.603832
COST 4096 2048 2 8 5.00 0.001 16384 1.000000 268.093 1.000000
COST 4096 256 2 8 5.00 0.001 512 0.787575 171.100 1.899925
COST 4096 512 2 8 5.00 0.001 512 0.930638 232.707 0.932927
COST 4096 1024 2 8 5.00 0.001 512 0.986999 261.191 0.498305
COST 4096 2048 2 8 5.00 0.001 512 1.000000 268.093 1.000000
COST 4096 256 2 8 5.00 0.01 16384 0.556281 200.726 1.156603
COST 4096 512 2 8 5.00 0.01 16384 0.739362 324.982 1.213019
COST 4096 1024 2 8 5.00 0.01 16384 0.884695 453.368 1.012263
COST 4096 2048 2 8 5.00 0.01 16384 1.000000 574.609 1.000000
COST 4096 256 2 8 5.00 0.01 512 0.556281 200.726 1.179611
COST 4096 512 2 8 5.00 0.01 512 0.739362 324.982 1.291482
COST 4096 1024 2 8 5.00 0.01 512 0.884695 453.368 0.938386
COST 4096 2048 2 8 5.00 0.01 512 1.000000 574.609 1.000000
COST 4096 256 2 8 5.00 0.01 16384 0.694993 186.575 1.849140
COST 4096 512 2 8 5.00 0.01 16384 0.845498 265.998 1.347719
COST 4096 1024 2 8 5.00 0.01 16384 0.940306 326.617 0.706312
COST 4096 2048 2 8 5.00 0.01 16384 1.000000 368.874 1.000000
COST 4096 256 2 8 5.00 0.01 512 0.694993 186.575 1.793407
COST 4096 512 2 8 5.00 0.01 512 0.845498 265.998 1.260211
COST 4096 1024 2 8 5.00 0.01 512 0.940306 326.617 0.638765
COST 4096 2048 2 8 5.00 0.01 512 1.000000 368.874 1.000000
COST 4096 256 2 8 5.00 0.01 16384 0.805405 170.469 1.203491
COST 4096 512 2 8 5.00 0.01 16384 0.916625 217.578 0.618823
COST 4096 1024 2 8 5.00 0.01 16384 0.972220 244.326 0.476430
COST 4096 2048 2 8 5.00 0.01 16384 1.000000 258.429 1.000000
COST 4096 256 2 8 5.00 0.01 512 0.805405 170.469 0.962407
COST 4096 512 2 8 5.00 0.01 512 0.916625 217.578 0.490587
COST 4096 1024 2 8 5.00 0.01 512 0.972220 244.326 0.421449
COST 4096 2048 2 8 5.00 0.01 512 1.000000 258.429 1.000000
COST 4096 256 2 8 5.00 0.01 16384 0.883249 154.389 0.524567
COST 4096 512 2 8 5.00 0.01 16384 0.958380 180.803 0.326995
COST 4096 1024 2 8 5.00 0.01 16384 0.988182 192.142 0.386754
COST 4096 2048 2 8 5.00 0.01 16384 1.000000 196.759 1.000000
COST 4096 256 2 8 5.00 0.01 512 0.883249 154.389 0.351546
COST 4096 512 2 8 5.00 0.01 512 0.958380 180.803 0.259327
COST 4096 1024 2 8 5.00 0.01 512 0.988182 192.142 0.377281
COST 4096 2048 2 8 5.00 0.01 512 1.000000 196.759 1.000000
COST 4096 256 2 8 5.00 0.01 16384 0.787575 171.100 1.330275
COST 4096 512 2 8 5.00 0.01 16384 0.930638 232.707 0.503716
COST 4096 1024 2 8 5.00 0.01 16384 0.986999 261.191 0.420613
COST 4096 2048 2 8 5.00 0.01 16384 1.000000 268.093 1.000000
COST 4096 256 2 8 5.00 0.01 512 0.787575 171.100 1.035884
COST 4096 512 2 8 5.00 0.01 512 0.930638 232.707 0.413592
COST 4096 1024 2 8 5.00 0.01 512 0.986999 261.191 0.382753
COST 4096 2048 2 8 5.00 0.01 512 1.000000 268.093 1.000000
COST 4096 256 2 8 5.50 0.0001 16384 0.556281 200.726 0.894627
COST 4096 512 2 8 5.50 0.0001 16384 0.739362 324.982 0.944905
COST 4096 1024 2 8 5.50 0.0001 16384 0.884695 453.368 0.977309
COST 4096 2048 2 8 5.50 0.0001 16384 1.000000 574.609 1.000000
COST 4096 256 2 8 5.50 0.0001 512 0.556281 200.726 0.841673
COST 4096 512 2 8 5.50 0.0001 512 0.739362 324.982 0.894497
COST 4096 1024 2 8 5.50 0.0001 512 0.884695 453.368 0.969973
COST 4096 2048 2 8 5.50 0.0001 512 1.000000 574.609 1.000000
COST 4096 256 2 8 5.50 0.0001 16384 0.694993 186.575 1.736844
COST 4096 512 2 8 5.50 0.0001 16384 0.845498 265.998 1.733269
COST 4096 1024 2 8 5.50 0.0001 16384 0.940306 326.617 1.102174
COST 4096 2048 2 8 5.50 0.0001 16384 1.000000 368.874 1.000000
COST 4096 256 2 8 5.50 0.0001 512 0.694993 186.575 1.702682
COST 4096 512 2 8 5.50 0.0001 512 0.845498 265.998 1.700641
COST 4096 1024 2 8 5.50 0.0001 512 0.940306 326.617 0.979803
COST 4096 2048 2 8 5.50 0.0001 512 1.000000 368.874 1.000000
COST 4096 256 2 8 5.50 0.0001 16384 0.805405 170.469 2.052518
COST 4096 512 2 8 5.50 0.0001 16384 0.916625 217.578 1.037860
COST 4096 1024 2 8 5.50 0.0001 16384 0.972220 244.326 0.526162
COST 4096 2048 2 8 5.50 0.0001 16384 1.000000 258.429 1.000000
COST 4096 256 2 8 5.50 0.0001 512 0.805405 170.469 1.909699
COST 4096 512 2 8 5.50 0.0001 512 0.916625 217.578 0.802674
COST 4096 1024 2 8 5.50 0.0001 512 0.972220 244.326 0.459690
COST 4096 2048 2 8 5.50 0.0001 512 1.000000 258.429 1.000000
COST 4096 256 2 8 5.50 0.0001 16384 0.883249 154.389 1.155939
COST 4096 512 2 8 5.50 0.0001 16384 0.958380 180.803 0.404206
COST 4096 1024 2 8 5.50 0.0001 16384 0.988182 192.142 0.392460
COST 4096 2048 2 8 5.50 0.0001 16384 1.000000 196.759 1.000000
COST 4096 256 2 8 5.50 0.0001 512 0.883249 154.389 0.798708
COST 4096 512 2 8 5.50 0.0001 512 0.958380 180.803 0.344094
COST 4096 1024 2 8 5.50 0.0001 512 0.988182 192.142 0.393832
COST 4096 2048 2 8 5.50 0.0001 512 1.000000 196.759 1.000000
COST 4096 256 2 8 5.50 0.0001 16384 0.787575 171.100 2.231500
COST 4096 512 2 8 5.50 0.0001 16384 0.930638 232.707 0.918418
COST 4096 1024 2 8 5.50 0.0001 16384 0.986999 261.191 0.457560
COST 4096 2048 2 8 5.50 0.0001 16384 1.000000 268.093 1.000000
COST 4096 256 2 8 5.50 0.0001 512 0.787575 171.100 1.876565
COST 4096 512 2 8 5.50 0.0001 512 0.930638 232.707 0.781811
COST 4096 1024 2 8 5.50 0.0001 512 0.986999 261.191 0.392718
COST 4096 2048 2 8 5.50 0.0001 512 1.000000 268.093 1.000000
COST 4096 256 2 8 5.50 0.001 16384 0.556281 200.726 1.218043
COST 4096 512 2 8 5.50 0.001 16384 0.739362 324.982 1.284486
COST 4096 1024 2 8 5.50 0.001 16384 0.884695 453.368 1.169141
COST 4096 2048 2 8 5.50 0.001 16384 1.000000 574.609 1.000000
COST 4096 256 2 8 5.50 0.001 512 0.556281 200.726 1.180116
COST 4096 512 2 8 5.50 0.001 512 0.739362 324.982 1.263185
COST 4096 1024 2 8 5.50 0.001 512 0.884695 453.368 1.111531
COST 4096 2048 2 8 5.50 0.001 512 1.000000 574.609 1.000000
COST 4096 256 2 8 5.50 0.001 16384 0.694993 186.575 2.087295
COST 4096 512 2 8 5.50 0.001 16384 0.845498 265.998 1.436662
COST 4096 1024 2 8 5.50 0.001 16384 0.940306 326.617 0.683903
COST 4096 2048 2 8 5.50 0.001 16384 1.000000 368.874 1.000000
COST 4096 256 2 8 5.50 0.001 512 0.694993 186.575 2.020001
COST 4096 512 2 8 5.50 0.001 512 0.845498 265.998 1.294982
COST 4096 1024 2 8 5.50 0.001 512 0.940306 326.617 0.622558
COST 4096 2048 2 8 5.50 0.001 512 1.000000 368.874 1.000000
COST 4096 256 2 8 5.50 0.001 16384 0.805405 170.469 1.376353
COST 4096 512 2 8 5.50 0.001 16384 0.916625 217.578 0.512412
COST 4096 1024 2 8 5.50 0.001 16384 0.972220 244.326 0.399606
COST 4096 2048 2 8 5.50 0.001 16384 1.000000 258.429 1.000000
COST 4096 256 2 8 5.50 0.001 512 0.805405 170.469 1.148172
COST 4096 512 2 8 5.50 0.001 512 0.916625 217.578 0.422940
COST 4096 1024 2 8 5.50 0.001 512 0.972220 244.326 0.394588
COST 4096 2048 2 8 5.50 0.001 512 1.000000 258.429 1.000000
COST 4096 256 2 8 5.50 0.001 16384 0.883249 154.389 0.501478
COST 4096 512 2 8 5.50 0.001 16384 0.958380 180.803 0.278543
COST 4096 1024 2 8 5.50 0.001 16384 0.988182 192.142 0.374096
COST 4096 2048 2 8 5.50 0.001 16384 1.000000 196.759 1.000000
COST 4096 256 2 8 5.50 0.001 512 0.883249 154.389 0.335631
COST 4096 512 2 8 5.50 0.001 512 0.958380 180.803 0.252914
COST 4096 1024 2 8 5.50 0.001 512 0.988182 192.142 0.360566
COST 4096 2048 2 8 5.50 0.001 512 1.000000 196.759 1.000000
COST 4096 256 2 8 5.50 0.001 16384 0.787575 171.100 1.452162
COST 4096 512 2 8 5.50 0.001 16384 0.930638 232.707 0.459338
COST 4096 1024 2 8 5.50 0.001 16384 0.986999 261.191 0.388762
COST 4096 2048 2 8 5.50 0.001 16384 1.000000 268.093 1.000000
COST 4096 256 2 8 5.50 0.001 512 0.787575 171.100 1.151511
COST 4096 512 2 8 5.50 0.001 512 0.930638 232.707 0.394551
COST 4096 1024 2 8 5.50 0.001 512 0.986999 261.191 0.374536
COST 4096 2048 2 8 5.50 0.001 512 1.000000 268.093 1.000000
COST 4096 256 2 8 5.50 0.01 16384 0.556281 200.726 1.924732
COST 4096 512 2 8 5.50 0.01 16384 0.739362 324.982 1.595358
COST 4096 1024 2 8 5.50 0.01 16384 0.884695 453.368 0.776165
COST 4096 2048 2 8 5.50 0.01 16384 1.000000 574.609 1.000000
COST 4096 256 2 8 5.50 0.01 512 0.556281 200.726 2.000246
COST 4096 512 2 8 5.50 0.01 512 0.739362 324.982 1.578029
COST 4096 1024 2 8 5.50 0.01 512 0.884695 453.368 0.734289
COST 4096 2048 2 8 5.50 0.01 512 1.000000 574.609 1.000000
COST 4096 256 2 8 5.50 0.01 16384 0.694993 186.575 1.586510
COST 4096 512 2 8 5.50 0.01 16384 0.845498 265.998 0.691482
COST 4096 1024 2 8 5.50 0.01 16384 0.940306 326.617 0.439601
COST 4096 2048 2 8 5.50 0.01 16384 1.000000 368.874 1.000000
COST 4096 256 2 8 5.50 0.01 512 0.694993 186.575 1.333091
COST 4096 512 2 8 5.50 0.01 512 0.845498 265.998 0.522701
COST 4096 1024 2 8 5.50 0.01 512 0.940306 326.617 0.418671
COST 4096 2048 2 8 5.50 0.01 512 1.000000 368.874 1.000000
COST 4096 256 2 8 5.50 0.01 16384 0.805405 170.469 0.476599
COST 4096 512 2 8 5.50 0.01 16384 0.916625 217.578 0.296476
COST 4096 1024 2 8 5.50 0.01 16384 0.972220 244.326 0.365629
COST 4096 2048 2 8 5.50 0.01 16384 1.000000 258.429 1.000000
COST 4096 256 2 8 5.50 0.01 512 0.805405 170.469 0.338835
COST 4096 512 2 8 5.50 0.01 512 0.916625 217.578 0.262152
COST 4096 1024 2 8 5.50 0.01 512 0.972220 244.326 0.356002
COST 4096 2048 2 8 5.50 0.01 512 1.000000 258.429 1.000000
COST 4096 256 2 8 5.50 0.01 16384 0.883249 154.389 0.189617
COST 4096 512 2 8 5.50 0.01 16384 0.958380 180.803 0.232792
COST 4096 1024 2 8 5.50 0.01 16384 0.988182 192.142 0.354860
COST 4096 2048 2 8 5.50 0.01 16384 1.000000 196.759 1.000000
COST 4096 256 2 8 5.50 0.01 512 0.883249 154.389 0.146251
COST 4096 512 2 8 5.50 0.01 512 0.958380 180.803 0.228015
COST 4096 1024 2 8 5.50 0.01 512 0.988182 192.142 0.355061
COST 4096 2048 2 8 5.50 0.01 512 1.000000 196.759 1.000000
COST 4096 256 2 8 5.50 0.01 16384 0.787575 171.100 0.532392
COST 4096 512 2 8 5.50 0.01 16384 0.930638 232.707 0.254292
COST 4096 1024 2 8 5.50 0.01 16384 0.986999 261.191 0.363690
COST 4096 2048 2 8 5.50 0.01 16384 1.000000 268.093 1.000000
COST 4096 256 2 8 5.50 0.01 512 0.787575 171.100 0.432826
COST 4096 512 2 8 5.50 0.01 512 0.930638 232.707 0.237875
COST 4096 1024 2 8 5.50 0.01 512 0.986999 261.191 0.355372
COST 4096 2048 2 8 5.50 0.01 512 1.000000 268.093 1.000000
COST 4096 256 2 8 6.00 0.0001 16384 0.556281 200.726 1.517168
COST 4096 512 2 8 6.00 0.0001 16384 0.739362 324.982 1.556094
COST 4096 1024 2 8 6.00 0.0001 16384 0.884695 453.368 1.340883
COST 4096 2048 2 8 6.00 0.0001 16384 1.000000 574.609 1.000000
COST 4096 256 2 8 6.00 0.0001 512 0.556281 200.726 1.529337
COST 4096 512 2 8 6.00 0.0001 512 0.739362 324.982 1.604165
COST 4096 1024 2 8 6.00 0.0001 512 0.884695 453.368 1.376247
COST 4096 2048 2 8 6.00 0.0001 512 1.000000 574.609 1.000000
COST 4096 256 2 8 6.00 0.0001 16384 0.694993 186.575 2.227449
COST 4096 512 2 8 6.00 0.0001 16384 0.845498 265.998 1.462598
COST 4096 1024 2 8 6.00 0.0001 16384 0.940306 326.617 0.634787
COST 4096 2048 2 8 6.00 0.0001 16384 1.000000 368.874 1.000000
COST 4096 256 2 8 6.00 0.0001 512 0.694993 186.575 2.094908
COST 4096 512 2 8 6.00 0.0001 512 0.845498 265.998 1.285690
COST 4096 1024 2 8 6.00 0.0001 512 0.940306 326.617 0.584401
COST 4096 2048 2 8 6.00 0.0001 512 1.000000 368.874 1.000000
COST 4096 256 2 8 6.00 0.0001 16384 0.805405 170.469 1.325951
COST 4096 512 2 8 6.00 0.0001 16384 0.916625 217.578 0.447547
COST 4096 1024 2 8 6.00 0.0001 16384 0.972220 244.326 0.387143
COST 4096 2048 2 8 6.00 0.0001 16384 1.000000 258.429 1.000000
COST 4096 256 2 8 6.00 0.0001 512 0.805405 170.469 0.981118
COST 4096 512 2 8 6.00 0.0001 512 0.916625 217.578 0.357077
COST 4096 1024 2 8 6.00 0.0001 512 0.972220 244.326 0.373938
COST 4096 2048 2 8 6.00 0.0001 512 1.000000 258.429 1.000000
COST 4096 256 2 8 6.00 0.0001 16384 0.883249 154.389 0.424403
COST 4096 512 2 8 6.00 0.0001 16384 0.958380 180.803 0.248126
COST 4096 1024 2 8 6.00 0.0001 16384 0.988182 192.142 0.365358
COST 4096 2048 2 8 6.00 0.0001 16384 1.000000 196.759 1.000000
COST 4096 256 2 8 6.00 0.0001 512 0.883249 154.389 0.294093
COST 4096 512 2 8 6.00 0.0001 512 0.958380 180.803 0.232355
COST 4096 1024 2 8 6.00 0.0001 512 0.988182 192.142 0.354637
COST 4096 2048 2 8 6.00 0.0001 512 1.000000 196.759 1.000000
COST 4096 256 2 8 6.00 0.0001 16384 0.787575 171.100 1.387358
COST 4096 512 2 8 6.00 0.0001 16384 0.930638 232.707 0.378549
COST 4096 1024 2 8 6.00 0.0001 16384 0.986999 261.191 0.377045
COST 4096 2048 2 8 6.00 0.0001 16384 1.000000 268.093 1.000000
COST 4096 256 2 8 6.00 0.0001 512 0.787575 171.100 1.009724
COST 4096 512 2 8 6.00 0.0001 512 0.930638 232.707 0.310209
COST 4096 1024 2 8 6.00 0.0001 512 0.986999 261.191 0.353384
COST 4096 2048 2 8 6.00 0.0001 512 1.000000 268.093 1.000000
COST 4096 256 2 8 6.00 0.001 16384 0.556281 200.726 1.908658
COST 4096 512 2 8 6.00 0.001 16384 0.739362 324.982 1.784400
COST 4096 1024 2 8 6.00 0.001 16384 0.884695 453.368 0.984966
COST 4096 2048 2 8 6.00 0.001 16384 1.000000 574.609 1.000000
COST 4096 256 2 8 6.00 0.001 512 0.556281 200.726 1.891549
COST 4096 512 2 8 6.00 0.001 512 0.739362 324.982 1.705586
COST 4096 1024 2 8 6.00 0.001 512 0.884695 453.368 0.922108
COST 4096 2048 2 8 6.00 0.001 512 1.000000 574.609 1.000000
COST 4096 256 2 8 6.00 0.001 16384 0.694993 186.575 1.873932
COST 4096 512 2 8 6.00 0.001 16384 0.845498 265.998 0.750759
COST 4096 1024 2 8 6.00 0.001 16384 0.940306 326.617 0.438117
COST 4096 2048 2 8 6.00 0.001 16384 1.000000 368.874 1.000000
COST 4096 256 2 8 6.00 0.001 512 0.694993 186.575 1.562398
COST 4096 512 2 8 6.00 0.001 512 0.845498 265.998 0.536137
COST 4096 1024 2 8 6.00 0.001 512 0.940306 326.617 0.410464
COST 4096 2048 2 8 6.00 0.001 512 1.000000 368.874 1.000000
COST 4096 256 2 8 6.00 0.001 16384 0.805405 170.469 0.645226
COST 4096 512 2 8 6.00 0.001 16384 0.916625 217.578 0.277727
COST 4096 1024 2 8 6.00 0.001 16384 0.972220 244.326 0.370120
COST 4096 2048 2 8 6.00 0.001 16384 1.000000 258.429 1.000000
COST 4096 256 2 8 6.00 0.001 512 0.805405 170.469 0.467019
COST 4096 512 2 8 6.00 0.001 512 0.916625 217.578 0.251291
COST 4096 1024 2 8 6.00 0.001 512 0.972220 244.326 0.371597
COST 4096 2048 2 8 6.00 0.001 512 1.000000 258.429 1.000000
COST 4096 256 2 8 6.00 0.001 16384 0.883249 154.389 0.190282
COST 4096 512 2 8 6.00 0.001 16384 0.958380 180.803 0.225108
COST 4096 1024 2 8 6.00 0.001 16384 0.988182 192.142 0.363905
COST 4096 2048 2 8 6.00 0.001 16384 1.000000 196.759 1.000000
COST 4096 256 2 8 6.00 0.001 512 0.883249 154.389 0.147519
COST 4096 512 2 8 6.00 0.001 512 0.958380 180.803 0.218810
COST 4096 1024 2 8 6.00 0.001 512 0.988182 192.142 0.362364
COST 4096 2048 2 8 6.00 0.001 512 1.000000 196.759 1.000000
COST 4096 256 2 8 6.00 0.001 16384 0.787575 171.100 0.616593
COST 4096 512 2 8 6.00 0.001 16384 0.930638 232.707 0.254614
COST 4096 1024 2 8 6.00 0.001 16384 0.986999 261.191 0.368745
COST 4096 2048 2 8 6.00 0.001 16384 1.000000 268.093 1.000000
COST 4096 256 2 8 6.00 0.001 512 0.787575 171.100 0.469538
COST 4096 512 2 8 6.00 0.001 512 0.930638 232.707 0.228049
COST 4096 1024 2 8 6.00 0.001 512 0.986999 261.191 0.345149
COST 4096 2048 2 8 6.00 0.001 512 1.000000 268.093 1.000000
COST 4096 256 2 8 6.00 0.01 16384 0.556281 200.726 2.110065
COST 4096 512 2 8 6.00 0.01 16384 0.739362 324.982 1.023683
COST 4096 1024 2 8 6.00 0.01 16384 0.884695 453.368 0.487660
COST 4096 2048 2 8 6.00 0.01 16384 1.000000 574.609 1.000000
COST 4096 256 2 8 6.00 0.01 512 0.556281 200.726 1.875102
COST 4096 512 2 8 6.00 0.01 512 0.739362 324.982 0.828422
COST 4096 1024 2 8 6.00 0.01 512 0.884695 453.368 0.447776
COST 4096 2048 2 8 6.00 0.01 512 1.000000 574.609 1.000000
COST 4096 256 2 8 6.00 0.01 16384 0.694993 186.575 0.786658
COST 4096 512 2 8 6.00 0.01 16384 0.845498 265.998 0.333559
COST 4096 1024 2 8 6.00 0.01 16384 0.940306 326.617 0.379108
COST 4096 2048 2 8 6.00 0.01 16384 1.000000 368.874 1.000000
COST 4096 256 2 8 6.00 0.01 512 0.694993 186.575 0.557026
COST 4096 512 2 8 6.00 0.01 512 0.845498 265.998 0.277589
COST 4096 1024 2 8 6.00 0.01 512 0.940306 326.617 0.354397
COST 4096 2048 2 8 6.00 0.01 512 1.000000 368.874 1.000000
COST 4096 256 2 8 6.00 0.01 16384 0.805405 170.469 0.192548
COST 4096 512 2 8 6.00 0.01 16384 0.916625 217.578 0.215838
COST 4096 1024 2 8 6.00 0.01 16384 0.972220 244.326 0.361390
COST 4096 2048 2 8 6.00 0.01 16384 1.000000 258.429 1.000000
COST 4096 256 2 8 6.00 0.01 512 0.805405 170.469 0.136636
COST 4096 512 2 8 6.00 0.01 512 0.916625 217.578 0.244615
COST 4096 1024 2 8 6.00 0.01 512 0.972220 244.326 0.356441
COST 4096 2048 2 8 6.00 0.01 512 1.000000 258.429 1.000000
COST 4096 256 2 8 6.00 0.01 16384 0.883249 154.389 0.094655
COST 4096 512 2 8 6.00 0.01 16384 0.958380 180.803 0.208237
COST 4096 1024 2 8 6.00 0.01 16384 0.988182 192.142 0.361619
COST 4096 2048 2 8 6.00 0.01 16384 1.000000 196.759 1.000000
COST 4096 256 2 8 6.00 0.01 512 0.883249 154.389 0.086329
COST 4096 512 2 8 6.00 0.01 512 0.958380 180.803 0.209418
COST 4096 1024 2 8 6.00 0.01 512 0.988182 192.142 0.360367
COST 4096 2048 2 8 6.00 0.01 512 1.000000 196.759 1.000000
COST 4096 256 2 8 6.00 0.01 16384 0.787575 171.100 0.194999
COST 4096 512 2 8 6.00 0.01 16384 0.930638 232.707 0.208108
COST 4096 1024 2 8 6.00 0.01 16384 0.986999 261.191 0.359659
COST 4096 2048 2 8 6.00 0.01 16384 1.000000 268.093 1.000000
COST 4096 256 2 8 6.00 0.01 512 0.787575 171.100 0.178241
COST 4096 512 2 8 6.00 0.01 512 0.930638 232.707 0.226973
COST 4096 1024 2 8 6.00 0.01 512 0.986999 261.191 0.355043
COST 4096 2048 2 8 6.00 0.01 512 1.000000 268.093 1.000000
COST 4096 256 2 8 6.50 0.0001 16384 0.556281 200.726 2.091530
COST 4096 512 2 8 6.50 0.0001 16384 0.739362 324.982 2.036207
COST 4096 1024 2 8 6.50 0.0001 16384 0.884695 453.368 1.030781
COST 4096 2048 2 8 6.50 0.0001 16384 1.000000 574.609 1.000000
COST 4096 256 2 8 6.50 0.0001 512 0.556281 200.726 2.067948
COST 4096 512 2 8 6.50 0.0001 512 0.739362 324.982 2.039124
COST 4096 1024 2 8 6.50 0.0001 512 0.884695 453.368 0.920281
COST 4096 2048 2 8 6.50 0.0001 512 1.000000 574.609 1.000000
COST 4096 256 2 8 6.50 0.0001 16384 0.694993 186.575 2.278302
COST 4096 512 2 8 6.50 0.0001 16384 0.845498 265.998 0.677087
COST 4096 1024 2 8 6.50 0.0001 16384 0.940306 326.617 0.415074
COST 4096 2048 2 8 6.50 0.0001 16384 1.000000 368.874 1.000000
COST 4096 256 2 8 6.50 0.0001 512 0.694993 186.575 1.607829
COST 4096 512 2 8 6.50 0.0001 512 0.845498 265.998 0.512675
COST 4096 1024 2 8 6.50 0.0001 512 0.940306 326.617 0.390224
COST 4096 2048 2 8 6.50 0.0001 512 1.000000 368.874 1.000000
COST 4096 256 2 8 6.50 0.0001 16384 0.805405 170.469 0.564424
COST 4096 512 2 8 6.50 0.0001 16384 0.916625 217.578 0.251071
COST 4096 1024 2 8 6.50 0.0001 16384 0.972220 244.326 0.361832
COST 4096 2048 2 8 6.50 0.0001 16384 1.000000 258.429 1.000000
COST 4096 256 2 8 6.50 0.0001 512 0.805405 170.469 0.409858
COST 4096 512 2 8 6.50 0.0001 512 0.916625 217.578 0.233979
COST 4096 1024 2 8 6.50 0.0001 512 0.972220 244.326 0.357934
COST 4096 2048 2 8 6.50 0.0001 512 1.000000 258.429 1.000000
COST 4096 256 2 8 6.50 0.0001 16384 0.883249 154.389 0.160039
COST 4096 512 2 8 6.50 0.0001 16384 0.958380 180.803 0.200961
COST 4096 1024 2 8 6.50 0.0001 16384 0.988182 192.142 0.358412
COST 4096 2048 2 8 6.50 0.0001 16384 1.000000 196.759 1.000000
COST 4096 256 2 8 6.50 0.0001 512 0.883249 154.389 0.130495
COST 4096 512 2 8 6.50 0.0001 512 0.958380 180.803 0.214224
COST 4096 1024 2 8 6.50 0.0001 512 0.988182 192.142 0.363700
COST 4096 2048 2 8 6.50 0.0001 512 1.000000 196.759 1.000000
COST 4096 256 2 8 6.50 0.0001 16384 0.787575 171.100 0.525795
COST 4096 512 2 8 6.50 0.0001 16384 0.930638 232.707 0.240236
COST 4096 1024 2 8 6.50 0.0001 16384 0.986999 261.191 0.355832
COST 4096 2048 2 8 6.50 0.0001 16384 1.000000 268.093 1.000000
COST 4096 256 2 8 6.50 0.0001 512 0.787575 171.100 0.425477
COST 4096 512 2 8 6.50 0.0001 512 0.930638 232.707 0.225700
COST 4096 1024 2 8 6.50 0.0001 512 0.986999 261.191 0.357893
COST 4096 2048 2 8 6.50 0.0001 512 1.000000 268.093 1.000000
COST 4096 256 2 8 6.50 0.001 16384 0.556281 200.726 2.390193
COST 4096 512 2 8 6.50 0.001 16384 0.739362 324.982 1.307979
COST 4096 1024 2 8 6.50 0.001 16384 0.884695 453.368 0.588792
COST 4096 2048 2 8 6.50 0.001 16384 1.000000 574.609 1.000000
COST 4096 256 2 8 6.50 0.001 512 0.556281 200.726 2.148860
COST 4096 512 2 8 6.50 0.001 512 0.739362 324.982 1.080767
COST 4096 1024 2 8 6.50 0.001 512 0.884695 453.368 0.561728
COST 4096 2048 2 8 6.50 0.001 512 1.000000 574.609 1.000000
COST 4096 256 2 8 6.50 0.001 16384 0.694993 186.575 1.092634
COST 4096 512 2 8 6.50 0.001 16384 0.845498 265.998 0.359338
COST 4096 1024 2 8 6.50 0.001 16384 0.940306 326.617 0.382704
COST 4096 2048 2 8 6.50 0.001 16384 1.000000 368.874 1.000000
COST 4096 256 2 8 6.50 0.001 512 0.694993 186.575 0.763248
COST 4096 512 2 8 6.50 0.001 512 0.845498 265.998 0.285146
COST 4096 1024 2 8 6.50 0.001 512 0.940306 326.617 0.365794
COST 4096 2048 2 8 6.50 0.001 512 1.000000 368.874 1.000000
COST 4096 256 2 8 6.50 0.001 16384 0.805405 170.469 0.240717
COST 4096 512 2 8 6.50 0.001 16384 0.916625 217.578 0.211809
COST 4096 1024 2 8 6.50 0.001 16384 0.972220 244.326 0.360069
COST 4096 2048 2 8 6.50 0.001 16384 1.000000 258.429 1.000000
COST 4096 256 2 8 6.50 0.001 512 0.805405 170.469 0.176550
COST 4096 512 2 8 6.50 0.001 512 0.916625 217.578 0.214347
COST 4096 1024 2 8 6.50 0.001 512 0.972220 244.326 0.355516
COST 4096 2048 2 8 6.50 0.001 512 1.000000 258.429 1.000000
COST 4096 256 2 8 6.50 0.001 16384 0.883249 154.389 0.097493
COST 4096 512 2 8 6.50 0.001 16384 0.958380 180.803 0.197241
COST 4096 1024 2 8 6.50 0.001 16384 0.988182 192.142 0.356732
COST 4096 2048 2 8 6.50 0.001 16384 1.000000 196.759 1.000000
COST 4096 256 2 8 6.50 0.001 512 0.883249 154.389 0.085748
COST 4096 512 2 8 6.50 0.001 512 0.958380 180.803 0.207016
COST 4096 1024 2 8 6.50 0.001 512 0.988182 192.142 0.350101
COST 4096 2048 2 8 6.50 0.001 512 1.000000 196.759 1.000000
COST 4096 256 2 8 6.50 0.001 16384 0.787575 171.100 0.221193
COST 4096 512 2 8 6.50 0.001 16384 0.930638 232.707 0.214408
COST 4096 1024 2 8 6.50 0.001 16384 0.986999 261.191 0.362757
COST 4096 2048 2 8 6.50 0.001 16384 1.000000 268.093 1.000000
COST 4096 256 2 8 6.50 0.001 512 0.787575 171.100 0.202999
COST 4096 512 2 8 6.50 0.001 512 0.930638 232.707 0.201753
COST 4096 1024 2 8 6.50 0.001 512 0.986999 261.191 0.349673
COST 4096 2048 2 8 6.50 0.001 512 1.000000 268.093 1.000000
COST 4096 256 2 8 6.50 0.01 16384 0.556281 200.726 1.490858
COST 4096 512 2 8 6.50 0.01 16384 0.739362 324.982 0.460740
COST 4096 1024 2 8 6.50 0.01 16384 0.884695 453.368 0.381875
COST 4096 2048 2 8 6.50 0.01 16384 1.000000 574.609 1.000000
COST 4096 256 2 8 6.50 0.01 512 0.556281 200.726 1.774632
COST 4096 512 2 8 6.50 0.01 512 0.739362 324.982 0.357141
COST 4096 1024 2 8 6.50 0.01 512 0.884695 453.368 0.325533
COST 4096 2048 2 8 6.50 0.01 512 1.000000 574.609 1.000000
COST 4096 256 2 8 6.50 0.01 16384 0.694993 186.575 0.307441
COST 4096 512 2 8 6.50 0.01 16384 0.845498 265.998 0.231075
COST 4096 1024 2 8 6.50 0.01 16384 0.940306 326.617 0.366384
COST 4096 2048 2 8 6.50 0.01 16384 1.000000 368.874 1.000000
COST 4096 256 2 8 6.50 0.01 512 0.694993 186.575 0.220674
COST 4096 512 2 8 6.50 0.01 512 0.845498 265.998 0.222503
COST 4096 1024 2 8 6.50 0.01 512 0.940306 326.617 0.359913
COST 4096 2048 2 8 6.50 0.01 512 1.000000 368.874 1.000000
COST 4096 256 2 8 6.50 0.01 16384 0.805405 170.469 0.098976
COST 4096 512 2 8 6.50 0.01 16384 0.916625 217.578 0.197998
COST 4096 1024 2 8 6.50 0.01 16384 0.972220 244.326 0.355730
COST 4096 2048 2 8 6.50 0.01 16384 1.000000 258.429 1.000000
COST 4096 256 2 8 6.50 0.01 512 0.805405 170.469 0.052573
COST 4096 512 2 8 6.50 0.01 512 0.916625 217.578 0.185172
COST 4096 1024 2 8 6.50 0.01 512 0.972220 244.326 0.341875
COST 4096 2048 2 8 6.50 0.01 512 1.000000 258.429 1.000000
COST 4096 256 2 8 6.50 0.01 16384 0.883249 154.389 0.074219
COST 4096 512 2 8 6.50 0.01 16384 0.958380 180.803 0.198838
COST 4096 1024 2 8 6.50 0.01 16384 0.988182 192.142 0.357399
COST 4096 2048 2 8 6.50 0.01 16384 1.000000 196.759 1.000000
COST 4096 256 2 8 6.50 0.01 512 0.883249 154.389 0.073780
COST 4096 512 2 8 6.50 0.01 512 0.958380 180.803 0.199493
COST 4096 1024 2 8 6.50 0.01 512 0.988182 192.142 0.352615
COST 4096 2048 2 8 6.50 0.01 512 1.000000 196.759 1.000000
COST 4096 256 2 8 6.50 0.01 16384 0.787575 171.100 0.092812
COST 4096 512 2 8 6.50 0.01 16384 0.930638 232.707 0.201878
COST 4096 1024 2 8 6.50 0.01 16384 0.986999 261.191 0.359540
COST 4096 2048 2 8 6.50 0.01 16384 1.000000 268.093 1.000000
COST 4096 256 2 8 6.50 0.01 512 0.787575 171.100 0.089533
COST 4096 512 2 8 6.50 0.01 512 0.930638 232.707 0.197048
COST 4096 1024 2 8 6.50 0.01 512 0.986999 261.191 0.349508
COST 4096 2048 2 8 6.50 0.01 512 1.000000 268.093 1.000000
COST 65536 1024 2 8 5.00 0.0001 512 0.101302 580.541 0.715232
COST 65536 2048 2 8 5.00 0.0001 512 0.330474 1566.336 0.732725
COST 65536 4096 2 8 5.00 0.0001 512 0.556802 3216.549 0.767316
COST 65536 8192 2 8 5.00 0.0001 512 0.739552 5202.429 0.794053
COST 65536 16384 2 8 5.00 0.0001 512 0.884751 7255.222 0.851130
COST 65536 32768 2 8 5.00 0.0001 512 1.000000 9194.355 1.000000
COST 65536 1024 2 8 5.00 0.0001 512 0.165385 624.216 0.709357
COST 65536 2048 2 8 5.00 0.0001 512 0.461344 1609.558 0.761091
COST 65536 4096 2 8 5.00 0.0001 512 0.695477 2988.843 0.753282
COST 65536 8192 2 8 5.00 0.0001 512 0.845641 4257.453 0.797036
COST 65536 16384 2 8 5.00 0.0001 512 0.940341 5226.412 0.865052
COST 65536 32768 2 8 5.00 0.0001 512 1.000000 5902.169 1.000000
COST 65536 1024 2 8 5.00 0.0001 512 0.244563 673.187 0.742339
COST 65536 2048 2 8 5.00 0.0001 512 0.588090 1638.224 0.750546
COST 65536 4096 2 8 5.00 0.0001 512 0.805806 2730.001 0.783005
COST 65536 8192 2 8 5.00 0.0001 512 0.916720 3481.998 0.817910
COST 65536 16384 2 8 5.00 0.0001 512 0.972240 3909.418 0.877925
COST 65536 32768 2 8 5.00 0.0001 512 1.000000 4134.919 1.000000
COST 65536 1024 2 8 5.00 0.0001 512 0.334013 728.024 1.069923
COST 65536 2048 2 8 5.00 0.0001 512 0.698486 1650.915 1.086951
COST 65536 4096 2 8 5.00 0.0001 512 0.883550 2471.828 1.141987
COST 65536 8192 2 8 5.00 0.0001 512 0.958438 2893.214 1.202698
COST 65536 16384 2 8 5.00 0.0001 512 0.988192 3074.351 1.105648
COST 65536 32768 2 8 5.00 0.0001 512 1.000000 3148.158 1.000000
COST 65536 1024 2 8 5.00 0.001 512 0.101302 580.541 0.711462
COST 65536 2048 2 8 5.00 0.001 512 0.330474 1566.336 0.725840
COST 65536 4096 2 8 5.00 0.001 512 0.556802 3216.549 0.747690
COST 65536 8192 2 8 5.00 0.001 512 0.739552 5202.429 0.780766
COST 65536 16384 2 8 5.00 0.001 512 0.884751 7255.222 0.868645
COST 65536 32768 2 8 5.00 0.001 512 1.000000 9194.355 1.000000
COST 65536 1024 2 8 5.00 0.001 512 0.165385 624.216 0.741212
COST 65536 2048 2 8 5.00 0.001 512 0.461344 1609.558 0.748736
COST 65536 4096 2 8 5.00 0.001 512 0.695477 2988.843 0.773425
COST 65536 8192 2 8 5.00 0.001 512 0.845641 4257.453 0.809374
COST 65536 16384 2 8 5.00 0.001 512 0.940341 5226.412 0.862457
COST 65536 32768 2 8 5.00 0.001 512 1.000000 5902.169 1.000000
COST 65536 1024 2 8 5.00 0.001 512 0.244563 673.187 0.873363
COST 65536 2048 2 8 5.00 0.001 512 0.588090 1638.224 0.884550
COST 65536 4096 2 8 5.00 0.001 512 0.805806 2730.001 0.903187
COST 65536 8192 2 8 5.00 0.001 512 0.916720 3481.998 0.960585
COST 65536 16384 2 8 5.00 0.001 512 0.972240 3909.418 1.012090
COST 65536 32768 2 8 5.00 0.001 512 1.000000 4134.919 1.000000
COST 65536 1024 2 8 5.00 0.001 512 0.334013 728.024 1.407965
COST 65536 2048 2 8 5.00 0.001 512 0.698486 1650.915 1.416041
COST 65536 4096 2 8 5.00 0.001 512 0.883550 2471.828 1.434863
COST 65536 8192 2 8 5.00 0.001 512 0.958438 2893.214 1.524720
COST 65536 16384 2 8 5.00 0.001 512 0.988192 3074.351 1.168101
COST 65536 32768 2 8 5.00 0.001 512 1.000000 3148.158 1.000000
COST 65536 1024 2 8 5.00 0.01 512 0.101302 580.541 0.698078
COST 65536 2048 2 8 5.00 0.01 512 0.330474 1566.336 0.715702
COST 65536 4096 2 8 5.00 0.01 512 0.556802 3216.549 0.721899
COST 65536 8192 2 8 5.00 0.01 512 0.739552 5202.429 0.768638
COST 65536 16384 2 8 5.00 0.01 512 0.884751 7255.222 0.819504
COST 65536 32768 2 8 5.00 0.01 512 1.000000 9194.355 1.000000
COST 65536 1024 2 8 5.00 0.01 512 0.165385 624.216 0.817506
COST 65536 2048 2 8 5.00 0.01 512 0.461344 1609.558 0.839912
COST 65536 4096 2 8 5.00 0.01 512 0.695477 2988.843 0.859841
COST 65536 8192 2 8 5.00 0.01 512 0.845641 4257.453 0.898116
COST 65536 16384 2 8 5.00 0.01 512 0.940341 5226.412 0.956748
COST 65536 32768 2 8 5.00 0.01 512 1.000000 5902.169 1.000000
COST 65536 1024 2 8 5.00 0.01 512 0.244563 673.187 1.264879
COST 65536 2048 2 8 5.00 0.01 512 0.588090 1638.224 1.259027
COST 65536 4096 2 8 5.00 0.01 512 0.805806 2730.001 1.303833
COST 65536 8192 2 8 5.00 0.01 512 0.916720 3481.998 1.363326
COST 65536 16384 2 8 5.00 0.01 512 0.972240 3909.418 1.111969
COST 65536 32768 2 8 5.00 0.01 512 1.000000 4134.919 1.000000
COST 65536 1024 2 8 5.00 0.01 512 0.334013 728.024 1.789033
COST 65536 2048 2 8 5.00 0.01 512 0.698486 1650.915 1.786289
COST 65536 4096 2 8 5.00 0.01 512 0.883550 2471.828 1.748287
COST 65536 8192 2 8 5.00 0.01 512 0.958438 2893.214 1.293925
COST 65536 16384 2 8 5.00 0.01 512 0.988192 3074.351 0.830619
COST 65536 32768 2 8 5.00 0.01 512 1.000000 3148.158 1.000000
COST 65536 1024 2 8 5.50 0.0001 512 0.101302 580.541 0.737393
COST 65536 2048 2 8 5.50 0.0001 512 0.330474 1566.336 0.733376
COST 65536 4096 2 8 5.50 0.0001 512 0.556802 3216.549 0.740299
COST 65536 8192 2 8 5.50 0.0001 512 0.739552 5202.429 0.780012
COST 65536 16384 2 8 5.50 0.0001 512 0.884751 7255.222 0.849865
COST 65536 32768 2 8 5.50 0.0001 512 1.000000 9194.355 1.000000
COST 65536 1024 2 8 5.50 0.0001 512 0.165385 624.216 0.757391
COST 65536 2048 2 8 5.50 0.0001 512 0.461344 1609.558 0.775584
COST 65536 4096 2 8 5.50 0.0001 512 0.695477 2988.843 0.795961
COST 65536 8192 2 8 5.50 0.0001 512 0.845641 4257.453 0.817543
COST 65536 16384 2 8 5.50 0.0001 512 0.940341 5226.412 0.920630
COST 65536 32768 2 8 5.50 0.0001 512 1.000000 5902.169 1.000000
COST 65536 1024 2 8 5.50 0.0001 512 0.244563 673.187 1.388763
COST 65536 2048 2 8 5.50 0.0001 512 0.588090 1638.224 1.432792
COST 65536 4096 2 8 5.50 0.0001 512 0.805806 2730.001 1.417599
COST 65536 8192 2 8 5.50 0.0001 512 0.916720 3481.998 1.450746
COST 65536 16384 2 8 5.50 0.0001 512 0.972240 3909.418 1.399016
COST 65536 32768 2 8 5.50 0.0001 512 1.000000 4134.919 1.000000
COST 65536 1024 2 8 5.50 0.0001 512 0.334013 728.024 2.295264
COST 65536 2048 2 8 5.50 0.0001 512 0.698486 1650.915 2.349475
COST 65536 4096 2 8 5.50 0.0001 512 0.883550 2471.828 2.433147
COST 65536 8192 2 8 5.50 0.0001 512 0.958438 2893.214 2.113051
COST 65536 16384 2 8 5.50 0.0001 512 0.988192 3074.351 1.040897
COST 65536 32768 2 8 5.50 0.0001 512 1.000000 3148.158 1.000000
COST 65536 1024 2 8 5.50 0.001 512 0.101302 580.541 0.702075
COST 65536 2048 2 8 5.50 0.001 512 0.330474 1566.336 0.725244
COST 65536 4096 2 8 5.50 0.001 512 0.556802 3216.549 0.728582
COST 65536 8192 2 8 5.50 0.001 512 0.739552 5202.429 0.792453
COST 65536 16384 2 8 5.50 0.001 512 0.884751 7255.222 0.831151
COST 65536 32768 2 8 5.50 0.001 512 1.000000 9194.355 1.000000
COST 65536 1024 2 8 5.50 0.001 512 0.165385 624.216 0.974835
COST 65536 2048 2 8 5.50 0.001 512 0.461344 1609.558 0.998023
COST 65536 4096 2 8 5.50 0.001 512 0.695477 2988.843 1.019300
COST 65536 8192 2 8 5.50 0.001 512 0.845641 4257.453 1.041627
COST 65536 16384 2 8 5.50 0.001 512 0.940341 5226.412 1.135917
COST 65536 32768 2 8 5.50 0.001 512 1.000000 5902.169 1.000000
COST 65536 1024 2 8 5.50 0.001 512 0.244563 673.187 1.877223
COST 65536 2048 2 8 5.50 0.001 512 0.588090 1638.224 1.911546
COST 65536 4096 2 8 5.50 0.001 512 0.805806 2730.001 1.918152
COST 65536 8192 2 8 5.50 0.001 512 0.916720 3481.998 2.035669
COST 65536 16384 2 8 5.50 0.001 512 0.972240 3909.418 1.243921
COST 65536 32768 2 8 5.50 0.001 512 1.000000 4134.919 1.000000
COST 65536 1024 2 8 5.50 0.001 512 0.334013 728.024 2.444523
COST 65536 2048 2 8 5.50 0.001 512 0.698486 1650.915 2.468926
COST 65536 4096 2 8 5.50 0.001 512 0.883550 2471.828 2.393636
COST 65536 8192 2 8 5.50 0.001 512 0.958438 2893.214 1.331665
COST 65536 16384 2 8 5.50 0.001 512 0.988192 3074.351 0.714761
COST 65536 32768 2 8 5.50 0.001 512 1.000000 3148.158 1.000000
COST 65536 1024 2 8 5.50 0.01 512 0.101302 580.541 0.765028
COST 65536 2048 2 8 5.50 0.01 512 0.330474 1566.336 0.769564
COST 65536 4096 2 8 5.50 0.01 512 0.556802 3216.549 0.790869
COST 65536 8192 2 8 5.50 0.01 512 0.739552 5202.429 0.838693
COST 65536 16384 2 8 5.50 0.01 512 0.884751 7255.222 0.891165
COST 65536 32768 2 8 5.50 0.01 512 1.000000 9194.355 1.000000
COST 65536 1024 2 8 5.50 0.01 512 0.165385 624.216 1.612821
COST 65536 2048 2 8 5.50 0.01 512 0.461344 1609.558 1.752910
COST 65536 4096 2 8 5.50 0.01 512 0.695477 2988.843 1.765966
COST 65536 8192 2 8 5.50 0.01 512 0.845641 4257.453 1.780866
COST 65536 16384 2 8 5.50 0.01 512 0.940341 5226.412 1.245931
COST 65536 32768 2 8 5.50 0.01 512 1.000000 5902.169 1.000000
COST 65536 1024 2 8 5.50 0.01 512 0.244563 673.187 2.509339
COST 65536 2048 2 8 5.50 0.01 512 0.588090 1638.224 2.552034
COST 65536 4096 2 8 5.50 0.01 512 0.805806 2730.001 2.446525
COST 65536 8192 2 8 5.50 0.01 512 0.916720 3481.998 1.614654
COST 65536 16384 2 8 5.50 0.01 512 0.972240 3909.418 0.749155
COST 65536 32768 2 8 5.50 0.01 512 1.000000 4134.919 1.000000
COST 65536 1024 2 8 5.50 0.01 512 0.334013 728.024 2.454466
COST 65536 2048 2 8 5.50 0.01 512 0.698486 1650.915 2.487916
COST 65536 4096 2 8 5.50 0.01 512 0.883550 2471.828 1.525825
COST 65536 8192 2 8 5.50 0.01 512 0.958438 2893.214 0.538060
COST 65536 16384 2 8 5.50 0.01 512 0.988192 3074.351 0.496784
COST 65536 32768 2 8 5.50 0.01 512 1.000000 3148.158 1.000000
COST 65536 1024 2 8 6.00 0.0001 512 0.101302 580.541 0.721511
COST 65536 2048 2 8 6.00 0.0001 512 0.330474 1566.336 0.755348
COST 65536 4096 2 8 6.00 0.0001 512 0.556802 3216.549 0.775173
COST 65536 8192 2 8 6.00 0.0001 512 0.739552 5202.429 0.806130
COST 65536 16384 2 8 6.00 0.0001 512 0.884751 7255.222 0.880227
COST 65536 32768 2 8 6.00 0.0001 512 1.000000 9194.355 1.000000
COST 65536 1024 2 8 6.00 0.0001 512 0.165385 624.216 1.337301
COST 65536 2048 2 8 6.00 0.0001 512 0.461344 1609.558 1.387736
COST 65536 4096 2 8 6.00 0.0001 512 0.695477 2988.843 1.389169
COST 65536 8192 2 8 6.00 0.0001 512 0.845641 4257.453 1.435034
COST 65536 16384 2 8 6.00 0.0001 512 0.940341 5226.412 1.480478
COST 65536 32768 2 8 6.00 0.0001 512 1.000000 5902.169 1.000000
COST 65536 1024 2 8 6.00 0.0001 512 0.244563 673.187 2.360878
COST 65536 2048 2 8 6.00 0.0001 512 0.588090 1638.224 2.415864
COST 65536 4096 2 8 6.00 0.0001 512 0.805806 2730.001 2.440354
COST 65536 8192 2 8 6.00 0.0001 512 0.916720 3481.998 2.201653
COST 65536 16384 2 8 6.00 0.0001 512 0.972240 3909.418 1.004033
COST 65536 32768 2 8 6.00 0.0001 512 1.000000 4134.919 1.000000
COST 65536 1024 2 8 6.00 0.0001 512 0.334013 728.024 2.582972
COST 65536 2048 2 8 6.00 0.0001 512 0.698486 1650.915 2.641186
COST 65536 4096 2 8 6.00 0.0001 512 0.883550 2471.828 2.519541
COST 65536 8192 2 8 6.00 0.0001 512 0.958438 2893.214 0.815678
COST 65536 16384 2 8 6.00 0.0001 512 0.988192 3074.351 0.528703
COST 65536 32768 2 8 6.00 0.0001 512 1.000000 3148.158 1.000000
COST 65536 1024 2 8 6.00 0.001 512 0.101302 580.541 0.803340
COST 65536 2048 2 8 6.00 0.001 512 0.330474 1566.336 0.819762
COST 65536 4096 2 8 6.00 0.001 512 0.556802 3216.549 0.867170
COST 65536 8192 2 8 6.00 0.001 512 0.739552 5202.429 0.873851
COST 65536 16384 2 8 6.00 0.001 512 0.884751 7255.222 0.973581
COST 65536 32768 2 8 6.00 0.001 512 1.000000 9194.355 1.000000
COST 65536 1024 2 8 6.00 0.001 512 0.165385 624.216 1.927717
COST 65536 2048 2 8 6.00 0.001 512 0.461344 1609.558 1.970504
COST 65536 4096 2 8 6.00 0.001 512 0.695477 2988.843 2.004743
COST 65536 8192 2 8 6.00 0.001 512 0.845641 4257.453 2.118184
COST 65536 16384 2 8 6.00 0.001 512 0.940341 5226.412 1.385315
COST 65536 32768 2 8 6.00 0.001 512 1.000000 5902.169 1.000000
COST 65536 1024 2 8 6.00 0.001 512 0.244563 673.187 2.446247
COST 65536 2048 2 8 6.00 0.001 512 0.588090 1638.224 2.511744
COST 65536 4096 2 8 6.00 0.001 512 0.805806 2730.001 2.563336
COST 65536 8192 2 8 6.00 0.001 512 0.916720 3481.998 1.265431
COST 65536 16384 2 8 6.00 0.001 512 0.972240 3909.418 0.569145
COST 65536 32768 2 8 6.00 0.001 512 1.000000 4134.919 1.000000
COST 65536 1024 2 8 6.00 0.001 512 0.334013 728.024 2.479197
COST 65536 2048 2 8 6.00 0.001 512 0.698486 1650.915 2.457155
COST 65536 4096 2 8 6.00 0.001 512 0.883550 2471.828 1.526458
COST 65536 8192 2 8 6.00 0.001 512 0.958438 2893.214 0.405435
COST 65536 16384 2 8 6.00 0.001 512 0.988192 3074.351 0.436745
COST 65536 32768 2 8 6.00 0.001 512 1.000000 3148.158 1.000000
COST 65536 1024 2 8 6.00 0.01 512 0.101302 580.541 1.451656
COST 65536 2048 2 8 6.00 0.01 512 0.330474 1566.336 1.510131
COST 65536 4096 2 8 6.00 0.01 512 0.556802 3216.549 1.582622
COST 65536 8192 2 8 6.00 0.01 512 0.739552 5202.429 1.646249
COST 65536 16384 2 8 6.00 0.01 512 0.884751 7255.222 1.314336
COST 65536 32768 2 8 6.00 0.01 512 1.000000 9194.355 1.000000
COST 65536 1024 2 8 6.00 0.01 512 0.165385 624.216 2.438969
COST 65536 2048 2 8 6.00 0.01 512 0.461344 1609.558 2.534805
COST 65536 4096 2 8 6.00 0.01 512 0.695477 2988.843 2.536733
COST 65536 8192 2 8 6.00 0.01 512 0.845641 4257.453 1.854908
COST 65536 16384 2 8 6.00 0.01 512 0.940341 5226.412 0.765354
COST 65536 32768 2 8 6.00 0.01 512 1.000000 5902.169 1.000000
COST 65536 1024 2 8 6.00 0.01 512 0.244563 673.187 2.442527
COST 65536 2048 2 8 6.00 0.01 512 0.588090 1638.224 2.585155
COST 65536 4096 2 8 6.00 0.01 512 0.805806 2730.001 1.628630
COST 65536 8192 2 8 6.00 0.01 512 0.916720 3481.998 0.477966
COST 65536 16384 2 8 6.00 0.01 512 0.972240 3909.418 0.455917
COST 65536 32768 2 8 6.00 0.01 512 1.000000 4134.919 1.000000
COST 65536 1024 2 8 6.00 0.01 512 0.334013 728.024 2.546997
COST 65536 2048 2 8 6.00 0.01 512 0.698486 1650.915 2.443954
COST 65536 4096 2 8 6.00 0.01 512 0.883550 2471.828 0.497596
COST 65536 8192 2 8 6.00 0.01 512 0.958438 2893.214 0.240279
COST 65536 16384 2 8 6.00 0.01 512 0.988192 3074.351 0.430972
COST 65536 32768 2 8 6.00 0.01 512 1.000000 3148.158 1.000000
COST 65536 1024 2 8 6.50 0.0001 512 0.101302 580.541 0.988680
COST 65536 2048 2 8 6.50 0.0001 512 0.330474 1566.336 1.018892
COST 65536 4096 2 8 6.50 0.0001 512 0.556802 3216.549 1.025020
COST 65536 8192 2 8 6.50 0.0001 512 0.739552 5202.429 1.096282
COST 65536 16384 2 8 6.50 0.0001 512 0.884751 7255.222 1.196605
COST 65536 32768 2 8 6.50 0.0001 512 1.000000 9194.355 1.000000
COST 65536 1024 2 8 6.50 0.0001 512 0.165385 624.216 2.363852
COST 65536 2048 2 8 6.50 0.0001 512 0.461344 1609.558 2.364024
COST 65536 4096 2 8 6.50 0.0001 512 0.695477 2988.843 2.382247
COST 65536 8192 2 8 6.50 0.0001 512 0.845641 4257.453 2.455872
COST 65536 16384 2 8 6.50 0.0001 512 0.940341 5226.412 1.430591
COST 65536 32768 2 8 6.50 0.0001 512 1.000000 5902.169 1.000000
COST 65536 1024 2 8 6.50 0.0001 512 0.244563 673.187 2.470178
COST 65536 2048 2 8 6.50 0.0001 512 0.588090 1638.224 2.467573
COST 65536 4096 2 8 6.50 0.0001 512 0.805806 2730.001 2.548031
COST 65536 8192 2 8 6.50 0.0001 512 0.916720 3481.998 0.989757
COST 65536 16384 2 8 6.50 0.0001 512 0.972240 3909.418 0.471957
COST 65536 32768 2 8 6.50 0.0001 512 1.000000 4134.919 1.000000
COST 65536 1024 2 8 6.50 0.0001 512 0.334013 728.024 2.491935
COST 65536 2048 2 8 6.50 0.0001 512 0.698486 1650.915 2.519718
COST 65536 4096 2 8 6.50 0.0001 512 0.883550 2471.828 1.243793
COST 65536 8192 2 8 6.50 0.0001 512 0.958438 2893.214 0.306800
COST 65536 16384 2 8 6.50 0.0001 512 0.988192 3074.351 0.426612
COST 65536 32768 2 8 6.50 0.0001 512 1.000000 3148.158 1.000000
COST 65536 1024 2 8 6.50 0.001 512 0.101302 580.541 1.567868
COST 65536 2048 2 8 6.50 0.001 512 0.330474 1566.336 1.663784
COST 65536 4096 2 8 6.50 0.001 512 0.556802 3216.549 1.668900
COST 65536 8192 2 8 6.50 0.001 512 0.739552 5202.429 1.750623
COST 65536 16384 2 8 6.50 0.001 512 0.884751 7255.222 1.672257
COST 65536 32768 2 8 6.50 0.001 512 1.000000 9194.355 1.000000
COST 65536 1024 2 8 6.50 0.001 512 0.165385 624.216 2.589965
COST 65536 2048 2 8 6.50 0.001 512 0.461344 1609.558 2.639845
COST 65536 4096 2 8 6.50 0.001 512 0.695477 2988.843 2.633781
COST 65536 8192 2 8 6.50 0.001 512 0.845641 4257.453 2.060776
COST 65536 16384 2 8 6.50 0.001 512 0.940341 5226.412 0.736305
COST 65536 32768 2 8 6.50 0.001 512 1.000000 5902.169 1.000000
COST 65536 1024 2 8 6.50 0.001 512 0.244563 673.187 2.531393
COST 65536 2048 2 8 6.50 0.001 512 0.588090 1638.224 2.587797
COST 65536 4096 2 8 6.50 0.001 512 0.805806 2730.001 2.010916
COST 65536 8192 2 8 6.50 0.001 512 0.916720 3481.998 0.440606
COST 65536 16384 2 8 6.50 0.001 512 0.972240 3909.418 0.446210
COST 65536 32768 2 8 6.50 0.001 512 1.000000 4134.919 1.000000
COST 65536 1024 2 8 6.50 0.001 512 0.334013 728.024 2.486318
COST 65536 2048 2 8 6.50 0.001 512 0.698486 1650.915 2.536846
COST 65536 4096 2 8 6.50 0.001 512 0.883550 2471.828 0.489228
COST 65536 8192 2 8 6.50 0.001 512 0.958438 2893.214 0.233588
COST 65536 16384 2 8 6.50 0.001 512 0.988192 3074.351 0.432579
COST 65536 32768 2 8 6.50 0.001 512 1.000000 3148.158 1.000000
COST 65536 1024 2 8 6.50 0.01 512 0.101302 580.541 2.422718
COST 65536 2048 2 8 6.50 0.01 512 0.330474 1566.336 2.493890
COST 65536 4096 2 8 6.50 0.01 512 0.556802 3216.549 2.507174
COST 65536 8192 2 8 6.50 0.01 512 0.739552 5202.429 2.404294
COST 65536 16384 2 8 6.50 0.01 512 0.884751 7255.222 1.031987
COST 65536 32768 2 8 6.50 0.01 512 1.000000 9194.355 1.000000
COST 65536 1024 2 8 6.50 0.01 512 0.165385 624.216 2.695574
COST 65536 2048 2 8 6.50 0.01 512 0.461344 1609.558 2.687345
COST 65536 4096 2 8 6.50 0.01 512 0.695477 2988.843 2.281850
COST 65536 8192 2 8 6.50 0.01 512 0.845641 4257.453 0.692450
COST 65536 16384 2 8 6.50 0.01 512 0.940341 5226.412 0.484011
COST 65536 32768 2 8 6.50 0.01 512 1.000000 5902.169 1.000000
COST 65536 1024 2 8 6.50 0.01 512 0.244563 673.187 2.575436
COST 65536 2048 2 8 6.50 0.01 512 0.588090 1638.224 2.510297
COST 65536 4096 2 8 6.50 0.01 512 0.805806 2730.001 0.508675
COST 65536 8192 2 8 6.50 0.01 512 0.916720 3481.998 0.273115
COST 65536 16384 2 8 6.50 0.01 512 0.972240 3909.418 0.462553
COST 65536 32768 2 8 6.50 0.01 512 1.000000 4134.919 1.000000
COST 65536 1024 2 8 6.50 0.01 512 0.334013 728.024 2.532790
COST 65536 2048 2 8 6.50 0.01 512 0.698486 1650.915 1.484764
COST 65536 4096 2 8 6.50 0.01 512 0.883550 2471.828 0.206138
COST 65536 8192 2 8 6.50 0.01 512 0.958438 2893.214 0.233321
COST 65536 16384 2 8 6.50 0.01 512 0.988192 3074.351 0.445137
COST 65536 32768 2 8 6.50 0.01 512 1.000000 3148.158 1.000000
COST 8192 256 2 8 5.00 0.0001 512 0.329874 195.369 0.712052
COST 8192 512 2 8 5.00 0.0001 512 0.556559 401.781 0.711571
COST 8192 1024 2 8 5.00 0.0001 512 0.739463 650.145 0.757334
COST 8192 2048 2 8 5.00 0.0001 512 0.884725 906.825 0.836351
COST 8192 4096 2 8 5.00 0.0001 512 1.000000 1149.259 1.000000
COST 8192 256 2 8 5.00 0.0001 512 0.460649 200.798 0.757640
COST 8192 512 2 8 5.00 0.0001 512 0.695251 373.393 0.756258
COST 8192 1024 2 8 5.00 0.0001 512 0.845574 532.095 0.787291
COST 8192 2048 2 8 5.00 0.0001 512 0.940325 653.270 0.880360
COST 8192 4096 2 8 5.00 0.0001 512 1.000000 737.761 1.000000
COST 8192 256 2 8 5.00 0.0001 512 0.587370 204.420 1.313618
COST 8192 512 2 8 5.00 0.0001 512 0.805619 341.105 1.357545
COST 8192 1024 2 8 5.00 0.0001 512 0.916676 435.206 1.528862
COST 8192 2048 2 8 5.00 0.0001 512 0.972231 488.665 1.182699
COST 8192 4096 2 8 5.00 0.0001 512 1.000000 516.862 1.000000
COST 8192 256 2 8 5.00 0.0001 512 0.697808 206.055 1.911468
COST 8192 512 2 8 5.00 0.0001 512 0.883410 308.885 1.915844
COST 8192 1024 2 8 5.00 0.0001 512 0.958411 361.631 1.237196
COST 8192 2048 2 8 5.00 0.0001 512 0.988187 384.289 0.836367
COST 8192 4096 2 8 5.00 0.0001 512 1.000000 393.519 1.000000
COST 8192 256 2 8 5.00 0.001 512 0.329874 195.369 0.688383
COST 8192 512 2 8 5.00 0.001 512 0.556559 401.781 0.727833
COST 8192 1024 2 8 5.00 0.001 512 0.739463 650.145 0.807394
COST 8192 2048 2 8 5.00 0.001 512 0.884725 906.825 0.847856
COST 8192 4096 2 8 5.00 0.001 512 1.000000 1149.259 1.000000
COST 8192 256 2 8 5.00 0.001 512 0.460649 200.798 0.899330
COST 8192 512 2 8 5.00 0.001 512 0.695251 373.393 0.993232
COST 8192 1024 2 8 5.00 0.001 512 0.845574 532.095 0.924128
COST 8192 2048 2 8 5.00 0.001 512 0.940325 653.270 0.939895
COST 8192 4096 2 8 5.00 0.001 512 1.000000 737.761 1.000000
COST 8192 256 2 8 5.00 0.001 512 0.587370 204.420 1.718572
COST 8192 512 2 8 5.00 0.001 512 0.805619 341.105 1.737848
COST 8192 1024 2 8 5.00 0.001 512 0.916676 435.206 1.436824
COST 8192 2048 2 8 5.00 0.001 512 0.972231 488.665 0.987974
COST 8192 4096 2 8 5.00 0.001 512 1.000000 516.862 1.000000
COST 8192 256 2 8 5.00 0.001 512 0.697808 206.055 2.075810
COST 8192 512 2 8 5.00 0.001 512 0.883410 308.885 1.735676
COST 8192 1024 2 8 5.00 0.001 512 0.958411 361.631 0.825938
COST 8192 2048 2 8 5.00 0.001 512 0.988187 384.289 0.646737
COST 8192 4096 2 8 5.00 0.001 512 1.000000 393.519 1.000000
COST 8192 256 2 8 5.00 0.01 512 0.329874 195.369 0.759915
COST 8192 512 2 8 5.00 0.01 512 0.556559 401.781 0.867057
COST 8192 1024 2 8 5.00 0.01 512 0.739463 650.145 0.657487
COST 8192 2048 2 8 5.00 0.01 512 0.884725 906.825 0.564767
COST 8192 4096 2 8 5.00 0.01 512 1.000000 1149.259 1.000000
COST 8192 256 2 8 5.00 0.01 512 0.460649 200.798 1.443746
COST 8192 512 2 8 5.00 0.01 512 0.695251 373.393 1.637912
COST 8192 1024 2 8 5.00 0.01 512 0.845574 532.095 1.475748
COST 8192 2048 2 8 5.00 0.01 512 0.940325 653.270 0.913817
COST 8192 4096 2 8 5.00 0.01 512 1.000000 737.761 1.000000
COST 8192 256 2 8 5.00 0.01 512 0.587370 204.420 1.903897
COST 8192 512 2 8 5.00 0.01 512 0.805619 341.105 1.619662
COST 8192 1024 2 8 5.00 0.01 512 0.916676 435.206 0.772427
COST 8192 2048 2 8 5.00 0.01 512 0.972231 488.665 0.680697
COST 8192 4096 2 8 5.00 0.01 512 1.000000 516.862 1.000000
COST 8192 256 2 8 5.00 0.01 512 0.697808 206.055 1.911106
COST 8192 512 2 8 5.00 0.01 512 0.883410 308.885 0.858443
COST 8192 1024 2 8 5.00 0.01 512 0.958411 361.631 0.319752
COST 8192 2048 2 8 5.00 0.01 512 0.988187 384.289 0.496754
COST 8192 4096 2 8 5.00 0.01 512 1.000000 393.519 1.000000
COST 8192 256 2 8 5.50 0.0001 512 0.329874 195.369 0.745846
COST 8192 512 2 8 5.50 0.0001 512 0.556559 401.781 0.765267
COST 8192 1024 2 8 5.50 0.0001 512 0.739463 650.145 0.758604
COST 8192 2048 2 8 5.50 0.0001 512 0.884725 906.825 0.863559
COST 8192 4096 2 8 5.50 0.0001 512 1.000000 1149.259 1.000000
COST 8192 256 2 8 5.50 0.0001 512 0.460649 200.798 1.422347
COST 8192 512 2 8 5.50 0.0001 512 0.695251 373.393 1.401489
COST 8192 1024 2 8 5.50 0.0001 512 0.845574 532.095 1.483107
COST 8192 2048 2 8 5.50 0.0001 512 0.940325 653.270 1.302203
COST 8192 4096 2 8 5.50 0.0001 512 1.000000 737.761 1.000000
COST 8192 256 2 8 5.50 0.0001 512 0.587370 204.420 2.002845
COST 8192 512 2 8 5.50 0.0001 512 0.805619 341.105 1.905218
COST 8192 1024 2 8 5.50 0.0001 512 0.916676 435.206 1.371158
COST 8192 2048 2 8 5.50 0.0001 512 0.972231 488.665 0.784243
COST 8192 4096 2 8 5.50 0.0001 512 1.000000 516.862 1.000000
COST 8192 256 2 8 5.50 0.0001 512 0.697808 206.055 2.240828
COST 8192 512 2 8 5.50 0.0001 512 0.883410 308.885 1.616578
COST 8192 1024 2 8 5.50 0.0001 512 0.958411 361.631 0.469272
COST 8192 2048 2 8 5.50 0.0001 512 0.988187 384.289 0.522675
COST 8192 4096 2 8 5.50 0.0001 512 1.000000 393.519 1.000000
COST 8192 256 2 8 5.50 0.001 512 0.329874 195.369 0.855957
COST 8192 512 2 8 5.50 0.001 512 0.556559 401.781 0.905679
COST 8192 1024 2 8 5.50 0.001 512 0.739463 650.145 0.934738
COST 8192 2048 2 8 5.50 0.001 512 0.884725 906.825 1.063260
COST 8192 4096 2 8 5.50 0.001 512 1.000000 1149.259 1.000000
COST 8192 256 2 8 5.50 0.001 512 0.460649 200.798 1.606917
COST 8192 512 2 8 5.50 0.001 512 0.695251 373.393 1.748321
COST 8192 1024 2 8 5.50 0.001 512 0.845574 532.095 1.517592
COST 8192 2048 2 8 5.50 0.001 512 0.940325 653.270 0.930033
COST 8192 4096 2 8 5.50 0.001 512 1.000000 737.761 1.000000
COST 8192 256 2 8 5.50 0.001 512 0.587370 204.420 2.004629
COST 8192 512 2 8 5.50 0.001 512 0.805619 341.105 1.886395
COST 8192 1024 2 8 5.50 0.001 512 0.916676 435.206 0.722867
COST 8192 2048 2 8 5.50 0.001 512 0.972231 488.665 0.609108
COST 8192 4096 2 8 5.50 0.001 512 1.000000 516.862 1.000000
COST 8192 256 2 8 5.50 0.001 512 0.697808 206.055 2.083759
COST 8192 512 2 8 5.50 0.001 512 0.883410 308.885 0.812234
COST 8192 1024 2 8 5.50 0.001 512 0.958411 361.631 0.280767
COST 8192 2048 2 8 5.50 0.001 512 0.988187 384.289 0.500078
COST 8192 4096 2 8 5.50 0.001 512 1.000000 393.519 1.000000
COST 8192 256 2 8 5.50 0.01 512 0.329874 195.369 1.525235
COST 8192 512 2 8 5.50 0.01 512 0.556559 401.781 1.546682
COST 8192 1024 2 8 5.50 0.01 512 0.739463 650.145 2.169399
COST 8192 2048 2 8 5.50 0.01 512 0.884725 906.825 1.441852
COST 8192 4096 2 8 5.50 0.01 512 1.000000 1149.259 1.000000
COST 8192 256 2 8 5.50 0.01 512 0.460649 200.798 1.846473
COST 8192 512 2 8 5.50 0.01 512 0.695251 373.393 1.700864
COST 8192 1024 2 8 5.50 0.01 512 0.845574 532.095 0.898538
COST 8192 2048 2 8 5.50 0.01 512 0.940325 653.270 0.608357
COST 8192 4096 2 8 5.50 0.01 512 1.000000 737.761 1.000000
COST 8192 256 2 8 5.50 0.01 512 0.587370 204.420 2.057851
COST 8192 512 2 8 5.50 0.01 512 0.805619 341.105 0.798292
COST 8192 1024 2 8 5.50 0.01 512 0.916676 435.206 0.297747
COST 8192 2048 2 8 5.50 0.01 512 0.972231 488.665 0.500136
COST 8192 4096 2 8 5.50 0.01 512 1.000000 516.862 1.000000
COST 8192 256 2 8 5.50 0.01 512 0.697808 206.055 1.405347
COST 8192 512 2 8 5.50 0.01 512 0.883410 308.885 0.291932
COST 8192 1024 2 8 5.50 0.01 512 0.958411 361.631 0.207812
COST 8192 2048 2 8 5.50 0.01 512 0.988187 384.289 0.490602
COST 8192 4096 2 8 5.50 0.01 512 1.000000 393.519 1.000000
COST 8192 256 2 8 6.00 0.0001 512 0.329874 195.369 1.155208
COST 8192 512 2 8 6.00 0.0001 512 0.556559 401.781 1.087321
COST 8192 1024 2 8 6.00 0.0001 512 0.739463 650.145 1.122658
COST 8192 2048 2 8 6.00 0.0001 512 0.884725 906.825 1.203475
COST 8192 4096 2 8 6.00 0.0001 512 1.000000 1149.259 1.000000
COST 8192 256 2 8 6.00 0.0001 512 0.460649 200.798 1.846862
COST 8192 512 2 8 6.00 0.0001 512 0.695251 373.393 1.902660
COST 8192 1024 2 8 6.00 0.0001 512 0.845574 532.095 1.642613
COST 8192 2048 2 8 6.00 0.0001 512 0.940325 653.270 0.887265
COST 8192 4096 2 8 6.00 0.0001 512 1.000000 737.761 1.000000
COST 8192 256 2 8 6.00 0.0001 512 0.587370 204.420 2.184081
COST 8192 512 2 8 6.00 0.0001 512 0.805619 341.105 1.786687
COST 8192 1024 2 8 6.00 0.0001 512 0.916676 435.206 0.575486
COST 8192 2048 2 8 6.00 0.0001 512 0.972231 488.665 0.552712
COST 8192 4096 2 8 6.00 0.0001 512 1.000000 516.862 1.000000
COST 8192 256 2 8 6.00 0.0001 512 0.697808 206.055 2.119757
COST 8192 512 2 8 6.00 0.0001 512 0.883410 308.885 0.699143
COST 8192 1024 2 8 6.00 0.0001 512 0.958411 361.631 0.218558
COST 8192 2048 2 8 6.00 0.0001 512 0.988187 384.289 0.487190
COST 8192 4096 2 8 6.00 0.0001 512 1.000000 393.519 1.000000
COST 8192 256 2 8 6.00 0.001 512 0.329874 195.369 1.478856
COST 8192 512 2 8 6.00 0.001 512 0.556559 401.781 1.499156
COST 8192 1024 2 8 6.00 0.001 512 0.739463 650.145 1.641699
COST 8192 2048 2 8 6.00 0.001 512 0.884725 906.825 1.251490
COST 8192 4096 2 8 6.00 0.001 512 1.000000 1149.259 1.000000
COST 8192 256 2 8 6.00 0.001 512 0.460649 200.798 2.152155
COST 8192 512 2 8 6.00 0.001 512 0.695251 373.393 2.002372
COST 8192 1024 2 8 6.00 0.001 512 0.845574 532.095 1.115301
COST 8192 2048 2 8 6.00 0.001 512 0.940325 653.270 0.713450
COST 8192 4096 2 8 6.00 0.001 512 1.000000 737.761 1.000000
COST 8192 256 2 8 6.00 0.001 512 0.587370 204.420 2.218849
COST 8192 512 2 8 6.00 0.001 512 0.805619 341.105 1.012761
COST 8192 1024 2 8 6.00 0.001 512 0.916676 435.206 0.274837
COST 8192 2048 2 8 6.00 0.001 512 0.972231 488.665 0.505097
COST 8192 4096 2 8 6.00 0.001 512 1.000000 516.862 1.000000
COST 8192 256 2 8 6.00 0.001 512 0.697808 206.055 1.758909
COST 8192 512 2 8 6.00 0.001 512 0.883410 308.885 0.273454
COST 8192 1024 2 8 6.00 0.001 512 0.958411 361.631 0.189411
COST 8192 2048 2 8 6.00 0.001 512 0.988187 384.289 0.481809
COST 8192 4096 2 8 6.00 0.001 512 1.000000 393.519 1.000000
COST 8192 256 2 8 6.00 0.01 512 0.329874 195.369 2.157584
COST 8192 512 2 8 6.00 0.01 512 0.556559 401.781 2.054783
COST 8192 1024 2 8 6.00 0.01 512 0.739463 650.145 1.467533
COST 8192 2048 2 8 6.00 0.01 512 0.884725 906.825 0.756149
COST 8192 4096 2 8 6.00 0.01 512 1.000000 1149.259 1.000000
COST 8192 256 2 8 6.00 0.01 512 0.460649 200.798 2.173992
COST 8192 512 2 8 6.00 0.01 512 0.695251 373.393 1.274009
COST 8192 1024 2 8 6.00 0.01 512 0.845574 532.095 0.362484
COST 8192 2048 2 8 6.00 0.01 512 0.940325 653.270 0.519676
COST 8192 4096 2 8 6.00 0.01 512 1.000000 737.761 1.000000
COST 8192 256 2 8 6.00 0.01 512 0.587370 204.420 1.625055
COST 8192 512 2 8 6.00 0.01 512 0.805619 341.105 0.282105
COST 8192 1024 2 8 6.00 0.01 512 0.916676 435.206 0.197278
COST 8192 2048 2 8 6.00 0.01 512 0.972231 488.665 0.492458
COST 8192 4096 2 8 6.00 0.01 512 1.000000 516.862 1.000000
COST 8192 256 2 8 6.00 0.01 512 0.697808 206.055 0.616267
COST 8192 512 2 8 6.00 0.01 512 0.883410 308.885 0.125711
COST 8192 1024 2 8 6.00 0.01 512 0.958411 361.631 0.173262
COST 8192 2048 2 8 6.00 0.01 512 0.988187 384.289 0.485869
COST 8192 4096 2 8 6.00 0.01 512 1.000000 393.519 1.000000
COST 8192 256 2 8 6.50 0.0001 512 0.329874 195.369 1.789745
COST 8192 512 2 8 6.50 0.0001 512 0.556559 401.781 1.777864
COST 8192 1024 2 8 6.50 0.0001 512 0.739463 650.145 1.803609
COST 8192 2048 2 8 6.50 0.0001 512 0.884725 906.825 1.379847
COST 8192 4096 2 8 6.50 0.0001 512 1.000000 1149.259 1.000000
COST 8192 256 2 8 6.50 0.0001 512 0.460649 200.798 2.132237
COST 8192 512 2 8 6.50 0.0001 512 0.695251 373.393 2.077980
COST 8192 1024 2 8 6.50 0.0001 512 0.845574 532.095 0.952393
COST 8192 2048 2 8 6.50 0.0001 512 0.940325 653.270 0.643767
COST 8192 4096 2 8 6.50 0.0001 512 1.000000 737.761 1.000000
COST 8192 256 2 8 6.50 0.0001 512 0.587370 204.420 2.260481
COST 8192 512 2 8 6.50 0.0001 512 0.805619 341.105 0.905409
COST 8192 1024 2 8 6.50 0.0001 512 0.916676 435.206 0.250477
COST 8192 2048 2 8 6.50 0.0001 512 0.972231 488.665 0.478499
COST 8192 4096 2 8 6.50 0.0001 512 1.000000 516.862 1.000000
COST 8192 256 2 8 6.50 0.0001 512 0.697808 206.055 1.785885
COST 8192 512 2 8 6.50 0.0001 512 0.883410 308.885 0.219795
COST 8192 1024 2 8 6.50 0.0001 512 0.958411 361.631 0.185494
COST 8192 2048 2 8 6.50 0.0001 512 0.988187 384.289 0.477753
COST 8192 4096 2 8 6.50 0.0001 512 1.000000 393.519 1.000000
COST 8192 256 2 8 6.50 0.001 512 0.329874 195.369 1.850584
COST 8192 512 2 8 6.50 0.001 512 0.556559 401.781 1.975087
COST 8192 1024 2 8 6.50 0.001 512 0.739463 650.145 2.382524
COST 8192 2048 2 8 6.50 0.001 512 0.884725 906.825 0.901827
COST 8192 4096 2 8 6.50 0.001 512 1.000000 1149.259 1.000000
COST 8192 256 2 8 6.50 0.001 512 0.460649 200.798 2.205938
COST 8192 512 2 8 6.50 0.001 512 0.695251 373.393 1.521598
COST 8192 1024 2 8 6.50 0.001 512 0.845574 532.095 0.406764
COST 8192 2048 2 8 6.50 0.001 512 0.940325 653.270 0.528767
COST 8192 4096 2 8 6.50 0.001 512 1.000000 737.761 1.000000
COST 8192 256 2 8 6.50 0.001 512 0.587370 204.420 2.140869
COST 8192 512 2 8 6.50 0.001 512 0.805619 341.105 0.385565
COST 8192 1024 2 8 6.50 0.001 512 0.916676 435.206 0.188288
COST 8192 2048 2 8 6.50 0.001 512 0.972231 488.665 0.480146
COST 8192 4096 2 8 6.50 0.001 512 1.000000 516.862 1.000000
COST 8192 256 2 8 6.50 0.001 512 0.697808 206.055 0.833582
COST 8192 512 2 8 6.50 0.001 512 0.883410 308.885 0.124482
COST 8192 1024 2 8 6.50 0.001 512 0.958411 361.631 0.169274
COST 8192 2048 2 8 6.50 0.001 512 0.988187 384.289 0.464228
COST 8192 4096 2 8 6.50 0.001 512 1.000000 393.519 1.000000
COST 8192 256 2 8 6.50 0.01 512 0.329874 195.369 2.215123
COST 8192 512 2 8 6.50 0.01 512 0.556559 401.781 1.909724
COST 8192 1024 2 8 6.50 0.01 512 0.739463 650.145 0.689910
COST 8192 2048 2 8 6.50 0.01 512 0.884725 906.825 0.601145
COST 8192 4096 2 8 6.50 0.01 512 1.000000 1149.259 1.000000
COST 8192 256 2 8 6.50 0.01 512 0.460649 200.798 2.136157
COST 8192 512 2 8 6.50 0.01 512 0.695251 373.393 0.504314
COST 8192 1024 2 8 6.50 0.01 512 0.845574 532.095 0.227294
COST 8192 2048 2 8 6.50 0.01 512 0.940325 653.270 0.477434
COST 8192 4096 2 8 6.50 0.01 512 1.000000 737.761 1.000000
COST 8192 256 2 8 6.50 0.01 512 0.587370 204.420 0.853826
COST 8192 512 2 8 6.50 0.01 512 0.805619 341.105 0.116891
COST 8192 1024 2 8 6.50 0.01 512 0.916676 435.206 0.169344
COST 8192 2048 2 8 6.50 0.01 512 0.972231 488.665 0.446947
COST 8192 4096 2 8 6.50 0.01 512 1.000000 516.862 1.000000
COST 8192 256 2 8 6.50 0.01 512 0.697808 206.055 0.232570
COST 8192 512 2 8 6.50 0.01 512 0.883410 308.885 0.105890
COST 8192 1024 2 8 6.50 0.01 512 0.958411 361.631 0.169194
COST 8192 2048 2 8 6.50 0.01 512 0.988187 384.289 0.471635
COST 8192 4096 2 8 6.50 0.01 512 1.000000 393.519 1.000000
