# matchedfilter CPU COST table -- FDR and batch-aware relative costs
# format cost-fd-pairs-v1
# cpu     AMD RYZEN AI MAX+ 395 w/ Radeon 8060S
# commit  4c2706e
# Warm public-API cost relative to the widest band for this profile and shape.
# The reference-profile gate model computes accuracy independently.
# U=2 and K=8 are retained as configuration metadata; taps are inert.
# COST n band U K snr fd pairs f beff relative_cost
COST 1024 256 2 8 5.00 0.0001 512 0.884518 113.275 1.037748
COST 1024 512 2 8 5.00 0.0001 512 1.000000 143.622 1.000000
COST 1024 256 2 8 5.00 0.0001 512 0.940195 81.628 1.169306
COST 1024 512 2 8 5.00 0.0001 512 1.000000 92.210 1.000000
COST 1024 256 2 8 5.00 0.0001 512 0.972159 61.071 0.686920
COST 1024 512 2 8 5.00 0.0001 512 1.000000 64.605 1.000000
COST 1024 256 2 8 5.00 0.0001 512 0.988151 48.031 0.526395
COST 1024 512 2 8 5.00 0.0001 512 1.000000 49.188 1.000000
COST 1024 256 2 8 5.00 0.001 512 0.884518 113.275 1.142350
COST 1024 512 2 8 5.00 0.001 512 1.000000 143.622 1.000000
COST 1024 256 2 8 5.00 0.001 512 0.940195 81.628 0.849741
COST 1024 512 2 8 5.00 0.001 512 1.000000 92.210 1.000000
COST 1024 256 2 8 5.00 0.001 512 0.972159 61.071 0.573588
COST 1024 512 2 8 5.00 0.001 512 1.000000 64.605 1.000000
COST 1024 256 2 8 5.00 0.001 512 0.988151 48.031 0.499082
COST 1024 512 2 8 5.00 0.001 512 1.000000 49.188 1.000000
COST 1024 256 2 8 5.00 0.01 512 0.884518 113.275 0.854999
COST 1024 512 2 8 5.00 0.01 512 1.000000 143.622 1.000000
COST 1024 256 2 8 5.00 0.01 512 0.940195 81.628 0.586700
COST 1024 512 2 8 5.00 0.01 512 1.000000 92.210 1.000000
COST 1024 256 2 8 5.00 0.01 512 0.972159 61.071 0.508869
COST 1024 512 2 8 5.00 0.01 512 1.000000 64.605 1.000000
COST 1024 256 2 8 5.00 0.01 512 0.988151 48.031 0.469488
COST 1024 512 2 8 5.00 0.01 512 1.000000 49.188 1.000000
COST 1024 256 2 8 5.50 0.0001 512 0.884518 113.275 1.328247
COST 1024 512 2 8 5.50 0.0001 512 1.000000 143.622 1.000000
COST 1024 256 2 8 5.50 0.0001 512 0.940195 81.628 0.817589
COST 1024 512 2 8 5.50 0.0001 512 1.000000 92.210 1.000000
COST 1024 256 2 8 5.50 0.0001 512 0.972159 61.071 0.531505
COST 1024 512 2 8 5.50 0.0001 512 1.000000 64.605 1.000000
COST 1024 256 2 8 5.50 0.0001 512 0.988151 48.031 0.477375
COST 1024 512 2 8 5.50 0.0001 512 1.000000 49.188 1.000000
COST 1024 256 2 8 5.50 0.001 512 0.884518 113.275 1.119887
COST 1024 512 2 8 5.50 0.001 512 1.000000 143.622 1.000000
COST 1024 256 2 8 5.50 0.001 512 0.940195 81.628 0.553032
COST 1024 512 2 8 5.50 0.001 512 1.000000 92.210 1.000000
COST 1024 256 2 8 5.50 0.001 512 0.972159 61.071 0.496730
COST 1024 512 2 8 5.50 0.001 512 1.000000 64.605 1.000000
COST 1024 256 2 8 5.50 0.001 512 0.988151 48.031 0.452783
COST 1024 512 2 8 5.50 0.001 512 1.000000 49.188 1.000000
COST 1024 256 2 8 5.50 0.01 512 0.884518 113.275 0.662194
COST 1024 512 2 8 5.50 0.01 512 1.000000 143.622 1.000000
COST 1024 256 2 8 5.50 0.01 512 0.940195 81.628 0.504565
COST 1024 512 2 8 5.50 0.01 512 1.000000 92.210 1.000000
COST 1024 256 2 8 5.50 0.01 512 0.972159 61.071 0.457327
COST 1024 512 2 8 5.50 0.01 512 1.000000 64.605 1.000000
COST 1024 256 2 8 5.50 0.01 512 0.988151 48.031 0.448468
COST 1024 512 2 8 5.50 0.01 512 1.000000 49.188 1.000000
COST 1024 256 2 8 6.00 0.0001 512 0.884518 113.275 1.253492
COST 1024 512 2 8 6.00 0.0001 512 1.000000 143.622 1.000000
COST 1024 256 2 8 6.00 0.0001 512 0.940195 81.628 0.541038
COST 1024 512 2 8 6.00 0.0001 512 1.000000 92.210 1.000000
COST 1024 256 2 8 6.00 0.0001 512 0.972159 61.071 0.462697
COST 1024 512 2 8 6.00 0.0001 512 1.000000 64.605 1.000000
COST 1024 256 2 8 6.00 0.0001 512 0.988151 48.031 0.451417
COST 1024 512 2 8 6.00 0.0001 512 1.000000 49.188 1.000000
COST 1024 256 2 8 6.00 0.001 512 0.884518 113.275 0.785626
COST 1024 512 2 8 6.00 0.001 512 1.000000 143.622 1.000000
COST 1024 256 2 8 6.00 0.001 512 0.940195 81.628 0.488784
COST 1024 512 2 8 6.00 0.001 512 1.000000 92.210 1.000000
COST 1024 256 2 8 6.00 0.001 512 0.972159 61.071 0.452197
COST 1024 512 2 8 6.00 0.001 512 1.000000 64.605 1.000000
COST 1024 256 2 8 6.00 0.001 512 0.988151 48.031 0.453469
COST 1024 512 2 8 6.00 0.001 512 1.000000 49.188 1.000000
COST 1024 256 2 8 6.00 0.01 512 0.884518 113.275 0.488648
COST 1024 512 2 8 6.00 0.01 512 1.000000 143.622 1.000000
COST 1024 256 2 8 6.00 0.01 512 0.940195 81.628 0.464612
COST 1024 512 2 8 6.00 0.01 512 1.000000 92.210 1.000000
COST 1024 256 2 8 6.00 0.01 512 0.972159 61.071 0.452048
COST 1024 512 2 8 6.00 0.01 512 1.000000 64.605 1.000000
COST 1024 256 2 8 6.00 0.01 512 0.988151 48.031 0.449963
COST 1024 512 2 8 6.00 0.01 512 1.000000 49.188 1.000000
COST 1024 256 2 8 6.50 0.0001 512 0.884518 113.275 0.797273
COST 1024 512 2 8 6.50 0.0001 512 1.000000 143.622 1.000000
COST 1024 256 2 8 6.50 0.0001 512 0.940195 81.628 0.489046
COST 1024 512 2 8 6.50 0.0001 512 1.000000 92.210 1.000000
COST 1024 256 2 8 6.50 0.0001 512 0.972159 61.071 0.456414
COST 1024 512 2 8 6.50 0.0001 512 1.000000 64.605 1.000000
COST 1024 256 2 8 6.50 0.0001 512 0.988151 48.031 0.459908
COST 1024 512 2 8 6.50 0.0001 512 1.000000 49.188 1.000000
COST 1024 256 2 8 6.50 0.001 512 0.884518 113.275 0.553578
COST 1024 512 2 8 6.50 0.001 512 1.000000 143.622 1.000000
COST 1024 256 2 8 6.50 0.001 512 0.940195 81.628 0.465667
COST 1024 512 2 8 6.50 0.001 512 1.000000 92.210 1.000000
COST 1024 256 2 8 6.50 0.001 512 0.972159 61.071 0.454345
COST 1024 512 2 8 6.50 0.001 512 1.000000 64.605 1.000000
COST 1024 256 2 8 6.50 0.001 512 0.988151 48.031 0.441587
COST 1024 512 2 8 6.50 0.001 512 1.000000 49.188 1.000000
COST 1024 256 2 8 6.50 0.01 512 0.884518 113.275 0.455819
COST 1024 512 2 8 6.50 0.01 512 1.000000 143.622 1.000000
COST 1024 256 2 8 6.50 0.01 512 0.940195 81.628 0.448666
COST 1024 512 2 8 6.50 0.01 512 1.000000 92.210 1.000000
COST 1024 256 2 8 6.50 0.01 512 0.972159 61.071 0.448409
COST 1024 512 2 8 6.50 0.01 512 1.000000 64.605 1.000000
COST 1024 256 2 8 6.50 0.01 512 0.988151 48.031 0.451961
COST 1024 512 2 8 6.50 0.01 512 1.000000 49.188 1.000000
COST 131072 2048 2 8 5.00 0.0001 512 0.101363 1161.495 0.729075
COST 131072 4096 2 8 5.00 0.0001 512 0.330517 3133.156 0.752121
COST 131072 8192 2 8 5.00 0.0001 512 0.556820 6433.428 0.770351
COST 131072 16384 2 8 5.00 0.0001 512 0.739558 10405.039 0.796014
COST 131072 32768 2 8 5.00 0.0001 512 0.884753 14510.533 0.854343
COST 131072 65536 2 8 5.00 0.0001 512 1.000000 18388.750 1.000000
COST 131072 2048 2 8 5.00 0.0001 512 0.165475 1248.868 0.746328
COST 131072 4096 2 8 5.00 0.0001 512 0.461394 3219.569 0.732171
COST 131072 8192 2 8 5.00 0.0001 512 0.695493 5977.928 0.768047
COST 131072 16384 2 8 5.00 0.0001 512 0.845646 8515.006 0.801398
COST 131072 32768 2 8 5.00 0.0001 512 0.940342 10452.859 0.870467
COST 131072 65536 2 8 5.00 0.0001 512 1.000000 11804.351 1.000000
COST 131072 2048 2 8 5.00 0.0001 512 0.244680 1346.831 0.744113
COST 131072 4096 2 8 5.00 0.0001 512 0.588141 3276.857 0.730355
COST 131072 8192 2 8 5.00 0.0001 512 0.805819 5460.169 0.760789
COST 131072 16384 2 8 5.00 0.0001 512 0.916724 6964.047 0.782224
COST 131072 32768 2 8 5.00 0.0001 512 0.972240 7818.850 0.859667
COST 131072 65536 2 8 5.00 0.0001 512 1.000000 8269.841 1.000000
COST 131072 2048 2 8 5.00 0.0001 512 0.334152 1456.527 0.886146
COST 131072 4096 2 8 5.00 0.0001 512 0.698534 3302.182 0.904757
COST 131072 8192 2 8 5.00 0.0001 512 0.883560 4943.763 0.979051
COST 131072 16384 2 8 5.00 0.0001 512 0.958440 5786.452 0.954347
COST 131072 32768 2 8 5.00 0.0001 512 0.988192 6148.706 1.031175
COST 131072 65536 2 8 5.00 0.0001 512 1.000000 6296.317 1.000000
COST 131072 2048 2 8 5.00 0.001 512 0.101363 1161.495 0.692284
COST 131072 4096 2 8 5.00 0.001 512 0.330517 3133.156 0.714012
COST 131072 8192 2 8 5.00 0.001 512 0.556820 6433.428 0.735842
COST 131072 16384 2 8 5.00 0.001 512 0.739558 10405.039 0.758356
COST 131072 32768 2 8 5.00 0.001 512 0.884753 14510.533 0.835379
COST 131072 65536 2 8 5.00 0.001 512 1.000000 18388.750 1.000000
COST 131072 2048 2 8 5.00 0.001 512 0.165475 1248.868 0.714032
COST 131072 4096 2 8 5.00 0.001 512 0.461394 3219.569 0.761519
COST 131072 8192 2 8 5.00 0.001 512 0.695493 5977.928 0.738919
COST 131072 16384 2 8 5.00 0.001 512 0.845646 8515.006 0.787751
COST 131072 32768 2 8 5.00 0.001 512 0.940342 10452.859 0.848716
COST 131072 65536 2 8 5.00 0.001 512 1.000000 11804.351 1.000000
COST 131072 2048 2 8 5.00 0.001 512 0.244680 1346.831 0.783524
COST 131072 4096 2 8 5.00 0.001 512 0.588141 3276.857 0.766660
COST 131072 8192 2 8 5.00 0.001 512 0.805819 5460.169 0.804418
COST 131072 16384 2 8 5.00 0.001 512 0.916724 6964.047 0.837133
COST 131072 32768 2 8 5.00 0.001 512 0.972240 7818.850 0.908646
COST 131072 65536 2 8 5.00 0.001 512 1.000000 8269.841 1.000000
COST 131072 2048 2 8 5.00 0.001 512 0.334152 1456.527 1.066464
COST 131072 4096 2 8 5.00 0.001 512 0.698534 3302.182 1.104580
COST 131072 8192 2 8 5.00 0.001 512 0.883560 4943.763 1.096488
COST 131072 16384 2 8 5.00 0.001 512 0.958440 5786.452 1.131129
COST 131072 32768 2 8 5.00 0.001 512 0.988192 6148.706 1.088313
COST 131072 65536 2 8 5.00 0.001 512 1.000000 6296.317 1.000000
COST 131072 2048 2 8 5.00 0.01 512 0.101363 1161.495 0.738507
COST 131072 4096 2 8 5.00 0.01 512 0.330517 3133.156 0.766409
COST 131072 8192 2 8 5.00 0.01 512 0.556820 6433.428 0.782837
COST 131072 16384 2 8 5.00 0.01 512 0.739558 10405.039 0.815698
COST 131072 32768 2 8 5.00 0.01 512 0.884753 14510.533 0.860733
COST 131072 65536 2 8 5.00 0.01 512 1.000000 18388.750 1.000000
COST 131072 2048 2 8 5.00 0.01 512 0.165475 1248.868 0.738406
COST 131072 4096 2 8 5.00 0.01 512 0.461394 3219.569 0.738064
COST 131072 8192 2 8 5.00 0.01 512 0.695493 5977.928 0.773895
COST 131072 16384 2 8 5.00 0.01 512 0.845646 8515.006 0.794977
COST 131072 32768 2 8 5.00 0.01 512 0.940342 10452.859 0.875927
COST 131072 65536 2 8 5.00 0.01 512 1.000000 11804.351 1.000000
COST 131072 2048 2 8 5.00 0.01 512 0.244680 1346.831 1.081423
COST 131072 4096 2 8 5.00 0.01 512 0.588141 3276.857 1.061434
COST 131072 8192 2 8 5.00 0.01 512 0.805819 5460.169 1.105279
COST 131072 16384 2 8 5.00 0.01 512 0.916724 6964.047 1.121783
COST 131072 32768 2 8 5.00 0.01 512 0.972240 7818.850 1.103610
COST 131072 65536 2 8 5.00 0.01 512 1.000000 8269.841 1.000000
COST 131072 2048 2 8 5.00 0.01 512 0.334152 1456.527 1.442056
COST 131072 4096 2 8 5.00 0.01 512 0.698534 3302.182 1.500929
COST 131072 8192 2 8 5.00 0.01 512 0.883560 4943.763 1.468588
COST 131072 16384 2 8 5.00 0.01 512 0.958440 5786.452 1.324941
COST 131072 32768 2 8 5.00 0.01 512 0.988192 6148.706 0.968303
COST 131072 65536 2 8 5.00 0.01 512 1.000000 6296.317 1.000000
COST 131072 2048 2 8 5.50 0.0001 512 0.101363 1161.495 0.730477
COST 131072 4096 2 8 5.50 0.0001 512 0.330517 3133.156 0.727167
COST 131072 8192 2 8 5.50 0.0001 512 0.556820 6433.428 0.746656
COST 131072 16384 2 8 5.50 0.0001 512 0.739558 10405.039 0.783126
COST 131072 32768 2 8 5.50 0.0001 512 0.884753 14510.533 0.850975
COST 131072 65536 2 8 5.50 0.0001 512 1.000000 18388.750 1.000000
COST 131072 2048 2 8 5.50 0.0001 512 0.165475 1248.868 0.738307
COST 131072 4096 2 8 5.50 0.0001 512 0.461394 3219.569 0.771246
COST 131072 8192 2 8 5.50 0.0001 512 0.695493 5977.928 0.780365
COST 131072 16384 2 8 5.50 0.0001 512 0.845646 8515.006 0.798036
COST 131072 32768 2 8 5.50 0.0001 512 0.940342 10452.859 0.851740
COST 131072 65536 2 8 5.50 0.0001 512 1.000000 11804.351 1.000000
COST 131072 2048 2 8 5.50 0.0001 512 0.244680 1346.831 0.997798
COST 131072 4096 2 8 5.50 0.0001 512 0.588141 3276.857 1.005455
COST 131072 8192 2 8 5.50 0.0001 512 0.805819 5460.169 1.024234
COST 131072 16384 2 8 5.50 0.0001 512 0.916724 6964.047 1.091048
COST 131072 32768 2 8 5.50 0.0001 512 0.972240 7818.850 1.151779
COST 131072 65536 2 8 5.50 0.0001 512 1.000000 8269.841 1.000000
COST 131072 2048 2 8 5.50 0.0001 512 0.334152 1456.527 1.827530
COST 131072 4096 2 8 5.50 0.0001 512 0.698534 3302.182 1.917316
COST 131072 8192 2 8 5.50 0.0001 512 0.883560 4943.763 2.001469
COST 131072 16384 2 8 5.50 0.0001 512 0.958440 5786.452 1.957533
COST 131072 32768 2 8 5.50 0.0001 512 0.988192 6148.706 1.180668
COST 131072 65536 2 8 5.50 0.0001 512 1.000000 6296.317 1.000000
COST 131072 2048 2 8 5.50 0.001 512 0.101363 1161.495 0.745082
COST 131072 4096 2 8 5.50 0.001 512 0.330517 3133.156 0.778735
COST 131072 8192 2 8 5.50 0.001 512 0.556820 6433.428 0.764440
COST 131072 16384 2 8 5.50 0.001 512 0.739558 10405.039 0.787814
COST 131072 32768 2 8 5.50 0.001 512 0.884753 14510.533 0.868879
COST 131072 65536 2 8 5.50 0.001 512 1.000000 18388.750 1.000000
COST 131072 2048 2 8 5.50 0.001 512 0.165475 1248.868 0.790833
COST 131072 4096 2 8 5.50 0.001 512 0.461394 3219.569 0.801763
COST 131072 8192 2 8 5.50 0.001 512 0.695493 5977.928 0.827425
COST 131072 16384 2 8 5.50 0.001 512 0.845646 8515.006 0.838206
COST 131072 32768 2 8 5.50 0.001 512 0.940342 10452.859 0.894572
COST 131072 65536 2 8 5.50 0.001 512 1.000000 11804.351 1.000000
COST 131072 2048 2 8 5.50 0.001 512 0.244680 1346.831 1.414205
COST 131072 4096 2 8 5.50 0.001 512 0.588141 3276.857 1.396966
COST 131072 8192 2 8 5.50 0.001 512 0.805819 5460.169 1.434282
COST 131072 16384 2 8 5.50 0.001 512 0.916724 6964.047 1.481639
COST 131072 32768 2 8 5.50 0.001 512 0.972240 7818.850 1.192175
COST 131072 65536 2 8 5.50 0.001 512 1.000000 8269.841 1.000000
COST 131072 2048 2 8 5.50 0.001 512 0.334152 1456.527 1.988906
COST 131072 4096 2 8 5.50 0.001 512 0.698534 3302.182 1.997575
COST 131072 8192 2 8 5.50 0.001 512 0.883560 4943.763 2.022485
COST 131072 16384 2 8 5.50 0.001 512 0.958440 5786.452 1.553523
COST 131072 32768 2 8 5.50 0.001 512 0.988192 6148.706 0.768897
COST 131072 65536 2 8 5.50 0.001 512 1.000000 6296.317 1.000000
COST 131072 2048 2 8 5.50 0.01 512 0.101363 1161.495 0.732263
COST 131072 4096 2 8 5.50 0.01 512 0.330517 3133.156 0.770586
COST 131072 8192 2 8 5.50 0.01 512 0.556820 6433.428 0.796760
COST 131072 16384 2 8 5.50 0.01 512 0.739558 10405.039 0.813365
COST 131072 32768 2 8 5.50 0.01 512 0.884753 14510.533 0.878991
COST 131072 65536 2 8 5.50 0.01 512 1.000000 18388.750 1.000000
COST 131072 2048 2 8 5.50 0.01 512 0.165475 1248.868 1.182360
COST 131072 4096 2 8 5.50 0.01 512 0.461394 3219.569 1.225454
COST 131072 8192 2 8 5.50 0.01 512 0.695493 5977.928 1.241092
COST 131072 16384 2 8 5.50 0.01 512 0.845646 8515.006 1.304902
COST 131072 32768 2 8 5.50 0.01 512 0.940342 10452.859 1.130728
COST 131072 65536 2 8 5.50 0.01 512 1.000000 11804.351 1.000000
COST 131072 2048 2 8 5.50 0.01 512 0.244680 1346.831 2.034040
COST 131072 4096 2 8 5.50 0.01 512 0.588141 3276.857 2.102269
COST 131072 8192 2 8 5.50 0.01 512 0.805819 5460.169 2.074629
COST 131072 16384 2 8 5.50 0.01 512 0.916724 6964.047 1.680774
COST 131072 32768 2 8 5.50 0.01 512 0.972240 7818.850 0.803465
COST 131072 65536 2 8 5.50 0.01 512 1.000000 8269.841 1.000000
COST 131072 2048 2 8 5.50 0.01 512 0.334152 1456.527 2.268625
COST 131072 4096 2 8 5.50 0.01 512 0.698534 3302.182 2.233981
COST 131072 8192 2 8 5.50 0.01 512 0.883560 4943.763 1.966298
COST 131072 16384 2 8 5.50 0.01 512 0.958440 5786.452 0.804534
COST 131072 32768 2 8 5.50 0.01 512 0.988192 6148.706 0.562672
COST 131072 65536 2 8 5.50 0.01 512 1.000000 6296.317 1.000000
COST 131072 2048 2 8 6.00 0.0001 512 0.101363 1161.495 0.730878
COST 131072 4096 2 8 6.00 0.0001 512 0.330517 3133.156 0.753710
COST 131072 8192 2 8 6.00 0.0001 512 0.556820 6433.428 0.766351
COST 131072 16384 2 8 6.00 0.0001 512 0.739558 10405.039 0.793487
COST 131072 32768 2 8 6.00 0.0001 512 0.884753 14510.533 0.861591
COST 131072 65536 2 8 6.00 0.0001 512 1.000000 18388.750 1.000000
COST 131072 2048 2 8 6.00 0.0001 512 0.165475 1248.868 1.005688
COST 131072 4096 2 8 6.00 0.0001 512 0.461394 3219.569 1.001620
COST 131072 8192 2 8 6.00 0.0001 512 0.695493 5977.928 1.073400
COST 131072 16384 2 8 6.00 0.0001 512 0.845646 8515.006 1.057667
COST 131072 32768 2 8 6.00 0.0001 512 0.940342 10452.859 1.146158
COST 131072 65536 2 8 6.00 0.0001 512 1.000000 11804.351 1.000000
COST 131072 2048 2 8 6.00 0.0001 512 0.244680 1346.831 1.998985
COST 131072 4096 2 8 6.00 0.0001 512 0.588141 3276.857 2.040193
COST 131072 8192 2 8 6.00 0.0001 512 0.805819 5460.169 2.051360
COST 131072 16384 2 8 6.00 0.0001 512 0.916724 6964.047 2.170100
COST 131072 32768 2 8 6.00 0.0001 512 0.972240 7818.850 1.177166
COST 131072 65536 2 8 6.00 0.0001 512 1.000000 8269.841 1.000000
COST 131072 2048 2 8 6.00 0.0001 512 0.334152 1456.527 2.496071
COST 131072 4096 2 8 6.00 0.0001 512 0.698534 3302.182 2.515655
COST 131072 8192 2 8 6.00 0.0001 512 0.883560 4943.763 2.615579
COST 131072 16384 2 8 6.00 0.0001 512 0.958440 5786.452 1.321152
COST 131072 32768 2 8 6.00 0.0001 512 0.988192 6148.706 0.586385
COST 131072 65536 2 8 6.00 0.0001 512 1.000000 6296.317 1.000000
COST 131072 2048 2 8 6.00 0.001 512 0.101363 1161.495 0.746900
COST 131072 4096 2 8 6.00 0.001 512 0.330517 3133.156 0.784660
COST 131072 8192 2 8 6.00 0.001 512 0.556820 6433.428 0.775038
COST 131072 16384 2 8 6.00 0.001 512 0.739558 10405.039 0.802225
COST 131072 32768 2 8 6.00 0.001 512 0.884753 14510.533 0.861130
COST 131072 65536 2 8 6.00 0.001 512 1.000000 18388.750 1.000000
COST 131072 2048 2 8 6.00 0.001 512 0.165475 1248.868 1.453352
COST 131072 4096 2 8 6.00 0.001 512 0.461394 3219.569 1.479964
COST 131072 8192 2 8 6.00 0.001 512 0.695493 5977.928 1.611510
COST 131072 16384 2 8 6.00 0.001 512 0.845646 8515.006 1.571654
COST 131072 32768 2 8 6.00 0.001 512 0.940342 10452.859 1.372856
COST 131072 65536 2 8 6.00 0.001 512 1.000000 11804.351 1.000000
COST 131072 2048 2 8 6.00 0.001 512 0.244680 1346.831 2.428198
COST 131072 4096 2 8 6.00 0.001 512 0.588141 3276.857 2.392468
COST 131072 8192 2 8 6.00 0.001 512 0.805819 5460.169 2.474676
COST 131072 16384 2 8 6.00 0.001 512 0.916724 6964.047 1.685059
COST 131072 32768 2 8 6.00 0.001 512 0.972240 7818.850 0.732539
COST 131072 65536 2 8 6.00 0.001 512 1.000000 8269.841 1.000000
COST 131072 2048 2 8 6.00 0.001 512 0.334152 1456.527 2.506100
COST 131072 4096 2 8 6.00 0.001 512 0.698534 3302.182 2.466159
COST 131072 8192 2 8 6.00 0.001 512 0.883560 4943.763 2.151037
COST 131072 16384 2 8 6.00 0.001 512 0.958440 5786.452 0.524759
COST 131072 32768 2 8 6.00 0.001 512 0.988192 6148.706 0.486263
COST 131072 65536 2 8 6.00 0.001 512 1.000000 6296.317 1.000000
COST 131072 2048 2 8 6.00 0.01 512 0.101363 1161.495 1.142598
COST 131072 4096 2 8 6.00 0.01 512 0.330517 3133.156 1.156386
COST 131072 8192 2 8 6.00 0.01 512 0.556820 6433.428 1.175995
COST 131072 16384 2 8 6.00 0.01 512 0.739558 10405.039 1.225644
COST 131072 32768 2 8 6.00 0.01 512 0.884753 14510.533 1.259490
COST 131072 65536 2 8 6.00 0.01 512 1.000000 18388.750 1.000000
COST 131072 2048 2 8 6.00 0.01 512 0.165475 1248.868 2.165064
COST 131072 4096 2 8 6.00 0.01 512 0.461394 3219.569 2.245897
COST 131072 8192 2 8 6.00 0.01 512 0.695493 5977.928 2.269153
COST 131072 16384 2 8 6.00 0.01 512 0.845646 8515.006 2.136943
COST 131072 32768 2 8 6.00 0.01 512 0.940342 10452.859 0.830895
COST 131072 65536 2 8 6.00 0.01 512 1.000000 11804.351 1.000000
COST 131072 2048 2 8 6.00 0.01 512 0.244680 1346.831 2.493358
COST 131072 4096 2 8 6.00 0.01 512 0.588141 3276.857 2.506638
COST 131072 8192 2 8 6.00 0.01 512 0.805819 5460.169 2.113032
COST 131072 16384 2 8 6.00 0.01 512 0.916724 6964.047 0.701115
COST 131072 32768 2 8 6.00 0.01 512 0.972240 7818.850 0.483827
COST 131072 65536 2 8 6.00 0.01 512 1.000000 8269.841 1.000000
COST 131072 2048 2 8 6.00 0.01 512 0.334152 1456.527 2.465553
COST 131072 4096 2 8 6.00 0.01 512 0.698534 3302.182 2.497800
COST 131072 8192 2 8 6.00 0.01 512 0.883560 4943.763 0.831342
COST 131072 16384 2 8 6.00 0.01 512 0.958440 5786.452 0.281959
COST 131072 32768 2 8 6.00 0.01 512 0.988192 6148.706 0.451306
COST 131072 65536 2 8 6.00 0.01 512 1.000000 6296.317 1.000000
COST 131072 2048 2 8 6.50 0.0001 512 0.101363 1161.495 0.797972
COST 131072 4096 2 8 6.50 0.0001 512 0.330517 3133.156 0.825225
COST 131072 8192 2 8 6.50 0.0001 512 0.556820 6433.428 0.828056
COST 131072 16384 2 8 6.50 0.0001 512 0.739558 10405.039 0.868708
COST 131072 32768 2 8 6.50 0.0001 512 0.884753 14510.533 0.938213
COST 131072 65536 2 8 6.50 0.0001 512 1.000000 18388.750 1.000000
COST 131072 2048 2 8 6.50 0.0001 512 0.165475 1248.868 1.979083
COST 131072 4096 2 8 6.50 0.0001 512 0.461394 3219.569 2.003783
COST 131072 8192 2 8 6.50 0.0001 512 0.695493 5977.928 2.077927
COST 131072 16384 2 8 6.50 0.0001 512 0.845646 8515.006 2.123411
COST 131072 32768 2 8 6.50 0.0001 512 0.940342 10452.859 1.530710
COST 131072 65536 2 8 6.50 0.0001 512 1.000000 11804.351 1.000000
COST 131072 2048 2 8 6.50 0.0001 512 0.244680 1346.831 2.597230
COST 131072 4096 2 8 6.50 0.0001 512 0.588141 3276.857 2.648567
COST 131072 8192 2 8 6.50 0.0001 512 0.805819 5460.169 2.656334
COST 131072 16384 2 8 6.50 0.0001 512 0.916724 6964.047 1.593745
COST 131072 32768 2 8 6.50 0.0001 512 0.972240 7818.850 0.599795
COST 131072 65536 2 8 6.50 0.0001 512 1.000000 8269.841 1.000000
COST 131072 2048 2 8 6.50 0.0001 512 0.334152 1456.527 2.528925
COST 131072 4096 2 8 6.50 0.0001 512 0.698534 3302.182 2.561762
COST 131072 8192 2 8 6.50 0.0001 512 0.883560 4943.763 1.838380
COST 131072 16384 2 8 6.50 0.0001 512 0.958440 5786.452 0.378988
COST 131072 32768 2 8 6.50 0.0001 512 0.988192 6148.706 0.430397
COST 131072 65536 2 8 6.50 0.0001 512 1.000000 6296.317 1.000000
COST 131072 2048 2 8 6.50 0.001 512 0.101363 1161.495 1.190952
COST 131072 4096 2 8 6.50 0.001 512 0.330517 3133.156 1.181121
COST 131072 8192 2 8 6.50 0.001 512 0.556820 6433.428 1.191214
COST 131072 16384 2 8 6.50 0.001 512 0.739558 10405.039 1.238626
COST 131072 32768 2 8 6.50 0.001 512 0.884753 14510.533 1.316108
COST 131072 65536 2 8 6.50 0.001 512 1.000000 18388.750 1.000000
COST 131072 2048 2 8 6.50 0.001 512 0.165475 1248.868 2.535933
COST 131072 4096 2 8 6.50 0.001 512 0.461394 3219.569 2.502178
COST 131072 8192 2 8 6.50 0.001 512 0.695493 5977.928 2.536080
COST 131072 16384 2 8 6.50 0.001 512 0.845646 8515.006 2.329670
COST 131072 32768 2 8 6.50 0.001 512 0.940342 10452.859 0.864990
COST 131072 65536 2 8 6.50 0.001 512 1.000000 11804.351 1.000000
COST 131072 2048 2 8 6.50 0.001 512 0.244680 1346.831 2.616722
COST 131072 4096 2 8 6.50 0.001 512 0.588141 3276.857 2.713927
COST 131072 8192 2 8 6.50 0.001 512 0.805819 5460.169 2.492832
COST 131072 16384 2 8 6.50 0.001 512 0.916724 6964.047 0.608178
COST 131072 32768 2 8 6.50 0.001 512 0.972240 7818.850 0.479648
COST 131072 65536 2 8 6.50 0.001 512 1.000000 8269.841 1.000000
COST 131072 2048 2 8 6.50 0.001 512 0.334152 1456.527 2.750862
COST 131072 4096 2 8 6.50 0.001 512 0.698534 3302.182 2.577825
COST 131072 8192 2 8 6.50 0.001 512 0.883560 4943.763 0.927289
COST 131072 16384 2 8 6.50 0.001 512 0.958440 5786.452 0.260353
COST 131072 32768 2 8 6.50 0.001 512 0.988192 6148.706 0.466557
COST 131072 65536 2 8 6.50 0.001 512 1.000000 6296.317 1.000000
COST 131072 2048 2 8 6.50 0.01 512 0.101363 1161.495 2.073029
COST 131072 4096 2 8 6.50 0.01 512 0.330517 3133.156 2.112087
COST 131072 8192 2 8 6.50 0.01 512 0.556820 6433.428 2.097565
COST 131072 16384 2 8 6.50 0.01 512 0.739558 10405.039 2.163405
COST 131072 32768 2 8 6.50 0.01 512 0.884753 14510.533 1.169216
COST 131072 65536 2 8 6.50 0.01 512 1.000000 18388.750 1.000000
COST 131072 2048 2 8 6.50 0.01 512 0.165475 1248.868 2.676156
COST 131072 4096 2 8 6.50 0.01 512 0.461394 3219.569 2.651305
COST 131072 8192 2 8 6.50 0.01 512 0.695493 5977.928 2.695466
COST 131072 16384 2 8 6.50 0.01 512 0.845646 8515.006 1.100921
COST 131072 32768 2 8 6.50 0.01 512 0.940342 10452.859 0.514853
COST 131072 65536 2 8 6.50 0.01 512 1.000000 11804.351 1.000000
COST 131072 2048 2 8 6.50 0.01 512 0.244680 1346.831 2.550484
COST 131072 4096 2 8 6.50 0.01 512 0.588141 3276.857 2.681777
COST 131072 8192 2 8 6.50 0.01 512 0.805819 5460.169 0.899294
COST 131072 16384 2 8 6.50 0.01 512 0.916724 6964.047 0.273117
COST 131072 32768 2 8 6.50 0.01 512 0.972240 7818.850 0.461353
COST 131072 65536 2 8 6.50 0.01 512 1.000000 8269.841 1.000000
COST 131072 2048 2 8 6.50 0.01 512 0.334152 1456.527 2.498099
COST 131072 4096 2 8 6.50 0.01 512 0.698534 3302.182 1.900331
COST 131072 8192 2 8 6.50 0.01 512 0.883560 4943.763 0.230998
COST 131072 16384 2 8 6.50 0.01 512 0.958440 5786.452 0.203171
COST 131072 32768 2 8 6.50 0.01 512 0.988192 6148.706 0.421378
COST 131072 65536 2 8 6.50 0.01 512 1.000000 6296.317 1.000000
COST 16384 256 2 8 5.00 0.0001 512 0.100931 144.827 0.646945
COST 16384 512 2 8 5.00 0.0001 512 0.330217 391.221 0.636971
COST 16384 1024 2 8 5.00 0.0001 512 0.556698 803.890 0.653646
COST 16384 2048 2 8 5.00 0.0001 512 0.739514 1300.471 0.719749
COST 16384 4096 2 8 5.00 0.0001 512 0.884740 1813.739 0.803887
COST 16384 8192 2 8 5.00 0.0001 512 1.000000 2298.558 1.000000
COST 16384 256 2 8 5.00 0.0001 512 0.164845 155.728 0.632418
COST 16384 512 2 8 5.00 0.0001 512 0.461047 402.049 0.637425
COST 16384 1024 2 8 5.00 0.0001 512 0.695380 747.028 0.651656
COST 16384 2048 2 8 5.00 0.0001 512 0.845613 1064.289 0.716102
COST 16384 4096 2 8 5.00 0.0001 512 0.940334 1306.576 0.790947
COST 16384 8192 2 8 5.00 0.0001 512 1.000000 1475.533 1.000000
COST 16384 256 2 8 5.00 0.0001 512 0.243860 167.954 1.018934
COST 16384 512 2 8 5.00 0.0001 512 0.587781 409.249 1.027786
COST 16384 1024 2 8 5.00 0.0001 512 0.805726 682.375 1.048474
COST 16384 2048 2 8 5.00 0.0001 512 0.916701 870.462 1.145701
COST 16384 4096 2 8 5.00 0.0001 512 0.972236 977.344 1.100622
COST 16384 8192 2 8 5.00 0.0001 512 1.000000 1033.727 1.000000
COST 16384 256 2 8 5.00 0.0001 512 0.333179 181.648 1.630885
COST 16384 512 2 8 5.00 0.0001 512 0.698196 412.464 1.652235
COST 16384 1024 2 8 5.00 0.0001 512 0.883490 617.877 1.671293
COST 16384 2048 2 8 5.00 0.0001 512 0.958427 723.286 1.490559
COST 16384 4096 2 8 5.00 0.0001 512 0.988190 768.584 0.859032
COST 16384 8192 2 8 5.00 0.0001 512 1.000000 787.039 1.000000
COST 16384 256 2 8 5.00 0.001 512 0.100931 144.827 0.641683
COST 16384 512 2 8 5.00 0.001 512 0.330217 391.221 0.650495
COST 16384 1024 2 8 5.00 0.001 512 0.556698 803.890 0.658704
COST 16384 2048 2 8 5.00 0.001 512 0.739514 1300.471 0.715606
COST 16384 4096 2 8 5.00 0.001 512 0.884740 1813.739 0.793633
COST 16384 8192 2 8 5.00 0.001 512 1.000000 2298.558 1.000000
COST 16384 256 2 8 5.00 0.001 512 0.164845 155.728 0.773014
COST 16384 512 2 8 5.00 0.001 512 0.461047 402.049 0.771174
COST 16384 1024 2 8 5.00 0.001 512 0.695380 747.028 0.798137
COST 16384 2048 2 8 5.00 0.001 512 0.845613 1064.289 0.863896
COST 16384 4096 2 8 5.00 0.001 512 0.940334 1306.576 0.921126
COST 16384 8192 2 8 5.00 0.001 512 1.000000 1475.533 1.000000
COST 16384 256 2 8 5.00 0.001 512 0.243860 167.954 1.466476
COST 16384 512 2 8 5.00 0.001 512 0.587781 409.249 1.481159
COST 16384 1024 2 8 5.00 0.001 512 0.805726 682.375 1.483461
COST 16384 2048 2 8 5.00 0.001 512 0.916701 870.462 1.511504
COST 16384 4096 2 8 5.00 0.001 512 0.972236 977.344 1.047535
COST 16384 8192 2 8 5.00 0.001 512 1.000000 1033.727 1.000000
COST 16384 256 2 8 5.00 0.001 512 0.333179 181.648 1.815668
COST 16384 512 2 8 5.00 0.001 512 0.698196 412.464 1.832962
COST 16384 1024 2 8 5.00 0.001 512 0.883490 617.877 1.756750
COST 16384 2048 2 8 5.00 0.001 512 0.958427 723.286 1.056372
COST 16384 4096 2 8 5.00 0.001 512 0.988190 768.584 0.705681
COST 16384 8192 2 8 5.00 0.001 512 1.000000 787.039 1.000000
COST 16384 256 2 8 5.00 0.01 512 0.100931 144.827 0.718228
COST 16384 512 2 8 5.00 0.01 512 0.330217 391.221 0.719374
COST 16384 1024 2 8 5.00 0.01 512 0.556698 803.890 0.736389
COST 16384 2048 2 8 5.00 0.01 512 0.739514 1300.471 0.787101
COST 16384 4096 2 8 5.00 0.01 512 0.884740 1813.739 0.865638
COST 16384 8192 2 8 5.00 0.01 512 1.000000 2298.558 1.000000
COST 16384 256 2 8 5.00 0.01 512 0.164845 155.728 1.200246
COST 16384 512 2 8 5.00 0.01 512 0.461047 402.049 1.226866
COST 16384 1024 2 8 5.00 0.01 512 0.695380 747.028 1.231564
COST 16384 2048 2 8 5.00 0.01 512 0.845613 1064.289 1.311122
COST 16384 4096 2 8 5.00 0.01 512 0.940334 1306.576 0.978718
COST 16384 8192 2 8 5.00 0.01 512 1.000000 1475.533 1.000000
COST 16384 256 2 8 5.00 0.01 512 0.243860 167.954 1.871287
COST 16384 512 2 8 5.00 0.01 512 0.587781 409.249 1.888596
COST 16384 1024 2 8 5.00 0.01 512 0.805726 682.375 1.789591
COST 16384 2048 2 8 5.00 0.01 512 0.916701 870.462 1.221612
COST 16384 4096 2 8 5.00 0.01 512 0.972236 977.344 0.771329
COST 16384 8192 2 8 5.00 0.01 512 1.000000 1033.727 1.000000
COST 16384 256 2 8 5.00 0.01 512 0.333179 181.648 2.032154
COST 16384 512 2 8 5.00 0.01 512 0.698196 412.464 2.044917
COST 16384 1024 2 8 5.00 0.01 512 0.883490 617.877 1.142891
COST 16384 2048 2 8 5.00 0.01 512 0.958427 723.286 0.551233
COST 16384 4096 2 8 5.00 0.01 512 0.988190 768.584 0.550056
COST 16384 8192 2 8 5.00 0.01 512 1.000000 787.039 1.000000
COST 16384 256 2 8 5.50 0.0001 512 0.100931 144.827 0.660396
COST 16384 512 2 8 5.50 0.0001 512 0.330217 391.221 0.671563
COST 16384 1024 2 8 5.50 0.0001 512 0.556698 803.890 0.680576
COST 16384 2048 2 8 5.50 0.0001 512 0.739514 1300.471 0.749585
COST 16384 4096 2 8 5.50 0.0001 512 0.884740 1813.739 0.843523
COST 16384 8192 2 8 5.50 0.0001 512 1.000000 2298.558 1.000000
COST 16384 256 2 8 5.50 0.0001 512 0.164845 155.728 0.968152
COST 16384 512 2 8 5.50 0.0001 512 0.461047 402.049 0.969836
COST 16384 1024 2 8 5.50 0.0001 512 0.695380 747.028 0.979210
COST 16384 2048 2 8 5.50 0.0001 512 0.845613 1064.289 1.073934
COST 16384 4096 2 8 5.50 0.0001 512 0.940334 1306.576 1.154510
COST 16384 8192 2 8 5.50 0.0001 512 1.000000 1475.533 1.000000
COST 16384 256 2 8 5.50 0.0001 512 0.243860 167.954 1.714443
COST 16384 512 2 8 5.50 0.0001 512 0.587781 409.249 1.735398
COST 16384 1024 2 8 5.50 0.0001 512 0.805726 682.375 1.760884
COST 16384 2048 2 8 5.50 0.0001 512 0.916701 870.462 1.678006
COST 16384 4096 2 8 5.50 0.0001 512 0.972236 977.344 0.940146
COST 16384 8192 2 8 5.50 0.0001 512 1.000000 1033.727 1.000000
COST 16384 256 2 8 5.50 0.0001 512 0.333179 181.648 2.052836
COST 16384 512 2 8 5.50 0.0001 512 0.698196 412.464 2.064252
COST 16384 1024 2 8 5.50 0.0001 512 0.883490 617.877 1.900779
COST 16384 2048 2 8 5.50 0.0001 512 0.958427 723.286 0.760740
COST 16384 4096 2 8 5.50 0.0001 512 0.988190 768.584 0.542576
COST 16384 8192 2 8 5.50 0.0001 512 1.000000 787.039 1.000000
COST 16384 256 2 8 5.50 0.001 512 0.100931 144.827 0.702075
COST 16384 512 2 8 5.50 0.001 512 0.330217 391.221 0.707076
COST 16384 1024 2 8 5.50 0.001 512 0.556698 803.890 0.720911
COST 16384 2048 2 8 5.50 0.001 512 0.739514 1300.471 0.778920
COST 16384 4096 2 8 5.50 0.001 512 0.884740 1813.739 0.866346
COST 16384 8192 2 8 5.50 0.001 512 1.000000 2298.558 1.000000
COST 16384 256 2 8 5.50 0.001 512 0.164845 155.728 1.421870
COST 16384 512 2 8 5.50 0.001 512 0.461047 402.049 1.437672
COST 16384 1024 2 8 5.50 0.001 512 0.695380 747.028 1.457419
COST 16384 2048 2 8 5.50 0.001 512 0.845613 1064.289 1.548728
COST 16384 4096 2 8 5.50 0.001 512 0.940334 1306.576 1.125212
COST 16384 8192 2 8 5.50 0.001 512 1.000000 1475.533 1.000000
COST 16384 256 2 8 5.50 0.001 512 0.243860 167.954 1.994522
COST 16384 512 2 8 5.50 0.001 512 0.587781 409.249 2.013398
COST 16384 1024 2 8 5.50 0.001 512 0.805726 682.375 1.975834
COST 16384 2048 2 8 5.50 0.001 512 0.916701 870.462 1.126164
COST 16384 4096 2 8 5.50 0.001 512 0.972236 977.344 0.656350
COST 16384 8192 2 8 5.50 0.001 512 1.000000 1033.727 1.000000
COST 16384 256 2 8 5.50 0.001 512 0.333179 181.648 2.116783
COST 16384 512 2 8 5.50 0.001 512 0.698196 412.464 2.148558
COST 16384 1024 2 8 5.50 0.001 512 0.883490 617.877 1.153013
COST 16384 2048 2 8 5.50 0.001 512 0.958427 723.286 0.475774
COST 16384 4096 2 8 5.50 0.001 512 0.988190 768.584 0.493159
COST 16384 8192 2 8 5.50 0.001 512 1.000000 787.039 1.000000
COST 16384 256 2 8 5.50 0.01 512 0.100931 144.827 1.137008
COST 16384 512 2 8 5.50 0.01 512 0.330217 391.221 1.151402
COST 16384 1024 2 8 5.50 0.01 512 0.556698 803.890 1.167208
COST 16384 2048 2 8 5.50 0.01 512 0.739514 1300.471 1.243693
COST 16384 4096 2 8 5.50 0.01 512 0.884740 1813.739 1.058457
COST 16384 8192 2 8 5.50 0.01 512 1.000000 2298.558 1.000000
COST 16384 256 2 8 5.50 0.01 512 0.164845 155.728 1.893119
COST 16384 512 2 8 5.50 0.01 512 0.461047 402.049 1.907241
COST 16384 1024 2 8 5.50 0.01 512 0.695380 747.028 1.911605
COST 16384 2048 2 8 5.50 0.01 512 0.845613 1064.289 1.422416
COST 16384 4096 2 8 5.50 0.01 512 0.940334 1306.576 0.710482
COST 16384 8192 2 8 5.50 0.01 512 1.000000 1475.533 1.000000
COST 16384 256 2 8 5.50 0.01 512 0.243860 167.954 2.110708
COST 16384 512 2 8 5.50 0.01 512 0.587781 409.249 2.139215
COST 16384 1024 2 8 5.50 0.01 512 0.805726 682.375 1.182243
COST 16384 2048 2 8 5.50 0.01 512 0.916701 870.462 0.529625
COST 16384 4096 2 8 5.50 0.01 512 0.972236 977.344 0.495298
COST 16384 8192 2 8 5.50 0.01 512 1.000000 1033.727 1.000000
COST 16384 256 2 8 5.50 0.01 512 0.333179 181.648 2.093694
COST 16384 512 2 8 5.50 0.01 512 0.698196 412.464 1.671172
COST 16384 1024 2 8 5.50 0.01 512 0.883490 617.877 0.341444
COST 16384 2048 2 8 5.50 0.01 512 0.958427 723.286 0.249856
COST 16384 4096 2 8 5.50 0.01 512 0.988190 768.584 0.474947
COST 16384 8192 2 8 5.50 0.01 512 1.000000 787.039 1.000000
COST 16384 256 2 8 6.00 0.0001 512 0.100931 144.827 0.800551
COST 16384 512 2 8 6.00 0.0001 512 0.330217 391.221 0.779199
COST 16384 1024 2 8 6.00 0.0001 512 0.556698 803.890 0.802635
COST 16384 2048 2 8 6.00 0.0001 512 0.739514 1300.471 0.888078
COST 16384 4096 2 8 6.00 0.0001 512 0.884740 1813.739 0.990851
COST 16384 8192 2 8 6.00 0.0001 512 1.000000 2298.558 1.000000
COST 16384 256 2 8 6.00 0.0001 512 0.164845 155.728 1.785500
COST 16384 512 2 8 6.00 0.0001 512 0.461047 402.049 1.811295
COST 16384 1024 2 8 6.00 0.0001 512 0.695380 747.028 1.843567
COST 16384 2048 2 8 6.00 0.0001 512 0.845613 1064.289 1.964732
COST 16384 4096 2 8 6.00 0.0001 512 0.940334 1306.576 1.208282
COST 16384 8192 2 8 6.00 0.0001 512 1.000000 1475.533 1.000000
COST 16384 256 2 8 6.00 0.0001 512 0.243860 167.954 2.088600
COST 16384 512 2 8 6.00 0.0001 512 0.587781 409.249 2.113886
COST 16384 1024 2 8 6.00 0.0001 512 0.805726 682.375 2.062131
COST 16384 2048 2 8 6.00 0.0001 512 0.916701 870.462 0.856104
COST 16384 4096 2 8 6.00 0.0001 512 0.972236 977.344 0.538372
COST 16384 8192 2 8 6.00 0.0001 512 1.000000 1033.727 1.000000
COST 16384 256 2 8 6.00 0.0001 512 0.333179 181.648 2.034070
COST 16384 512 2 8 6.00 0.0001 512 0.698196 412.464 2.273064
COST 16384 1024 2 8 6.00 0.0001 512 0.883490 617.877 0.943121
COST 16384 2048 2 8 6.00 0.0001 512 0.958427 723.286 0.307451
COST 16384 4096 2 8 6.00 0.0001 512 0.988190 768.584 0.452214
COST 16384 8192 2 8 6.00 0.0001 512 1.000000 787.039 1.000000
COST 16384 256 2 8 6.00 0.001 512 0.100931 144.827 1.200301
COST 16384 512 2 8 6.00 0.001 512 0.330217 391.221 1.213825
COST 16384 1024 2 8 6.00 0.001 512 0.556698 803.890 1.203428
COST 16384 2048 2 8 6.00 0.001 512 0.739514 1300.471 1.280655
COST 16384 4096 2 8 6.00 0.001 512 0.884740 1813.739 1.277317
COST 16384 8192 2 8 6.00 0.001 512 1.000000 2298.558 1.000000
COST 16384 256 2 8 6.00 0.001 512 0.164845 155.728 1.986872
COST 16384 512 2 8 6.00 0.001 512 0.461047 402.049 2.034964
COST 16384 1024 2 8 6.00 0.001 512 0.695380 747.028 2.061119
COST 16384 2048 2 8 6.00 0.001 512 0.845613 1064.289 1.538447
COST 16384 4096 2 8 6.00 0.001 512 0.940334 1306.576 0.725121
COST 16384 8192 2 8 6.00 0.001 512 1.000000 1475.533 1.000000
COST 16384 256 2 8 6.00 0.001 512 0.243860 167.954 2.062825
COST 16384 512 2 8 6.00 0.001 512 0.587781 409.249 2.104553
COST 16384 1024 2 8 6.00 0.001 512 0.805726 682.375 1.434824
COST 16384 2048 2 8 6.00 0.001 512 0.916701 870.462 0.458532
COST 16384 4096 2 8 6.00 0.001 512 0.972236 977.344 0.475631
COST 16384 8192 2 8 6.00 0.001 512 1.000000 1033.727 1.000000
COST 16384 256 2 8 6.00 0.001 512 0.333179 181.648 2.014908
COST 16384 512 2 8 6.00 0.001 512 0.698196 412.464 1.893247
COST 16384 1024 2 8 6.00 0.001 512 0.883490 617.877 0.315649
COST 16384 2048 2 8 6.00 0.001 512 0.958427 723.286 0.222553
COST 16384 4096 2 8 6.00 0.001 512 0.988190 768.584 0.444755
COST 16384 8192 2 8 6.00 0.001 512 1.000000 787.039 1.000000
COST 16384 256 2 8 6.00 0.01 512 0.100931 144.827 1.931639
COST 16384 512 2 8 6.00 0.01 512 0.330217 391.221 1.920045
COST 16384 1024 2 8 6.00 0.01 512 0.556698 803.890 1.946317
COST 16384 2048 2 8 6.00 0.01 512 0.739514 1300.471 1.841738
COST 16384 4096 2 8 6.00 0.01 512 0.884740 1813.739 0.906750
COST 16384 8192 2 8 6.00 0.01 512 1.000000 2298.558 1.000000
COST 16384 256 2 8 6.00 0.01 512 0.164845 155.728 2.005519
COST 16384 512 2 8 6.00 0.01 512 0.461047 402.049 2.055921
COST 16384 1024 2 8 6.00 0.01 512 0.695380 747.028 1.636099
COST 16384 2048 2 8 6.00 0.01 512 0.845613 1064.289 0.628403
COST 16384 4096 2 8 6.00 0.01 512 0.940334 1306.576 0.479601
COST 16384 8192 2 8 6.00 0.01 512 1.000000 1475.533 1.000000
COST 16384 256 2 8 6.00 0.01 512 0.243860 167.954 1.974398
COST 16384 512 2 8 6.00 0.01 512 0.587781 409.249 1.774743
COST 16384 1024 2 8 6.00 0.01 512 0.805726 682.375 0.353549
COST 16384 2048 2 8 6.00 0.01 512 0.916701 870.462 0.244341
COST 16384 4096 2 8 6.00 0.01 512 0.972236 977.344 0.436101
COST 16384 8192 2 8 6.00 0.01 512 1.000000 1033.727 1.000000
COST 16384 256 2 8 6.00 0.01 512 0.333179 181.648 2.025255
COST 16384 512 2 8 6.00 0.01 512 0.698196 412.464 0.809326
COST 16384 1024 2 8 6.00 0.01 512 0.883490 617.877 0.111482
COST 16384 2048 2 8 6.00 0.01 512 0.958427 723.286 0.213418
COST 16384 4096 2 8 6.00 0.01 512 0.988190 768.584 0.445944
COST 16384 8192 2 8 6.00 0.01 512 1.000000 787.039 1.000000
COST 16384 256 2 8 6.50 0.0001 512 0.100931 144.827 1.434992
COST 16384 512 2 8 6.50 0.0001 512 0.330217 391.221 1.450056
COST 16384 1024 2 8 6.50 0.0001 512 0.556698 803.890 1.479503
COST 16384 2048 2 8 6.50 0.0001 512 0.739514 1300.471 1.598975
COST 16384 4096 2 8 6.50 0.0001 512 0.884740 1813.739 1.537281
COST 16384 8192 2 8 6.50 0.0001 512 1.000000 2298.558 1.000000
COST 16384 256 2 8 6.50 0.0001 512 0.164845 155.728 2.010565
COST 16384 512 2 8 6.50 0.0001 512 0.461047 402.049 2.026630
COST 16384 1024 2 8 6.50 0.0001 512 0.695380 747.028 2.058500
COST 16384 2048 2 8 6.50 0.0001 512 0.845613 1064.289 1.495771
COST 16384 4096 2 8 6.50 0.0001 512 0.940334 1306.576 0.640738
COST 16384 8192 2 8 6.50 0.0001 512 1.000000 1475.533 1.000000
COST 16384 256 2 8 6.50 0.0001 512 0.243860 167.954 2.003537
COST 16384 512 2 8 6.50 0.0001 512 0.587781 409.249 2.024163
COST 16384 1024 2 8 6.50 0.0001 512 0.805726 682.375 1.274952
COST 16384 2048 2 8 6.50 0.0001 512 0.916701 870.462 0.365801
COST 16384 4096 2 8 6.50 0.0001 512 0.972236 977.344 0.456452
COST 16384 8192 2 8 6.50 0.0001 512 1.000000 1033.727 1.000000
COST 16384 256 2 8 6.50 0.0001 512 0.333179 181.648 2.133926
COST 16384 512 2 8 6.50 0.0001 512 0.698196 412.464 2.006907
COST 16384 1024 2 8 6.50 0.0001 512 0.883490 617.877 0.274714
COST 16384 2048 2 8 6.50 0.0001 512 0.958427 723.286 0.233571
COST 16384 4096 2 8 6.50 0.0001 512 0.988190 768.584 0.469096
COST 16384 8192 2 8 6.50 0.0001 512 1.000000 787.039 1.000000
COST 16384 256 2 8 6.50 0.001 512 0.100931 144.827 1.934494
COST 16384 512 2 8 6.50 0.001 512 0.330217 391.221 1.929918
COST 16384 1024 2 8 6.50 0.001 512 0.556698 803.890 2.001505
COST 16384 2048 2 8 6.50 0.001 512 0.739514 1300.471 2.041294
COST 16384 4096 2 8 6.50 0.001 512 0.884740 1813.739 1.127524
COST 16384 8192 2 8 6.50 0.001 512 1.000000 2298.558 1.000000
COST 16384 256 2 8 6.50 0.001 512 0.164845 155.728 2.039267
COST 16384 512 2 8 6.50 0.001 512 0.461047 402.049 2.067505
COST 16384 1024 2 8 6.50 0.001 512 0.695380 747.028 1.892964
COST 16384 2048 2 8 6.50 0.001 512 0.845613 1064.289 0.682856
COST 16384 4096 2 8 6.50 0.001 512 0.940334 1306.576 0.481468
COST 16384 8192 2 8 6.50 0.001 512 1.000000 1475.533 1.000000
COST 16384 256 2 8 6.50 0.001 512 0.243860 167.954 2.077508
COST 16384 512 2 8 6.50 0.001 512 0.587781 409.249 2.044264
COST 16384 1024 2 8 6.50 0.001 512 0.805726 682.375 0.529698
COST 16384 2048 2 8 6.50 0.001 512 0.916701 870.462 0.233077
COST 16384 4096 2 8 6.50 0.001 512 0.972236 977.344 0.457551
COST 16384 8192 2 8 6.50 0.001 512 1.000000 1033.727 1.000000
COST 16384 256 2 8 6.50 0.001 512 0.333179 181.648 2.087663
COST 16384 512 2 8 6.50 0.001 512 0.698196 412.464 1.175061
COST 16384 1024 2 8 6.50 0.001 512 0.883490 617.877 0.120828
COST 16384 2048 2 8 6.50 0.001 512 0.958427 723.286 0.225812
COST 16384 4096 2 8 6.50 0.001 512 0.988190 768.584 0.464308
COST 16384 8192 2 8 6.50 0.001 512 1.000000 787.039 1.000000
COST 16384 256 2 8 6.50 0.01 512 0.100931 144.827 2.093895
COST 16384 512 2 8 6.50 0.01 512 0.330217 391.221 2.123680
COST 16384 1024 2 8 6.50 0.01 512 0.556698 803.890 2.116153
COST 16384 2048 2 8 6.50 0.01 512 0.739514 1300.471 1.093941
COST 16384 4096 2 8 6.50 0.01 512 0.884740 1813.739 0.559547
COST 16384 8192 2 8 6.50 0.01 512 1.000000 2298.558 1.000000
COST 16384 256 2 8 6.50 0.01 512 0.164845 155.728 2.120642
COST 16384 512 2 8 6.50 0.01 512 0.461047 402.049 2.104833
COST 16384 1024 2 8 6.50 0.01 512 0.695380 747.028 0.727524
COST 16384 2048 2 8 6.50 0.01 512 0.845613 1064.289 0.308845
COST 16384 4096 2 8 6.50 0.01 512 0.940334 1306.576 0.454444
COST 16384 8192 2 8 6.50 0.01 512 1.000000 1475.533 1.000000
COST 16384 256 2 8 6.50 0.01 512 0.243860 167.954 2.094952
COST 16384 512 2 8 6.50 0.01 512 0.587781 409.249 1.132505
COST 16384 1024 2 8 6.50 0.01 512 0.805726 682.375 0.140699
COST 16384 2048 2 8 6.50 0.01 512 0.916701 870.462 0.229295
COST 16384 4096 2 8 6.50 0.01 512 0.972236 977.344 0.463257
COST 16384 8192 2 8 6.50 0.01 512 1.000000 1033.727 1.000000
COST 16384 256 2 8 6.50 0.01 512 0.333179 181.648 2.116329
COST 16384 512 2 8 6.50 0.01 512 0.698196 412.464 0.298234
COST 16384 1024 2 8 6.50 0.01 512 0.883490 617.877 0.077154
COST 16384 2048 2 8 6.50 0.01 512 0.958427 723.286 0.229545
COST 16384 4096 2 8 6.50 0.01 512 0.988190 768.584 0.472416
COST 16384 8192 2 8 6.50 0.01 512 1.000000 787.039 1.000000
COST 2048 256 2 8 5.00 0.0001 512 0.739159 162.400 0.850638
COST 2048 512 2 8 5.00 0.0001 512 0.884636 226.640 0.902484
COST 2048 1024 2 8 5.00 0.0001 512 1.000000 287.284 1.000000
COST 2048 256 2 8 5.00 0.0001 512 0.845345 132.949 1.688034
COST 2048 512 2 8 5.00 0.0001 512 0.940269 163.291 1.369058
COST 2048 1024 2 8 5.00 0.0001 512 1.000000 184.431 1.000000
COST 2048 256 2 8 5.00 0.0001 512 0.916522 108.764 1.770626
COST 2048 512 2 8 5.00 0.0001 512 0.972200 122.156 0.901806
COST 2048 1024 2 8 5.00 0.0001 512 1.000000 129.213 1.000000
COST 2048 256 2 8 5.00 0.0001 512 0.958318 90.389 0.776449
COST 2048 512 2 8 5.00 0.0001 512 0.988172 96.068 0.573138
COST 2048 1024 2 8 5.00 0.0001 512 1.000000 98.379 1.000000
COST 2048 256 2 8 5.00 0.001 512 0.739159 162.400 1.093499
COST 2048 512 2 8 5.00 0.001 512 0.884636 226.640 1.106174
COST 2048 1024 2 8 5.00 0.001 512 1.000000 287.284 1.000000
COST 2048 256 2 8 5.00 0.001 512 0.845345 132.949 1.689113
COST 2048 512 2 8 5.00 0.001 512 0.940269 163.291 0.966087
COST 2048 1024 2 8 5.00 0.001 512 1.000000 184.431 1.000000
COST 2048 256 2 8 5.00 0.001 512 0.916522 108.764 1.017718
COST 2048 512 2 8 5.00 0.001 512 0.972200 122.156 0.654133
COST 2048 1024 2 8 5.00 0.001 512 1.000000 129.213 1.000000
COST 2048 256 2 8 5.00 0.001 512 0.958318 90.389 0.454667
COST 2048 512 2 8 5.00 0.001 512 0.988172 96.068 0.499805
COST 2048 1024 2 8 5.00 0.001 512 1.000000 98.379 1.000000
COST 2048 256 2 8 5.00 0.01 512 0.739159 162.400 1.631399
COST 2048 512 2 8 5.00 0.01 512 0.884636 226.640 0.938481
COST 2048 1024 2 8 5.00 0.01 512 1.000000 287.284 1.000000
COST 2048 256 2 8 5.00 0.01 512 0.845345 132.949 1.115041
COST 2048 512 2 8 5.00 0.01 512 0.940269 163.291 0.596767
COST 2048 1024 2 8 5.00 0.01 512 1.000000 184.431 1.000000
COST 2048 256 2 8 5.00 0.01 512 0.916522 108.764 0.504696
COST 2048 512 2 8 5.00 0.01 512 0.972200 122.156 0.514220
COST 2048 1024 2 8 5.00 0.01 512 1.000000 129.213 1.000000
COST 2048 256 2 8 5.00 0.01 512 0.958318 90.389 0.234989
COST 2048 512 2 8 5.00 0.01 512 0.988172 96.068 0.472198
COST 2048 1024 2 8 5.00 0.01 512 1.000000 98.379 1.000000
COST 2048 256 2 8 5.50 0.0001 512 0.739159 162.400 1.448609
COST 2048 512 2 8 5.50 0.0001 512 0.884636 226.640 1.375176
COST 2048 1024 2 8 5.50 0.0001 512 1.000000 287.284 1.000000
COST 2048 256 2 8 5.50 0.0001 512 0.845345 132.949 2.146648
COST 2048 512 2 8 5.50 0.0001 512 0.940269 163.291 1.096071
COST 2048 1024 2 8 5.50 0.0001 512 1.000000 184.431 1.000000
COST 2048 256 2 8 5.50 0.0001 512 0.916522 108.764 0.853954
COST 2048 512 2 8 5.50 0.0001 512 0.972200 122.156 0.553831
COST 2048 1024 2 8 5.50 0.0001 512 1.000000 129.213 1.000000
COST 2048 256 2 8 5.50 0.0001 512 0.958318 90.389 0.261659
COST 2048 512 2 8 5.50 0.0001 512 0.988172 96.068 0.476390
COST 2048 1024 2 8 5.50 0.0001 512 1.000000 98.379 1.000000
COST 2048 256 2 8 5.50 0.001 512 0.739159 162.400 1.918882
COST 2048 512 2 8 5.50 0.001 512 0.884636 226.640 1.297707
COST 2048 1024 2 8 5.50 0.001 512 1.000000 287.284 1.000000
COST 2048 256 2 8 5.50 0.001 512 0.845345 132.949 1.392527
COST 2048 512 2 8 5.50 0.001 512 0.940269 163.291 0.726298
COST 2048 1024 2 8 5.50 0.001 512 1.000000 184.431 1.000000
COST 2048 256 2 8 5.50 0.001 512 0.916522 108.764 0.464149
COST 2048 512 2 8 5.50 0.001 512 0.972200 122.156 0.523482
COST 2048 1024 2 8 5.50 0.001 512 1.000000 129.213 1.000000
COST 2048 256 2 8 5.50 0.001 512 0.958318 90.389 0.242661
COST 2048 512 2 8 5.50 0.001 512 0.988172 96.068 0.471330
COST 2048 1024 2 8 5.50 0.001 512 1.000000 98.379 1.000000
COST 2048 256 2 8 5.50 0.01 512 0.739159 162.400 1.585042
COST 2048 512 2 8 5.50 0.01 512 0.884636 226.640 0.755644
COST 2048 1024 2 8 5.50 0.01 512 1.000000 287.284 1.000000
COST 2048 256 2 8 5.50 0.01 512 0.845345 132.949 0.588903
COST 2048 512 2 8 5.50 0.01 512 0.940269 163.291 0.530305
COST 2048 1024 2 8 5.50 0.01 512 1.000000 184.431 1.000000
COST 2048 256 2 8 5.50 0.01 512 0.916522 108.764 0.245998
COST 2048 512 2 8 5.50 0.01 512 0.972200 122.156 0.467428
COST 2048 1024 2 8 5.50 0.01 512 1.000000 129.213 1.000000
COST 2048 256 2 8 5.50 0.01 512 0.958318 90.389 0.211982
COST 2048 512 2 8 5.50 0.01 512 0.988172 96.068 0.456445
COST 2048 1024 2 8 5.50 0.01 512 1.000000 98.379 1.000000
COST 2048 256 2 8 6.00 0.0001 512 0.739159 162.400 2.331440
COST 2048 512 2 8 6.00 0.0001 512 0.884636 226.640 1.496060
COST 2048 1024 2 8 6.00 0.0001 512 1.000000 287.284 1.000000
COST 2048 256 2 8 6.00 0.0001 512 0.845345 132.949 1.309308
COST 2048 512 2 8 6.00 0.0001 512 0.940269 163.291 0.727331
COST 2048 1024 2 8 6.00 0.0001 512 1.000000 184.431 1.000000
COST 2048 256 2 8 6.00 0.0001 512 0.916522 108.764 0.381560
COST 2048 512 2 8 6.00 0.0001 512 0.972200 122.156 0.500788
COST 2048 1024 2 8 6.00 0.0001 512 1.000000 129.213 1.000000
COST 2048 256 2 8 6.00 0.0001 512 0.958318 90.389 0.228255
COST 2048 512 2 8 6.00 0.0001 512 0.988172 96.068 0.480507
COST 2048 1024 2 8 6.00 0.0001 512 1.000000 98.379 1.000000
COST 2048 256 2 8 6.00 0.001 512 0.739159 162.400 1.644862
COST 2048 512 2 8 6.00 0.001 512 0.884636 226.640 0.856383
COST 2048 1024 2 8 6.00 0.001 512 1.000000 287.284 1.000000
COST 2048 256 2 8 6.00 0.001 512 0.845345 132.949 0.628228
COST 2048 512 2 8 6.00 0.001 512 0.940269 163.291 0.534298
COST 2048 1024 2 8 6.00 0.001 512 1.000000 184.431 1.000000
COST 2048 256 2 8 6.00 0.001 512 0.916522 108.764 0.248779
COST 2048 512 2 8 6.00 0.001 512 0.972200 122.156 0.484264
COST 2048 1024 2 8 6.00 0.001 512 1.000000 129.213 1.000000
COST 2048 256 2 8 6.00 0.001 512 0.958318 90.389 0.214010
COST 2048 512 2 8 6.00 0.001 512 0.988172 96.068 0.474020
COST 2048 1024 2 8 6.00 0.001 512 1.000000 98.379 1.000000
COST 2048 256 2 8 6.00 0.01 512 0.739159 162.400 0.771914
COST 2048 512 2 8 6.00 0.01 512 0.884636 226.640 0.513579
COST 2048 1024 2 8 6.00 0.01 512 1.000000 287.284 1.000000
COST 2048 256 2 8 6.00 0.01 512 0.845345 132.949 0.300993
COST 2048 512 2 8 6.00 0.01 512 0.940269 163.291 0.485701
COST 2048 1024 2 8 6.00 0.01 512 1.000000 184.431 1.000000
COST 2048 256 2 8 6.00 0.01 512 0.916522 108.764 0.212835
COST 2048 512 2 8 6.00 0.01 512 0.972200 122.156 0.491613
COST 2048 1024 2 8 6.00 0.01 512 1.000000 129.213 1.000000
COST 2048 256 2 8 6.00 0.01 512 0.958318 90.389 0.213655
COST 2048 512 2 8 6.00 0.01 512 0.988172 96.068 0.464653
COST 2048 1024 2 8 6.00 0.01 512 1.000000 98.379 1.000000
COST 2048 256 2 8 6.50 0.0001 512 0.739159 162.400 2.051872
COST 2048 512 2 8 6.50 0.0001 512 0.884636 226.640 0.951600
COST 2048 1024 2 8 6.50 0.0001 512 1.000000 287.284 1.000000
COST 2048 256 2 8 6.50 0.0001 512 0.845345 132.949 0.594487
COST 2048 512 2 8 6.50 0.0001 512 0.940269 163.291 0.534512
COST 2048 1024 2 8 6.50 0.0001 512 1.000000 184.431 1.000000
COST 2048 256 2 8 6.50 0.0001 512 0.916522 108.764 0.216557
COST 2048 512 2 8 6.50 0.0001 512 0.972200 122.156 0.470084
COST 2048 1024 2 8 6.50 0.0001 512 1.000000 129.213 1.000000
COST 2048 256 2 8 6.50 0.0001 512 0.958318 90.389 0.201037
COST 2048 512 2 8 6.50 0.0001 512 0.988172 96.068 0.432461
COST 2048 1024 2 8 6.50 0.0001 512 1.000000 98.379 1.000000
COST 2048 256 2 8 6.50 0.001 512 0.739159 162.400 1.015190
COST 2048 512 2 8 6.50 0.001 512 0.884636 226.640 0.620543
COST 2048 1024 2 8 6.50 0.001 512 1.000000 287.284 1.000000
COST 2048 256 2 8 6.50 0.001 512 0.845345 132.949 0.325978
COST 2048 512 2 8 6.50 0.001 512 0.940269 163.291 0.489074
COST 2048 1024 2 8 6.50 0.001 512 1.000000 184.431 1.000000
COST 2048 256 2 8 6.50 0.001 512 0.916522 108.764 0.216347
COST 2048 512 2 8 6.50 0.001 512 0.972200 122.156 0.468891
COST 2048 1024 2 8 6.50 0.001 512 1.000000 129.213 1.000000
COST 2048 256 2 8 6.50 0.001 512 0.958318 90.389 0.219797
COST 2048 512 2 8 6.50 0.001 512 0.988172 96.068 0.500716
COST 2048 1024 2 8 6.50 0.001 512 1.000000 98.379 1.000000
COST 2048 256 2 8 6.50 0.01 512 0.739159 162.400 0.407974
COST 2048 512 2 8 6.50 0.01 512 0.884636 226.640 0.489498
COST 2048 1024 2 8 6.50 0.01 512 1.000000 287.284 1.000000
COST 2048 256 2 8 6.50 0.01 512 0.845345 132.949 0.217586
COST 2048 512 2 8 6.50 0.01 512 0.940269 163.291 0.503321
COST 2048 1024 2 8 6.50 0.01 512 1.000000 184.431 1.000000
COST 2048 256 2 8 6.50 0.01 512 0.916522 108.764 0.211713
COST 2048 512 2 8 6.50 0.01 512 0.972200 122.156 0.464369
COST 2048 1024 2 8 6.50 0.01 512 1.000000 129.213 1.000000
COST 2048 256 2 8 6.50 0.01 512 0.958318 90.389 0.231217
COST 2048 512 2 8 6.50 0.01 512 0.988172 96.068 0.514919
COST 2048 1024 2 8 6.50 0.01 512 1.000000 98.379 1.000000
COST 262144 4096 2 8 5.00 0.0001 512 0.101394 2323.402 0.701214
COST 262144 8192 2 8 5.00 0.0001 512 0.330538 6266.795 0.727923
COST 262144 16384 2 8 5.00 0.0001 512 0.556828 12867.185 0.746049
COST 262144 32768 2 8 5.00 0.0001 512 0.739561 20810.259 0.754352
COST 262144 65536 2 8 5.00 0.0001 512 0.884754 29021.154 0.833253
COST 262144 131072 2 8 5.00 0.0001 512 1.000000 36777.540 1.000000
COST 262144 4096 2 8 5.00 0.0001 512 0.165520 2498.171 0.733922
COST 262144 8192 2 8 5.00 0.0001 512 0.461419 6439.591 0.726914
COST 262144 16384 2 8 5.00 0.0001 512 0.695501 11956.100 0.765933
COST 262144 32768 2 8 5.00 0.0001 512 0.845648 17030.111 0.777419
COST 262144 65536 2 8 5.00 0.0001 512 0.940343 20905.755 0.893146
COST 262144 131072 2 8 5.00 0.0001 512 1.000000 23608.714 1.000000
COST 262144 4096 2 8 5.00 0.0001 512 0.244739 2694.120 0.695594
COST 262144 8192 2 8 5.00 0.0001 512 0.588167 6554.123 0.714960
COST 262144 16384 2 8 5.00 0.0001 512 0.805826 10920.503 0.739752
COST 262144 32768 2 8 5.00 0.0001 512 0.916725 13928.144 0.782393
COST 262144 65536 2 8 5.00 0.0001 512 0.972241 15637.714 0.838162
COST 262144 131072 2 8 5.00 0.0001 512 1.000000 16539.686 1.000000
COST 262144 4096 2 8 5.00 0.0001 512 0.334221 2913.531 0.763266
COST 262144 8192 2 8 5.00 0.0001 512 0.698559 6604.717 0.745682
COST 262144 16384 2 8 5.00 0.0001 512 0.883565 9887.633 0.763543
COST 262144 32768 2 8 5.00 0.0001 512 0.958441 11572.928 0.803641
COST 262144 65536 2 8 5.00 0.0001 512 0.988192 12297.418 0.860007
COST 262144 131072 2 8 5.00 0.0001 512 1.000000 12592.634 1.000000
COST 262144 4096 2 8 5.00 0.001 512 0.101394 2323.402 0.720646
COST 262144 8192 2 8 5.00 0.001 512 0.330538 6266.795 0.704261
COST 262144 16384 2 8 5.00 0.001 512 0.556828 12867.185 0.747048
COST 262144 32768 2 8 5.00 0.001 512 0.739561 20810.259 0.791416
COST 262144 65536 2 8 5.00 0.001 512 0.884754 29021.154 0.874392
COST 262144 131072 2 8 5.00 0.001 512 1.000000 36777.540 1.000000
COST 262144 4096 2 8 5.00 0.001 512 0.165520 2498.171 0.693914
COST 262144 8192 2 8 5.00 0.001 512 0.461419 6439.591 0.712160
COST 262144 16384 2 8 5.00 0.001 512 0.695501 11956.100 0.722784
COST 262144 32768 2 8 5.00 0.001 512 0.845648 17030.111 0.759477
COST 262144 65536 2 8 5.00 0.001 512 0.940343 20905.755 0.903207
COST 262144 131072 2 8 5.00 0.001 512 1.000000 23608.714 1.000000
COST 262144 4096 2 8 5.00 0.001 512 0.244739 2694.120 0.720799
COST 262144 8192 2 8 5.00 0.001 512 0.588167 6554.123 0.752477
COST 262144 16384 2 8 5.00 0.001 512 0.805826 10920.503 0.742207
COST 262144 32768 2 8 5.00 0.001 512 0.916725 13928.144 0.776464
COST 262144 65536 2 8 5.00 0.001 512 0.972241 15637.714 0.852801
COST 262144 131072 2 8 5.00 0.001 512 1.000000 16539.686 1.000000
COST 262144 4096 2 8 5.00 0.001 512 0.334221 2913.531 0.843468
COST 262144 8192 2 8 5.00 0.001 512 0.698559 6604.717 0.850722
COST 262144 16384 2 8 5.00 0.001 512 0.883565 9887.633 0.862313
COST 262144 32768 2 8 5.00 0.001 512 0.958441 11572.928 0.924325
COST 262144 65536 2 8 5.00 0.001 512 0.988192 12297.418 0.957518
COST 262144 131072 2 8 5.00 0.001 512 1.000000 12592.634 1.000000
COST 262144 4096 2 8 5.00 0.01 512 0.101394 2323.402 0.703435
COST 262144 8192 2 8 5.00 0.01 512 0.330538 6266.795 0.749990
COST 262144 16384 2 8 5.00 0.01 512 0.556828 12867.185 0.758656
COST 262144 32768 2 8 5.00 0.01 512 0.739561 20810.259 0.785036
COST 262144 65536 2 8 5.00 0.01 512 0.884754 29021.154 0.842396
COST 262144 131072 2 8 5.00 0.01 512 1.000000 36777.540 1.000000
COST 262144 4096 2 8 5.00 0.01 512 0.165520 2498.171 0.719825
COST 262144 8192 2 8 5.00 0.01 512 0.461419 6439.591 0.770274
COST 262144 16384 2 8 5.00 0.01 512 0.695501 11956.100 0.728070
COST 262144 32768 2 8 5.00 0.01 512 0.845648 17030.111 0.763291
COST 262144 65536 2 8 5.00 0.01 512 0.940343 20905.755 0.866588
COST 262144 131072 2 8 5.00 0.01 512 1.000000 23608.714 1.000000
COST 262144 4096 2 8 5.00 0.01 512 0.244739 2694.120 0.772800
COST 262144 8192 2 8 5.00 0.01 512 0.588167 6554.123 0.815700
COST 262144 16384 2 8 5.00 0.01 512 0.805826 10920.503 0.836900
COST 262144 32768 2 8 5.00 0.01 512 0.916725 13928.144 0.866165
COST 262144 65536 2 8 5.00 0.01 512 0.972241 15637.714 0.921519
COST 262144 131072 2 8 5.00 0.01 512 1.000000 16539.686 1.000000
COST 262144 4096 2 8 5.00 0.01 512 0.334221 2913.531 1.101760
COST 262144 8192 2 8 5.00 0.01 512 0.698559 6604.717 1.108605
COST 262144 16384 2 8 5.00 0.01 512 0.883565 9887.633 1.122506
COST 262144 32768 2 8 5.00 0.01 512 0.958441 11572.928 1.152695
COST 262144 65536 2 8 5.00 0.01 512 0.988192 12297.418 0.976478
COST 262144 131072 2 8 5.00 0.01 512 1.000000 12592.634 1.000000
COST 262144 4096 2 8 5.50 0.0001 512 0.101394 2323.402 0.707144
COST 262144 8192 2 8 5.50 0.0001 512 0.330538 6266.795 0.727876
COST 262144 16384 2 8 5.50 0.0001 512 0.556828 12867.185 0.726917
COST 262144 32768 2 8 5.50 0.0001 512 0.739561 20810.259 0.781332
COST 262144 65536 2 8 5.50 0.0001 512 0.884754 29021.154 0.842313
COST 262144 131072 2 8 5.50 0.0001 512 1.000000 36777.540 1.000000
COST 262144 4096 2 8 5.50 0.0001 512 0.165520 2498.171 0.718074
COST 262144 8192 2 8 5.50 0.0001 512 0.461419 6439.591 0.718375
COST 262144 16384 2 8 5.50 0.0001 512 0.695501 11956.100 0.729125
COST 262144 32768 2 8 5.50 0.0001 512 0.845648 17030.111 0.753549
COST 262144 65536 2 8 5.50 0.0001 512 0.940343 20905.755 0.850017
COST 262144 131072 2 8 5.50 0.0001 512 1.000000 23608.714 1.000000
COST 262144 4096 2 8 5.50 0.0001 512 0.244739 2694.120 0.785230
COST 262144 8192 2 8 5.50 0.0001 512 0.588167 6554.123 0.798572
COST 262144 16384 2 8 5.50 0.0001 512 0.805826 10920.503 0.809792
COST 262144 32768 2 8 5.50 0.0001 512 0.916725 13928.144 0.833305
COST 262144 65536 2 8 5.50 0.0001 512 0.972241 15637.714 0.927338
COST 262144 131072 2 8 5.50 0.0001 512 1.000000 16539.686 1.000000
COST 262144 4096 2 8 5.50 0.0001 512 0.334221 2913.531 1.527143
COST 262144 8192 2 8 5.50 0.0001 512 0.698559 6604.717 1.494540
COST 262144 16384 2 8 5.50 0.0001 512 0.883565 9887.633 1.542204
COST 262144 32768 2 8 5.50 0.0001 512 0.958441 11572.928 1.605424
COST 262144 65536 2 8 5.50 0.0001 512 0.988192 12297.418 1.271478
COST 262144 131072 2 8 5.50 0.0001 512 1.000000 12592.634 1.000000
COST 262144 4096 2 8 5.50 0.001 512 0.101394 2323.402 0.717147
COST 262144 8192 2 8 5.50 0.001 512 0.330538 6266.795 0.723683
COST 262144 16384 2 8 5.50 0.001 512 0.556828 12867.185 0.728205
COST 262144 32768 2 8 5.50 0.001 512 0.739561 20810.259 0.797113
COST 262144 65536 2 8 5.50 0.001 512 0.884754 29021.154 0.852383
COST 262144 131072 2 8 5.50 0.001 512 1.000000 36777.540 1.000000
COST 262144 4096 2 8 5.50 0.001 512 0.165520 2498.171 0.684880
COST 262144 8192 2 8 5.50 0.001 512 0.461419 6439.591 0.711678
COST 262144 16384 2 8 5.50 0.001 512 0.695501 11956.100 0.766232
COST 262144 32768 2 8 5.50 0.001 512 0.845648 17030.111 0.752206
COST 262144 65536 2 8 5.50 0.001 512 0.940343 20905.755 0.836470
COST 262144 131072 2 8 5.50 0.001 512 1.000000 23608.714 1.000000
COST 262144 4096 2 8 5.50 0.001 512 0.244739 2694.120 1.100241
COST 262144 8192 2 8 5.50 0.001 512 0.588167 6554.123 1.148391
COST 262144 16384 2 8 5.50 0.001 512 0.805826 10920.503 1.133310
COST 262144 32768 2 8 5.50 0.001 512 0.916725 13928.144 1.171514
COST 262144 65536 2 8 5.50 0.001 512 0.972241 15637.714 1.194427
COST 262144 131072 2 8 5.50 0.001 512 1.000000 16539.686 1.000000
COST 262144 4096 2 8 5.50 0.001 512 0.334221 2913.531 1.782178
COST 262144 8192 2 8 5.50 0.001 512 0.698559 6604.717 1.794872
COST 262144 16384 2 8 5.50 0.001 512 0.883565 9887.633 1.846218
COST 262144 32768 2 8 5.50 0.001 512 0.958441 11572.928 1.704408
COST 262144 65536 2 8 5.50 0.001 512 0.988192 12297.418 0.955362
COST 262144 131072 2 8 5.50 0.001 512 1.000000 12592.634 1.000000
COST 262144 4096 2 8 5.50 0.01 512 0.101394 2323.402 0.696386
COST 262144 8192 2 8 5.50 0.01 512 0.330538 6266.795 0.702825
COST 262144 16384 2 8 5.50 0.01 512 0.556828 12867.185 0.724020
COST 262144 32768 2 8 5.50 0.01 512 0.739561 20810.259 0.765630
COST 262144 65536 2 8 5.50 0.01 512 0.884754 29021.154 0.833127
COST 262144 131072 2 8 5.50 0.01 512 1.000000 36777.540 1.000000
COST 262144 4096 2 8 5.50 0.01 512 0.165520 2498.171 0.902459
COST 262144 8192 2 8 5.50 0.01 512 0.461419 6439.591 0.910232
COST 262144 16384 2 8 5.50 0.01 512 0.695501 11956.100 0.950192
COST 262144 32768 2 8 5.50 0.01 512 0.845648 17030.111 0.984286
COST 262144 65536 2 8 5.50 0.01 512 0.940343 20905.755 1.062409
COST 262144 131072 2 8 5.50 0.01 512 1.000000 23608.714 1.000000
COST 262144 4096 2 8 5.50 0.01 512 0.244739 2694.120 1.785515
COST 262144 8192 2 8 5.50 0.01 512 0.588167 6554.123 1.737234
COST 262144 16384 2 8 5.50 0.01 512 0.805826 10920.503 1.748006
COST 262144 32768 2 8 5.50 0.01 512 0.916725 13928.144 1.749821
COST 262144 65536 2 8 5.50 0.01 512 0.972241 15637.714 1.061998
COST 262144 131072 2 8 5.50 0.01 512 1.000000 16539.686 1.000000
COST 262144 4096 2 8 5.50 0.01 512 0.334221 2913.531 2.197413
COST 262144 8192 2 8 5.50 0.01 512 0.698559 6604.717 2.288598
COST 262144 16384 2 8 5.50 0.01 512 0.883565 9887.633 2.191563
COST 262144 32768 2 8 5.50 0.01 512 0.958441 11572.928 1.085059
COST 262144 65536 2 8 5.50 0.01 512 0.988192 12297.418 0.652453
COST 262144 131072 2 8 5.50 0.01 512 1.000000 12592.634 1.000000
COST 262144 4096 2 8 6.00 0.0001 512 0.101394 2323.402 0.688655
COST 262144 8192 2 8 6.00 0.0001 512 0.330538 6266.795 0.725012
COST 262144 16384 2 8 6.00 0.0001 512 0.556828 12867.185 0.733150
COST 262144 32768 2 8 6.00 0.0001 512 0.739561 20810.259 0.770986
COST 262144 65536 2 8 6.00 0.0001 512 0.884754 29021.154 0.831312
COST 262144 131072 2 8 6.00 0.0001 512 1.000000 36777.540 1.000000
COST 262144 4096 2 8 6.00 0.0001 512 0.165520 2498.171 0.828136
COST 262144 8192 2 8 6.00 0.0001 512 0.461419 6439.591 0.831896
COST 262144 16384 2 8 6.00 0.0001 512 0.695501 11956.100 0.866926
COST 262144 32768 2 8 6.00 0.0001 512 0.845648 17030.111 0.882809
COST 262144 65536 2 8 6.00 0.0001 512 0.940343 20905.755 0.975388
COST 262144 131072 2 8 6.00 0.0001 512 1.000000 23608.714 1.000000
COST 262144 4096 2 8 6.00 0.0001 512 0.244739 2694.120 1.671506
COST 262144 8192 2 8 6.00 0.0001 512 0.588167 6554.123 1.699777
COST 262144 16384 2 8 6.00 0.0001 512 0.805826 10920.503 1.717217
COST 262144 32768 2 8 6.00 0.0001 512 0.916725 13928.144 1.793881
COST 262144 65536 2 8 6.00 0.0001 512 0.972241 15637.714 1.385256
COST 262144 131072 2 8 6.00 0.0001 512 1.000000 16539.686 1.000000
COST 262144 4096 2 8 6.00 0.0001 512 0.334221 2913.531 2.116489
COST 262144 8192 2 8 6.00 0.0001 512 0.698559 6604.717 2.147154
COST 262144 16384 2 8 6.00 0.0001 512 0.883565 9887.633 2.131387
COST 262144 32768 2 8 6.00 0.0001 512 0.958441 11572.928 1.428725
COST 262144 65536 2 8 6.00 0.0001 512 0.988192 12297.418 0.634842
COST 262144 131072 2 8 6.00 0.0001 512 1.000000 12592.634 1.000000
COST 262144 4096 2 8 6.00 0.001 512 0.101394 2323.402 0.720897
COST 262144 8192 2 8 6.00 0.001 512 0.330538 6266.795 0.721323
COST 262144 16384 2 8 6.00 0.001 512 0.556828 12867.185 0.762277
COST 262144 32768 2 8 6.00 0.001 512 0.739561 20810.259 0.789350
COST 262144 65536 2 8 6.00 0.001 512 0.884754 29021.154 0.866683
COST 262144 131072 2 8 6.00 0.001 512 1.000000 36777.540 1.000000
COST 262144 4096 2 8 6.00 0.001 512 0.165520 2498.171 1.100353
COST 262144 8192 2 8 6.00 0.001 512 0.461419 6439.591 1.151020
COST 262144 16384 2 8 6.00 0.001 512 0.695501 11956.100 1.194461
COST 262144 32768 2 8 6.00 0.001 512 0.845648 17030.111 1.217710
COST 262144 65536 2 8 6.00 0.001 512 0.940343 20905.755 1.303452
COST 262144 131072 2 8 6.00 0.001 512 1.000000 23608.714 1.000000
COST 262144 4096 2 8 6.00 0.001 512 0.244739 2694.120 1.942905
COST 262144 8192 2 8 6.00 0.001 512 0.588167 6554.123 2.023641
COST 262144 16384 2 8 6.00 0.001 512 0.805826 10920.503 2.006143
COST 262144 32768 2 8 6.00 0.001 512 0.916725 13928.144 1.845478
COST 262144 65536 2 8 6.00 0.001 512 0.972241 15637.714 0.892590
COST 262144 131072 2 8 6.00 0.001 512 1.000000 16539.686 1.000000
COST 262144 4096 2 8 6.00 0.001 512 0.334221 2913.531 2.091314
COST 262144 8192 2 8 6.00 0.001 512 0.698559 6604.717 2.172513
COST 262144 16384 2 8 6.00 0.001 512 0.883565 9887.633 2.146725
COST 262144 32768 2 8 6.00 0.001 512 0.958441 11572.928 0.715155
COST 262144 65536 2 8 6.00 0.001 512 0.988192 12297.418 0.532649
COST 262144 131072 2 8 6.00 0.001 512 1.000000 12592.634 1.000000
COST 262144 4096 2 8 6.00 0.01 512 0.101394 2323.402 0.898422
COST 262144 8192 2 8 6.00 0.01 512 0.330538 6266.795 0.858706
COST 262144 16384 2 8 6.00 0.01 512 0.556828 12867.185 0.930781
COST 262144 32768 2 8 6.00 0.01 512 0.739561 20810.259 0.985824
COST 262144 65536 2 8 6.00 0.01 512 0.884754 29021.154 1.023907
COST 262144 131072 2 8 6.00 0.01 512 1.000000 36777.540 1.000000
COST 262144 4096 2 8 6.00 0.01 512 0.165520 2498.171 1.893940
COST 262144 8192 2 8 6.00 0.01 512 0.461419 6439.591 1.940165
COST 262144 16384 2 8 6.00 0.01 512 0.695501 11956.100 2.035513
COST 262144 32768 2 8 6.00 0.01 512 0.845648 17030.111 2.018247
COST 262144 65536 2 8 6.00 0.01 512 0.940343 20905.755 1.172274
COST 262144 131072 2 8 6.00 0.01 512 1.000000 23608.714 1.000000
COST 262144 4096 2 8 6.00 0.01 512 0.244739 2694.120 2.378732
COST 262144 8192 2 8 6.00 0.01 512 0.588167 6554.123 2.429515
COST 262144 16384 2 8 6.00 0.01 512 0.805826 10920.503 2.362356
COST 262144 32768 2 8 6.00 0.01 512 0.916725 13928.144 0.969656
COST 262144 65536 2 8 6.00 0.01 512 0.972241 15637.714 0.540461
COST 262144 131072 2 8 6.00 0.01 512 1.000000 16539.686 1.000000
COST 262144 4096 2 8 6.00 0.01 512 0.334221 2913.531 2.358215
COST 262144 8192 2 8 6.00 0.01 512 0.698559 6604.717 2.369117
COST 262144 16384 2 8 6.00 0.01 512 0.883565 9887.633 1.165450
COST 262144 32768 2 8 6.00 0.01 512 0.958441 11572.928 0.348972
COST 262144 65536 2 8 6.00 0.01 512 0.988192 12297.418 0.447990
COST 262144 131072 2 8 6.00 0.01 512 1.000000 12592.634 1.000000
COST 262144 4096 2 8 6.50 0.0001 512 0.101394 2323.402 0.744754
COST 262144 8192 2 8 6.50 0.0001 512 0.330538 6266.795 0.762983
COST 262144 16384 2 8 6.50 0.0001 512 0.556828 12867.185 0.779896
COST 262144 32768 2 8 6.50 0.0001 512 0.739561 20810.259 0.776043
COST 262144 65536 2 8 6.50 0.0001 512 0.884754 29021.154 0.851252
COST 262144 131072 2 8 6.50 0.0001 512 1.000000 36777.540 1.000000
COST 262144 4096 2 8 6.50 0.0001 512 0.165520 2498.171 1.579168
COST 262144 8192 2 8 6.50 0.0001 512 0.461419 6439.591 1.581052
COST 262144 16384 2 8 6.50 0.0001 512 0.695501 11956.100 1.647535
COST 262144 32768 2 8 6.50 0.0001 512 0.845648 17030.111 1.765974
COST 262144 65536 2 8 6.50 0.0001 512 0.940343 20905.755 1.675302
COST 262144 131072 2 8 6.50 0.0001 512 1.000000 23608.714 1.000000
COST 262144 4096 2 8 6.50 0.0001 512 0.244739 2694.120 2.361477
COST 262144 8192 2 8 6.50 0.0001 512 0.588167 6554.123 2.365117
COST 262144 16384 2 8 6.50 0.0001 512 0.805826 10920.503 2.379523
COST 262144 32768 2 8 6.50 0.0001 512 0.916725 13928.144 1.953762
COST 262144 65536 2 8 6.50 0.0001 512 0.972241 15637.714 0.710552
COST 262144 131072 2 8 6.50 0.0001 512 1.000000 16539.686 1.000000
COST 262144 4096 2 8 6.50 0.0001 512 0.334221 2913.531 2.255613
COST 262144 8192 2 8 6.50 0.0001 512 0.698559 6604.717 2.301498
COST 262144 16384 2 8 6.50 0.0001 512 0.883565 9887.633 2.099219
COST 262144 32768 2 8 6.50 0.0001 512 0.958441 11572.928 0.457400
COST 262144 65536 2 8 6.50 0.0001 512 0.988192 12297.418 0.456709
COST 262144 131072 2 8 6.50 0.0001 512 1.000000 12592.634 1.000000
COST 262144 4096 2 8 6.50 0.001 512 0.101394 2323.402 0.850495
COST 262144 8192 2 8 6.50 0.001 512 0.330538 6266.795 0.883199
COST 262144 16384 2 8 6.50 0.001 512 0.556828 12867.185 0.906686
COST 262144 32768 2 8 6.50 0.001 512 0.739561 20810.259 0.928438
COST 262144 65536 2 8 6.50 0.001 512 0.884754 29021.154 1.035146
COST 262144 131072 2 8 6.50 0.001 512 1.000000 36777.540 1.000000
COST 262144 4096 2 8 6.50 0.001 512 0.165520 2498.171 2.157937
COST 262144 8192 2 8 6.50 0.001 512 0.461419 6439.591 2.202283
COST 262144 16384 2 8 6.50 0.001 512 0.695501 11956.100 2.289416
COST 262144 32768 2 8 6.50 0.001 512 0.845648 17030.111 2.432724
COST 262144 65536 2 8 6.50 0.001 512 0.940343 20905.755 1.273070
COST 262144 131072 2 8 6.50 0.001 512 1.000000 23608.714 1.000000
COST 262144 4096 2 8 6.50 0.001 512 0.244739 2694.120 2.320085
COST 262144 8192 2 8 6.50 0.001 512 0.588167 6554.123 2.283711
COST 262144 16384 2 8 6.50 0.001 512 0.805826 10920.503 2.356850
COST 262144 32768 2 8 6.50 0.001 512 0.916725 13928.144 0.802995
COST 262144 65536 2 8 6.50 0.001 512 0.972241 15637.714 0.483931
COST 262144 131072 2 8 6.50 0.001 512 1.000000 16539.686 1.000000
COST 262144 4096 2 8 6.50 0.001 512 0.334221 2913.531 2.362489
COST 262144 8192 2 8 6.50 0.001 512 0.698559 6604.717 2.390137
COST 262144 16384 2 8 6.50 0.001 512 0.883565 9887.633 1.198870
COST 262144 32768 2 8 6.50 0.001 512 0.958441 11572.928 0.282858
COST 262144 65536 2 8 6.50 0.001 512 0.988192 12297.418 0.435189
COST 262144 131072 2 8 6.50 0.001 512 1.000000 12592.634 1.000000
COST 262144 4096 2 8 6.50 0.01 512 0.101394 2323.402 1.648416
COST 262144 8192 2 8 6.50 0.01 512 0.330538 6266.795 1.731785
COST 262144 16384 2 8 6.50 0.01 512 0.556828 12867.185 1.725620
COST 262144 32768 2 8 6.50 0.01 512 0.739561 20810.259 1.807184
COST 262144 65536 2 8 6.50 0.01 512 0.884754 29021.154 1.463677
COST 262144 131072 2 8 6.50 0.01 512 1.000000 36777.540 1.000000
COST 262144 4096 2 8 6.50 0.01 512 0.165520 2498.171 2.360548
COST 262144 8192 2 8 6.50 0.01 512 0.461419 6439.591 2.401972
COST 262144 16384 2 8 6.50 0.01 512 0.695501 11956.100 2.432377
COST 262144 32768 2 8 6.50 0.01 512 0.845648 17030.111 1.594344
COST 262144 65536 2 8 6.50 0.01 512 0.940343 20905.755 0.578366
COST 262144 131072 2 8 6.50 0.01 512 1.000000 23608.714 1.000000
COST 262144 4096 2 8 6.50 0.01 512 0.244739 2694.120 2.287193
COST 262144 8192 2 8 6.50 0.01 512 0.588167 6554.123 2.311407
COST 262144 16384 2 8 6.50 0.01 512 0.805826 10920.503 1.208015
COST 262144 32768 2 8 6.50 0.01 512 0.916725 13928.144 0.308672
COST 262144 65536 2 8 6.50 0.01 512 0.972241 15637.714 0.452750
COST 262144 131072 2 8 6.50 0.01 512 1.000000 16539.686 1.000000
COST 262144 4096 2 8 6.50 0.01 512 0.334221 2913.531 2.293898
COST 262144 8192 2 8 6.50 0.01 512 0.698559 6604.717 2.199728
COST 262144 16384 2 8 6.50 0.01 512 0.883565 9887.633 0.260075
COST 262144 32768 2 8 6.50 0.01 512 0.958441 11572.928 0.198746
COST 262144 65536 2 8 6.50 0.01 512 0.988192 12297.418 0.435311
COST 262144 131072 2 8 6.50 0.01 512 1.000000 12592.634 1.000000
COST 32768 512 2 8 5.00 0.0001 1024 0.101178 290.065 0.689833
COST 32768 1024 2 8 5.00 0.0001 1024 0.330389 782.926 0.703608
COST 32768 2048 2 8 5.00 0.0001 1024 0.556768 1608.110 0.740743
COST 32768 4096 2 8 5.00 0.0001 1024 0.739539 2601.124 0.789158
COST 32768 8192 2 8 5.00 0.0001 1024 0.884747 3627.567 0.867591
COST 32768 16384 2 8 5.00 0.0001 1024 1.000000 4597.157 1.000000
COST 32768 512 2 8 5.00 0.0001 512 0.101178 290.065 0.655593
COST 32768 1024 2 8 5.00 0.0001 512 0.330389 782.926 0.627808
COST 32768 2048 2 8 5.00 0.0001 512 0.556768 1608.110 0.694480
COST 32768 4096 2 8 5.00 0.0001 512 0.739539 2601.124 0.723882
COST 32768 8192 2 8 5.00 0.0001 512 0.884747 3627.567 0.799305
COST 32768 16384 2 8 5.00 0.0001 512 1.000000 4597.157 1.000000
COST 32768 512 2 8 5.00 0.0001 1024 0.121613 297.422 0.733656
COST 32768 1024 2 8 5.00 0.0001 1024 0.375601 791.253 0.735375
COST 32768 2048 2 8 5.00 0.0001 1024 0.607704 1571.183 0.771174
COST 32768 4096 2 8 5.00 0.0001 1024 0.780584 2428.508 0.789154
COST 32768 8192 2 8 5.00 0.0001 1024 0.907264 3225.972 0.870113
COST 32768 16384 2 8 5.00 0.0001 1024 1.000000 3901.718 1.000000
COST 32768 512 2 8 5.00 0.0001 512 0.121613 297.422 0.682407
COST 32768 1024 2 8 5.00 0.0001 512 0.375601 791.253 0.680711
COST 32768 2048 2 8 5.00 0.0001 512 0.607704 1571.183 0.748045
COST 32768 4096 2 8 5.00 0.0001 512 0.780584 2428.508 0.812017
COST 32768 8192 2 8 5.00 0.0001 512 0.907264 3225.972 0.865425
COST 32768 16384 2 8 5.00 0.0001 512 1.000000 3901.718 1.000000
COST 32768 512 2 8 5.00 0.0001 1024 0.131042 300.666 0.702373
COST 32768 1024 2 8 5.00 0.0001 1024 0.395288 794.580 0.702679
COST 32768 2048 2 8 5.00 0.0001 1024 0.628860 1554.284 0.739412
COST 32768 4096 2 8 5.00 0.0001 1024 0.796925 2356.544 0.804130
COST 32768 8192 2 8 5.00 0.0001 1024 0.915883 3069.581 0.854740
COST 32768 16384 2 8 5.00 0.0001 1024 1.000000 3646.709 1.000000
COST 32768 512 2 8 5.00 0.0001 512 0.131042 300.666 0.649666
COST 32768 1024 2 8 5.00 0.0001 512 0.395288 794.580 0.648257
COST 32768 2048 2 8 5.00 0.0001 512 0.628860 1554.284 0.699472
COST 32768 4096 2 8 5.00 0.0001 512 0.796925 2356.544 0.723391
COST 32768 8192 2 8 5.00 0.0001 512 0.915883 3069.581 0.794832
COST 32768 16384 2 8 5.00 0.0001 512 1.000000 3646.709 1.000000
COST 32768 512 2 8 5.00 0.0001 1024 0.165205 311.891 0.693401
COST 32768 1024 2 8 5.00 0.0001 1024 0.461245 804.552 0.710871
COST 32768 2048 2 8 5.00 0.0001 1024 0.695444 1494.300 0.736045
COST 32768 4096 2 8 5.00 0.0001 1024 0.845632 2128.677 0.784951
COST 32768 8192 2 8 5.00 0.0001 1024 0.940339 2613.188 0.852087
COST 32768 16384 2 8 5.00 0.0001 1024 1.000000 2951.079 1.000000
COST 32768 512 2 8 5.00 0.0001 512 0.165205 311.891 0.639046
COST 32768 1024 2 8 5.00 0.0001 512 0.461245 804.552 0.644841
COST 32768 2048 2 8 5.00 0.0001 512 0.695444 1494.300 0.689787
COST 32768 4096 2 8 5.00 0.0001 512 0.845632 2128.677 0.778080
COST 32768 8192 2 8 5.00 0.0001 512 0.940339 2613.188 0.861729
COST 32768 16384 2 8 5.00 0.0001 512 1.000000 2951.079 1.000000
COST 32768 512 2 8 5.00 0.0001 1024 0.244329 336.365 0.841344
COST 32768 1024 2 8 5.00 0.0001 1024 0.587987 818.907 0.842620
COST 32768 2048 2 8 5.00 0.0001 1024 0.805779 1364.917 0.884335
COST 32768 4096 2 8 5.00 0.0001 1024 0.916714 1740.974 0.907719
COST 32768 8192 2 8 5.00 0.0001 1024 0.972238 1954.702 1.018167
COST 32768 16384 2 8 5.00 0.0001 1024 1.000000 2067.458 1.000000
COST 32768 512 2 8 5.00 0.0001 512 0.244329 336.365 0.782439
COST 32768 1024 2 8 5.00 0.0001 512 0.587987 818.907 0.802319
COST 32768 2048 2 8 5.00 0.0001 512 0.805779 1364.917 0.812119
COST 32768 4096 2 8 5.00 0.0001 512 0.916714 1740.974 0.863298
COST 32768 8192 2 8 5.00 0.0001 512 0.972238 1954.702 0.948409
COST 32768 16384 2 8 5.00 0.0001 512 1.000000 2067.458 1.000000
COST 32768 512 2 8 5.00 0.0001 1024 0.333735 363.773 1.407951
COST 32768 1024 2 8 5.00 0.0001 1024 0.698389 825.281 1.402421
COST 32768 2048 2 8 5.00 0.0001 1024 0.883530 1235.861 1.470224
COST 32768 4096 2 8 5.00 0.0001 1024 0.958434 1446.595 1.502056
COST 32768 8192 2 8 5.00 0.0001 1024 0.988191 1537.173 1.135326
COST 32768 16384 2 8 5.00 0.0001 1024 1.000000 1574.078 1.000000
COST 32768 512 2 8 5.00 0.0001 512 0.333735 363.773 1.215552
COST 32768 1024 2 8 5.00 0.0001 512 0.698389 825.281 1.248130
COST 32768 2048 2 8 5.00 0.0001 512 0.883530 1235.861 1.310172
COST 32768 4096 2 8 5.00 0.0001 512 0.958434 1446.595 1.364952
COST 32768 8192 2 8 5.00 0.0001 512 0.988191 1537.173 1.063144
COST 32768 16384 2 8 5.00 0.0001 512 1.000000 1574.078 1.000000
COST 32768 512 2 8 5.00 0.001 1024 0.101178 290.065 0.680826
COST 32768 1024 2 8 5.00 0.001 1024 0.330389 782.926 0.695349
COST 32768 2048 2 8 5.00 0.001 1024 0.556768 1608.110 0.726975
COST 32768 4096 2 8 5.00 0.001 1024 0.739539 2601.124 0.771022
COST 32768 8192 2 8 5.00 0.001 1024 0.884747 3627.567 0.853796
COST 32768 16384 2 8 5.00 0.001 1024 1.000000 4597.157 1.000000
COST 32768 512 2 8 5.00 0.001 512 0.101178 290.065 0.655432
COST 32768 1024 2 8 5.00 0.001 512 0.330389 782.926 0.651429
COST 32768 2048 2 8 5.00 0.001 512 0.556768 1608.110 0.690931
COST 32768 4096 2 8 5.00 0.001 512 0.739539 2601.124 0.745818
COST 32768 8192 2 8 5.00 0.001 512 0.884747 3627.567 0.847471
COST 32768 16384 2 8 5.00 0.001 512 1.000000 4597.157 1.000000
COST 32768 512 2 8 5.00 0.001 1024 0.121613 297.422 0.695649
COST 32768 1024 2 8 5.00 0.001 1024 0.375601 791.253 0.718000
COST 32768 2048 2 8 5.00 0.001 1024 0.607704 1571.183 0.740796
COST 32768 4096 2 8 5.00 0.001 1024 0.780584 2428.508 0.795375
COST 32768 8192 2 8 5.00 0.001 1024 0.907264 3225.972 0.869167
COST 32768 16384 2 8 5.00 0.001 1024 1.000000 3901.718 1.000000
COST 32768 512 2 8 5.00 0.001 512 0.121613 297.422 0.649578
COST 32768 1024 2 8 5.00 0.001 512 0.375601 791.253 0.717513
COST 32768 2048 2 8 5.00 0.001 512 0.607704 1571.183 0.733709
COST 32768 4096 2 8 5.00 0.001 512 0.780584 2428.508 0.775314
COST 32768 8192 2 8 5.00 0.001 512 0.907264 3225.972 0.857095
COST 32768 16384 2 8 5.00 0.001 512 1.000000 3901.718 1.000000
COST 32768 512 2 8 5.00 0.001 1024 0.131042 300.666 0.673281
COST 32768 1024 2 8 5.00 0.001 1024 0.395288 794.580 0.691988
COST 32768 2048 2 8 5.00 0.001 1024 0.628860 1554.284 0.712858
COST 32768 4096 2 8 5.00 0.001 1024 0.796925 2356.544 0.754056
COST 32768 8192 2 8 5.00 0.001 1024 0.915883 3069.581 0.844793
COST 32768 16384 2 8 5.00 0.001 1024 1.000000 3646.709 1.000000
COST 32768 512 2 8 5.00 0.001 512 0.131042 300.666 0.667479
COST 32768 1024 2 8 5.00 0.001 512 0.395288 794.580 0.694931
COST 32768 2048 2 8 5.00 0.001 512 0.628860 1554.284 0.706816
COST 32768 4096 2 8 5.00 0.001 512 0.796925 2356.544 0.746227
COST 32768 8192 2 8 5.00 0.001 512 0.915883 3069.581 0.805701
COST 32768 16384 2 8 5.00 0.001 512 1.000000 3646.709 1.000000
COST 32768 512 2 8 5.00 0.001 1024 0.165205 311.891 0.698493
COST 32768 1024 2 8 5.00 0.001 1024 0.461245 804.552 0.700875
COST 32768 2048 2 8 5.00 0.001 1024 0.695444 1494.300 0.736720
COST 32768 4096 2 8 5.00 0.001 1024 0.845632 2128.677 0.791983
COST 32768 8192 2 8 5.00 0.001 1024 0.940339 2613.188 0.870480
COST 32768 16384 2 8 5.00 0.001 1024 1.000000 2951.079 1.000000
COST 32768 512 2 8 5.00 0.001 512 0.165205 311.891 0.678675
COST 32768 1024 2 8 5.00 0.001 512 0.461245 804.552 0.668003
COST 32768 2048 2 8 5.00 0.001 512 0.695444 1494.300 0.719672
COST 32768 4096 2 8 5.00 0.001 512 0.845632 2128.677 0.786465
COST 32768 8192 2 8 5.00 0.001 512 0.940339 2613.188 0.883338
COST 32768 16384 2 8 5.00 0.001 512 1.000000 2951.079 1.000000
COST 32768 512 2 8 5.00 0.001 1024 0.244329 336.365 1.122651
COST 32768 1024 2 8 5.00 0.001 1024 0.587987 818.907 1.134127
COST 32768 2048 2 8 5.00 0.001 1024 0.805779 1364.917 1.166816
COST 32768 4096 2 8 5.00 0.001 1024 0.916714 1740.974 1.238913
COST 32768 8192 2 8 5.00 0.001 1024 0.972238 1954.702 1.175793
COST 32768 16384 2 8 5.00 0.001 1024 1.000000 2067.458 1.000000
COST 32768 512 2 8 5.00 0.001 512 0.244329 336.365 0.968281
COST 32768 1024 2 8 5.00 0.001 512 0.587987 818.907 0.936122
COST 32768 2048 2 8 5.00 0.001 512 0.805779 1364.917 0.959022
COST 32768 4096 2 8 5.00 0.001 512 0.916714 1740.974 1.084001
COST 32768 8192 2 8 5.00 0.001 512 0.972238 1954.702 1.047705
COST 32768 16384 2 8 5.00 0.001 512 1.000000 2067.458 1.000000
COST 32768 512 2 8 5.00 0.001 1024 0.333735 363.773 1.765640
COST 32768 1024 2 8 5.00 0.001 1024 0.698389 825.281 1.829925
COST 32768 2048 2 8 5.00 0.001 1024 0.883530 1235.861 1.854771
COST 32768 4096 2 8 5.00 0.001 1024 0.958434 1446.595 1.589091
COST 32768 8192 2 8 5.00 0.001 1024 0.988191 1537.173 1.020158
COST 32768 16384 2 8 5.00 0.001 1024 1.000000 1574.078 1.000000
COST 32768 512 2 8 5.00 0.001 512 0.333735 363.773 1.677520
COST 32768 1024 2 8 5.00 0.001 512 0.698389 825.281 1.860259
COST 32768 2048 2 8 5.00 0.001 512 0.883530 1235.861 1.778242
COST 32768 4096 2 8 5.00 0.001 512 0.958434 1446.595 1.538535
COST 32768 8192 2 8 5.00 0.001 512 0.988191 1537.173 1.026969
COST 32768 16384 2 8 5.00 0.001 512 1.000000 1574.078 1.000000
COST 32768 512 2 8 5.00 0.01 1024 0.101178 290.065 0.685531
COST 32768 1024 2 8 5.00 0.01 1024 0.330389 782.926 0.690121
COST 32768 2048 2 8 5.00 0.01 1024 0.556768 1608.110 0.733756
COST 32768 4096 2 8 5.00 0.01 1024 0.739539 2601.124 0.781648
COST 32768 8192 2 8 5.00 0.01 1024 0.884747 3627.567 0.855884
COST 32768 16384 2 8 5.00 0.01 1024 1.000000 4597.157 1.000000
COST 32768 512 2 8 5.00 0.01 512 0.101178 290.065 0.673037
COST 32768 1024 2 8 5.00 0.01 512 0.330389 782.926 0.683080
COST 32768 2048 2 8 5.00 0.01 512 0.556768 1608.110 0.683297
COST 32768 4096 2 8 5.00 0.01 512 0.739539 2601.124 0.753770
COST 32768 8192 2 8 5.00 0.01 512 0.884747 3627.567 0.845217
COST 32768 16384 2 8 5.00 0.01 512 1.000000 4597.157 1.000000
COST 32768 512 2 8 5.00 0.01 1024 0.121613 297.422 0.740416
COST 32768 1024 2 8 5.00 0.01 1024 0.375601 791.253 0.765607
COST 32768 2048 2 8 5.00 0.01 1024 0.607704 1571.183 0.764350
COST 32768 4096 2 8 5.00 0.01 1024 0.780584 2428.508 0.822782
COST 32768 8192 2 8 5.00 0.01 1024 0.907264 3225.972 0.904326
COST 32768 16384 2 8 5.00 0.01 1024 1.000000 3901.718 1.000000
COST 32768 512 2 8 5.00 0.01 512 0.121613 297.422 0.711295
COST 32768 1024 2 8 5.00 0.01 512 0.375601 791.253 0.687367
COST 32768 2048 2 8 5.00 0.01 512 0.607704 1571.183 0.740108
COST 32768 4096 2 8 5.00 0.01 512 0.780584 2428.508 0.787216
COST 32768 8192 2 8 5.00 0.01 512 0.907264 3225.972 0.918793
COST 32768 16384 2 8 5.00 0.01 512 1.000000 3901.718 1.000000
COST 32768 512 2 8 5.00 0.01 1024 0.131042 300.666 0.732961
COST 32768 1024 2 8 5.00 0.01 1024 0.395288 794.580 0.736576
COST 32768 2048 2 8 5.00 0.01 1024 0.628860 1554.284 0.776092
COST 32768 4096 2 8 5.00 0.01 1024 0.796925 2356.544 0.806619
COST 32768 8192 2 8 5.00 0.01 1024 0.915883 3069.581 0.938301
COST 32768 16384 2 8 5.00 0.01 1024 1.000000 3646.709 1.000000
COST 32768 512 2 8 5.00 0.01 512 0.131042 300.666 0.680566
COST 32768 1024 2 8 5.00 0.01 512 0.395288 794.580 0.668984
COST 32768 2048 2 8 5.00 0.01 512 0.628860 1554.284 0.755390
COST 32768 4096 2 8 5.00 0.01 512 0.796925 2356.544 0.805587
COST 32768 8192 2 8 5.00 0.01 512 0.915883 3069.581 0.879565
COST 32768 16384 2 8 5.00 0.01 512 1.000000 3646.709 1.000000
COST 32768 512 2 8 5.00 0.01 1024 0.165205 311.891 0.956322
COST 32768 1024 2 8 5.00 0.01 1024 0.461245 804.552 0.969675
COST 32768 2048 2 8 5.00 0.01 1024 0.695444 1494.300 1.006606
COST 32768 4096 2 8 5.00 0.01 1024 0.845632 2128.677 1.062743
COST 32768 8192 2 8 5.00 0.01 1024 0.940339 2613.188 1.054461
COST 32768 16384 2 8 5.00 0.01 1024 1.000000 2951.079 1.000000
COST 32768 512 2 8 5.00 0.01 512 0.165205 311.891 0.885450
COST 32768 1024 2 8 5.00 0.01 512 0.461245 804.552 0.899897
COST 32768 2048 2 8 5.00 0.01 512 0.695444 1494.300 0.937522
COST 32768 4096 2 8 5.00 0.01 512 0.845632 2128.677 0.961090
COST 32768 8192 2 8 5.00 0.01 512 0.940339 2613.188 0.962850
COST 32768 16384 2 8 5.00 0.01 512 1.000000 2951.079 1.000000
COST 32768 512 2 8 5.00 0.01 1024 0.244329 336.365 1.673990
COST 32768 1024 2 8 5.00 0.01 1024 0.587987 818.907 1.700333
COST 32768 2048 2 8 5.00 0.01 1024 0.805779 1364.917 1.775998
COST 32768 4096 2 8 5.00 0.01 1024 0.916714 1740.974 1.588701
COST 32768 8192 2 8 5.00 0.01 1024 0.972238 1954.702 1.054798
COST 32768 16384 2 8 5.00 0.01 1024 1.000000 2067.458 1.000000
COST 32768 512 2 8 5.00 0.01 512 0.244329 336.365 1.494355
COST 32768 1024 2 8 5.00 0.01 512 0.587987 818.907 1.555011
COST 32768 2048 2 8 5.00 0.01 512 0.805779 1364.917 1.554437
COST 32768 4096 2 8 5.00 0.01 512 0.916714 1740.974 1.426325
COST 32768 8192 2 8 5.00 0.01 512 0.972238 1954.702 1.038681
COST 32768 16384 2 8 5.00 0.01 512 1.000000 2067.458 1.000000
COST 32768 512 2 8 5.00 0.01 1024 0.333735 363.773 2.105093
COST 32768 1024 2 8 5.00 0.01 1024 0.698389 825.281 2.148180
COST 32768 2048 2 8 5.00 0.01 1024 0.883530 1235.861 1.828521
COST 32768 4096 2 8 5.00 0.01 1024 0.958434 1446.595 0.936009
COST 32768 8192 2 8 5.00 0.01 1024 0.988191 1537.173 0.710900
COST 32768 16384 2 8 5.00 0.01 1024 1.000000 1574.078 1.000000
COST 32768 512 2 8 5.00 0.01 512 0.333735 363.773 1.874693
COST 32768 1024 2 8 5.00 0.01 512 0.698389 825.281 1.864689
COST 32768 2048 2 8 5.00 0.01 512 0.883530 1235.861 1.639314
COST 32768 4096 2 8 5.00 0.01 512 0.958434 1446.595 0.907187
COST 32768 8192 2 8 5.00 0.01 512 0.988191 1537.173 0.660948
COST 32768 16384 2 8 5.00 0.01 512 1.000000 1574.078 1.000000
COST 32768 512 2 8 5.50 0.0001 1024 0.101178 290.065 0.700927
COST 32768 1024 2 8 5.50 0.0001 1024 0.330389 782.926 0.717995
COST 32768 2048 2 8 5.50 0.0001 1024 0.556768 1608.110 0.742578
COST 32768 4096 2 8 5.50 0.0001 1024 0.739539 2601.124 0.789124
COST 32768 8192 2 8 5.50 0.0001 1024 0.884747 3627.567 0.863266
COST 32768 16384 2 8 5.50 0.0001 1024 1.000000 4597.157 1.000000
COST 32768 512 2 8 5.50 0.0001 512 0.101178 290.065 0.636498
COST 32768 1024 2 8 5.50 0.0001 512 0.330389 782.926 0.662486
COST 32768 2048 2 8 5.50 0.0001 512 0.556768 1608.110 0.691124
COST 32768 4096 2 8 5.50 0.0001 512 0.739539 2601.124 0.732045
COST 32768 8192 2 8 5.50 0.0001 512 0.884747 3627.567 0.834421
COST 32768 16384 2 8 5.50 0.0001 512 1.000000 4597.157 1.000000
COST 32768 512 2 8 5.50 0.0001 1024 0.121613 297.422 0.705522
COST 32768 1024 2 8 5.50 0.0001 1024 0.375601 791.253 0.708094
COST 32768 2048 2 8 5.50 0.0001 1024 0.607704 1571.183 0.750120
COST 32768 4096 2 8 5.50 0.0001 1024 0.780584 2428.508 0.799932
COST 32768 8192 2 8 5.50 0.0001 1024 0.907264 3225.972 0.874047
COST 32768 16384 2 8 5.50 0.0001 1024 1.000000 3901.718 1.000000
COST 32768 512 2 8 5.50 0.0001 512 0.121613 297.422 0.628071
COST 32768 1024 2 8 5.50 0.0001 512 0.375601 791.253 0.637547
COST 32768 2048 2 8 5.50 0.0001 512 0.607704 1571.183 0.660221
COST 32768 4096 2 8 5.50 0.0001 512 0.780584 2428.508 0.703452
COST 32768 8192 2 8 5.50 0.0001 512 0.907264 3225.972 0.824835
COST 32768 16384 2 8 5.50 0.0001 512 1.000000 3901.718 1.000000
COST 32768 512 2 8 5.50 0.0001 1024 0.131042 300.666 0.749967
COST 32768 1024 2 8 5.50 0.0001 1024 0.395288 794.580 0.747287
COST 32768 2048 2 8 5.50 0.0001 1024 0.628860 1554.284 0.759492
COST 32768 4096 2 8 5.50 0.0001 1024 0.796925 2356.544 0.807913
COST 32768 8192 2 8 5.50 0.0001 1024 0.915883 3069.581 0.875595
COST 32768 16384 2 8 5.50 0.0001 1024 1.000000 3646.709 1.000000
COST 32768 512 2 8 5.50 0.0001 512 0.131042 300.666 0.668708
COST 32768 1024 2 8 5.50 0.0001 512 0.395288 794.580 0.712555
COST 32768 2048 2 8 5.50 0.0001 512 0.628860 1554.284 0.762274
COST 32768 4096 2 8 5.50 0.0001 512 0.796925 2356.544 0.765475
COST 32768 8192 2 8 5.50 0.0001 512 0.915883 3069.581 0.855703
COST 32768 16384 2 8 5.50 0.0001 512 1.000000 3646.709 1.000000
COST 32768 512 2 8 5.50 0.0001 1024 0.165205 311.891 0.844234
COST 32768 1024 2 8 5.50 0.0001 1024 0.461245 804.552 0.876128
COST 32768 2048 2 8 5.50 0.0001 1024 0.695444 1494.300 0.887574
COST 32768 4096 2 8 5.50 0.0001 1024 0.845632 2128.677 0.936264
COST 32768 8192 2 8 5.50 0.0001 1024 0.940339 2613.188 1.030707
COST 32768 16384 2 8 5.50 0.0001 1024 1.000000 2951.079 1.000000
COST 32768 512 2 8 5.50 0.0001 512 0.165205 311.891 0.766310
COST 32768 1024 2 8 5.50 0.0001 512 0.461245 804.552 0.778898
COST 32768 2048 2 8 5.50 0.0001 512 0.695444 1494.300 0.790511
COST 32768 4096 2 8 5.50 0.0001 512 0.845632 2128.677 0.865878
COST 32768 8192 2 8 5.50 0.0001 512 0.940339 2613.188 0.979694
COST 32768 16384 2 8 5.50 0.0001 512 1.000000 2951.079 1.000000
COST 32768 512 2 8 5.50 0.0001 1024 0.244329 336.365 1.727901
COST 32768 1024 2 8 5.50 0.0001 1024 0.587987 818.907 1.756763
COST 32768 2048 2 8 5.50 0.0001 1024 0.805779 1364.917 1.804031
COST 32768 4096 2 8 5.50 0.0001 1024 0.916714 1740.974 1.900861
COST 32768 8192 2 8 5.50 0.0001 1024 0.972238 1954.702 1.331631
COST 32768 16384 2 8 5.50 0.0001 1024 1.000000 2067.458 1.000000
COST 32768 512 2 8 5.50 0.0001 512 0.244329 336.365 1.489454
COST 32768 1024 2 8 5.50 0.0001 512 0.587987 818.907 1.550132
COST 32768 2048 2 8 5.50 0.0001 512 0.805779 1364.917 1.581628
COST 32768 4096 2 8 5.50 0.0001 512 0.916714 1740.974 1.691923
COST 32768 8192 2 8 5.50 0.0001 512 0.972238 1954.702 1.257919
COST 32768 16384 2 8 5.50 0.0001 512 1.000000 2067.458 1.000000
COST 32768 512 2 8 5.50 0.0001 1024 0.333735 363.773 2.360696
COST 32768 1024 2 8 5.50 0.0001 1024 0.698389 825.281 2.363134
COST 32768 2048 2 8 5.50 0.0001 1024 0.883530 1235.861 2.427235
COST 32768 4096 2 8 5.50 0.0001 1024 0.958434 1446.595 1.376720
COST 32768 8192 2 8 5.50 0.0001 1024 0.988191 1537.173 0.741109
COST 32768 16384 2 8 5.50 0.0001 1024 1.000000 1574.078 1.000000
COST 32768 512 2 8 5.50 0.0001 512 0.333735 363.773 2.142864
COST 32768 1024 2 8 5.50 0.0001 512 0.698389 825.281 2.079736
COST 32768 2048 2 8 5.50 0.0001 512 0.883530 1235.861 2.220389
COST 32768 4096 2 8 5.50 0.0001 512 0.958434 1446.595 1.334606
COST 32768 8192 2 8 5.50 0.0001 512 0.988191 1537.173 0.714942
COST 32768 16384 2 8 5.50 0.0001 512 1.000000 1574.078 1.000000
COST 32768 512 2 8 5.50 0.001 1024 0.101178 290.065 0.710726
COST 32768 1024 2 8 5.50 0.001 1024 0.330389 782.926 0.701036
COST 32768 2048 2 8 5.50 0.001 1024 0.556768 1608.110 0.730251
COST 32768 4096 2 8 5.50 0.001 1024 0.739539 2601.124 0.795880
COST 32768 8192 2 8 5.50 0.001 1024 0.884747 3627.567 0.869584
COST 32768 16384 2 8 5.50 0.001 1024 1.000000 4597.157 1.000000
COST 32768 512 2 8 5.50 0.001 512 0.101178 290.065 0.663708
COST 32768 1024 2 8 5.50 0.001 512 0.330389 782.926 0.686589
COST 32768 2048 2 8 5.50 0.001 512 0.556768 1608.110 0.712721
COST 32768 4096 2 8 5.50 0.001 512 0.739539 2601.124 0.740818
COST 32768 8192 2 8 5.50 0.001 512 0.884747 3627.567 0.861259
COST 32768 16384 2 8 5.50 0.001 512 1.000000 4597.157 1.000000
COST 32768 512 2 8 5.50 0.001 1024 0.121613 297.422 0.770791
COST 32768 1024 2 8 5.50 0.001 1024 0.375601 791.253 0.785580
COST 32768 2048 2 8 5.50 0.001 1024 0.607704 1571.183 0.807171
COST 32768 4096 2 8 5.50 0.001 1024 0.780584 2428.508 0.849853
COST 32768 8192 2 8 5.50 0.001 1024 0.907264 3225.972 0.912504
COST 32768 16384 2 8 5.50 0.001 1024 1.000000 3901.718 1.000000
COST 32768 512 2 8 5.50 0.001 512 0.121613 297.422 0.751383
COST 32768 1024 2 8 5.50 0.001 512 0.375601 791.253 0.730854
COST 32768 2048 2 8 5.50 0.001 512 0.607704 1571.183 0.774153
COST 32768 4096 2 8 5.50 0.001 512 0.780584 2428.508 0.847275
COST 32768 8192 2 8 5.50 0.001 512 0.907264 3225.972 0.877566
COST 32768 16384 2 8 5.50 0.001 512 1.000000 3901.718 1.000000
COST 32768 512 2 8 5.50 0.001 1024 0.131042 300.666 0.838399
COST 32768 1024 2 8 5.50 0.001 1024 0.395288 794.580 0.853162
COST 32768 2048 2 8 5.50 0.001 1024 0.628860 1554.284 0.883058
COST 32768 4096 2 8 5.50 0.001 1024 0.796925 2356.544 0.892981
COST 32768 8192 2 8 5.50 0.001 1024 0.915883 3069.581 0.967641
COST 32768 16384 2 8 5.50 0.001 1024 1.000000 3646.709 1.000000
COST 32768 512 2 8 5.50 0.001 512 0.131042 300.666 0.709438
COST 32768 1024 2 8 5.50 0.001 512 0.395288 794.580 0.712820
COST 32768 2048 2 8 5.50 0.001 512 0.628860 1554.284 0.831603
COST 32768 4096 2 8 5.50 0.001 512 0.796925 2356.544 0.846344
COST 32768 8192 2 8 5.50 0.001 512 0.915883 3069.581 0.942456
COST 32768 16384 2 8 5.50 0.001 512 1.000000 3646.709 1.000000
COST 32768 512 2 8 5.50 0.001 1024 0.165205 311.891 1.192992
COST 32768 1024 2 8 5.50 0.001 1024 0.461245 804.552 1.179343
COST 32768 2048 2 8 5.50 0.001 1024 0.695444 1494.300 1.237642
COST 32768 4096 2 8 5.50 0.001 1024 0.845632 2128.677 1.316083
COST 32768 8192 2 8 5.50 0.001 1024 0.940339 2613.188 1.265463
COST 32768 16384 2 8 5.50 0.001 1024 1.000000 2951.079 1.000000
COST 32768 512 2 8 5.50 0.001 512 0.165205 311.891 1.043229
COST 32768 1024 2 8 5.50 0.001 512 0.461245 804.552 1.037873
COST 32768 2048 2 8 5.50 0.001 512 0.695444 1494.300 1.071431
COST 32768 4096 2 8 5.50 0.001 512 0.845632 2128.677 1.100301
COST 32768 8192 2 8 5.50 0.001 512 0.940339 2613.188 1.161712
COST 32768 16384 2 8 5.50 0.001 512 1.000000 2951.079 1.000000
COST 32768 512 2 8 5.50 0.001 1024 0.244329 336.365 2.101444
COST 32768 1024 2 8 5.50 0.001 1024 0.587987 818.907 2.117979
COST 32768 2048 2 8 5.50 0.001 1024 0.805779 1364.917 2.191725
COST 32768 4096 2 8 5.50 0.001 1024 0.916714 1740.974 1.807244
COST 32768 8192 2 8 5.50 0.001 1024 0.972238 1954.702 0.972546
COST 32768 16384 2 8 5.50 0.001 1024 1.000000 2067.458 1.000000
COST 32768 512 2 8 5.50 0.001 512 0.244329 336.365 1.861944
COST 32768 1024 2 8 5.50 0.001 512 0.587987 818.907 1.870434
COST 32768 2048 2 8 5.50 0.001 512 0.805779 1364.917 1.920244
COST 32768 4096 2 8 5.50 0.001 512 0.916714 1740.974 1.583399
COST 32768 8192 2 8 5.50 0.001 512 0.972238 1954.702 0.984121
COST 32768 16384 2 8 5.50 0.001 512 1.000000 2067.458 1.000000
COST 32768 512 2 8 5.50 0.001 1024 0.333735 363.773 2.545189
COST 32768 1024 2 8 5.50 0.001 1024 0.698389 825.281 2.556152
COST 32768 2048 2 8 5.50 0.001 1024 0.883530 1235.861 2.197589
COST 32768 4096 2 8 5.50 0.001 1024 0.958434 1446.595 0.801865
COST 32768 8192 2 8 5.50 0.001 1024 0.988191 1537.173 0.623346
COST 32768 16384 2 8 5.50 0.001 1024 1.000000 1574.078 1.000000
COST 32768 512 2 8 5.50 0.001 512 0.333735 363.773 2.192067
COST 32768 1024 2 8 5.50 0.001 512 0.698389 825.281 2.178543
COST 32768 2048 2 8 5.50 0.001 512 0.883530 1235.861 1.832455
COST 32768 4096 2 8 5.50 0.001 512 0.958434 1446.595 0.747713
COST 32768 8192 2 8 5.50 0.001 512 0.988191 1537.173 0.606524
COST 32768 16384 2 8 5.50 0.001 512 1.000000 1574.078 1.000000
COST 32768 512 2 8 5.50 0.01 1024 0.101178 290.065 0.941986
COST 32768 1024 2 8 5.50 0.01 1024 0.330389 782.926 0.961882
COST 32768 2048 2 8 5.50 0.01 1024 0.556768 1608.110 1.006146
COST 32768 4096 2 8 5.50 0.01 1024 0.739539 2601.124 1.037683
COST 32768 8192 2 8 5.50 0.01 1024 0.884747 3627.567 1.097277
COST 32768 16384 2 8 5.50 0.01 1024 1.000000 4597.157 1.000000
COST 32768 512 2 8 5.50 0.01 512 0.101178 290.065 0.850775
COST 32768 1024 2 8 5.50 0.01 512 0.330389 782.926 0.897668
COST 32768 2048 2 8 5.50 0.01 512 0.556768 1608.110 0.902244
COST 32768 4096 2 8 5.50 0.01 512 0.739539 2601.124 0.927931
COST 32768 8192 2 8 5.50 0.01 512 0.884747 3627.567 0.989129
COST 32768 16384 2 8 5.50 0.01 512 1.000000 4597.157 1.000000
COST 32768 512 2 8 5.50 0.01 1024 0.121613 297.422 1.260148
COST 32768 1024 2 8 5.50 0.01 1024 0.375601 791.253 1.270340
COST 32768 2048 2 8 5.50 0.01 1024 0.607704 1571.183 1.312247
COST 32768 4096 2 8 5.50 0.01 1024 0.780584 2428.508 1.382753
COST 32768 8192 2 8 5.50 0.01 1024 0.907264 3225.972 1.249090
COST 32768 16384 2 8 5.50 0.01 1024 1.000000 3901.718 1.000000
COST 32768 512 2 8 5.50 0.01 512 0.121613 297.422 1.029766
COST 32768 1024 2 8 5.50 0.01 512 0.375601 791.253 1.026450
COST 32768 2048 2 8 5.50 0.01 512 0.607704 1571.183 1.095053
COST 32768 4096 2 8 5.50 0.01 512 0.780584 2428.508 1.159924
COST 32768 8192 2 8 5.50 0.01 512 0.907264 3225.972 1.062573
COST 32768 16384 2 8 5.50 0.01 512 1.000000 3901.718 1.000000
COST 32768 512 2 8 5.50 0.01 1024 0.131042 300.666 1.410443
COST 32768 1024 2 8 5.50 0.01 1024 0.395288 794.580 1.417809
COST 32768 2048 2 8 5.50 0.01 1024 0.628860 1554.284 1.482325
COST 32768 4096 2 8 5.50 0.01 1024 0.796925 2356.544 1.511503
COST 32768 8192 2 8 5.50 0.01 1024 0.915883 3069.581 1.218802
COST 32768 16384 2 8 5.50 0.01 1024 1.000000 3646.709 1.000000
COST 32768 512 2 8 5.50 0.01 512 0.131042 300.666 1.193858
COST 32768 1024 2 8 5.50 0.01 512 0.395288 794.580 1.149184
COST 32768 2048 2 8 5.50 0.01 512 0.628860 1554.284 1.212431
COST 32768 4096 2 8 5.50 0.01 512 0.796925 2356.544 1.295601
COST 32768 8192 2 8 5.50 0.01 512 0.915883 3069.581 1.090499
COST 32768 16384 2 8 5.50 0.01 512 1.000000 3646.709 1.000000
COST 32768 512 2 8 5.50 0.01 1024 0.165205 311.891 1.912700
COST 32768 1024 2 8 5.50 0.01 1024 0.461245 804.552 1.909877
COST 32768 2048 2 8 5.50 0.01 1024 0.695444 1494.300 1.980485
COST 32768 4096 2 8 5.50 0.01 1024 0.845632 2128.677 1.949011
COST 32768 8192 2 8 5.50 0.01 1024 0.940339 2613.188 1.023793
COST 32768 16384 2 8 5.50 0.01 1024 1.000000 2951.079 1.000000
COST 32768 512 2 8 5.50 0.01 512 0.165205 311.891 1.586144
COST 32768 1024 2 8 5.50 0.01 512 0.461245 804.552 1.630820
COST 32768 2048 2 8 5.50 0.01 512 0.695444 1494.300 1.765176
COST 32768 4096 2 8 5.50 0.01 512 0.845632 2128.677 1.672377
COST 32768 8192 2 8 5.50 0.01 512 0.940339 2613.188 0.972194
COST 32768 16384 2 8 5.50 0.01 512 1.000000 2951.079 1.000000
COST 32768 512 2 8 5.50 0.01 1024 0.244329 336.365 2.445618
COST 32768 1024 2 8 5.50 0.01 1024 0.587987 818.907 2.496860
COST 32768 2048 2 8 5.50 0.01 1024 0.805779 1364.917 2.090163
COST 32768 4096 2 8 5.50 0.01 1024 0.916714 1740.974 0.950100
COST 32768 8192 2 8 5.50 0.01 1024 0.972238 1954.702 0.637929
COST 32768 16384 2 8 5.50 0.01 1024 1.000000 2067.458 1.000000
COST 32768 512 2 8 5.50 0.01 512 0.244329 336.365 2.105725
COST 32768 1024 2 8 5.50 0.01 512 0.587987 818.907 2.150151
COST 32768 2048 2 8 5.50 0.01 512 0.805779 1364.917 1.709550
COST 32768 4096 2 8 5.50 0.01 512 0.916714 1740.974 0.853789
COST 32768 8192 2 8 5.50 0.01 512 0.972238 1954.702 0.588183
COST 32768 16384 2 8 5.50 0.01 512 1.000000 2067.458 1.000000
COST 32768 512 2 8 5.50 0.01 1024 0.333735 363.773 2.611901
COST 32768 1024 2 8 5.50 0.01 1024 0.698389 825.281 2.587540
COST 32768 2048 2 8 5.50 0.01 1024 0.883530 1235.861 0.932320
COST 32768 4096 2 8 5.50 0.01 1024 0.958434 1446.595 0.368068
COST 32768 8192 2 8 5.50 0.01 1024 0.988191 1537.173 0.502911
COST 32768 16384 2 8 5.50 0.01 1024 1.000000 1574.078 1.000000
COST 32768 512 2 8 5.50 0.01 512 0.333735 363.773 2.157774
COST 32768 1024 2 8 5.50 0.01 512 0.698389 825.281 2.191539
COST 32768 2048 2 8 5.50 0.01 512 0.883530 1235.861 0.815266
COST 32768 4096 2 8 5.50 0.01 512 0.958434 1446.595 0.348017
COST 32768 8192 2 8 5.50 0.01 512 0.988191 1537.173 0.480763
COST 32768 16384 2 8 5.50 0.01 512 1.000000 1574.078 1.000000
COST 32768 512 2 8 6.00 0.0001 1024 0.101178 290.065 0.722647
COST 32768 1024 2 8 6.00 0.0001 1024 0.330389 782.926 0.741465
COST 32768 2048 2 8 6.00 0.0001 1024 0.556768 1608.110 0.772792
COST 32768 4096 2 8 6.00 0.0001 1024 0.739539 2601.124 0.800308
COST 32768 8192 2 8 6.00 0.0001 1024 0.884747 3627.567 0.879164
COST 32768 16384 2 8 6.00 0.0001 1024 1.000000 4597.157 1.000000
COST 32768 512 2 8 6.00 0.0001 512 0.101178 290.065 0.704031
COST 32768 1024 2 8 6.00 0.0001 512 0.330389 782.926 0.702172
COST 32768 2048 2 8 6.00 0.0001 512 0.556768 1608.110 0.750983
COST 32768 4096 2 8 6.00 0.0001 512 0.739539 2601.124 0.799173
COST 32768 8192 2 8 6.00 0.0001 512 0.884747 3627.567 0.875443
COST 32768 16384 2 8 6.00 0.0001 512 1.000000 4597.157 1.000000
COST 32768 512 2 8 6.00 0.0001 1024 0.121613 297.422 0.910247
COST 32768 1024 2 8 6.00 0.0001 1024 0.375601 791.253 0.932202
COST 32768 2048 2 8 6.00 0.0001 1024 0.607704 1571.183 0.984930
COST 32768 4096 2 8 6.00 0.0001 1024 0.780584 2428.508 1.023233
COST 32768 8192 2 8 6.00 0.0001 1024 0.907264 3225.972 1.131248
COST 32768 16384 2 8 6.00 0.0001 1024 1.000000 3901.718 1.000000
COST 32768 512 2 8 6.00 0.0001 512 0.121613 297.422 0.803316
COST 32768 1024 2 8 6.00 0.0001 512 0.375601 791.253 0.853510
COST 32768 2048 2 8 6.00 0.0001 512 0.607704 1571.183 0.846217
COST 32768 4096 2 8 6.00 0.0001 512 0.780584 2428.508 0.869012
COST 32768 8192 2 8 6.00 0.0001 512 0.907264 3225.972 1.001179
COST 32768 16384 2 8 6.00 0.0001 512 1.000000 3901.718 1.000000
COST 32768 512 2 8 6.00 0.0001 1024 0.131042 300.666 1.094386
COST 32768 1024 2 8 6.00 0.0001 1024 0.395288 794.580 1.120078
COST 32768 2048 2 8 6.00 0.0001 1024 0.628860 1554.284 1.108585
COST 32768 4096 2 8 6.00 0.0001 1024 0.796925 2356.544 1.173788
COST 32768 8192 2 8 6.00 0.0001 1024 0.915883 3069.581 1.257525
COST 32768 16384 2 8 6.00 0.0001 1024 1.000000 3646.709 1.000000
COST 32768 512 2 8 6.00 0.0001 512 0.131042 300.666 0.921068
COST 32768 1024 2 8 6.00 0.0001 512 0.395288 794.580 0.909044
COST 32768 2048 2 8 6.00 0.0001 512 0.628860 1554.284 0.964705
COST 32768 4096 2 8 6.00 0.0001 512 0.796925 2356.544 1.019565
COST 32768 8192 2 8 6.00 0.0001 512 0.915883 3069.581 1.124155
COST 32768 16384 2 8 6.00 0.0001 512 1.000000 3646.709 1.000000
COST 32768 512 2 8 6.00 0.0001 1024 0.165205 311.891 1.661363
COST 32768 1024 2 8 6.00 0.0001 1024 0.461245 804.552 1.662525
COST 32768 2048 2 8 6.00 0.0001 1024 0.695444 1494.300 1.766652
COST 32768 4096 2 8 6.00 0.0001 1024 0.845632 2128.677 1.812404
COST 32768 8192 2 8 6.00 0.0001 1024 0.940339 2613.188 1.579389
COST 32768 16384 2 8 6.00 0.0001 1024 1.000000 2951.079 1.000000
COST 32768 512 2 8 6.00 0.0001 512 0.165205 311.891 1.397503
COST 32768 1024 2 8 6.00 0.0001 512 0.461245 804.552 1.368171
COST 32768 2048 2 8 6.00 0.0001 512 0.695444 1494.300 1.446637
COST 32768 4096 2 8 6.00 0.0001 512 0.845632 2128.677 1.507261
COST 32768 8192 2 8 6.00 0.0001 512 0.940339 2613.188 1.416974
COST 32768 16384 2 8 6.00 0.0001 512 1.000000 2951.079 1.000000
COST 32768 512 2 8 6.00 0.0001 1024 0.244329 336.365 2.526874
COST 32768 1024 2 8 6.00 0.0001 1024 0.587987 818.907 2.491931
COST 32768 2048 2 8 6.00 0.0001 1024 0.805779 1364.917 2.609610
COST 32768 4096 2 8 6.00 0.0001 1024 0.916714 1740.974 1.732910
COST 32768 8192 2 8 6.00 0.0001 1024 0.972238 1954.702 0.815871
COST 32768 16384 2 8 6.00 0.0001 1024 1.000000 2067.458 1.000000
COST 32768 512 2 8 6.00 0.0001 512 0.244329 336.365 2.160160
COST 32768 1024 2 8 6.00 0.0001 512 0.587987 818.907 2.107462
COST 32768 2048 2 8 6.00 0.0001 512 0.805779 1364.917 2.201514
COST 32768 4096 2 8 6.00 0.0001 512 0.916714 1740.974 1.603623
COST 32768 8192 2 8 6.00 0.0001 512 0.972238 1954.702 0.813072
COST 32768 16384 2 8 6.00 0.0001 512 1.000000 2067.458 1.000000
COST 32768 512 2 8 6.00 0.0001 1024 0.333735 363.773 2.640819
COST 32768 1024 2 8 6.00 0.0001 1024 0.698389 825.281 2.683611
COST 32768 2048 2 8 6.00 0.0001 1024 0.883530 1235.861 2.065391
COST 32768 4096 2 8 6.00 0.0001 1024 0.958434 1446.595 0.529819
COST 32768 8192 2 8 6.00 0.0001 1024 0.988191 1537.173 0.515901
COST 32768 16384 2 8 6.00 0.0001 1024 1.000000 1574.078 1.000000
COST 32768 512 2 8 6.00 0.0001 512 0.333735 363.773 2.234101
COST 32768 1024 2 8 6.00 0.0001 512 0.698389 825.281 2.185936
COST 32768 2048 2 8 6.00 0.0001 512 0.883530 1235.861 1.671151
COST 32768 4096 2 8 6.00 0.0001 512 0.958434 1446.595 0.445788
COST 32768 8192 2 8 6.00 0.0001 512 0.988191 1537.173 0.490268
COST 32768 16384 2 8 6.00 0.0001 512 1.000000 1574.078 1.000000
COST 32768 512 2 8 6.00 0.001 1024 0.101178 290.065 1.045648
COST 32768 1024 2 8 6.00 0.001 1024 0.330389 782.926 1.046262
COST 32768 2048 2 8 6.00 0.001 1024 0.556768 1608.110 1.103091
COST 32768 4096 2 8 6.00 0.001 1024 0.739539 2601.124 1.141806
COST 32768 8192 2 8 6.00 0.001 1024 0.884747 3627.567 1.213853
COST 32768 16384 2 8 6.00 0.001 1024 1.000000 4597.157 1.000000
COST 32768 512 2 8 6.00 0.001 512 0.101178 290.065 0.850224
COST 32768 1024 2 8 6.00 0.001 512 0.330389 782.926 0.898953
COST 32768 2048 2 8 6.00 0.001 512 0.556768 1608.110 0.953363
COST 32768 4096 2 8 6.00 0.001 512 0.739539 2601.124 1.038608
COST 32768 8192 2 8 6.00 0.001 512 0.884747 3627.567 1.113896
COST 32768 16384 2 8 6.00 0.001 512 1.000000 4597.157 1.000000
COST 32768 512 2 8 6.00 0.001 1024 0.121613 297.422 1.372600
COST 32768 1024 2 8 6.00 0.001 1024 0.375601 791.253 1.420653
COST 32768 2048 2 8 6.00 0.001 1024 0.607704 1571.183 1.441432
COST 32768 4096 2 8 6.00 0.001 1024 0.780584 2428.508 1.504130
COST 32768 8192 2 8 6.00 0.001 1024 0.907264 3225.972 1.438881
COST 32768 16384 2 8 6.00 0.001 1024 1.000000 3901.718 1.000000
COST 32768 512 2 8 6.00 0.001 512 0.121613 297.422 1.140023
COST 32768 1024 2 8 6.00 0.001 512 0.375601 791.253 1.149094
COST 32768 2048 2 8 6.00 0.001 512 0.607704 1571.183 1.235079
COST 32768 4096 2 8 6.00 0.001 512 0.780584 2428.508 1.304255
COST 32768 8192 2 8 6.00 0.001 512 0.907264 3225.972 1.297894
COST 32768 16384 2 8 6.00 0.001 512 1.000000 3901.718 1.000000
COST 32768 512 2 8 6.00 0.001 1024 0.131042 300.666 1.512959
COST 32768 1024 2 8 6.00 0.001 1024 0.395288 794.580 1.572045
COST 32768 2048 2 8 6.00 0.001 1024 0.628860 1554.284 1.678835
COST 32768 4096 2 8 6.00 0.001 1024 0.796925 2356.544 1.684893
COST 32768 8192 2 8 6.00 0.001 1024 0.915883 3069.581 1.408902
COST 32768 16384 2 8 6.00 0.001 1024 1.000000 3646.709 1.000000
COST 32768 512 2 8 6.00 0.001 512 0.131042 300.666 1.304598
COST 32768 1024 2 8 6.00 0.001 512 0.395288 794.580 1.273860
COST 32768 2048 2 8 6.00 0.001 512 0.628860 1554.284 1.376876
COST 32768 4096 2 8 6.00 0.001 512 0.796925 2356.544 1.437403
COST 32768 8192 2 8 6.00 0.001 512 0.915883 3069.581 1.292415
COST 32768 16384 2 8 6.00 0.001 512 1.000000 3646.709 1.000000
COST 32768 512 2 8 6.00 0.001 1024 0.165205 311.891 2.271097
COST 32768 1024 2 8 6.00 0.001 1024 0.461245 804.552 2.310286
COST 32768 2048 2 8 6.00 0.001 1024 0.695444 1494.300 2.388692
COST 32768 4096 2 8 6.00 0.001 1024 0.845632 2128.677 2.386241
COST 32768 8192 2 8 6.00 0.001 1024 0.940339 2613.188 1.125890
COST 32768 16384 2 8 6.00 0.001 1024 1.000000 2951.079 1.000000
COST 32768 512 2 8 6.00 0.001 512 0.165205 311.891 1.864999
COST 32768 1024 2 8 6.00 0.001 512 0.461245 804.552 1.859607
COST 32768 2048 2 8 6.00 0.001 512 0.695444 1494.300 1.974392
COST 32768 4096 2 8 6.00 0.001 512 0.845632 2128.677 1.940312
COST 32768 8192 2 8 6.00 0.001 512 0.940339 2613.188 1.055195
COST 32768 16384 2 8 6.00 0.001 512 1.000000 2951.079 1.000000
COST 32768 512 2 8 6.00 0.001 1024 0.244329 336.365 2.706814
COST 32768 1024 2 8 6.00 0.001 1024 0.587987 818.907 2.770945
COST 32768 2048 2 8 6.00 0.001 1024 0.805779 1364.917 2.535203
COST 32768 4096 2 8 6.00 0.001 1024 0.916714 1740.974 0.808428
COST 32768 8192 2 8 6.00 0.001 1024 0.972238 1954.702 0.586530
COST 32768 16384 2 8 6.00 0.001 1024 1.000000 2067.458 1.000000
COST 32768 512 2 8 6.00 0.001 512 0.244329 336.365 2.141302
COST 32768 1024 2 8 6.00 0.001 512 0.587987 818.907 2.117478
COST 32768 2048 2 8 6.00 0.001 512 0.805779 1364.917 2.054097
COST 32768 4096 2 8 6.00 0.001 512 0.916714 1740.974 0.728024
COST 32768 8192 2 8 6.00 0.001 512 0.972238 1954.702 0.537304
COST 32768 16384 2 8 6.00 0.001 512 1.000000 2067.458 1.000000
COST 32768 512 2 8 6.00 0.001 1024 0.333735 363.773 2.726904
COST 32768 1024 2 8 6.00 0.001 1024 0.698389 825.281 2.751023
COST 32768 2048 2 8 6.00 0.001 1024 0.883530 1235.861 0.958959
COST 32768 4096 2 8 6.00 0.001 1024 0.958434 1446.595 0.323442
COST 32768 8192 2 8 6.00 0.001 1024 0.988191 1537.173 0.488783
COST 32768 16384 2 8 6.00 0.001 1024 1.000000 1574.078 1.000000
COST 32768 512 2 8 6.00 0.001 512 0.333735 363.773 2.134540
COST 32768 1024 2 8 6.00 0.001 512 0.698389 825.281 2.196167
COST 32768 2048 2 8 6.00 0.001 512 0.883530 1235.861 0.802961
COST 32768 4096 2 8 6.00 0.001 512 0.958434 1446.595 0.308268
COST 32768 8192 2 8 6.00 0.001 512 0.988191 1537.173 0.465328
COST 32768 16384 2 8 6.00 0.001 512 1.000000 1574.078 1.000000
COST 32768 512 2 8 6.00 0.01 1024 0.101178 290.065 1.935357
COST 32768 1024 2 8 6.00 0.01 1024 0.330389 782.926 1.862114
COST 32768 2048 2 8 6.00 0.01 1024 0.556768 1608.110 1.995765
COST 32768 4096 2 8 6.00 0.01 1024 0.739539 2601.124 2.044086
COST 32768 8192 2 8 6.00 0.01 1024 0.884747 3627.567 1.200227
COST 32768 16384 2 8 6.00 0.01 1024 1.000000 4597.157 1.000000
COST 32768 512 2 8 6.00 0.01 512 0.101178 290.065 1.527250
COST 32768 1024 2 8 6.00 0.01 512 0.330389 782.926 1.580011
COST 32768 2048 2 8 6.00 0.01 512 0.556768 1608.110 1.603516
COST 32768 4096 2 8 6.00 0.01 512 0.739539 2601.124 1.723288
COST 32768 8192 2 8 6.00 0.01 512 0.884747 3627.567 1.109218
COST 32768 16384 2 8 6.00 0.01 512 1.000000 4597.157 1.000000
COST 32768 512 2 8 6.00 0.01 1024 0.121613 297.422 2.126586
COST 32768 1024 2 8 6.00 0.01 1024 0.375601 791.253 2.168164
COST 32768 2048 2 8 6.00 0.01 1024 0.607704 1571.183 2.225405
COST 32768 4096 2 8 6.00 0.01 1024 0.780584 2428.508 2.062642
COST 32768 8192 2 8 6.00 0.01 1024 0.907264 3225.972 0.966837
COST 32768 16384 2 8 6.00 0.01 1024 1.000000 3901.718 1.000000
COST 32768 512 2 8 6.00 0.01 512 0.121613 297.422 1.781618
COST 32768 1024 2 8 6.00 0.01 512 0.375601 791.253 1.796558
COST 32768 2048 2 8 6.00 0.01 512 0.607704 1571.183 1.880867
COST 32768 4096 2 8 6.00 0.01 512 0.780584 2428.508 1.744101
COST 32768 8192 2 8 6.00 0.01 512 0.907264 3225.972 0.944707
COST 32768 16384 2 8 6.00 0.01 512 1.000000 3901.718 1.000000
COST 32768 512 2 8 6.00 0.01 1024 0.131042 300.666 2.279047
COST 32768 1024 2 8 6.00 0.01 1024 0.395288 794.580 2.404713
COST 32768 2048 2 8 6.00 0.01 1024 0.628860 1554.284 2.449594
COST 32768 4096 2 8 6.00 0.01 1024 0.796925 2356.544 2.103692
COST 32768 8192 2 8 6.00 0.01 1024 0.915883 3069.581 0.939993
COST 32768 16384 2 8 6.00 0.01 1024 1.000000 3646.709 1.000000
COST 32768 512 2 8 6.00 0.01 512 0.131042 300.666 1.900063
COST 32768 1024 2 8 6.00 0.01 512 0.395288 794.580 1.922598
COST 32768 2048 2 8 6.00 0.01 512 0.628860 1554.284 1.992885
COST 32768 4096 2 8 6.00 0.01 512 0.796925 2356.544 1.740302
COST 32768 8192 2 8 6.00 0.01 512 0.915883 3069.581 0.849252
COST 32768 16384 2 8 6.00 0.01 512 1.000000 3646.709 1.000000
COST 32768 512 2 8 6.00 0.01 1024 0.165205 311.891 2.570297
COST 32768 1024 2 8 6.00 0.01 1024 0.461245 804.552 2.591669
COST 32768 2048 2 8 6.00 0.01 1024 0.695444 1494.300 2.594667
COST 32768 4096 2 8 6.00 0.01 1024 0.845632 2128.677 1.273272
COST 32768 8192 2 8 6.00 0.01 1024 0.940339 2613.188 0.660692
COST 32768 16384 2 8 6.00 0.01 1024 1.000000 2951.079 1.000000
COST 32768 512 2 8 6.00 0.01 512 0.165205 311.891 2.079797
COST 32768 1024 2 8 6.00 0.01 512 0.461245 804.552 2.102908
COST 32768 2048 2 8 6.00 0.01 512 0.695444 1494.300 2.093603
COST 32768 4096 2 8 6.00 0.01 512 0.845632 2128.677 1.123746
COST 32768 8192 2 8 6.00 0.01 512 0.940339 2613.188 0.606249
COST 32768 16384 2 8 6.00 0.01 512 1.000000 2951.079 1.000000
COST 32768 512 2 8 6.00 0.01 1024 0.244329 336.365 2.792336
COST 32768 1024 2 8 6.00 0.01 1024 0.587987 818.907 2.741279
COST 32768 2048 2 8 6.00 0.01 1024 0.805779 1364.917 1.061254
COST 32768 4096 2 8 6.00 0.01 1024 0.916714 1740.974 0.359832
COST 32768 8192 2 8 6.00 0.01 1024 0.972238 1954.702 0.519489
COST 32768 16384 2 8 6.00 0.01 1024 1.000000 2067.458 1.000000
COST 32768 512 2 8 6.00 0.01 512 0.244329 336.365 2.063012
COST 32768 1024 2 8 6.00 0.01 512 0.587987 818.907 2.129429
COST 32768 2048 2 8 6.00 0.01 512 0.805779 1364.917 0.828020
COST 32768 4096 2 8 6.00 0.01 512 0.916714 1740.974 0.323818
COST 32768 8192 2 8 6.00 0.01 512 0.972238 1954.702 0.457820
COST 32768 16384 2 8 6.00 0.01 512 1.000000 2067.458 1.000000
COST 32768 512 2 8 6.00 0.01 1024 0.333735 363.773 2.728240
COST 32768 1024 2 8 6.00 0.01 1024 0.698389 825.281 2.039577
COST 32768 2048 2 8 6.00 0.01 1024 0.883530 1235.861 0.248702
COST 32768 4096 2 8 6.00 0.01 1024 0.958434 1446.595 0.230510
COST 32768 8192 2 8 6.00 0.01 1024 0.988191 1537.173 0.478313
COST 32768 16384 2 8 6.00 0.01 1024 1.000000 1574.078 1.000000
COST 32768 512 2 8 6.00 0.01 512 0.333735 363.773 2.511210
COST 32768 1024 2 8 6.00 0.01 512 0.698389 825.281 1.911855
COST 32768 2048 2 8 6.00 0.01 512 0.883530 1235.861 0.282273
COST 32768 4096 2 8 6.00 0.01 512 0.958434 1446.595 0.245968
COST 32768 8192 2 8 6.00 0.01 512 0.988191 1537.173 0.498001
COST 32768 16384 2 8 6.00 0.01 512 1.000000 1574.078 1.000000
COST 32768 512 2 8 6.50 0.0001 1024 0.101178 290.065 1.217687
COST 32768 1024 2 8 6.50 0.0001 1024 0.330389 782.926 1.232338
COST 32768 2048 2 8 6.50 0.0001 1024 0.556768 1608.110 1.311699
COST 32768 4096 2 8 6.50 0.0001 1024 0.739539 2601.124 1.349758
COST 32768 8192 2 8 6.50 0.0001 1024 0.884747 3627.567 1.487042
COST 32768 16384 2 8 6.50 0.0001 1024 1.000000 4597.157 1.000000
COST 32768 512 2 8 6.50 0.0001 512 0.101178 290.065 1.226782
COST 32768 1024 2 8 6.50 0.0001 512 0.330389 782.926 1.199196
COST 32768 2048 2 8 6.50 0.0001 512 0.556768 1608.110 1.257823
COST 32768 4096 2 8 6.50 0.0001 512 0.739539 2601.124 1.321522
COST 32768 8192 2 8 6.50 0.0001 512 0.884747 3627.567 1.454979
COST 32768 16384 2 8 6.50 0.0001 512 1.000000 4597.157 1.000000
COST 32768 512 2 8 6.50 0.0001 1024 0.121613 297.422 1.710770
COST 32768 1024 2 8 6.50 0.0001 1024 0.375601 791.253 1.748039
COST 32768 2048 2 8 6.50 0.0001 1024 0.607704 1571.183 1.785255
COST 32768 4096 2 8 6.50 0.0001 1024 0.780584 2428.508 1.840625
COST 32768 8192 2 8 6.50 0.0001 1024 0.907264 3225.972 1.673543
COST 32768 16384 2 8 6.50 0.0001 1024 1.000000 3901.718 1.000000
COST 32768 512 2 8 6.50 0.0001 512 0.121613 297.422 1.483254
COST 32768 1024 2 8 6.50 0.0001 512 0.375601 791.253 1.510880
COST 32768 2048 2 8 6.50 0.0001 512 0.607704 1571.183 1.634105
COST 32768 4096 2 8 6.50 0.0001 512 0.780584 2428.508 1.671994
COST 32768 8192 2 8 6.50 0.0001 512 0.907264 3225.972 1.588589
COST 32768 16384 2 8 6.50 0.0001 512 1.000000 3901.718 1.000000
COST 32768 512 2 8 6.50 0.0001 1024 0.131042 300.666 1.923334
COST 32768 1024 2 8 6.50 0.0001 1024 0.395288 794.580 1.878835
COST 32768 2048 2 8 6.50 0.0001 1024 0.628860 1554.284 1.990141
COST 32768 4096 2 8 6.50 0.0001 1024 0.796925 2356.544 2.088594
COST 32768 8192 2 8 6.50 0.0001 1024 0.915883 3069.581 1.588215
COST 32768 16384 2 8 6.50 0.0001 1024 1.000000 3646.709 1.000000
COST 32768 512 2 8 6.50 0.0001 512 0.131042 300.666 1.656527
COST 32768 1024 2 8 6.50 0.0001 512 0.395288 794.580 1.633961
COST 32768 2048 2 8 6.50 0.0001 512 0.628860 1554.284 1.722583
COST 32768 4096 2 8 6.50 0.0001 512 0.796925 2356.544 1.769943
COST 32768 8192 2 8 6.50 0.0001 512 0.915883 3069.581 1.476904
COST 32768 16384 2 8 6.50 0.0001 512 1.000000 3646.709 1.000000
COST 32768 512 2 8 6.50 0.0001 1024 0.165205 311.891 2.347654
COST 32768 1024 2 8 6.50 0.0001 1024 0.461245 804.552 2.397831
COST 32768 2048 2 8 6.50 0.0001 1024 0.695444 1494.300 2.452316
COST 32768 4096 2 8 6.50 0.0001 1024 0.845632 2128.677 2.296757
COST 32768 8192 2 8 6.50 0.0001 1024 0.940339 2613.188 1.015786
COST 32768 16384 2 8 6.50 0.0001 1024 1.000000 2951.079 1.000000
COST 32768 512 2 8 6.50 0.0001 512 0.165205 311.891 2.014664
COST 32768 1024 2 8 6.50 0.0001 512 0.461245 804.552 2.049918
COST 32768 2048 2 8 6.50 0.0001 512 0.695444 1494.300 2.208991
COST 32768 4096 2 8 6.50 0.0001 512 0.845632 2128.677 2.011044
COST 32768 8192 2 8 6.50 0.0001 512 0.940339 2613.188 0.989954
COST 32768 16384 2 8 6.50 0.0001 512 1.000000 2951.079 1.000000
COST 32768 512 2 8 6.50 0.0001 1024 0.244329 336.365 2.554395
COST 32768 1024 2 8 6.50 0.0001 1024 0.587987 818.907 2.589667
COST 32768 2048 2 8 6.50 0.0001 1024 0.805779 1364.917 2.324096
COST 32768 4096 2 8 6.50 0.0001 1024 0.916714 1740.974 0.628684
COST 32768 8192 2 8 6.50 0.0001 1024 0.972238 1954.702 0.483456
COST 32768 16384 2 8 6.50 0.0001 1024 1.000000 2067.458 1.000000
COST 32768 512 2 8 6.50 0.0001 512 0.244329 336.365 2.284571
COST 32768 1024 2 8 6.50 0.0001 512 0.587987 818.907 2.191735
COST 32768 2048 2 8 6.50 0.0001 512 0.805779 1364.917 2.152545
COST 32768 4096 2 8 6.50 0.0001 512 0.916714 1740.974 0.628764
COST 32768 8192 2 8 6.50 0.0001 512 0.972238 1954.702 0.477683
COST 32768 16384 2 8 6.50 0.0001 512 1.000000 2067.458 1.000000
COST 32768 512 2 8 6.50 0.0001 1024 0.333735 363.773 2.619537
COST 32768 1024 2 8 6.50 0.0001 1024 0.698389 825.281 2.656163
COST 32768 2048 2 8 6.50 0.0001 1024 0.883530 1235.861 0.705358
COST 32768 4096 2 8 6.50 0.0001 1024 0.958434 1446.595 0.268670
COST 32768 8192 2 8 6.50 0.0001 1024 0.988191 1537.173 0.466088
COST 32768 16384 2 8 6.50 0.0001 1024 1.000000 1574.078 1.000000
COST 32768 512 2 8 6.50 0.0001 512 0.333735 363.773 2.417578
COST 32768 1024 2 8 6.50 0.0001 512 0.698389 825.281 2.226271
COST 32768 2048 2 8 6.50 0.0001 512 0.883530 1235.861 0.682758
COST 32768 4096 2 8 6.50 0.0001 512 0.958434 1446.595 0.264991
COST 32768 8192 2 8 6.50 0.0001 512 0.988191 1537.173 0.471516
COST 32768 16384 2 8 6.50 0.0001 512 1.000000 1574.078 1.000000
COST 32768 512 2 8 6.50 0.001 1024 0.101178 290.065 1.779000
COST 32768 1024 2 8 6.50 0.001 1024 0.330389 782.926 1.796872
COST 32768 2048 2 8 6.50 0.001 1024 0.556768 1608.110 1.856558
COST 32768 4096 2 8 6.50 0.001 1024 0.739539 2601.124 1.981787
COST 32768 8192 2 8 6.50 0.001 1024 0.884747 3627.567 1.524178
COST 32768 16384 2 8 6.50 0.001 1024 1.000000 4597.157 1.000000
COST 32768 512 2 8 6.50 0.001 512 0.101178 290.065 1.772962
COST 32768 1024 2 8 6.50 0.001 512 0.330389 782.926 1.789108
COST 32768 2048 2 8 6.50 0.001 512 0.556768 1608.110 1.820698
COST 32768 4096 2 8 6.50 0.001 512 0.739539 2601.124 1.991017
COST 32768 8192 2 8 6.50 0.001 512 0.884747 3627.567 1.555745
COST 32768 16384 2 8 6.50 0.001 512 1.000000 4597.157 1.000000
COST 32768 512 2 8 6.50 0.001 1024 0.121613 297.422 2.309801
COST 32768 1024 2 8 6.50 0.001 1024 0.375601 791.253 2.341688
COST 32768 2048 2 8 6.50 0.001 1024 0.607704 1571.183 2.434305
COST 32768 4096 2 8 6.50 0.001 1024 0.780584 2428.508 2.366083
COST 32768 8192 2 8 6.50 0.001 1024 0.907264 3225.972 1.162665
COST 32768 16384 2 8 6.50 0.001 1024 1.000000 3901.718 1.000000
COST 32768 512 2 8 6.50 0.001 512 0.121613 297.422 1.839833
COST 32768 1024 2 8 6.50 0.001 512 0.375601 791.253 1.880333
COST 32768 2048 2 8 6.50 0.001 512 0.607704 1571.183 2.036862
COST 32768 4096 2 8 6.50 0.001 512 0.780584 2428.508 1.968373
COST 32768 8192 2 8 6.50 0.001 512 0.907264 3225.972 1.131682
COST 32768 16384 2 8 6.50 0.001 512 1.000000 3901.718 1.000000
COST 32768 512 2 8 6.50 0.001 1024 0.131042 300.666 2.342826
COST 32768 1024 2 8 6.50 0.001 1024 0.395288 794.580 2.292405
COST 32768 2048 2 8 6.50 0.001 1024 0.628860 1554.284 2.389565
COST 32768 4096 2 8 6.50 0.001 1024 0.796925 2356.544 2.220094
COST 32768 8192 2 8 6.50 0.001 1024 0.915883 3069.581 0.979803
COST 32768 16384 2 8 6.50 0.001 1024 1.000000 3646.709 1.000000
COST 32768 512 2 8 6.50 0.001 512 0.131042 300.666 1.910454
COST 32768 1024 2 8 6.50 0.001 512 0.395288 794.580 1.928025
COST 32768 2048 2 8 6.50 0.001 512 0.628860 1554.284 2.014301
COST 32768 4096 2 8 6.50 0.001 512 0.796925 2356.544 1.850057
COST 32768 8192 2 8 6.50 0.001 512 0.915883 3069.581 0.926062
COST 32768 16384 2 8 6.50 0.001 512 1.000000 3646.709 1.000000
COST 32768 512 2 8 6.50 0.001 1024 0.165205 311.891 2.534059
COST 32768 1024 2 8 6.50 0.001 1024 0.461245 804.552 2.574921
COST 32768 2048 2 8 6.50 0.001 1024 0.695444 1494.300 2.622706
COST 32768 4096 2 8 6.50 0.001 1024 0.845632 2128.677 1.367319
COST 32768 8192 2 8 6.50 0.001 1024 0.940339 2613.188 0.673015
COST 32768 16384 2 8 6.50 0.001 1024 1.000000 2951.079 1.000000
COST 32768 512 2 8 6.50 0.001 512 0.165205 311.891 2.200078
COST 32768 1024 2 8 6.50 0.001 512 0.461245 804.552 2.223304
COST 32768 2048 2 8 6.50 0.001 512 0.695444 1494.300 2.210250
COST 32768 4096 2 8 6.50 0.001 512 0.845632 2128.677 1.293207
COST 32768 8192 2 8 6.50 0.001 512 0.940339 2613.188 0.610296
COST 32768 16384 2 8 6.50 0.001 512 1.000000 2951.079 1.000000
COST 32768 512 2 8 6.50 0.001 1024 0.244329 336.365 2.646787
COST 32768 1024 2 8 6.50 0.001 1024 0.587987 818.907 2.727641
COST 32768 2048 2 8 6.50 0.001 1024 0.805779 1364.917 1.384145
COST 32768 4096 2 8 6.50 0.001 1024 0.916714 1740.974 0.303350
COST 32768 8192 2 8 6.50 0.001 1024 0.972238 1954.702 0.509657
COST 32768 16384 2 8 6.50 0.001 1024 1.000000 2067.458 1.000000
COST 32768 512 2 8 6.50 0.001 512 0.244329 336.365 2.306168
COST 32768 1024 2 8 6.50 0.001 512 0.587987 818.907 2.580494
COST 32768 2048 2 8 6.50 0.001 512 0.805779 1364.917 1.269823
COST 32768 4096 2 8 6.50 0.001 512 0.916714 1740.974 0.294989
COST 32768 8192 2 8 6.50 0.001 512 0.972238 1954.702 0.468105
COST 32768 16384 2 8 6.50 0.001 512 1.000000 2067.458 1.000000
COST 32768 512 2 8 6.50 0.001 1024 0.333735 363.773 2.706976
COST 32768 1024 2 8 6.50 0.001 1024 0.698389 825.281 2.372357
COST 32768 2048 2 8 6.50 0.001 1024 0.883530 1235.861 0.264596
COST 32768 4096 2 8 6.50 0.001 1024 0.958434 1446.595 0.227101
COST 32768 8192 2 8 6.50 0.001 1024 0.988191 1537.173 0.488472
COST 32768 16384 2 8 6.50 0.001 1024 1.000000 1574.078 1.000000
COST 32768 512 2 8 6.50 0.001 512 0.333735 363.773 2.758363
COST 32768 1024 2 8 6.50 0.001 512 0.698389 825.281 2.433624
COST 32768 2048 2 8 6.50 0.001 512 0.883530 1235.861 0.296917
COST 32768 4096 2 8 6.50 0.001 512 0.958434 1446.595 0.237190
COST 32768 8192 2 8 6.50 0.001 512 0.988191 1537.173 0.514252
COST 32768 16384 2 8 6.50 0.001 512 1.000000 1574.078 1.000000
COST 32768 512 2 8 6.50 0.01 1024 0.101178 290.065 2.262689
COST 32768 1024 2 8 6.50 0.01 1024 0.330389 782.926 2.356668
COST 32768 2048 2 8 6.50 0.01 1024 0.556768 1608.110 2.369293
COST 32768 4096 2 8 6.50 0.01 1024 0.739539 2601.124 1.839292
COST 32768 8192 2 8 6.50 0.01 1024 0.884747 3627.567 0.773528
COST 32768 16384 2 8 6.50 0.01 1024 1.000000 4597.157 1.000000
COST 32768 512 2 8 6.50 0.01 512 0.101178 290.065 2.379036
COST 32768 1024 2 8 6.50 0.01 512 0.330389 782.926 2.394713
COST 32768 2048 2 8 6.50 0.01 512 0.556768 1608.110 2.449537
COST 32768 4096 2 8 6.50 0.01 512 0.739539 2601.124 2.024152
COST 32768 8192 2 8 6.50 0.01 512 0.884747 3627.567 0.795800
COST 32768 16384 2 8 6.50 0.01 512 1.000000 4597.157 1.000000
COST 32768 512 2 8 6.50 0.01 1024 0.121613 297.422 2.618292
COST 32768 1024 2 8 6.50 0.01 1024 0.375601 791.253 2.632159
COST 32768 2048 2 8 6.50 0.01 1024 0.607704 1571.183 2.603743
COST 32768 4096 2 8 6.50 0.01 1024 0.780584 2428.508 1.234500
COST 32768 8192 2 8 6.50 0.01 1024 0.907264 3225.972 0.627112
COST 32768 16384 2 8 6.50 0.01 1024 1.000000 3901.718 1.000000
COST 32768 512 2 8 6.50 0.01 512 0.121613 297.422 2.136505
COST 32768 1024 2 8 6.50 0.01 512 0.375601 791.253 2.205714
COST 32768 2048 2 8 6.50 0.01 512 0.607704 1571.183 2.230461
COST 32768 4096 2 8 6.50 0.01 512 0.780584 2428.508 1.118383
COST 32768 8192 2 8 6.50 0.01 512 0.907264 3225.972 0.592211
COST 32768 16384 2 8 6.50 0.01 512 1.000000 3901.718 1.000000
COST 32768 512 2 8 6.50 0.01 1024 0.131042 300.666 2.573733
COST 32768 1024 2 8 6.50 0.01 1024 0.395288 794.580 2.551427
COST 32768 2048 2 8 6.50 0.01 1024 0.628860 1554.284 2.478677
COST 32768 4096 2 8 6.50 0.01 1024 0.796925 2356.544 1.039480
COST 32768 8192 2 8 6.50 0.01 1024 0.915883 3069.581 0.601125
COST 32768 16384 2 8 6.50 0.01 1024 1.000000 3646.709 1.000000
COST 32768 512 2 8 6.50 0.01 512 0.131042 300.666 2.136391
COST 32768 1024 2 8 6.50 0.01 512 0.395288 794.580 2.151237
COST 32768 2048 2 8 6.50 0.01 512 0.628860 1554.284 2.079069
COST 32768 4096 2 8 6.50 0.01 512 0.796925 2356.544 0.910184
COST 32768 8192 2 8 6.50 0.01 512 0.915883 3069.581 0.565277
COST 32768 16384 2 8 6.50 0.01 512 1.000000 3646.709 1.000000
COST 32768 512 2 8 6.50 0.01 1024 0.165205 311.891 2.639201
COST 32768 1024 2 8 6.50 0.01 1024 0.461245 804.552 2.658703
COST 32768 2048 2 8 6.50 0.01 1024 0.695444 1494.300 1.638038
COST 32768 4096 2 8 6.50 0.01 1024 0.845632 2128.677 0.463184
COST 32768 8192 2 8 6.50 0.01 1024 0.940339 2613.188 0.496369
COST 32768 16384 2 8 6.50 0.01 1024 1.000000 2951.079 1.000000
COST 32768 512 2 8 6.50 0.01 512 0.165205 311.891 2.261845
COST 32768 1024 2 8 6.50 0.01 512 0.461245 804.552 2.242955
COST 32768 2048 2 8 6.50 0.01 512 0.695444 1494.300 1.454506
COST 32768 4096 2 8 6.50 0.01 512 0.845632 2128.677 0.440023
COST 32768 8192 2 8 6.50 0.01 512 0.940339 2613.188 0.484907
COST 32768 16384 2 8 6.50 0.01 512 1.000000 2951.079 1.000000
COST 32768 512 2 8 6.50 0.01 1024 0.244329 336.365 2.639351
COST 32768 1024 2 8 6.50 0.01 1024 0.587987 818.907 2.304688
COST 32768 2048 2 8 6.50 0.01 1024 0.805779 1364.917 0.314798
COST 32768 4096 2 8 6.50 0.01 1024 0.916714 1740.974 0.234468
COST 32768 8192 2 8 6.50 0.01 1024 0.972238 1954.702 0.478097
COST 32768 16384 2 8 6.50 0.01 1024 1.000000 2067.458 1.000000
COST 32768 512 2 8 6.50 0.01 512 0.244329 336.365 2.683119
COST 32768 1024 2 8 6.50 0.01 512 0.587987 818.907 2.399567
COST 32768 2048 2 8 6.50 0.01 512 0.805779 1364.917 0.362925
COST 32768 4096 2 8 6.50 0.01 512 0.916714 1740.974 0.255028
COST 32768 8192 2 8 6.50 0.01 512 0.972238 1954.702 0.504798
COST 32768 16384 2 8 6.50 0.01 512 1.000000 2067.458 1.000000
COST 32768 512 2 8 6.50 0.01 1024 0.333735 363.773 2.664513
COST 32768 1024 2 8 6.50 0.01 1024 0.698389 825.281 0.795317
COST 32768 2048 2 8 6.50 0.01 1024 0.883530 1235.861 0.122792
COST 32768 4096 2 8 6.50 0.01 1024 0.958434 1446.595 0.223193
COST 32768 8192 2 8 6.50 0.01 1024 0.988191 1537.173 0.462916
COST 32768 16384 2 8 6.50 0.01 1024 1.000000 1574.078 1.000000
COST 32768 512 2 8 6.50 0.01 512 0.333735 363.773 2.695699
COST 32768 1024 2 8 6.50 0.01 512 0.698389 825.281 0.862372
COST 32768 2048 2 8 6.50 0.01 512 0.883530 1235.861 0.126065
COST 32768 4096 2 8 6.50 0.01 512 0.958434 1446.595 0.223630
COST 32768 8192 2 8 6.50 0.01 512 0.988191 1537.173 0.530143
COST 32768 16384 2 8 6.50 0.01 512 1.000000 1574.078 1.000000
COST 4096 256 2 8 5.00 0.0001 16384 0.556281 200.726 0.822324
COST 4096 512 2 8 5.00 0.0001 16384 0.739362 324.982 0.844144
COST 4096 1024 2 8 5.00 0.0001 16384 0.884695 453.368 0.955474
COST 4096 2048 2 8 5.00 0.0001 16384 1.000000 574.609 1.000000
COST 4096 256 2 8 5.00 0.0001 512 0.556281 200.726 0.683157
COST 4096 512 2 8 5.00 0.0001 512 0.739362 324.982 0.679224
COST 4096 1024 2 8 5.00 0.0001 512 0.884695 453.368 0.784229
COST 4096 2048 2 8 5.00 0.0001 512 1.000000 574.609 1.000000
COST 4096 256 2 8 5.00 0.0001 16384 0.694993 186.575 1.199947
COST 4096 512 2 8 5.00 0.0001 16384 0.845498 265.998 1.235362
COST 4096 1024 2 8 5.00 0.0001 16384 0.940306 326.617 1.176942
COST 4096 2048 2 8 5.00 0.0001 16384 1.000000 368.874 1.000000
COST 4096 256 2 8 5.00 0.0001 512 0.694993 186.575 1.080445
COST 4096 512 2 8 5.00 0.0001 512 0.845498 265.998 1.084955
COST 4096 1024 2 8 5.00 0.0001 512 0.940306 326.617 1.163095
COST 4096 2048 2 8 5.00 0.0001 512 1.000000 368.874 1.000000
COST 4096 256 2 8 5.00 0.0001 16384 0.805405 170.469 2.376897
COST 4096 512 2 8 5.00 0.0001 16384 0.916625 217.578 1.987866
COST 4096 1024 2 8 5.00 0.0001 16384 0.972220 244.326 1.048162
COST 4096 2048 2 8 5.00 0.0001 16384 1.000000 258.429 1.000000
COST 4096 256 2 8 5.00 0.0001 512 0.805405 170.469 1.809796
COST 4096 512 2 8 5.00 0.0001 512 0.916625 217.578 1.507243
COST 4096 1024 2 8 5.00 0.0001 512 0.972220 244.326 0.783381
COST 4096 2048 2 8 5.00 0.0001 512 1.000000 258.429 1.000000
COST 4096 256 2 8 5.00 0.0001 16384 0.883249 154.389 2.730308
COST 4096 512 2 8 5.00 0.0001 16384 0.958380 180.803 1.279712
COST 4096 1024 2 8 5.00 0.0001 16384 0.988182 192.142 0.613112
COST 4096 2048 2 8 5.00 0.0001 16384 1.000000 196.759 1.000000
COST 4096 256 2 8 5.00 0.0001 512 0.883249 154.389 1.728608
COST 4096 512 2 8 5.00 0.0001 512 0.958380 180.803 0.699961
COST 4096 1024 2 8 5.00 0.0001 512 0.988182 192.142 0.484090
COST 4096 2048 2 8 5.00 0.0001 512 1.000000 196.759 1.000000
COST 4096 256 2 8 5.00 0.0001 16384 0.787575 171.100 3.173383
COST 4096 512 2 8 5.00 0.0001 16384 0.930638 232.707 2.589145
COST 4096 1024 2 8 5.00 0.0001 16384 0.986999 261.191 1.018291
COST 4096 2048 2 8 5.00 0.0001 16384 1.000000 268.093 1.000000
COST 4096 256 2 8 5.00 0.0001 512 0.787575 171.100 2.216531
COST 4096 512 2 8 5.00 0.0001 512 0.930638 232.707 1.553029
COST 4096 1024 2 8 5.00 0.0001 512 0.986999 261.191 0.701072
COST 4096 2048 2 8 5.00 0.0001 512 1.000000 268.093 1.000000
COST 4096 256 2 8 5.00 0.001 16384 0.556281 200.726 0.916126
COST 4096 512 2 8 5.00 0.001 16384 0.739362 324.982 0.943221
COST 4096 1024 2 8 5.00 0.001 16384 0.884695 453.368 1.012422
COST 4096 2048 2 8 5.00 0.001 16384 1.000000 574.609 1.000000
COST 4096 256 2 8 5.00 0.001 512 0.556281 200.726 0.684719
COST 4096 512 2 8 5.00 0.001 512 0.739362 324.982 0.716402
COST 4096 1024 2 8 5.00 0.001 512 0.884695 453.368 0.838007
COST 4096 2048 2 8 5.00 0.001 512 1.000000 574.609 1.000000
COST 4096 256 2 8 5.00 0.001 16384 0.694993 186.575 1.770226
COST 4096 512 2 8 5.00 0.001 16384 0.845498 265.998 1.886789
COST 4096 1024 2 8 5.00 0.001 16384 0.940306 326.617 1.256234
COST 4096 2048 2 8 5.00 0.001 16384 1.000000 368.874 1.000000
COST 4096 256 2 8 5.00 0.001 512 0.694993 186.575 1.571356
COST 4096 512 2 8 5.00 0.001 512 0.845498 265.998 1.519304
COST 4096 1024 2 8 5.00 0.001 512 0.940306 326.617 0.987554
COST 4096 2048 2 8 5.00 0.001 512 1.000000 368.874 1.000000
COST 4096 256 2 8 5.00 0.001 16384 0.805405 170.469 2.607563
COST 4096 512 2 8 5.00 0.001 16384 0.916625 217.578 1.477970
COST 4096 1024 2 8 5.00 0.001 16384 0.972220 244.326 0.738717
COST 4096 2048 2 8 5.00 0.001 16384 1.000000 258.429 1.000000
COST 4096 256 2 8 5.00 0.001 512 0.805405 170.469 1.848132
COST 4096 512 2 8 5.00 0.001 512 0.916625 217.578 0.970313
COST 4096 1024 2 8 5.00 0.001 512 0.972220 244.326 0.522428
COST 4096 2048 2 8 5.00 0.001 512 1.000000 258.429 1.000000
COST 4096 256 2 8 5.00 0.001 16384 0.883249 154.389 1.758251
COST 4096 512 2 8 5.00 0.001 16384 0.958380 180.803 0.665729
COST 4096 1024 2 8 5.00 0.001 16384 0.988182 192.142 0.510187
COST 4096 2048 2 8 5.00 0.001 16384 1.000000 196.759 1.000000
COST 4096 256 2 8 5.00 0.001 512 0.883249 154.389 1.016004
COST 4096 512 2 8 5.00 0.001 512 0.958380 180.803 0.402867
COST 4096 1024 2 8 5.00 0.001 512 0.988182 192.142 0.390239
COST 4096 2048 2 8 5.00 0.001 512 1.000000 196.759 1.000000
COST 4096 256 2 8 5.00 0.001 16384 0.787575 171.100 3.138014
COST 4096 512 2 8 5.00 0.001 16384 0.930638 232.707 1.466975
COST 4096 1024 2 8 5.00 0.001 16384 0.986999 261.191 0.732777
COST 4096 2048 2 8 5.00 0.001 16384 1.000000 268.093 1.000000
COST 4096 256 2 8 5.00 0.001 512 0.787575 171.100 1.867734
COST 4096 512 2 8 5.00 0.001 512 0.930638 232.707 0.894657
COST 4096 1024 2 8 5.00 0.001 512 0.986999 261.191 0.456265
COST 4096 2048 2 8 5.00 0.001 512 1.000000 268.093 1.000000
COST 4096 256 2 8 5.00 0.01 16384 0.556281 200.726 1.560835
COST 4096 512 2 8 5.00 0.01 16384 0.739362 324.982 1.535017
COST 4096 1024 2 8 5.00 0.01 16384 0.884695 453.368 1.162217
COST 4096 2048 2 8 5.00 0.01 16384 1.000000 574.609 1.000000
COST 4096 256 2 8 5.00 0.01 512 0.556281 200.726 1.178070
COST 4096 512 2 8 5.00 0.01 512 0.739362 324.982 1.200364
COST 4096 1024 2 8 5.00 0.01 512 0.884695 453.368 0.931063
COST 4096 2048 2 8 5.00 0.01 512 1.000000 574.609 1.000000
COST 4096 256 2 8 5.00 0.01 16384 0.694993 186.575 2.496906
COST 4096 512 2 8 5.00 0.01 16384 0.845498 265.998 1.740086
COST 4096 1024 2 8 5.00 0.01 16384 0.940306 326.617 0.753320
COST 4096 2048 2 8 5.00 0.01 16384 1.000000 368.874 1.000000
COST 4096 256 2 8 5.00 0.01 512 0.694993 186.575 1.828209
COST 4096 512 2 8 5.00 0.01 512 0.845498 265.998 1.185133
COST 4096 1024 2 8 5.00 0.01 512 0.940306 326.617 0.586776
COST 4096 2048 2 8 5.00 0.01 512 1.000000 368.874 1.000000
COST 4096 256 2 8 5.00 0.01 16384 0.805405 170.469 1.601560
COST 4096 512 2 8 5.00 0.01 16384 0.916625 217.578 0.651955
COST 4096 1024 2 8 5.00 0.01 16384 0.972220 244.326 0.490833
COST 4096 2048 2 8 5.00 0.01 16384 1.000000 258.429 1.000000
COST 4096 256 2 8 5.00 0.01 512 0.805405 170.469 0.938711
COST 4096 512 2 8 5.00 0.01 512 0.916625 217.578 0.455800
COST 4096 1024 2 8 5.00 0.01 512 0.972220 244.326 0.408579
COST 4096 2048 2 8 5.00 0.01 512 1.000000 258.429 1.000000
COST 4096 256 2 8 5.00 0.01 16384 0.883249 154.389 0.698819
COST 4096 512 2 8 5.00 0.01 16384 0.958380 180.803 0.287019
COST 4096 1024 2 8 5.00 0.01 16384 0.988182 192.142 0.407852
COST 4096 2048 2 8 5.00 0.01 16384 1.000000 196.759 1.000000
COST 4096 256 2 8 5.00 0.01 512 0.883249 154.389 0.358567
COST 4096 512 2 8 5.00 0.01 512 0.958380 180.803 0.216104
COST 4096 1024 2 8 5.00 0.01 512 0.988182 192.142 0.369064
COST 4096 2048 2 8 5.00 0.01 512 1.000000 196.759 1.000000
COST 4096 256 2 8 5.00 0.01 16384 0.787575 171.100 1.805782
COST 4096 512 2 8 5.00 0.01 16384 0.930638 232.707 0.533655
COST 4096 1024 2 8 5.00 0.01 16384 0.986999 261.191 0.453720
COST 4096 2048 2 8 5.00 0.01 16384 1.000000 268.093 1.000000
COST 4096 256 2 8 5.00 0.01 512 0.787575 171.100 1.072166
COST 4096 512 2 8 5.00 0.01 512 0.930638 232.707 0.391912
COST 4096 1024 2 8 5.00 0.01 512 0.986999 261.191 0.363720
COST 4096 2048 2 8 5.00 0.01 512 1.000000 268.093 1.000000
COST 4096 256 2 8 5.50 0.0001 16384 0.556281 200.726 1.037463
COST 4096 512 2 8 5.50 0.0001 16384 0.739362 324.982 1.064194
COST 4096 1024 2 8 5.50 0.0001 16384 0.884695 453.368 1.169585
COST 4096 2048 2 8 5.50 0.0001 16384 1.000000 574.609 1.000000
COST 4096 256 2 8 5.50 0.0001 512 0.556281 200.726 0.862667
COST 4096 512 2 8 5.50 0.0001 512 0.739362 324.982 0.896399
COST 4096 1024 2 8 5.50 0.0001 512 0.884695 453.368 0.949377
COST 4096 2048 2 8 5.50 0.0001 512 1.000000 574.609 1.000000
COST 4096 256 2 8 5.50 0.0001 16384 0.694993 186.575 2.440310
COST 4096 512 2 8 5.50 0.0001 16384 0.845498 265.998 2.270812
COST 4096 1024 2 8 5.50 0.0001 16384 0.940306 326.617 1.258088
COST 4096 2048 2 8 5.50 0.0001 16384 1.000000 368.874 1.000000
COST 4096 256 2 8 5.50 0.0001 512 0.694993 186.575 1.808064
COST 4096 512 2 8 5.50 0.0001 512 0.845498 265.998 1.880261
COST 4096 1024 2 8 5.50 0.0001 512 0.940306 326.617 0.990170
COST 4096 2048 2 8 5.50 0.0001 512 1.000000 368.874 1.000000
COST 4096 256 2 8 5.50 0.0001 16384 0.805405 170.469 3.190011
COST 4096 512 2 8 5.50 0.0001 16384 0.916625 217.578 1.301151
COST 4096 1024 2 8 5.50 0.0001 16384 0.972220 244.326 0.618645
COST 4096 2048 2 8 5.50 0.0001 16384 1.000000 258.429 1.000000
COST 4096 256 2 8 5.50 0.0001 512 0.805405 170.469 1.883197
COST 4096 512 2 8 5.50 0.0001 512 0.916625 217.578 0.754832
COST 4096 1024 2 8 5.50 0.0001 512 0.972220 244.326 0.421987
COST 4096 2048 2 8 5.50 0.0001 512 1.000000 258.429 1.000000
COST 4096 256 2 8 5.50 0.0001 16384 0.883249 154.389 1.830430
COST 4096 512 2 8 5.50 0.0001 16384 0.958380 180.803 0.424672
COST 4096 1024 2 8 5.50 0.0001 16384 0.988182 192.142 0.366181
COST 4096 2048 2 8 5.50 0.0001 16384 1.000000 196.759 1.000000
COST 4096 256 2 8 5.50 0.0001 512 0.883249 154.389 0.810979
COST 4096 512 2 8 5.50 0.0001 512 0.958380 180.803 0.293033
COST 4096 1024 2 8 5.50 0.0001 512 0.988182 192.142 0.355336
COST 4096 2048 2 8 5.50 0.0001 512 1.000000 196.759 1.000000
COST 4096 256 2 8 5.50 0.0001 16384 0.787575 171.100 3.472842
COST 4096 512 2 8 5.50 0.0001 16384 0.930638 232.707 1.092604
COST 4096 1024 2 8 5.50 0.0001 16384 0.986999 261.191 0.521793
COST 4096 2048 2 8 5.50 0.0001 16384 1.000000 268.093 1.000000
COST 4096 256 2 8 5.50 0.0001 512 0.787575 171.100 2.012293
COST 4096 512 2 8 5.50 0.0001 512 0.930638 232.707 0.751875
COST 4096 1024 2 8 5.50 0.0001 512 0.986999 261.191 0.366213
COST 4096 2048 2 8 5.50 0.0001 512 1.000000 268.093 1.000000
COST 4096 256 2 8 5.50 0.001 16384 0.556281 200.726 1.490555
COST 4096 512 2 8 5.50 0.001 16384 0.739362 324.982 1.624136
COST 4096 1024 2 8 5.50 0.001 16384 0.884695 453.368 1.404498
COST 4096 2048 2 8 5.50 0.001 16384 1.000000 574.609 1.000000
COST 4096 256 2 8 5.50 0.001 512 0.556281 200.726 1.261190
COST 4096 512 2 8 5.50 0.001 512 0.739362 324.982 1.282548
COST 4096 1024 2 8 5.50 0.001 512 0.884695 453.368 1.169137
COST 4096 2048 2 8 5.50 0.001 512 1.000000 574.609 1.000000
COST 4096 256 2 8 5.50 0.001 16384 0.694993 186.575 3.133338
COST 4096 512 2 8 5.50 0.001 16384 0.845498 265.998 2.015066
COST 4096 1024 2 8 5.50 0.001 16384 0.940306 326.617 0.776966
COST 4096 2048 2 8 5.50 0.001 16384 1.000000 368.874 1.000000
COST 4096 256 2 8 5.50 0.001 512 0.694993 186.575 2.047694
COST 4096 512 2 8 5.50 0.001 512 0.845498 265.998 1.258828
COST 4096 1024 2 8 5.50 0.001 512 0.940306 326.617 0.572399
COST 4096 2048 2 8 5.50 0.001 512 1.000000 368.874 1.000000
COST 4096 256 2 8 5.50 0.001 16384 0.805405 170.469 1.959505
COST 4096 512 2 8 5.50 0.001 16384 0.916625 217.578 0.589832
COST 4096 1024 2 8 5.50 0.001 16384 0.972220 244.326 0.380356
COST 4096 2048 2 8 5.50 0.001 16384 1.000000 258.429 1.000000
COST 4096 256 2 8 5.50 0.001 512 0.805405 170.469 1.142177
COST 4096 512 2 8 5.50 0.001 512 0.916625 217.578 0.381602
COST 4096 1024 2 8 5.50 0.001 512 0.972220 244.326 0.342223
COST 4096 2048 2 8 5.50 0.001 512 1.000000 258.429 1.000000
COST 4096 256 2 8 5.50 0.001 16384 0.883249 154.389 0.642866
COST 4096 512 2 8 5.50 0.001 16384 0.958380 180.803 0.216864
COST 4096 1024 2 8 5.50 0.001 16384 0.988182 192.142 0.315358
COST 4096 2048 2 8 5.50 0.001 16384 1.000000 196.759 1.000000
COST 4096 256 2 8 5.50 0.001 512 0.883249 154.389 0.344277
COST 4096 512 2 8 5.50 0.001 512 0.958380 180.803 0.208010
COST 4096 1024 2 8 5.50 0.001 512 0.988182 192.142 0.321152
COST 4096 2048 2 8 5.50 0.001 512 1.000000 196.759 1.000000
COST 4096 256 2 8 5.50 0.001 16384 0.787575 171.100 1.966277
COST 4096 512 2 8 5.50 0.001 16384 0.930638 232.707 0.503114
COST 4096 1024 2 8 5.50 0.001 16384 0.986999 261.191 0.335629
COST 4096 2048 2 8 5.50 0.001 16384 1.000000 268.093 1.000000
COST 4096 256 2 8 5.50 0.001 512 0.787575 171.100 1.160051
COST 4096 512 2 8 5.50 0.001 512 0.930638 232.707 0.354332
COST 4096 1024 2 8 5.50 0.001 512 0.986999 261.191 0.331343
COST 4096 2048 2 8 5.50 0.001 512 1.000000 268.093 1.000000
COST 4096 256 2 8 5.50 0.01 16384 0.556281 200.726 2.929007
COST 4096 512 2 8 5.50 0.01 16384 0.739362 324.982 2.341248
COST 4096 1024 2 8 5.50 0.01 16384 0.884695 453.368 1.322362
COST 4096 2048 2 8 5.50 0.01 16384 1.000000 574.609 1.000000
COST 4096 256 2 8 5.50 0.01 512 0.556281 200.726 2.035578
COST 4096 512 2 8 5.50 0.01 512 0.739362 324.982 1.516030
COST 4096 1024 2 8 5.50 0.01 512 0.884695 453.368 0.802878
COST 4096 2048 2 8 5.50 0.01 512 1.000000 574.609 1.000000
COST 4096 256 2 8 5.50 0.01 16384 0.694993 186.575 2.417305
COST 4096 512 2 8 5.50 0.01 16384 0.845498 265.998 0.840486
COST 4096 1024 2 8 5.50 0.01 16384 0.940306 326.617 0.426661
COST 4096 2048 2 8 5.50 0.01 16384 1.000000 368.874 1.000000
COST 4096 256 2 8 5.50 0.01 512 0.694993 186.575 1.352320
COST 4096 512 2 8 5.50 0.01 512 0.845498 265.998 0.475427
COST 4096 1024 2 8 5.50 0.01 512 0.940306 326.617 0.362601
COST 4096 2048 2 8 5.50 0.01 512 1.000000 368.874 1.000000
COST 4096 256 2 8 5.50 0.01 16384 0.805405 170.469 0.625595
COST 4096 512 2 8 5.50 0.01 16384 0.916625 217.578 0.252631
COST 4096 1024 2 8 5.50 0.01 16384 0.972220 244.326 0.309399
COST 4096 2048 2 8 5.50 0.01 16384 1.000000 258.429 1.000000
COST 4096 256 2 8 5.50 0.01 512 0.805405 170.469 0.352227
COST 4096 512 2 8 5.50 0.01 512 0.916625 217.578 0.221796
COST 4096 1024 2 8 5.50 0.01 512 0.972220 244.326 0.328036
COST 4096 2048 2 8 5.50 0.01 512 1.000000 258.429 1.000000
COST 4096 256 2 8 5.50 0.01 16384 0.883249 154.389 0.191443
COST 4096 512 2 8 5.50 0.01 16384 0.958380 180.803 0.160687
COST 4096 1024 2 8 5.50 0.01 16384 0.988182 192.142 0.325355
COST 4096 2048 2 8 5.50 0.01 16384 1.000000 196.759 1.000000
COST 4096 256 2 8 5.50 0.01 512 0.883249 154.389 0.146225
COST 4096 512 2 8 5.50 0.01 512 0.958380 180.803 0.174131
COST 4096 1024 2 8 5.50 0.01 512 0.988182 192.142 0.321739
COST 4096 2048 2 8 5.50 0.01 512 1.000000 196.759 1.000000
COST 4096 256 2 8 5.50 0.01 16384 0.787575 171.100 0.696486
COST 4096 512 2 8 5.50 0.01 16384 0.930638 232.707 0.190635
COST 4096 1024 2 8 5.50 0.01 16384 0.986999 261.191 0.308061
COST 4096 2048 2 8 5.50 0.01 16384 1.000000 268.093 1.000000
COST 4096 256 2 8 5.50 0.01 512 0.787575 171.100 0.472860
COST 4096 512 2 8 5.50 0.01 512 0.930638 232.707 0.188914
COST 4096 1024 2 8 5.50 0.01 512 0.986999 261.191 0.306148
COST 4096 2048 2 8 5.50 0.01 512 1.000000 268.093 1.000000
COST 4096 256 2 8 6.00 0.0001 16384 0.556281 200.726 2.093563
COST 4096 512 2 8 6.00 0.0001 16384 0.739362 324.982 2.132771
COST 4096 1024 2 8 6.00 0.0001 16384 0.884695 453.368 1.711037
COST 4096 2048 2 8 6.00 0.0001 16384 1.000000 574.609 1.000000
COST 4096 256 2 8 6.00 0.0001 512 0.556281 200.726 1.550474
COST 4096 512 2 8 6.00 0.0001 512 0.739362 324.982 1.720924
COST 4096 1024 2 8 6.00 0.0001 512 0.884695 453.368 1.396781
COST 4096 2048 2 8 6.00 0.0001 512 1.000000 574.609 1.000000
COST 4096 256 2 8 6.00 0.0001 16384 0.694993 186.575 3.296777
COST 4096 512 2 8 6.00 0.0001 16384 0.845498 265.998 1.922118
COST 4096 1024 2 8 6.00 0.0001 16384 0.940306 326.617 0.721329
COST 4096 2048 2 8 6.00 0.0001 16384 1.000000 368.874 1.000000
COST 4096 256 2 8 6.00 0.0001 512 0.694993 186.575 2.161469
COST 4096 512 2 8 6.00 0.0001 512 0.845498 265.998 1.222191
COST 4096 1024 2 8 6.00 0.0001 512 0.940306 326.617 0.534164
COST 4096 2048 2 8 6.00 0.0001 512 1.000000 368.874 1.000000
COST 4096 256 2 8 6.00 0.0001 16384 0.805405 170.469 1.965108
COST 4096 512 2 8 6.00 0.0001 16384 0.916625 217.578 0.468897
COST 4096 1024 2 8 6.00 0.0001 16384 0.972220 244.326 0.343022
COST 4096 2048 2 8 6.00 0.0001 16384 1.000000 258.429 1.000000
COST 4096 256 2 8 6.00 0.0001 512 0.805405 170.469 1.036387
COST 4096 512 2 8 6.00 0.0001 512 0.916625 217.578 0.319425
COST 4096 1024 2 8 6.00 0.0001 512 0.972220 244.326 0.334993
COST 4096 2048 2 8 6.00 0.0001 512 1.000000 258.429 1.000000
COST 4096 256 2 8 6.00 0.0001 16384 0.883249 154.389 0.523975
COST 4096 512 2 8 6.00 0.0001 16384 0.958380 180.803 0.187439
COST 4096 1024 2 8 6.00 0.0001 16384 0.988182 192.142 0.313670
COST 4096 2048 2 8 6.00 0.0001 16384 1.000000 196.759 1.000000
COST 4096 256 2 8 6.00 0.0001 512 0.883249 154.389 0.293680
COST 4096 512 2 8 6.00 0.0001 512 0.958380 180.803 0.178959
COST 4096 1024 2 8 6.00 0.0001 512 0.988182 192.142 0.309388
COST 4096 2048 2 8 6.00 0.0001 512 1.000000 196.759 1.000000
COST 4096 256 2 8 6.00 0.0001 16384 0.787575 171.100 1.904072
COST 4096 512 2 8 6.00 0.0001 16384 0.930638 232.707 0.382225
COST 4096 1024 2 8 6.00 0.0001 16384 0.986999 261.191 0.339219
COST 4096 2048 2 8 6.00 0.0001 16384 1.000000 268.093 1.000000
COST 4096 256 2 8 6.00 0.0001 512 0.787575 171.100 1.064629
COST 4096 512 2 8 6.00 0.0001 512 0.930638 232.707 0.274838
COST 4096 1024 2 8 6.00 0.0001 512 0.986999 261.191 0.318438
COST 4096 2048 2 8 6.00 0.0001 512 1.000000 268.093 1.000000
COST 4096 256 2 8 6.00 0.001 16384 0.556281 200.726 2.977124
COST 4096 512 2 8 6.00 0.001 16384 0.739362 324.982 2.678919
COST 4096 1024 2 8 6.00 0.001 16384 0.884695 453.368 1.374820
COST 4096 2048 2 8 6.00 0.001 16384 1.000000 574.609 1.000000
COST 4096 256 2 8 6.00 0.001 512 0.556281 200.726 2.042587
COST 4096 512 2 8 6.00 0.001 512 0.739362 324.982 1.875144
COST 4096 1024 2 8 6.00 0.001 512 0.884695 453.368 0.946097
COST 4096 2048 2 8 6.00 0.001 512 1.000000 574.609 1.000000
COST 4096 256 2 8 6.00 0.001 16384 0.694993 186.575 2.791207
COST 4096 512 2 8 6.00 0.001 16384 0.845498 265.998 0.895557
COST 4096 1024 2 8 6.00 0.001 16384 0.940306 326.617 0.441735
COST 4096 2048 2 8 6.00 0.001 16384 1.000000 368.874 1.000000
COST 4096 256 2 8 6.00 0.001 512 0.694993 186.575 1.603699
COST 4096 512 2 8 6.00 0.001 512 0.845498 265.998 0.503029
COST 4096 1024 2 8 6.00 0.001 512 0.940306 326.617 0.357404
COST 4096 2048 2 8 6.00 0.001 512 1.000000 368.874 1.000000
COST 4096 256 2 8 6.00 0.001 16384 0.805405 170.469 0.834651
COST 4096 512 2 8 6.00 0.001 16384 0.916625 217.578 0.225048
COST 4096 1024 2 8 6.00 0.001 16384 0.972220 244.326 0.325575
COST 4096 2048 2 8 6.00 0.001 16384 1.000000 258.429 1.000000
COST 4096 256 2 8 6.00 0.001 512 0.805405 170.469 0.469879
COST 4096 512 2 8 6.00 0.001 512 0.916625 217.578 0.191864
COST 4096 1024 2 8 6.00 0.001 512 0.972220 244.326 0.316075
COST 4096 2048 2 8 6.00 0.001 512 1.000000 258.429 1.000000
COST 4096 256 2 8 6.00 0.001 16384 0.883249 154.389 0.191833
COST 4096 512 2 8 6.00 0.001 16384 0.958380 180.803 0.158898
COST 4096 1024 2 8 6.00 0.001 16384 0.988182 192.142 0.310535
COST 4096 2048 2 8 6.00 0.001 16384 1.000000 196.759 1.000000
COST 4096 256 2 8 6.00 0.001 512 0.883249 154.389 0.140595
COST 4096 512 2 8 6.00 0.001 512 0.958380 180.803 0.155027
COST 4096 1024 2 8 6.00 0.001 512 0.988182 192.142 0.306026
COST 4096 2048 2 8 6.00 0.001 512 1.000000 196.759 1.000000
COST 4096 256 2 8 6.00 0.001 16384 0.787575 171.100 0.794462
COST 4096 512 2 8 6.00 0.001 16384 0.930638 232.707 0.195382
COST 4096 1024 2 8 6.00 0.001 16384 0.986999 261.191 0.306297
COST 4096 2048 2 8 6.00 0.001 16384 1.000000 268.093 1.000000
COST 4096 256 2 8 6.00 0.001 512 0.787575 171.100 0.486143
COST 4096 512 2 8 6.00 0.001 512 0.930638 232.707 0.178102
COST 4096 1024 2 8 6.00 0.001 512 0.986999 261.191 0.294624
COST 4096 2048 2 8 6.00 0.001 512 1.000000 268.093 1.000000
COST 4096 256 2 8 6.00 0.01 16384 0.556281 200.726 3.476892
COST 4096 512 2 8 6.00 0.01 16384 0.739362 324.982 1.333541
COST 4096 1024 2 8 6.00 0.01 16384 0.884695 453.368 0.599009
COST 4096 2048 2 8 6.00 0.01 16384 1.000000 574.609 1.000000
COST 4096 256 2 8 6.00 0.01 512 0.556281 200.726 1.929159
COST 4096 512 2 8 6.00 0.01 512 0.739362 324.982 0.843010
COST 4096 1024 2 8 6.00 0.01 512 0.884695 453.368 0.412858
COST 4096 2048 2 8 6.00 0.01 512 1.000000 574.609 1.000000
COST 4096 256 2 8 6.00 0.01 16384 0.694993 186.575 1.063258
COST 4096 512 2 8 6.00 0.01 16384 0.845498 265.998 0.286901
COST 4096 1024 2 8 6.00 0.01 16384 0.940306 326.617 0.298383
COST 4096 2048 2 8 6.00 0.01 16384 1.000000 368.874 1.000000
COST 4096 256 2 8 6.00 0.01 512 0.694993 186.575 0.575265
COST 4096 512 2 8 6.00 0.01 512 0.845498 265.998 0.236530
COST 4096 1024 2 8 6.00 0.01 512 0.940306 326.617 0.327004
COST 4096 2048 2 8 6.00 0.01 512 1.000000 368.874 1.000000
COST 4096 256 2 8 6.00 0.01 16384 0.805405 170.469 0.189243
COST 4096 512 2 8 6.00 0.01 16384 0.916625 217.578 0.148496
COST 4096 1024 2 8 6.00 0.01 16384 0.972220 244.326 0.301910
COST 4096 2048 2 8 6.00 0.01 16384 1.000000 258.429 1.000000
COST 4096 256 2 8 6.00 0.01 512 0.805405 170.469 0.128174
COST 4096 512 2 8 6.00 0.01 512 0.916625 217.578 0.163412
COST 4096 1024 2 8 6.00 0.01 512 0.972220 244.326 0.311169
COST 4096 2048 2 8 6.00 0.01 512 1.000000 258.429 1.000000
COST 4096 256 2 8 6.00 0.01 16384 0.883249 154.389 0.081517
COST 4096 512 2 8 6.00 0.01 16384 0.958380 180.803 0.144439
COST 4096 1024 2 8 6.00 0.01 16384 0.988182 192.142 0.309066
COST 4096 2048 2 8 6.00 0.01 16384 1.000000 196.759 1.000000
COST 4096 256 2 8 6.00 0.01 512 0.883249 154.389 0.082162
COST 4096 512 2 8 6.00 0.01 512 0.958380 180.803 0.152966
COST 4096 1024 2 8 6.00 0.01 512 0.988182 192.142 0.322128
COST 4096 2048 2 8 6.00 0.01 512 1.000000 196.759 1.000000
COST 4096 256 2 8 6.00 0.01 16384 0.787575 171.100 0.205562
COST 4096 512 2 8 6.00 0.01 16384 0.930638 232.707 0.148049
COST 4096 1024 2 8 6.00 0.01 16384 0.986999 261.191 0.316851
COST 4096 2048 2 8 6.00 0.01 16384 1.000000 268.093 1.000000
COST 4096 256 2 8 6.00 0.01 512 0.787575 171.100 0.182862
COST 4096 512 2 8 6.00 0.01 512 0.930638 232.707 0.152101
COST 4096 1024 2 8 6.00 0.01 512 0.986999 261.191 0.294579
COST 4096 2048 2 8 6.00 0.01 512 1.000000 268.093 1.000000
COST 4096 256 2 8 6.50 0.0001 16384 0.556281 200.726 3.063692
COST 4096 512 2 8 6.50 0.0001 16384 0.739362 324.982 2.785741
COST 4096 1024 2 8 6.50 0.0001 16384 0.884695 453.368 1.395165
COST 4096 2048 2 8 6.50 0.0001 16384 1.000000 574.609 1.000000
COST 4096 256 2 8 6.50 0.0001 512 0.556281 200.726 2.250589
COST 4096 512 2 8 6.50 0.0001 512 0.739362 324.982 1.983131
COST 4096 1024 2 8 6.50 0.0001 512 0.884695 453.368 0.920330
COST 4096 2048 2 8 6.50 0.0001 512 1.000000 574.609 1.000000
COST 4096 256 2 8 6.50 0.0001 16384 0.694993 186.575 2.836064
COST 4096 512 2 8 6.50 0.0001 16384 0.845498 265.998 0.811445
COST 4096 1024 2 8 6.50 0.0001 16384 0.940306 326.617 0.402001
COST 4096 2048 2 8 6.50 0.0001 16384 1.000000 368.874 1.000000
COST 4096 256 2 8 6.50 0.0001 512 0.694993 186.575 1.690263
COST 4096 512 2 8 6.50 0.0001 512 0.845498 265.998 0.470444
COST 4096 1024 2 8 6.50 0.0001 512 0.940306 326.617 0.346904
COST 4096 2048 2 8 6.50 0.0001 512 1.000000 368.874 1.000000
COST 4096 256 2 8 6.50 0.0001 16384 0.805405 170.469 0.760186
COST 4096 512 2 8 6.50 0.0001 16384 0.916625 217.578 0.186200
COST 4096 1024 2 8 6.50 0.0001 16384 0.972220 244.326 0.319664
COST 4096 2048 2 8 6.50 0.0001 16384 1.000000 258.429 1.000000
COST 4096 256 2 8 6.50 0.0001 512 0.805405 170.469 0.412392
COST 4096 512 2 8 6.50 0.0001 512 0.916625 217.578 0.181566
COST 4096 1024 2 8 6.50 0.0001 512 0.972220 244.326 0.310126
COST 4096 2048 2 8 6.50 0.0001 512 1.000000 258.429 1.000000
COST 4096 256 2 8 6.50 0.0001 16384 0.883249 154.389 0.142905
COST 4096 512 2 8 6.50 0.0001 16384 0.958380 180.803 0.141177
COST 4096 1024 2 8 6.50 0.0001 16384 0.988182 192.142 0.314254
COST 4096 2048 2 8 6.50 0.0001 16384 1.000000 196.759 1.000000
COST 4096 256 2 8 6.50 0.0001 512 0.883249 154.389 0.121830
COST 4096 512 2 8 6.50 0.0001 512 0.958380 180.803 0.154120
COST 4096 1024 2 8 6.50 0.0001 512 0.988182 192.142 0.306463
COST 4096 2048 2 8 6.50 0.0001 512 1.000000 196.759 1.000000
COST 4096 256 2 8 6.50 0.0001 16384 0.787575 171.100 0.651367
COST 4096 512 2 8 6.50 0.0001 16384 0.930638 232.707 0.173566
COST 4096 1024 2 8 6.50 0.0001 16384 0.986999 261.191 0.310389
COST 4096 2048 2 8 6.50 0.0001 16384 1.000000 268.093 1.000000
COST 4096 256 2 8 6.50 0.0001 512 0.787575 171.100 0.433997
COST 4096 512 2 8 6.50 0.0001 512 0.930638 232.707 0.179700
COST 4096 1024 2 8 6.50 0.0001 512 0.986999 261.191 0.298608
COST 4096 2048 2 8 6.50 0.0001 512 1.000000 268.093 1.000000
COST 4096 256 2 8 6.50 0.001 16384 0.556281 200.726 3.638875
COST 4096 512 2 8 6.50 0.001 16384 0.739362 324.982 1.826480
COST 4096 1024 2 8 6.50 0.001 16384 0.884695 453.368 0.672185
COST 4096 2048 2 8 6.50 0.001 16384 1.000000 574.609 1.000000
COST 4096 256 2 8 6.50 0.001 512 0.556281 200.726 2.340752
COST 4096 512 2 8 6.50 0.001 512 0.739362 324.982 1.083964
COST 4096 1024 2 8 6.50 0.001 512 0.884695 453.368 0.525419
COST 4096 2048 2 8 6.50 0.001 512 1.000000 574.609 1.000000
COST 4096 256 2 8 6.50 0.001 16384 0.694993 186.575 1.280135
COST 4096 512 2 8 6.50 0.001 16384 0.845498 265.998 0.325419
COST 4096 1024 2 8 6.50 0.001 16384 0.940306 326.617 0.312440
COST 4096 2048 2 8 6.50 0.001 16384 1.000000 368.874 1.000000
COST 4096 256 2 8 6.50 0.001 512 0.694993 186.575 0.801894
COST 4096 512 2 8 6.50 0.001 512 0.845498 265.998 0.254461
COST 4096 1024 2 8 6.50 0.001 512 0.940306 326.617 0.312301
COST 4096 2048 2 8 6.50 0.001 512 1.000000 368.874 1.000000
COST 4096 256 2 8 6.50 0.001 16384 0.805405 170.469 0.266749
COST 4096 512 2 8 6.50 0.001 16384 0.916625 217.578 0.156866
COST 4096 1024 2 8 6.50 0.001 16384 0.972220 244.326 0.312836
COST 4096 2048 2 8 6.50 0.001 16384 1.000000 258.429 1.000000
COST 4096 256 2 8 6.50 0.001 512 0.805405 170.469 0.182350
COST 4096 512 2 8 6.50 0.001 512 0.916625 217.578 0.158955
COST 4096 1024 2 8 6.50 0.001 512 0.972220 244.326 0.363473
COST 4096 2048 2 8 6.50 0.001 512 1.000000 258.429 1.000000
COST 4096 256 2 8 6.50 0.001 16384 0.883249 154.389 0.082239
COST 4096 512 2 8 6.50 0.001 16384 0.958380 180.803 0.147247
COST 4096 1024 2 8 6.50 0.001 16384 0.988182 192.142 0.307643
COST 4096 2048 2 8 6.50 0.001 16384 1.000000 196.759 1.000000
COST 4096 256 2 8 6.50 0.001 512 0.883249 154.389 0.082650
COST 4096 512 2 8 6.50 0.001 512 0.958380 180.803 0.154955
COST 4096 1024 2 8 6.50 0.001 512 0.988182 192.142 0.322044
COST 4096 2048 2 8 6.50 0.001 512 1.000000 196.759 1.000000
COST 4096 256 2 8 6.50 0.001 16384 0.787575 171.100 0.223916
COST 4096 512 2 8 6.50 0.001 16384 0.930638 232.707 0.146143
COST 4096 1024 2 8 6.50 0.001 16384 0.986999 261.191 0.304054
COST 4096 2048 2 8 6.50 0.001 16384 1.000000 268.093 1.000000
COST 4096 256 2 8 6.50 0.001 512 0.787575 171.100 0.204017
COST 4096 512 2 8 6.50 0.001 512 0.930638 232.707 0.150629
COST 4096 1024 2 8 6.50 0.001 512 0.986999 261.191 0.325074
COST 4096 2048 2 8 6.50 0.001 512 1.000000 268.093 1.000000
COST 4096 256 2 8 6.50 0.01 16384 0.556281 200.726 2.279491
COST 4096 512 2 8 6.50 0.01 16384 0.739362 324.982 0.564122
COST 4096 1024 2 8 6.50 0.01 16384 0.884695 453.368 0.379530
COST 4096 2048 2 8 6.50 0.01 16384 1.000000 574.609 1.000000
COST 4096 256 2 8 6.50 0.01 512 0.556281 200.726 1.286171
COST 4096 512 2 8 6.50 0.01 512 0.739362 324.982 0.355677
COST 4096 1024 2 8 6.50 0.01 512 0.884695 453.368 0.330881
COST 4096 2048 2 8 6.50 0.01 512 1.000000 574.609 1.000000
COST 4096 256 2 8 6.50 0.01 16384 0.694993 186.575 0.348628
COST 4096 512 2 8 6.50 0.01 16384 0.845498 265.998 0.162167
COST 4096 1024 2 8 6.50 0.01 16384 0.940306 326.617 0.299321
COST 4096 2048 2 8 6.50 0.01 16384 1.000000 368.874 1.000000
COST 4096 256 2 8 6.50 0.01 512 0.694993 186.575 0.231203
COST 4096 512 2 8 6.50 0.01 512 0.845498 265.998 0.168354
COST 4096 1024 2 8 6.50 0.01 512 0.940306 326.617 0.309657
COST 4096 2048 2 8 6.50 0.01 512 1.000000 368.874 1.000000
COST 4096 256 2 8 6.50 0.01 16384 0.805405 170.469 0.080769
COST 4096 512 2 8 6.50 0.01 16384 0.916625 217.578 0.140494
COST 4096 1024 2 8 6.50 0.01 16384 0.972220 244.326 0.304074
COST 4096 2048 2 8 6.50 0.01 16384 1.000000 258.429 1.000000
COST 4096 256 2 8 6.50 0.01 512 0.805405 170.469 0.081592
COST 4096 512 2 8 6.50 0.01 512 0.916625 217.578 0.152425
COST 4096 1024 2 8 6.50 0.01 512 0.972220 244.326 0.297137
COST 4096 2048 2 8 6.50 0.01 512 1.000000 258.429 1.000000
COST 4096 256 2 8 6.50 0.01 16384 0.883249 154.389 0.061350
COST 4096 512 2 8 6.50 0.01 16384 0.958380 180.803 0.138883
COST 4096 1024 2 8 6.50 0.01 16384 0.988182 192.142 0.302606
COST 4096 2048 2 8 6.50 0.01 16384 1.000000 196.759 1.000000
COST 4096 256 2 8 6.50 0.01 512 0.883249 154.389 0.068944
COST 4096 512 2 8 6.50 0.01 512 0.958380 180.803 0.146698
COST 4096 1024 2 8 6.50 0.01 512 0.988182 192.142 0.293987
COST 4096 2048 2 8 6.50 0.01 512 1.000000 196.759 1.000000
COST 4096 256 2 8 6.50 0.01 16384 0.787575 171.100 0.082681
COST 4096 512 2 8 6.50 0.01 16384 0.930638 232.707 0.144294
COST 4096 1024 2 8 6.50 0.01 16384 0.986999 261.191 0.310236
COST 4096 2048 2 8 6.50 0.01 16384 1.000000 268.093 1.000000
COST 4096 256 2 8 6.50 0.01 512 0.787575 171.100 0.086716
COST 4096 512 2 8 6.50 0.01 512 0.930638 232.707 0.145513
COST 4096 1024 2 8 6.50 0.01 512 0.986999 261.191 0.318427
COST 4096 2048 2 8 6.50 0.01 512 1.000000 268.093 1.000000
COST 65536 1024 2 8 5.00 0.0001 512 0.101302 580.541 0.715232
COST 65536 2048 2 8 5.00 0.0001 512 0.330474 1566.336 0.732725
COST 65536 4096 2 8 5.00 0.0001 512 0.556802 3216.549 0.767316
COST 65536 8192 2 8 5.00 0.0001 512 0.739552 5202.429 0.794053
COST 65536 16384 2 8 5.00 0.0001 512 0.884751 7255.222 0.851130
COST 65536 32768 2 8 5.00 0.0001 512 1.000000 9194.355 1.000000
COST 65536 1024 2 8 5.00 0.0001 512 0.165385 624.216 0.709357
COST 65536 2048 2 8 5.00 0.0001 512 0.461344 1609.558 0.761091
COST 65536 4096 2 8 5.00 0.0001 512 0.695477 2988.843 0.753282
COST 65536 8192 2 8 5.00 0.0001 512 0.845641 4257.453 0.797036
COST 65536 16384 2 8 5.00 0.0001 512 0.940341 5226.412 0.865052
COST 65536 32768 2 8 5.00 0.0001 512 1.000000 5902.169 1.000000
COST 65536 1024 2 8 5.00 0.0001 512 0.244563 673.187 0.742339
COST 65536 2048 2 8 5.00 0.0001 512 0.588090 1638.224 0.750546
COST 65536 4096 2 8 5.00 0.0001 512 0.805806 2730.001 0.783005
COST 65536 8192 2 8 5.00 0.0001 512 0.916720 3481.998 0.817910
COST 65536 16384 2 8 5.00 0.0001 512 0.972240 3909.418 0.877925
COST 65536 32768 2 8 5.00 0.0001 512 1.000000 4134.919 1.000000
COST 65536 1024 2 8 5.00 0.0001 512 0.334013 728.024 1.069923
COST 65536 2048 2 8 5.00 0.0001 512 0.698486 1650.915 1.086951
COST 65536 4096 2 8 5.00 0.0001 512 0.883550 2471.828 1.141987
COST 65536 8192 2 8 5.00 0.0001 512 0.958438 2893.214 1.202698
COST 65536 16384 2 8 5.00 0.0001 512 0.988192 3074.351 1.105648
COST 65536 32768 2 8 5.00 0.0001 512 1.000000 3148.158 1.000000
COST 65536 1024 2 8 5.00 0.001 512 0.101302 580.541 0.711462
COST 65536 2048 2 8 5.00 0.001 512 0.330474 1566.336 0.725840
COST 65536 4096 2 8 5.00 0.001 512 0.556802 3216.549 0.747690
COST 65536 8192 2 8 5.00 0.001 512 0.739552 5202.429 0.780766
COST 65536 16384 2 8 5.00 0.001 512 0.884751 7255.222 0.868645
COST 65536 32768 2 8 5.00 0.001 512 1.000000 9194.355 1.000000
COST 65536 1024 2 8 5.00 0.001 512 0.165385 624.216 0.741212
COST 65536 2048 2 8 5.00 0.001 512 0.461344 1609.558 0.748736
COST 65536 4096 2 8 5.00 0.001 512 0.695477 2988.843 0.773425
COST 65536 8192 2 8 5.00 0.001 512 0.845641 4257.453 0.809374
COST 65536 16384 2 8 5.00 0.001 512 0.940341 5226.412 0.862457
COST 65536 32768 2 8 5.00 0.001 512 1.000000 5902.169 1.000000
COST 65536 1024 2 8 5.00 0.001 512 0.244563 673.187 0.873363
COST 65536 2048 2 8 5.00 0.001 512 0.588090 1638.224 0.884550
COST 65536 4096 2 8 5.00 0.001 512 0.805806 2730.001 0.903187
COST 65536 8192 2 8 5.00 0.001 512 0.916720 3481.998 0.960585
COST 65536 16384 2 8 5.00 0.001 512 0.972240 3909.418 1.012090
COST 65536 32768 2 8 5.00 0.001 512 1.000000 4134.919 1.000000
COST 65536 1024 2 8 5.00 0.001 512 0.334013 728.024 1.407965
COST 65536 2048 2 8 5.00 0.001 512 0.698486 1650.915 1.416041
COST 65536 4096 2 8 5.00 0.001 512 0.883550 2471.828 1.434863
COST 65536 8192 2 8 5.00 0.001 512 0.958438 2893.214 1.524720
COST 65536 16384 2 8 5.00 0.001 512 0.988192 3074.351 1.168101
COST 65536 32768 2 8 5.00 0.001 512 1.000000 3148.158 1.000000
COST 65536 1024 2 8 5.00 0.01 512 0.101302 580.541 0.698078
COST 65536 2048 2 8 5.00 0.01 512 0.330474 1566.336 0.715702
COST 65536 4096 2 8 5.00 0.01 512 0.556802 3216.549 0.721899
COST 65536 8192 2 8 5.00 0.01 512 0.739552 5202.429 0.768638
COST 65536 16384 2 8 5.00 0.01 512 0.884751 7255.222 0.819504
COST 65536 32768 2 8 5.00 0.01 512 1.000000 9194.355 1.000000
COST 65536 1024 2 8 5.00 0.01 512 0.165385 624.216 0.817506
COST 65536 2048 2 8 5.00 0.01 512 0.461344 1609.558 0.839912
COST 65536 4096 2 8 5.00 0.01 512 0.695477 2988.843 0.859841
COST 65536 8192 2 8 5.00 0.01 512 0.845641 4257.453 0.898116
COST 65536 16384 2 8 5.00 0.01 512 0.940341 5226.412 0.956748
COST 65536 32768 2 8 5.00 0.01 512 1.000000 5902.169 1.000000
COST 65536 1024 2 8 5.00 0.01 512 0.244563 673.187 1.264879
COST 65536 2048 2 8 5.00 0.01 512 0.588090 1638.224 1.259027
COST 65536 4096 2 8 5.00 0.01 512 0.805806 2730.001 1.303833
COST 65536 8192 2 8 5.00 0.01 512 0.916720 3481.998 1.363326
COST 65536 16384 2 8 5.00 0.01 512 0.972240 3909.418 1.111969
COST 65536 32768 2 8 5.00 0.01 512 1.000000 4134.919 1.000000
COST 65536 1024 2 8 5.00 0.01 512 0.334013 728.024 1.789033
COST 65536 2048 2 8 5.00 0.01 512 0.698486 1650.915 1.786289
COST 65536 4096 2 8 5.00 0.01 512 0.883550 2471.828 1.748287
COST 65536 8192 2 8 5.00 0.01 512 0.958438 2893.214 1.293925
COST 65536 16384 2 8 5.00 0.01 512 0.988192 3074.351 0.830619
COST 65536 32768 2 8 5.00 0.01 512 1.000000 3148.158 1.000000
COST 65536 1024 2 8 5.50 0.0001 512 0.101302 580.541 0.737393
COST 65536 2048 2 8 5.50 0.0001 512 0.330474 1566.336 0.733376
COST 65536 4096 2 8 5.50 0.0001 512 0.556802 3216.549 0.740299
COST 65536 8192 2 8 5.50 0.0001 512 0.739552 5202.429 0.780012
COST 65536 16384 2 8 5.50 0.0001 512 0.884751 7255.222 0.849865
COST 65536 32768 2 8 5.50 0.0001 512 1.000000 9194.355 1.000000
COST 65536 1024 2 8 5.50 0.0001 512 0.165385 624.216 0.757391
COST 65536 2048 2 8 5.50 0.0001 512 0.461344 1609.558 0.775584
COST 65536 4096 2 8 5.50 0.0001 512 0.695477 2988.843 0.795961
COST 65536 8192 2 8 5.50 0.0001 512 0.845641 4257.453 0.817543
COST 65536 16384 2 8 5.50 0.0001 512 0.940341 5226.412 0.920630
COST 65536 32768 2 8 5.50 0.0001 512 1.000000 5902.169 1.000000
COST 65536 1024 2 8 5.50 0.0001 512 0.244563 673.187 1.388763
COST 65536 2048 2 8 5.50 0.0001 512 0.588090 1638.224 1.432792
COST 65536 4096 2 8 5.50 0.0001 512 0.805806 2730.001 1.417599
COST 65536 8192 2 8 5.50 0.0001 512 0.916720 3481.998 1.450746
COST 65536 16384 2 8 5.50 0.0001 512 0.972240 3909.418 1.399016
COST 65536 32768 2 8 5.50 0.0001 512 1.000000 4134.919 1.000000
COST 65536 1024 2 8 5.50 0.0001 512 0.334013 728.024 2.295264
COST 65536 2048 2 8 5.50 0.0001 512 0.698486 1650.915 2.349475
COST 65536 4096 2 8 5.50 0.0001 512 0.883550 2471.828 2.433147
COST 65536 8192 2 8 5.50 0.0001 512 0.958438 2893.214 2.113051
COST 65536 16384 2 8 5.50 0.0001 512 0.988192 3074.351 1.040897
COST 65536 32768 2 8 5.50 0.0001 512 1.000000 3148.158 1.000000
COST 65536 1024 2 8 5.50 0.001 512 0.101302 580.541 0.702075
COST 65536 2048 2 8 5.50 0.001 512 0.330474 1566.336 0.725244
COST 65536 4096 2 8 5.50 0.001 512 0.556802 3216.549 0.728582
COST 65536 8192 2 8 5.50 0.001 512 0.739552 5202.429 0.792453
COST 65536 16384 2 8 5.50 0.001 512 0.884751 7255.222 0.831151
COST 65536 32768 2 8 5.50 0.001 512 1.000000 9194.355 1.000000
COST 65536 1024 2 8 5.50 0.001 512 0.165385 624.216 0.974835
COST 65536 2048 2 8 5.50 0.001 512 0.461344 1609.558 0.998023
COST 65536 4096 2 8 5.50 0.001 512 0.695477 2988.843 1.019300
COST 65536 8192 2 8 5.50 0.001 512 0.845641 4257.453 1.041627
COST 65536 16384 2 8 5.50 0.001 512 0.940341 5226.412 1.135917
COST 65536 32768 2 8 5.50 0.001 512 1.000000 5902.169 1.000000
COST 65536 1024 2 8 5.50 0.001 512 0.244563 673.187 1.877223
COST 65536 2048 2 8 5.50 0.001 512 0.588090 1638.224 1.911546
COST 65536 4096 2 8 5.50 0.001 512 0.805806 2730.001 1.918152
COST 65536 8192 2 8 5.50 0.001 512 0.916720 3481.998 2.035669
COST 65536 16384 2 8 5.50 0.001 512 0.972240 3909.418 1.243921
COST 65536 32768 2 8 5.50 0.001 512 1.000000 4134.919 1.000000
COST 65536 1024 2 8 5.50 0.001 512 0.334013 728.024 2.444523
COST 65536 2048 2 8 5.50 0.001 512 0.698486 1650.915 2.468926
COST 65536 4096 2 8 5.50 0.001 512 0.883550 2471.828 2.393636
COST 65536 8192 2 8 5.50 0.001 512 0.958438 2893.214 1.331665
COST 65536 16384 2 8 5.50 0.001 512 0.988192 3074.351 0.714761
COST 65536 32768 2 8 5.50 0.001 512 1.000000 3148.158 1.000000
COST 65536 1024 2 8 5.50 0.01 512 0.101302 580.541 0.765028
COST 65536 2048 2 8 5.50 0.01 512 0.330474 1566.336 0.769564
COST 65536 4096 2 8 5.50 0.01 512 0.556802 3216.549 0.790869
COST 65536 8192 2 8 5.50 0.01 512 0.739552 5202.429 0.838693
COST 65536 16384 2 8 5.50 0.01 512 0.884751 7255.222 0.891165
COST 65536 32768 2 8 5.50 0.01 512 1.000000 9194.355 1.000000
COST 65536 1024 2 8 5.50 0.01 512 0.165385 624.216 1.612821
COST 65536 2048 2 8 5.50 0.01 512 0.461344 1609.558 1.752910
COST 65536 4096 2 8 5.50 0.01 512 0.695477 2988.843 1.765966
COST 65536 8192 2 8 5.50 0.01 512 0.845641 4257.453 1.780866
COST 65536 16384 2 8 5.50 0.01 512 0.940341 5226.412 1.245931
COST 65536 32768 2 8 5.50 0.01 512 1.000000 5902.169 1.000000
COST 65536 1024 2 8 5.50 0.01 512 0.244563 673.187 2.509339
COST 65536 2048 2 8 5.50 0.01 512 0.588090 1638.224 2.552034
COST 65536 4096 2 8 5.50 0.01 512 0.805806 2730.001 2.446525
COST 65536 8192 2 8 5.50 0.01 512 0.916720 3481.998 1.614654
COST 65536 16384 2 8 5.50 0.01 512 0.972240 3909.418 0.749155
COST 65536 32768 2 8 5.50 0.01 512 1.000000 4134.919 1.000000
COST 65536 1024 2 8 5.50 0.01 512 0.334013 728.024 2.454466
COST 65536 2048 2 8 5.50 0.01 512 0.698486 1650.915 2.487916
COST 65536 4096 2 8 5.50 0.01 512 0.883550 2471.828 1.525825
COST 65536 8192 2 8 5.50 0.01 512 0.958438 2893.214 0.538060
COST 65536 16384 2 8 5.50 0.01 512 0.988192 3074.351 0.496784
COST 65536 32768 2 8 5.50 0.01 512 1.000000 3148.158 1.000000
COST 65536 1024 2 8 6.00 0.0001 512 0.101302 580.541 0.721511
COST 65536 2048 2 8 6.00 0.0001 512 0.330474 1566.336 0.755348
COST 65536 4096 2 8 6.00 0.0001 512 0.556802 3216.549 0.775173
COST 65536 8192 2 8 6.00 0.0001 512 0.739552 5202.429 0.806130
COST 65536 16384 2 8 6.00 0.0001 512 0.884751 7255.222 0.880227
COST 65536 32768 2 8 6.00 0.0001 512 1.000000 9194.355 1.000000
COST 65536 1024 2 8 6.00 0.0001 512 0.165385 624.216 1.337301
COST 65536 2048 2 8 6.00 0.0001 512 0.461344 1609.558 1.387736
COST 65536 4096 2 8 6.00 0.0001 512 0.695477 2988.843 1.389169
COST 65536 8192 2 8 6.00 0.0001 512 0.845641 4257.453 1.435034
COST 65536 16384 2 8 6.00 0.0001 512 0.940341 5226.412 1.480478
COST 65536 32768 2 8 6.00 0.0001 512 1.000000 5902.169 1.000000
COST 65536 1024 2 8 6.00 0.0001 512 0.244563 673.187 2.360878
COST 65536 2048 2 8 6.00 0.0001 512 0.588090 1638.224 2.415864
COST 65536 4096 2 8 6.00 0.0001 512 0.805806 2730.001 2.440354
COST 65536 8192 2 8 6.00 0.0001 512 0.916720 3481.998 2.201653
COST 65536 16384 2 8 6.00 0.0001 512 0.972240 3909.418 1.004033
COST 65536 32768 2 8 6.00 0.0001 512 1.000000 4134.919 1.000000
COST 65536 1024 2 8 6.00 0.0001 512 0.334013 728.024 2.582972
COST 65536 2048 2 8 6.00 0.0001 512 0.698486 1650.915 2.641186
COST 65536 4096 2 8 6.00 0.0001 512 0.883550 2471.828 2.519541
COST 65536 8192 2 8 6.00 0.0001 512 0.958438 2893.214 0.815678
COST 65536 16384 2 8 6.00 0.0001 512 0.988192 3074.351 0.528703
COST 65536 32768 2 8 6.00 0.0001 512 1.000000 3148.158 1.000000
COST 65536 1024 2 8 6.00 0.001 512 0.101302 580.541 0.803340
COST 65536 2048 2 8 6.00 0.001 512 0.330474 1566.336 0.819762
COST 65536 4096 2 8 6.00 0.001 512 0.556802 3216.549 0.867170
COST 65536 8192 2 8 6.00 0.001 512 0.739552 5202.429 0.873851
COST 65536 16384 2 8 6.00 0.001 512 0.884751 7255.222 0.973581
COST 65536 32768 2 8 6.00 0.001 512 1.000000 9194.355 1.000000
COST 65536 1024 2 8 6.00 0.001 512 0.165385 624.216 1.927717
COST 65536 2048 2 8 6.00 0.001 512 0.461344 1609.558 1.970504
COST 65536 4096 2 8 6.00 0.001 512 0.695477 2988.843 2.004743
COST 65536 8192 2 8 6.00 0.001 512 0.845641 4257.453 2.118184
COST 65536 16384 2 8 6.00 0.001 512 0.940341 5226.412 1.385315
COST 65536 32768 2 8 6.00 0.001 512 1.000000 5902.169 1.000000
COST 65536 1024 2 8 6.00 0.001 512 0.244563 673.187 2.446247
COST 65536 2048 2 8 6.00 0.001 512 0.588090 1638.224 2.511744
COST 65536 4096 2 8 6.00 0.001 512 0.805806 2730.001 2.563336
COST 65536 8192 2 8 6.00 0.001 512 0.916720 3481.998 1.265431
COST 65536 16384 2 8 6.00 0.001 512 0.972240 3909.418 0.569145
COST 65536 32768 2 8 6.00 0.001 512 1.000000 4134.919 1.000000
COST 65536 1024 2 8 6.00 0.001 512 0.334013 728.024 2.479197
COST 65536 2048 2 8 6.00 0.001 512 0.698486 1650.915 2.457155
COST 65536 4096 2 8 6.00 0.001 512 0.883550 2471.828 1.526458
COST 65536 8192 2 8 6.00 0.001 512 0.958438 2893.214 0.405435
COST 65536 16384 2 8 6.00 0.001 512 0.988192 3074.351 0.436745
COST 65536 32768 2 8 6.00 0.001 512 1.000000 3148.158 1.000000
COST 65536 1024 2 8 6.00 0.01 512 0.101302 580.541 1.451656
COST 65536 2048 2 8 6.00 0.01 512 0.330474 1566.336 1.510131
COST 65536 4096 2 8 6.00 0.01 512 0.556802 3216.549 1.582622
COST 65536 8192 2 8 6.00 0.01 512 0.739552 5202.429 1.646249
COST 65536 16384 2 8 6.00 0.01 512 0.884751 7255.222 1.314336
COST 65536 32768 2 8 6.00 0.01 512 1.000000 9194.355 1.000000
COST 65536 1024 2 8 6.00 0.01 512 0.165385 624.216 2.438969
COST 65536 2048 2 8 6.00 0.01 512 0.461344 1609.558 2.534805
COST 65536 4096 2 8 6.00 0.01 512 0.695477 2988.843 2.536733
COST 65536 8192 2 8 6.00 0.01 512 0.845641 4257.453 1.854908
COST 65536 16384 2 8 6.00 0.01 512 0.940341 5226.412 0.765354
COST 65536 32768 2 8 6.00 0.01 512 1.000000 5902.169 1.000000
COST 65536 1024 2 8 6.00 0.01 512 0.244563 673.187 2.442527
COST 65536 2048 2 8 6.00 0.01 512 0.588090 1638.224 2.585155
COST 65536 4096 2 8 6.00 0.01 512 0.805806 2730.001 1.628630
COST 65536 8192 2 8 6.00 0.01 512 0.916720 3481.998 0.477966
COST 65536 16384 2 8 6.00 0.01 512 0.972240 3909.418 0.455917
COST 65536 32768 2 8 6.00 0.01 512 1.000000 4134.919 1.000000
COST 65536 1024 2 8 6.00 0.01 512 0.334013 728.024 2.546997
COST 65536 2048 2 8 6.00 0.01 512 0.698486 1650.915 2.443954
COST 65536 4096 2 8 6.00 0.01 512 0.883550 2471.828 0.497596
COST 65536 8192 2 8 6.00 0.01 512 0.958438 2893.214 0.240279
COST 65536 16384 2 8 6.00 0.01 512 0.988192 3074.351 0.430972
COST 65536 32768 2 8 6.00 0.01 512 1.000000 3148.158 1.000000
COST 65536 1024 2 8 6.50 0.0001 512 0.101302 580.541 0.988680
COST 65536 2048 2 8 6.50 0.0001 512 0.330474 1566.336 1.018892
COST 65536 4096 2 8 6.50 0.0001 512 0.556802 3216.549 1.025020
COST 65536 8192 2 8 6.50 0.0001 512 0.739552 5202.429 1.096282
COST 65536 16384 2 8 6.50 0.0001 512 0.884751 7255.222 1.196605
COST 65536 32768 2 8 6.50 0.0001 512 1.000000 9194.355 1.000000
COST 65536 1024 2 8 6.50 0.0001 512 0.165385 624.216 2.363852
COST 65536 2048 2 8 6.50 0.0001 512 0.461344 1609.558 2.364024
COST 65536 4096 2 8 6.50 0.0001 512 0.695477 2988.843 2.382247
COST 65536 8192 2 8 6.50 0.0001 512 0.845641 4257.453 2.455872
COST 65536 16384 2 8 6.50 0.0001 512 0.940341 5226.412 1.430591
COST 65536 32768 2 8 6.50 0.0001 512 1.000000 5902.169 1.000000
COST 65536 1024 2 8 6.50 0.0001 512 0.244563 673.187 2.470178
COST 65536 2048 2 8 6.50 0.0001 512 0.588090 1638.224 2.467573
COST 65536 4096 2 8 6.50 0.0001 512 0.805806 2730.001 2.548031
COST 65536 8192 2 8 6.50 0.0001 512 0.916720 3481.998 0.989757
COST 65536 16384 2 8 6.50 0.0001 512 0.972240 3909.418 0.471957
COST 65536 32768 2 8 6.50 0.0001 512 1.000000 4134.919 1.000000
COST 65536 1024 2 8 6.50 0.0001 512 0.334013 728.024 2.491935
COST 65536 2048 2 8 6.50 0.0001 512 0.698486 1650.915 2.519718
COST 65536 4096 2 8 6.50 0.0001 512 0.883550 2471.828 1.243793
COST 65536 8192 2 8 6.50 0.0001 512 0.958438 2893.214 0.306800
COST 65536 16384 2 8 6.50 0.0001 512 0.988192 3074.351 0.426612
COST 65536 32768 2 8 6.50 0.0001 512 1.000000 3148.158 1.000000
COST 65536 1024 2 8 6.50 0.001 512 0.101302 580.541 1.567868
COST 65536 2048 2 8 6.50 0.001 512 0.330474 1566.336 1.663784
COST 65536 4096 2 8 6.50 0.001 512 0.556802 3216.549 1.668900
COST 65536 8192 2 8 6.50 0.001 512 0.739552 5202.429 1.750623
COST 65536 16384 2 8 6.50 0.001 512 0.884751 7255.222 1.672257
COST 65536 32768 2 8 6.50 0.001 512 1.000000 9194.355 1.000000
COST 65536 1024 2 8 6.50 0.001 512 0.165385 624.216 2.589965
COST 65536 2048 2 8 6.50 0.001 512 0.461344 1609.558 2.639845
COST 65536 4096 2 8 6.50 0.001 512 0.695477 2988.843 2.633781
COST 65536 8192 2 8 6.50 0.001 512 0.845641 4257.453 2.060776
COST 65536 16384 2 8 6.50 0.001 512 0.940341 5226.412 0.736305
COST 65536 32768 2 8 6.50 0.001 512 1.000000 5902.169 1.000000
COST 65536 1024 2 8 6.50 0.001 512 0.244563 673.187 2.531393
COST 65536 2048 2 8 6.50 0.001 512 0.588090 1638.224 2.587797
COST 65536 4096 2 8 6.50 0.001 512 0.805806 2730.001 2.010916
COST 65536 8192 2 8 6.50 0.001 512 0.916720 3481.998 0.440606
COST 65536 16384 2 8 6.50 0.001 512 0.972240 3909.418 0.446210
COST 65536 32768 2 8 6.50 0.001 512 1.000000 4134.919 1.000000
COST 65536 1024 2 8 6.50 0.001 512 0.334013 728.024 2.486318
COST 65536 2048 2 8 6.50 0.001 512 0.698486 1650.915 2.536846
COST 65536 4096 2 8 6.50 0.001 512 0.883550 2471.828 0.489228
COST 65536 8192 2 8 6.50 0.001 512 0.958438 2893.214 0.233588
COST 65536 16384 2 8 6.50 0.001 512 0.988192 3074.351 0.432579
COST 65536 32768 2 8 6.50 0.001 512 1.000000 3148.158 1.000000
COST 65536 1024 2 8 6.50 0.01 512 0.101302 580.541 2.422718
COST 65536 2048 2 8 6.50 0.01 512 0.330474 1566.336 2.493890
COST 65536 4096 2 8 6.50 0.01 512 0.556802 3216.549 2.507174
COST 65536 8192 2 8 6.50 0.01 512 0.739552 5202.429 2.404294
COST 65536 16384 2 8 6.50 0.01 512 0.884751 7255.222 1.031987
COST 65536 32768 2 8 6.50 0.01 512 1.000000 9194.355 1.000000
COST 65536 1024 2 8 6.50 0.01 512 0.165385 624.216 2.695574
COST 65536 2048 2 8 6.50 0.01 512 0.461344 1609.558 2.687345
COST 65536 4096 2 8 6.50 0.01 512 0.695477 2988.843 2.281850
COST 65536 8192 2 8 6.50 0.01 512 0.845641 4257.453 0.692450
COST 65536 16384 2 8 6.50 0.01 512 0.940341 5226.412 0.484011
COST 65536 32768 2 8 6.50 0.01 512 1.000000 5902.169 1.000000
COST 65536 1024 2 8 6.50 0.01 512 0.244563 673.187 2.575436
COST 65536 2048 2 8 6.50 0.01 512 0.588090 1638.224 2.510297
COST 65536 4096 2 8 6.50 0.01 512 0.805806 2730.001 0.508675
COST 65536 8192 2 8 6.50 0.01 512 0.916720 3481.998 0.273115
COST 65536 16384 2 8 6.50 0.01 512 0.972240 3909.418 0.462553
COST 65536 32768 2 8 6.50 0.01 512 1.000000 4134.919 1.000000
COST 65536 1024 2 8 6.50 0.01 512 0.334013 728.024 2.532790
COST 65536 2048 2 8 6.50 0.01 512 0.698486 1650.915 1.484764
COST 65536 4096 2 8 6.50 0.01 512 0.883550 2471.828 0.206138
COST 65536 8192 2 8 6.50 0.01 512 0.958438 2893.214 0.233321
COST 65536 16384 2 8 6.50 0.01 512 0.988192 3074.351 0.445137
COST 65536 32768 2 8 6.50 0.01 512 1.000000 3148.158 1.000000
COST 8192 256 2 8 5.00 0.0001 1024 0.329874 195.369 0.653544
COST 8192 512 2 8 5.00 0.0001 1024 0.556559 401.781 0.676253
COST 8192 1024 2 8 5.00 0.0001 1024 0.739463 650.145 0.699089
COST 8192 2048 2 8 5.00 0.0001 1024 0.884725 906.825 0.826849
COST 8192 4096 2 8 5.00 0.0001 1024 1.000000 1149.259 1.000000
COST 8192 256 2 8 5.00 0.0001 512 0.329874 195.369 0.696300
COST 8192 512 2 8 5.00 0.0001 512 0.556559 401.781 0.723083
COST 8192 1024 2 8 5.00 0.0001 512 0.739463 650.145 0.741507
COST 8192 2048 2 8 5.00 0.0001 512 0.884725 906.825 0.847901
COST 8192 4096 2 8 5.00 0.0001 512 1.000000 1149.259 1.000000
COST 8192 256 2 8 5.00 0.0001 1024 0.375053 197.457 0.704637
COST 8192 512 2 8 5.00 0.0001 1024 0.607498 392.572 0.692938
COST 8192 1024 2 8 5.00 0.0001 1024 0.780514 607.016 0.733101
COST 8192 2048 2 8 5.00 0.0001 1024 0.907245 806.444 0.849243
COST 8192 4096 2 8 5.00 0.0001 1024 1.000000 975.409 1.000000
COST 8192 256 2 8 5.00 0.0001 512 0.375053 197.457 0.700130
COST 8192 512 2 8 5.00 0.0001 512 0.607498 392.572 0.706992
COST 8192 1024 2 8 5.00 0.0001 512 0.780514 607.016 0.735891
COST 8192 2048 2 8 5.00 0.0001 512 0.907245 806.444 0.847758
COST 8192 4096 2 8 5.00 0.0001 512 1.000000 975.409 1.000000
COST 8192 256 2 8 5.00 0.0001 1024 0.394726 198.292 0.681968
COST 8192 512 2 8 5.00 0.0001 1024 0.628656 388.357 0.694752
COST 8192 1024 2 8 5.00 0.0001 1024 0.796858 589.034 0.732594
COST 8192 2048 2 8 5.00 0.0001 1024 0.915866 767.352 0.850221
COST 8192 4096 2 8 5.00 0.0001 1024 1.000000 911.661 1.000000
COST 8192 256 2 8 5.00 0.0001 512 0.394726 198.292 0.705427
COST 8192 512 2 8 5.00 0.0001 512 0.628656 388.357 0.723541
COST 8192 1024 2 8 5.00 0.0001 512 0.796858 589.034 0.747029
COST 8192 2048 2 8 5.00 0.0001 512 0.915866 767.352 0.880408
COST 8192 4096 2 8 5.00 0.0001 512 1.000000 911.661 1.000000
COST 8192 256 2 8 5.00 0.0001 1024 0.460649 200.798 0.760066
COST 8192 512 2 8 5.00 0.0001 1024 0.695251 373.393 0.778328
COST 8192 1024 2 8 5.00 0.0001 1024 0.845574 532.095 0.816483
COST 8192 2048 2 8 5.00 0.0001 1024 0.940325 653.270 0.930076
COST 8192 4096 2 8 5.00 0.0001 1024 1.000000 737.761 1.000000
COST 8192 256 2 8 5.00 0.0001 512 0.460649 200.798 0.804159
COST 8192 512 2 8 5.00 0.0001 512 0.695251 373.393 0.821040
COST 8192 1024 2 8 5.00 0.0001 512 0.845574 532.095 0.837957
COST 8192 2048 2 8 5.00 0.0001 512 0.940325 653.270 0.966316
COST 8192 4096 2 8 5.00 0.0001 512 1.000000 737.761 1.000000
COST 8192 256 2 8 5.00 0.0001 1024 0.587370 204.420 1.272821
COST 8192 512 2 8 5.00 0.0001 1024 0.805619 341.105 1.305628
COST 8192 1024 2 8 5.00 0.0001 1024 0.916676 435.206 1.327974
COST 8192 2048 2 8 5.00 0.0001 1024 0.972231 488.665 1.056652
COST 8192 4096 2 8 5.00 0.0001 1024 1.000000 516.862 1.000000
COST 8192 256 2 8 5.00 0.0001 512 0.587370 204.420 1.411152
COST 8192 512 2 8 5.00 0.0001 512 0.805619 341.105 1.426703
COST 8192 1024 2 8 5.00 0.0001 512 0.916676 435.206 1.448687
COST 8192 2048 2 8 5.00 0.0001 512 0.972231 488.665 1.152733
COST 8192 4096 2 8 5.00 0.0001 512 1.000000 516.862 1.000000
COST 8192 256 2 8 5.00 0.0001 1024 0.697808 206.055 2.004138
COST 8192 512 2 8 5.00 0.0001 1024 0.883410 308.885 2.027921
COST 8192 1024 2 8 5.00 0.0001 1024 0.958411 361.631 1.259145
COST 8192 2048 2 8 5.00 0.0001 1024 0.988187 384.289 0.837995
COST 8192 4096 2 8 5.00 0.0001 1024 1.000000 393.519 1.000000
COST 8192 256 2 8 5.00 0.0001 512 0.697808 206.055 1.994677
COST 8192 512 2 8 5.00 0.0001 512 0.883410 308.885 1.967966
COST 8192 1024 2 8 5.00 0.0001 512 0.958411 361.631 1.262100
COST 8192 2048 2 8 5.00 0.0001 512 0.988187 384.289 0.856773
COST 8192 4096 2 8 5.00 0.0001 512 1.000000 393.519 1.000000
COST 8192 256 2 8 5.00 0.001 1024 0.329874 195.369 0.672226
COST 8192 512 2 8 5.00 0.001 1024 0.556559 401.781 0.696375
COST 8192 1024 2 8 5.00 0.001 1024 0.739463 650.145 0.746745
COST 8192 2048 2 8 5.00 0.001 1024 0.884725 906.825 0.843034
COST 8192 4096 2 8 5.00 0.001 1024 1.000000 1149.259 1.000000
COST 8192 256 2 8 5.00 0.001 512 0.329874 195.369 0.725832
COST 8192 512 2 8 5.00 0.001 512 0.556559 401.781 0.736824
COST 8192 1024 2 8 5.00 0.001 512 0.739463 650.145 0.742606
COST 8192 2048 2 8 5.00 0.001 512 0.884725 906.825 0.863242
COST 8192 4096 2 8 5.00 0.001 512 1.000000 1149.259 1.000000
COST 8192 256 2 8 5.00 0.001 1024 0.375053 197.457 0.724444
COST 8192 512 2 8 5.00 0.001 1024 0.607498 392.572 0.739776
COST 8192 1024 2 8 5.00 0.001 1024 0.780514 607.016 0.768215
COST 8192 2048 2 8 5.00 0.001 1024 0.907245 806.444 0.889033
COST 8192 4096 2 8 5.00 0.001 1024 1.000000 975.409 1.000000
COST 8192 256 2 8 5.00 0.001 512 0.375053 197.457 0.740865
COST 8192 512 2 8 5.00 0.001 512 0.607498 392.572 0.758337
COST 8192 1024 2 8 5.00 0.001 512 0.780514 607.016 0.793157
COST 8192 2048 2 8 5.00 0.001 512 0.907245 806.444 0.903115
COST 8192 4096 2 8 5.00 0.001 512 1.000000 975.409 1.000000
COST 8192 256 2 8 5.00 0.001 1024 0.394726 198.292 0.763030
COST 8192 512 2 8 5.00 0.001 1024 0.628656 388.357 0.773887
COST 8192 1024 2 8 5.00 0.001 1024 0.796858 589.034 0.814987
COST 8192 2048 2 8 5.00 0.001 1024 0.915866 767.352 0.931574
COST 8192 4096 2 8 5.00 0.001 1024 1.000000 911.661 1.000000
COST 8192 256 2 8 5.00 0.001 512 0.394726 198.292 0.770870
COST 8192 512 2 8 5.00 0.001 512 0.628656 388.357 0.798340
COST 8192 1024 2 8 5.00 0.001 512 0.796858 589.034 0.824190
COST 8192 2048 2 8 5.00 0.001 512 0.915866 767.352 0.926606
COST 8192 4096 2 8 5.00 0.001 512 1.000000 911.661 1.000000
COST 8192 256 2 8 5.00 0.001 1024 0.460649 200.798 1.020487
COST 8192 512 2 8 5.00 0.001 1024 0.695251 373.393 1.033764
COST 8192 1024 2 8 5.00 0.001 1024 0.845574 532.095 1.064478
COST 8192 2048 2 8 5.00 0.001 1024 0.940325 653.270 1.069164
COST 8192 4096 2 8 5.00 0.001 1024 1.000000 737.761 1.000000
COST 8192 256 2 8 5.00 0.001 512 0.460649 200.798 1.007943
COST 8192 512 2 8 5.00 0.001 512 0.695251 373.393 1.016114
COST 8192 1024 2 8 5.00 0.001 512 0.845574 532.095 1.047835
COST 8192 2048 2 8 5.00 0.001 512 0.940325 653.270 1.064119
COST 8192 4096 2 8 5.00 0.001 512 1.000000 737.761 1.000000
COST 8192 256 2 8 5.00 0.001 1024 0.587370 204.420 1.759899
COST 8192 512 2 8 5.00 0.001 1024 0.805619 341.105 1.783912
COST 8192 1024 2 8 5.00 0.001 1024 0.916676 435.206 1.418539
COST 8192 2048 2 8 5.00 0.001 1024 0.972231 488.665 0.944342
COST 8192 4096 2 8 5.00 0.001 1024 1.000000 516.862 1.000000
COST 8192 256 2 8 5.00 0.001 512 0.587370 204.420 1.789009
COST 8192 512 2 8 5.00 0.001 512 0.805619 341.105 1.796667
COST 8192 1024 2 8 5.00 0.001 512 0.916676 435.206 1.451945
COST 8192 2048 2 8 5.00 0.001 512 0.972231 488.665 0.971640
COST 8192 4096 2 8 5.00 0.001 512 1.000000 516.862 1.000000
COST 8192 256 2 8 5.00 0.001 1024 0.697808 206.055 2.154127
COST 8192 512 2 8 5.00 0.001 1024 0.883410 308.885 1.737393
COST 8192 1024 2 8 5.00 0.001 1024 0.958411 361.631 0.851247
COST 8192 2048 2 8 5.00 0.001 1024 0.988187 384.289 0.665988
COST 8192 4096 2 8 5.00 0.001 1024 1.000000 393.519 1.000000
COST 8192 256 2 8 5.00 0.001 512 0.697808 206.055 2.125632
COST 8192 512 2 8 5.00 0.001 512 0.883410 308.885 1.737154
COST 8192 1024 2 8 5.00 0.001 512 0.958411 361.631 0.837167
COST 8192 2048 2 8 5.00 0.001 512 0.988187 384.289 0.648624
COST 8192 4096 2 8 5.00 0.001 512 1.000000 393.519 1.000000
COST 8192 256 2 8 5.00 0.01 1024 0.329874 195.369 0.863509
COST 8192 512 2 8 5.00 0.01 1024 0.556559 401.781 0.868740
COST 8192 1024 2 8 5.00 0.01 1024 0.739463 650.145 0.907161
COST 8192 2048 2 8 5.00 0.01 1024 0.884725 906.825 0.984093
COST 8192 4096 2 8 5.00 0.01 1024 1.000000 1149.259 1.000000
COST 8192 256 2 8 5.00 0.01 512 0.329874 195.369 0.859954
COST 8192 512 2 8 5.00 0.01 512 0.556559 401.781 0.891479
COST 8192 1024 2 8 5.00 0.01 512 0.739463 650.145 0.903700
COST 8192 2048 2 8 5.00 0.01 512 0.884725 906.825 0.978498
COST 8192 4096 2 8 5.00 0.01 512 1.000000 1149.259 1.000000
COST 8192 256 2 8 5.00 0.01 1024 0.375053 197.457 1.036184
COST 8192 512 2 8 5.00 0.01 1024 0.607498 392.572 1.050326
COST 8192 1024 2 8 5.00 0.01 1024 0.780514 607.016 1.095756
COST 8192 2048 2 8 5.00 0.01 1024 0.907245 806.444 1.020416
COST 8192 4096 2 8 5.00 0.01 1024 1.000000 975.409 1.000000
COST 8192 256 2 8 5.00 0.01 512 0.375053 197.457 1.089926
COST 8192 512 2 8 5.00 0.01 512 0.607498 392.572 1.098547
COST 8192 1024 2 8 5.00 0.01 512 0.780514 607.016 1.123576
COST 8192 2048 2 8 5.00 0.01 512 0.907245 806.444 1.026349
COST 8192 4096 2 8 5.00 0.01 512 1.000000 975.409 1.000000
COST 8192 256 2 8 5.00 0.01 1024 0.394726 198.292 1.223895
COST 8192 512 2 8 5.00 0.01 1024 0.628656 388.357 1.235047
COST 8192 1024 2 8 5.00 0.01 1024 0.796858 589.034 1.285282
COST 8192 2048 2 8 5.00 0.01 1024 0.915866 767.352 1.041801
COST 8192 4096 2 8 5.00 0.01 1024 1.000000 911.661 1.000000
COST 8192 256 2 8 5.00 0.01 512 0.394726 198.292 1.219779
COST 8192 512 2 8 5.00 0.01 512 0.628656 388.357 1.241884
COST 8192 1024 2 8 5.00 0.01 512 0.796858 589.034 1.287038
COST 8192 2048 2 8 5.00 0.01 512 0.915866 767.352 1.068276
COST 8192 4096 2 8 5.00 0.01 512 1.000000 911.661 1.000000
COST 8192 256 2 8 5.00 0.01 1024 0.460649 200.798 1.548945
COST 8192 512 2 8 5.00 0.01 1024 0.695251 373.393 1.610669
COST 8192 1024 2 8 5.00 0.01 1024 0.845574 532.095 1.468316
COST 8192 2048 2 8 5.00 0.01 1024 0.940325 653.270 0.910504
COST 8192 4096 2 8 5.00 0.01 1024 1.000000 737.761 1.000000
COST 8192 256 2 8 5.00 0.01 512 0.460649 200.798 1.603133
COST 8192 512 2 8 5.00 0.01 512 0.695251 373.393 1.628801
COST 8192 1024 2 8 5.00 0.01 512 0.845574 532.095 1.474336
COST 8192 2048 2 8 5.00 0.01 512 0.940325 653.270 0.951184
COST 8192 4096 2 8 5.00 0.01 512 1.000000 737.761 1.000000
COST 8192 256 2 8 5.00 0.01 1024 0.587370 204.420 2.055775
COST 8192 512 2 8 5.00 0.01 1024 0.805619 341.105 1.607102
COST 8192 1024 2 8 5.00 0.01 1024 0.916676 435.206 0.844273
COST 8192 2048 2 8 5.00 0.01 1024 0.972231 488.665 0.686753
COST 8192 4096 2 8 5.00 0.01 1024 1.000000 516.862 1.000000
COST 8192 256 2 8 5.00 0.01 512 0.587370 204.420 2.028337
COST 8192 512 2 8 5.00 0.01 512 0.805619 341.105 1.636723
COST 8192 1024 2 8 5.00 0.01 512 0.916676 435.206 0.797588
COST 8192 2048 2 8 5.00 0.01 512 0.972231 488.665 0.684187
COST 8192 4096 2 8 5.00 0.01 512 1.000000 516.862 1.000000
COST 8192 256 2 8 5.00 0.01 1024 0.697808 206.055 2.055086
COST 8192 512 2 8 5.00 0.01 1024 0.883410 308.885 0.841742
COST 8192 1024 2 8 5.00 0.01 1024 0.958411 361.631 0.366613
COST 8192 2048 2 8 5.00 0.01 1024 0.988187 384.289 0.530988
COST 8192 4096 2 8 5.00 0.01 1024 1.000000 393.519 1.000000
COST 8192 256 2 8 5.00 0.01 512 0.697808 206.055 2.105326
COST 8192 512 2 8 5.00 0.01 512 0.883410 308.885 0.857082
COST 8192 1024 2 8 5.00 0.01 512 0.958411 361.631 0.331761
COST 8192 2048 2 8 5.00 0.01 512 0.988187 384.289 0.516063
COST 8192 4096 2 8 5.00 0.01 512 1.000000 393.519 1.000000
COST 8192 256 2 8 5.50 0.0001 1024 0.329874 195.369 0.711642
COST 8192 512 2 8 5.50 0.0001 1024 0.556559 401.781 0.731511
COST 8192 1024 2 8 5.50 0.0001 1024 0.739463 650.145 0.758616
COST 8192 2048 2 8 5.50 0.0001 1024 0.884725 906.825 0.888657
COST 8192 4096 2 8 5.50 0.0001 1024 1.000000 1149.259 1.000000
COST 8192 256 2 8 5.50 0.0001 512 0.329874 195.369 0.737791
COST 8192 512 2 8 5.50 0.0001 512 0.556559 401.781 0.751762
COST 8192 1024 2 8 5.50 0.0001 512 0.739463 650.145 0.757560
COST 8192 2048 2 8 5.50 0.0001 512 0.884725 906.825 0.878540
COST 8192 4096 2 8 5.50 0.0001 512 1.000000 1149.259 1.000000
COST 8192 256 2 8 5.50 0.0001 1024 0.375053 197.457 0.795068
COST 8192 512 2 8 5.50 0.0001 1024 0.607498 392.572 0.806560
COST 8192 1024 2 8 5.50 0.0001 1024 0.780514 607.016 0.842475
COST 8192 2048 2 8 5.50 0.0001 1024 0.907245 806.444 0.967007
COST 8192 4096 2 8 5.50 0.0001 1024 1.000000 975.409 1.000000
COST 8192 256 2 8 5.50 0.0001 512 0.375053 197.457 0.849231
COST 8192 512 2 8 5.50 0.0001 512 0.607498 392.572 0.847996
COST 8192 1024 2 8 5.50 0.0001 512 0.780514 607.016 0.873995
COST 8192 2048 2 8 5.50 0.0001 512 0.907245 806.444 1.012129
COST 8192 4096 2 8 5.50 0.0001 512 1.000000 975.409 1.000000
COST 8192 256 2 8 5.50 0.0001 1024 0.394726 198.292 0.876862
COST 8192 512 2 8 5.50 0.0001 1024 0.628656 388.357 0.897848
COST 8192 1024 2 8 5.50 0.0001 1024 0.796858 589.034 0.925986
COST 8192 2048 2 8 5.50 0.0001 1024 0.915866 767.352 1.068308
COST 8192 4096 2 8 5.50 0.0001 1024 1.000000 911.661 1.000000
COST 8192 256 2 8 5.50 0.0001 512 0.394726 198.292 0.911827
COST 8192 512 2 8 5.50 0.0001 512 0.628656 388.357 0.921094
COST 8192 1024 2 8 5.50 0.0001 512 0.796858 589.034 0.947846
COST 8192 2048 2 8 5.50 0.0001 512 0.915866 767.352 1.086368
COST 8192 4096 2 8 5.50 0.0001 512 1.000000 911.661 1.000000
COST 8192 256 2 8 5.50 0.0001 1024 0.460649 200.798 1.372174
COST 8192 512 2 8 5.50 0.0001 1024 0.695251 373.393 1.371027
COST 8192 1024 2 8 5.50 0.0001 1024 0.845574 532.095 1.454680
COST 8192 2048 2 8 5.50 0.0001 1024 0.940325 653.270 1.299345
COST 8192 4096 2 8 5.50 0.0001 1024 1.000000 737.761 1.000000
COST 8192 256 2 8 5.50 0.0001 512 0.460649 200.798 1.432109
COST 8192 512 2 8 5.50 0.0001 512 0.695251 373.393 1.453564
COST 8192 1024 2 8 5.50 0.0001 512 0.845574 532.095 1.503814
COST 8192 2048 2 8 5.50 0.0001 512 0.940325 653.270 1.385793
COST 8192 4096 2 8 5.50 0.0001 512 1.000000 737.761 1.000000
COST 8192 256 2 8 5.50 0.0001 1024 0.587370 204.420 2.072849
COST 8192 512 2 8 5.50 0.0001 1024 0.805619 341.105 2.105002
COST 8192 1024 2 8 5.50 0.0001 1024 0.916676 435.206 1.413720
COST 8192 2048 2 8 5.50 0.0001 1024 0.972231 488.665 0.818019
COST 8192 4096 2 8 5.50 0.0001 1024 1.000000 516.862 1.000000
COST 8192 256 2 8 5.50 0.0001 512 0.587370 204.420 2.130520
COST 8192 512 2 8 5.50 0.0001 512 0.805619 341.105 2.092035
COST 8192 1024 2 8 5.50 0.0001 512 0.916676 435.206 1.424412
COST 8192 2048 2 8 5.50 0.0001 512 0.972231 488.665 0.822813
COST 8192 4096 2 8 5.50 0.0001 512 1.000000 516.862 1.000000
COST 8192 256 2 8 5.50 0.0001 1024 0.697808 206.055 2.297875
COST 8192 512 2 8 5.50 0.0001 1024 0.883410 308.885 1.600691
COST 8192 1024 2 8 5.50 0.0001 1024 0.958411 361.631 0.488930
COST 8192 2048 2 8 5.50 0.0001 1024 0.988187 384.289 0.542406
COST 8192 4096 2 8 5.50 0.0001 1024 1.000000 393.519 1.000000
COST 8192 256 2 8 5.50 0.0001 512 0.697808 206.055 2.346137
COST 8192 512 2 8 5.50 0.0001 512 0.883410 308.885 1.658779
COST 8192 1024 2 8 5.50 0.0001 512 0.958411 361.631 0.462223
COST 8192 2048 2 8 5.50 0.0001 512 0.988187 384.289 0.541440
COST 8192 4096 2 8 5.50 0.0001 512 1.000000 393.519 1.000000
COST 8192 256 2 8 5.50 0.001 1024 0.329874 195.369 0.848644
COST 8192 512 2 8 5.50 0.001 1024 0.556559 401.781 0.857167
COST 8192 1024 2 8 5.50 0.001 1024 0.739463 650.145 0.903851
COST 8192 2048 2 8 5.50 0.001 1024 0.884725 906.825 1.019658
COST 8192 4096 2 8 5.50 0.001 1024 1.000000 1149.259 1.000000
COST 8192 256 2 8 5.50 0.001 512 0.329874 195.369 0.902117
COST 8192 512 2 8 5.50 0.001 512 0.556559 401.781 0.911764
COST 8192 1024 2 8 5.50 0.001 512 0.739463 650.145 0.950493
COST 8192 2048 2 8 5.50 0.001 512 0.884725 906.825 1.071710
COST 8192 4096 2 8 5.50 0.001 512 1.000000 1149.259 1.000000
COST 8192 256 2 8 5.50 0.001 1024 0.375053 197.457 1.203194
COST 8192 512 2 8 5.50 0.001 1024 0.607498 392.572 1.200885
COST 8192 1024 2 8 5.50 0.001 1024 0.780514 607.016 1.241512
COST 8192 2048 2 8 5.50 0.001 1024 0.907245 806.444 1.199877
COST 8192 4096 2 8 5.50 0.001 1024 1.000000 975.409 1.000000
COST 8192 256 2 8 5.50 0.001 512 0.375053 197.457 1.182720
COST 8192 512 2 8 5.50 0.001 512 0.607498 392.572 1.201851
COST 8192 1024 2 8 5.50 0.001 512 0.780514 607.016 1.245586
COST 8192 2048 2 8 5.50 0.001 512 0.907245 806.444 1.237553
COST 8192 4096 2 8 5.50 0.001 512 1.000000 975.409 1.000000
COST 8192 256 2 8 5.50 0.001 1024 0.394726 198.292 1.346522
COST 8192 512 2 8 5.50 0.001 1024 0.628656 388.357 1.333068
COST 8192 1024 2 8 5.50 0.001 1024 0.796858 589.034 1.374832
COST 8192 2048 2 8 5.50 0.001 1024 0.915866 767.352 1.196359
COST 8192 4096 2 8 5.50 0.001 1024 1.000000 911.661 1.000000
COST 8192 256 2 8 5.50 0.001 512 0.394726 198.292 1.291082
COST 8192 512 2 8 5.50 0.001 512 0.628656 388.357 1.352120
COST 8192 1024 2 8 5.50 0.001 512 0.796858 589.034 1.347846
COST 8192 2048 2 8 5.50 0.001 512 0.915866 767.352 1.173744
COST 8192 4096 2 8 5.50 0.001 512 1.000000 911.661 1.000000
COST 8192 256 2 8 5.50 0.001 1024 0.460649 200.798 1.761305
COST 8192 512 2 8 5.50 0.001 1024 0.695251 373.393 1.741043
COST 8192 1024 2 8 5.50 0.001 1024 0.845574 532.095 1.629269
COST 8192 2048 2 8 5.50 0.001 1024 0.940325 653.270 0.976352
COST 8192 4096 2 8 5.50 0.001 1024 1.000000 737.761 1.000000
COST 8192 256 2 8 5.50 0.001 512 0.460649 200.798 1.767722
COST 8192 512 2 8 5.50 0.001 512 0.695251 373.393 1.778859
COST 8192 1024 2 8 5.50 0.001 512 0.845574 532.095 1.622174
COST 8192 2048 2 8 5.50 0.001 512 0.940325 653.270 0.980197
COST 8192 4096 2 8 5.50 0.001 512 1.000000 737.761 1.000000
COST 8192 256 2 8 5.50 0.001 1024 0.587370 204.420 2.194281
COST 8192 512 2 8 5.50 0.001 1024 0.805619 341.105 1.816819
COST 8192 1024 2 8 5.50 0.001 1024 0.916676 435.206 0.733233
COST 8192 2048 2 8 5.50 0.001 1024 0.972231 488.665 0.604728
COST 8192 4096 2 8 5.50 0.001 1024 1.000000 516.862 1.000000
COST 8192 256 2 8 5.50 0.001 512 0.587370 204.420 2.224043
COST 8192 512 2 8 5.50 0.001 512 0.805619 341.105 1.907730
COST 8192 1024 2 8 5.50 0.001 512 0.916676 435.206 0.710819
COST 8192 2048 2 8 5.50 0.001 512 0.972231 488.665 0.607486
COST 8192 4096 2 8 5.50 0.001 512 1.000000 516.862 1.000000
COST 8192 256 2 8 5.50 0.001 1024 0.697808 206.055 2.201837
COST 8192 512 2 8 5.50 0.001 1024 0.883410 308.885 0.812427
COST 8192 1024 2 8 5.50 0.001 1024 0.958411 361.631 0.284626
COST 8192 2048 2 8 5.50 0.001 1024 0.988187 384.289 0.504354
COST 8192 4096 2 8 5.50 0.001 1024 1.000000 393.519 1.000000
COST 8192 256 2 8 5.50 0.001 512 0.697808 206.055 2.286091
COST 8192 512 2 8 5.50 0.001 512 0.883410 308.885 0.859516
COST 8192 1024 2 8 5.50 0.001 512 0.958411 361.631 0.297290
COST 8192 2048 2 8 5.50 0.001 512 0.988187 384.289 0.517120
COST 8192 4096 2 8 5.50 0.001 512 1.000000 393.519 1.000000
COST 8192 256 2 8 5.50 0.01 1024 0.329874 195.369 1.522754
COST 8192 512 2 8 5.50 0.01 1024 0.556559 401.781 1.497311
COST 8192 1024 2 8 5.50 0.01 1024 0.739463 650.145 1.480643
COST 8192 2048 2 8 5.50 0.01 1024 0.884725 906.825 1.017169
COST 8192 4096 2 8 5.50 0.01 1024 1.000000 1149.259 1.000000
COST 8192 256 2 8 5.50 0.01 512 0.329874 195.369 1.540634
COST 8192 512 2 8 5.50 0.01 512 0.556559 401.781 1.548063
COST 8192 1024 2 8 5.50 0.01 512 0.739463 650.145 1.536079
COST 8192 2048 2 8 5.50 0.01 512 0.884725 906.825 1.056938
COST 8192 4096 2 8 5.50 0.01 512 1.000000 1149.259 1.000000
COST 8192 256 2 8 5.50 0.01 1024 0.375053 197.457 1.825662
COST 8192 512 2 8 5.50 0.01 1024 0.607498 392.572 1.821113
COST 8192 1024 2 8 5.50 0.01 1024 0.780514 607.016 1.623364
COST 8192 2048 2 8 5.50 0.01 1024 0.907245 806.444 0.896192
COST 8192 4096 2 8 5.50 0.01 1024 1.000000 975.409 1.000000
COST 8192 256 2 8 5.50 0.01 512 0.375053 197.457 1.803409
COST 8192 512 2 8 5.50 0.01 512 0.607498 392.572 1.833425
COST 8192 1024 2 8 5.50 0.01 512 0.780514 607.016 1.554300
COST 8192 2048 2 8 5.50 0.01 512 0.907245 806.444 0.907830
COST 8192 4096 2 8 5.50 0.01 512 1.000000 975.409 1.000000
COST 8192 256 2 8 5.50 0.01 1024 0.394726 198.292 1.961307
COST 8192 512 2 8 5.50 0.01 1024 0.628656 388.357 1.954503
COST 8192 1024 2 8 5.50 0.01 1024 0.796858 589.034 1.526984
COST 8192 2048 2 8 5.50 0.01 1024 0.915866 767.352 0.847018
COST 8192 4096 2 8 5.50 0.01 1024 1.000000 911.661 1.000000
COST 8192 256 2 8 5.50 0.01 512 0.394726 198.292 1.982097
COST 8192 512 2 8 5.50 0.01 512 0.628656 388.357 1.967606
COST 8192 1024 2 8 5.50 0.01 512 0.796858 589.034 1.556383
COST 8192 2048 2 8 5.50 0.01 512 0.915866 767.352 0.840543
COST 8192 4096 2 8 5.50 0.01 512 1.000000 911.661 1.000000
COST 8192 256 2 8 5.50 0.01 1024 0.460649 200.798 2.170992
COST 8192 512 2 8 5.50 0.01 1024 0.695251 373.393 1.915592
COST 8192 1024 2 8 5.50 0.01 1024 0.845574 532.095 0.937311
COST 8192 2048 2 8 5.50 0.01 1024 0.940325 653.270 0.651534
COST 8192 4096 2 8 5.50 0.01 1024 1.000000 737.761 1.000000
COST 8192 256 2 8 5.50 0.01 512 0.460649 200.798 2.191727
COST 8192 512 2 8 5.50 0.01 512 0.695251 373.393 1.916250
COST 8192 1024 2 8 5.50 0.01 512 0.845574 532.095 0.966698
COST 8192 2048 2 8 5.50 0.01 512 0.940325 653.270 0.680341
COST 8192 4096 2 8 5.50 0.01 512 1.000000 737.761 1.000000
COST 8192 256 2 8 5.50 0.01 1024 0.587370 204.420 2.269499
COST 8192 512 2 8 5.50 0.01 1024 0.805619 341.105 0.819761
COST 8192 1024 2 8 5.50 0.01 1024 0.916676 435.206 0.322135
COST 8192 2048 2 8 5.50 0.01 1024 0.972231 488.665 0.521263
COST 8192 4096 2 8 5.50 0.01 1024 1.000000 516.862 1.000000
COST 8192 256 2 8 5.50 0.01 512 0.587370 204.420 2.191593
COST 8192 512 2 8 5.50 0.01 512 0.805619 341.105 0.801512
COST 8192 1024 2 8 5.50 0.01 512 0.916676 435.206 0.299936
COST 8192 2048 2 8 5.50 0.01 512 0.972231 488.665 0.524160
COST 8192 4096 2 8 5.50 0.01 512 1.000000 516.862 1.000000
COST 8192 256 2 8 5.50 0.01 1024 0.697808 206.055 1.419393
COST 8192 512 2 8 5.50 0.01 1024 0.883410 308.885 0.261737
COST 8192 1024 2 8 5.50 0.01 1024 0.958411 361.631 0.203082
COST 8192 2048 2 8 5.50 0.01 1024 0.988187 384.289 0.497754
COST 8192 4096 2 8 5.50 0.01 1024 1.000000 393.519 1.000000
COST 8192 256 2 8 5.50 0.01 512 0.697808 206.055 1.484773
COST 8192 512 2 8 5.50 0.01 512 0.883410 308.885 0.265772
COST 8192 1024 2 8 5.50 0.01 512 0.958411 361.631 0.193201
COST 8192 2048 2 8 5.50 0.01 512 0.988187 384.289 0.512809
COST 8192 4096 2 8 5.50 0.01 512 1.000000 393.519 1.000000
COST 8192 256 2 8 6.00 0.0001 1024 0.329874 195.369 1.121203
COST 8192 512 2 8 6.00 0.0001 1024 0.556559 401.781 1.128564
COST 8192 1024 2 8 6.00 0.0001 1024 0.739463 650.145 1.182536
COST 8192 2048 2 8 6.00 0.0001 1024 0.884725 906.825 1.290637
COST 8192 4096 2 8 6.00 0.0001 1024 1.000000 1149.259 1.000000
COST 8192 256 2 8 6.00 0.0001 512 0.329874 195.369 1.113509
COST 8192 512 2 8 6.00 0.0001 512 0.556559 401.781 1.140374
COST 8192 1024 2 8 6.00 0.0001 512 0.739463 650.145 1.183066
COST 8192 2048 2 8 6.00 0.0001 512 0.884725 906.825 1.329105
COST 8192 4096 2 8 6.00 0.0001 512 1.000000 1149.259 1.000000
COST 8192 256 2 8 6.00 0.0001 1024 0.375053 197.457 1.499913
COST 8192 512 2 8 6.00 0.0001 1024 0.607498 392.572 1.527744
COST 8192 1024 2 8 6.00 0.0001 1024 0.780514 607.016 1.593782
COST 8192 2048 2 8 6.00 0.0001 1024 0.907245 806.444 1.432151
COST 8192 4096 2 8 6.00 0.0001 1024 1.000000 975.409 1.000000
COST 8192 256 2 8 6.00 0.0001 512 0.375053 197.457 1.519599
COST 8192 512 2 8 6.00 0.0001 512 0.607498 392.572 1.533629
COST 8192 1024 2 8 6.00 0.0001 512 0.780514 607.016 1.576095
COST 8192 2048 2 8 6.00 0.0001 512 0.907245 806.444 1.440691
COST 8192 4096 2 8 6.00 0.0001 512 1.000000 975.409 1.000000
COST 8192 256 2 8 6.00 0.0001 1024 0.394726 198.292 1.608704
COST 8192 512 2 8 6.00 0.0001 1024 0.628656 388.357 1.607488
COST 8192 1024 2 8 6.00 0.0001 1024 0.796858 589.034 1.663044
COST 8192 2048 2 8 6.00 0.0001 1024 0.915866 767.352 1.311964
COST 8192 4096 2 8 6.00 0.0001 1024 1.000000 911.661 1.000000
COST 8192 256 2 8 6.00 0.0001 512 0.394726 198.292 1.606205
COST 8192 512 2 8 6.00 0.0001 512 0.628656 388.357 1.655904
COST 8192 1024 2 8 6.00 0.0001 512 0.796858 589.034 1.678867
COST 8192 2048 2 8 6.00 0.0001 512 0.915866 767.352 1.339699
COST 8192 4096 2 8 6.00 0.0001 512 1.000000 911.661 1.000000
COST 8192 256 2 8 6.00 0.0001 1024 0.460649 200.798 2.045351
COST 8192 512 2 8 6.00 0.0001 1024 0.695251 373.393 2.065005
COST 8192 1024 2 8 6.00 0.0001 1024 0.845574 532.095 1.849525
COST 8192 2048 2 8 6.00 0.0001 1024 0.940325 653.270 0.967327
COST 8192 4096 2 8 6.00 0.0001 1024 1.000000 737.761 1.000000
COST 8192 256 2 8 6.00 0.0001 512 0.460649 200.798 2.082596
COST 8192 512 2 8 6.00 0.0001 512 0.695251 373.393 2.098623
COST 8192 1024 2 8 6.00 0.0001 512 0.845574 532.095 1.817011
COST 8192 2048 2 8 6.00 0.0001 512 0.940325 653.270 0.962453
COST 8192 4096 2 8 6.00 0.0001 512 1.000000 737.761 1.000000
COST 8192 256 2 8 6.00 0.0001 1024 0.587370 204.420 2.251661
COST 8192 512 2 8 6.00 0.0001 1024 0.805619 341.105 1.819473
COST 8192 1024 2 8 6.00 0.0001 1024 0.916676 435.206 0.596967
COST 8192 2048 2 8 6.00 0.0001 1024 0.972231 488.665 0.562698
COST 8192 4096 2 8 6.00 0.0001 1024 1.000000 516.862 1.000000
COST 8192 256 2 8 6.00 0.0001 512 0.587370 204.420 2.306223
COST 8192 512 2 8 6.00 0.0001 512 0.805619 341.105 1.874423
COST 8192 1024 2 8 6.00 0.0001 512 0.916676 435.206 0.567805
COST 8192 2048 2 8 6.00 0.0001 512 0.972231 488.665 0.582757
COST 8192 4096 2 8 6.00 0.0001 512 1.000000 516.862 1.000000
COST 8192 256 2 8 6.00 0.0001 1024 0.697808 206.055 2.278046
COST 8192 512 2 8 6.00 0.0001 1024 0.883410 308.885 0.690505
COST 8192 1024 2 8 6.00 0.0001 1024 0.958411 361.631 0.236258
COST 8192 2048 2 8 6.00 0.0001 1024 0.988187 384.289 0.510010
COST 8192 4096 2 8 6.00 0.0001 1024 1.000000 393.519 1.000000
COST 8192 256 2 8 6.00 0.0001 512 0.697808 206.055 2.265400
COST 8192 512 2 8 6.00 0.0001 512 0.883410 308.885 0.695409
COST 8192 1024 2 8 6.00 0.0001 512 0.958411 361.631 0.199603
COST 8192 2048 2 8 6.00 0.0001 512 0.988187 384.289 0.507017
COST 8192 4096 2 8 6.00 0.0001 512 1.000000 393.519 1.000000
COST 8192 256 2 8 6.00 0.001 1024 0.329874 195.369 1.532408
COST 8192 512 2 8 6.00 0.001 1024 0.556559 401.781 1.572536
COST 8192 1024 2 8 6.00 0.001 1024 0.739463 650.145 1.603849
COST 8192 2048 2 8 6.00 0.001 1024 0.884725 906.825 1.254920
COST 8192 4096 2 8 6.00 0.001 1024 1.000000 1149.259 1.000000
COST 8192 256 2 8 6.00 0.001 512 0.329874 195.369 1.576692
COST 8192 512 2 8 6.00 0.001 512 0.556559 401.781 1.585075
COST 8192 1024 2 8 6.00 0.001 512 0.739463 650.145 1.604905
COST 8192 2048 2 8 6.00 0.001 512 0.884725 906.825 1.286643
COST 8192 4096 2 8 6.00 0.001 512 1.000000 1149.259 1.000000
COST 8192 256 2 8 6.00 0.001 1024 0.375053 197.457 1.913219
COST 8192 512 2 8 6.00 0.001 1024 0.607498 392.572 1.950870
COST 8192 1024 2 8 6.00 0.001 1024 0.780514 607.016 1.796286
COST 8192 2048 2 8 6.00 0.001 1024 0.907245 806.444 1.082940
COST 8192 4096 2 8 6.00 0.001 1024 1.000000 975.409 1.000000
COST 8192 256 2 8 6.00 0.001 512 0.375053 197.457 1.890121
COST 8192 512 2 8 6.00 0.001 512 0.607498 392.572 1.899169
COST 8192 1024 2 8 6.00 0.001 512 0.780514 607.016 1.753667
COST 8192 2048 2 8 6.00 0.001 512 0.907245 806.444 1.053143
COST 8192 4096 2 8 6.00 0.001 512 1.000000 975.409 1.000000
COST 8192 256 2 8 6.00 0.001 1024 0.394726 198.292 1.914753
COST 8192 512 2 8 6.00 0.001 1024 0.628656 388.357 1.960426
COST 8192 1024 2 8 6.00 0.001 1024 0.796858 589.034 1.625030
COST 8192 2048 2 8 6.00 0.001 1024 0.915866 767.352 0.922331
COST 8192 4096 2 8 6.00 0.001 1024 1.000000 911.661 1.000000
COST 8192 256 2 8 6.00 0.001 512 0.394726 198.292 1.974854
COST 8192 512 2 8 6.00 0.001 512 0.628656 388.357 2.009042
COST 8192 1024 2 8 6.00 0.001 512 0.796858 589.034 1.656175
COST 8192 2048 2 8 6.00 0.001 512 0.915866 767.352 0.933567
COST 8192 4096 2 8 6.00 0.001 512 1.000000 911.661 1.000000
COST 8192 256 2 8 6.00 0.001 1024 0.460649 200.798 2.226745
COST 8192 512 2 8 6.00 0.001 1024 0.695251 373.393 2.168703
COST 8192 1024 2 8 6.00 0.001 1024 0.845574 532.095 1.043138
COST 8192 2048 2 8 6.00 0.001 1024 0.940325 653.270 0.668252
COST 8192 4096 2 8 6.00 0.001 1024 1.000000 737.761 1.000000
COST 8192 256 2 8 6.00 0.001 512 0.460649 200.798 2.199716
COST 8192 512 2 8 6.00 0.001 512 0.695251 373.393 2.102552
COST 8192 1024 2 8 6.00 0.001 512 0.845574 532.095 1.065050
COST 8192 2048 2 8 6.00 0.001 512 0.940325 653.270 0.675873
COST 8192 4096 2 8 6.00 0.001 512 1.000000 737.761 1.000000
COST 8192 256 2 8 6.00 0.001 1024 0.587370 204.420 2.373067
COST 8192 512 2 8 6.00 0.001 1024 0.805619 341.105 1.036829
COST 8192 1024 2 8 6.00 0.001 1024 0.916676 435.206 0.283543
COST 8192 2048 2 8 6.00 0.001 1024 0.972231 488.665 0.502010
COST 8192 4096 2 8 6.00 0.001 1024 1.000000 516.862 1.000000
COST 8192 256 2 8 6.00 0.001 512 0.587370 204.420 2.316967
COST 8192 512 2 8 6.00 0.001 512 0.805619 341.105 1.004329
COST 8192 1024 2 8 6.00 0.001 512 0.916676 435.206 0.258598
COST 8192 2048 2 8 6.00 0.001 512 0.972231 488.665 0.506674
COST 8192 4096 2 8 6.00 0.001 512 1.000000 516.862 1.000000
COST 8192 256 2 8 6.00 0.001 1024 0.697808 206.055 1.752117
COST 8192 512 2 8 6.00 0.001 1024 0.883410 308.885 0.256041
COST 8192 1024 2 8 6.00 0.001 1024 0.958411 361.631 0.168740
COST 8192 2048 2 8 6.00 0.001 1024 0.988187 384.289 0.495446
COST 8192 4096 2 8 6.00 0.001 1024 1.000000 393.519 1.000000
COST 8192 256 2 8 6.00 0.001 512 0.697808 206.055 1.828371
COST 8192 512 2 8 6.00 0.001 512 0.883410 308.885 0.255013
COST 8192 1024 2 8 6.00 0.001 512 0.958411 361.631 0.171771
COST 8192 2048 2 8 6.00 0.001 512 0.988187 384.289 0.494749
COST 8192 4096 2 8 6.00 0.001 512 1.000000 393.519 1.000000
COST 8192 256 2 8 6.00 0.01 1024 0.329874 195.369 2.107160
COST 8192 512 2 8 6.00 0.01 1024 0.556559 401.781 2.082781
COST 8192 1024 2 8 6.00 0.01 1024 0.739463 650.145 1.382360
COST 8192 2048 2 8 6.00 0.01 1024 0.884725 906.825 0.742861
COST 8192 4096 2 8 6.00 0.01 1024 1.000000 1149.259 1.000000
COST 8192 256 2 8 6.00 0.01 512 0.329874 195.369 2.092326
COST 8192 512 2 8 6.00 0.01 512 0.556559 401.781 2.091560
COST 8192 1024 2 8 6.00 0.01 512 0.739463 650.145 1.412890
COST 8192 2048 2 8 6.00 0.01 512 0.884725 906.825 0.760295
COST 8192 4096 2 8 6.00 0.01 512 1.000000 1149.259 1.000000
COST 8192 256 2 8 6.00 0.01 1024 0.375053 197.457 2.250813
COST 8192 512 2 8 6.00 0.01 1024 0.607498 392.572 2.077549
COST 8192 1024 2 8 6.00 0.01 1024 0.780514 607.016 0.943110
COST 8192 2048 2 8 6.00 0.01 1024 0.907245 806.444 0.655561
COST 8192 4096 2 8 6.00 0.01 1024 1.000000 975.409 1.000000
COST 8192 256 2 8 6.00 0.01 512 0.375053 197.457 2.162721
COST 8192 512 2 8 6.00 0.01 512 0.607498 392.572 2.052875
COST 8192 1024 2 8 6.00 0.01 512 0.780514 607.016 0.924701
COST 8192 2048 2 8 6.00 0.01 512 0.907245 806.444 0.654617
COST 8192 4096 2 8 6.00 0.01 512 1.000000 975.409 1.000000
COST 8192 256 2 8 6.00 0.01 1024 0.394726 198.292 2.205017
COST 8192 512 2 8 6.00 0.01 1024 0.628656 388.357 1.884455
COST 8192 1024 2 8 6.00 0.01 1024 0.796858 589.034 0.754122
COST 8192 2048 2 8 6.00 0.01 1024 0.915866 767.352 0.612291
COST 8192 4096 2 8 6.00 0.01 1024 1.000000 911.661 1.000000
COST 8192 256 2 8 6.00 0.01 512 0.394726 198.292 2.216326
COST 8192 512 2 8 6.00 0.01 512 0.628656 388.357 1.922091
COST 8192 1024 2 8 6.00 0.01 512 0.796858 589.034 0.789764
COST 8192 2048 2 8 6.00 0.01 512 0.915866 767.352 0.627428
COST 8192 4096 2 8 6.00 0.01 512 1.000000 911.661 1.000000
COST 8192 256 2 8 6.00 0.01 1024 0.460649 200.798 2.277451
COST 8192 512 2 8 6.00 0.01 1024 0.695251 373.393 1.233824
COST 8192 1024 2 8 6.00 0.01 1024 0.845574 532.095 0.378617
COST 8192 2048 2 8 6.00 0.01 1024 0.940325 653.270 0.526089
COST 8192 4096 2 8 6.00 0.01 1024 1.000000 737.761 1.000000
COST 8192 256 2 8 6.00 0.01 512 0.460649 200.798 2.276369
COST 8192 512 2 8 6.00 0.01 512 0.695251 373.393 1.247956
COST 8192 1024 2 8 6.00 0.01 512 0.845574 532.095 0.362563
COST 8192 2048 2 8 6.00 0.01 512 0.940325 653.270 0.544630
COST 8192 4096 2 8 6.00 0.01 512 1.000000 737.761 1.000000
COST 8192 256 2 8 6.00 0.01 1024 0.587370 204.420 1.668339
COST 8192 512 2 8 6.00 0.01 1024 0.805619 341.105 0.267436
COST 8192 1024 2 8 6.00 0.01 1024 0.916676 435.206 0.194629
COST 8192 2048 2 8 6.00 0.01 1024 0.972231 488.665 0.494580
COST 8192 4096 2 8 6.00 0.01 1024 1.000000 516.862 1.000000
COST 8192 256 2 8 6.00 0.01 512 0.587370 204.420 1.755070
COST 8192 512 2 8 6.00 0.01 512 0.805619 341.105 0.273546
COST 8192 1024 2 8 6.00 0.01 512 0.916676 435.206 0.180483
COST 8192 2048 2 8 6.00 0.01 512 0.972231 488.665 0.505005
COST 8192 4096 2 8 6.00 0.01 512 1.000000 516.862 1.000000
COST 8192 256 2 8 6.00 0.01 1024 0.697808 206.055 0.609934
COST 8192 512 2 8 6.00 0.01 1024 0.883410 308.885 0.106022
COST 8192 1024 2 8 6.00 0.01 1024 0.958411 361.631 0.171808
COST 8192 2048 2 8 6.00 0.01 1024 0.988187 384.289 0.492869
COST 8192 4096 2 8 6.00 0.01 1024 1.000000 393.519 1.000000
COST 8192 256 2 8 6.00 0.01 512 0.697808 206.055 0.642615
COST 8192 512 2 8 6.00 0.01 512 0.883410 308.885 0.111592
COST 8192 1024 2 8 6.00 0.01 512 0.958411 361.631 0.167862
COST 8192 2048 2 8 6.00 0.01 512 0.988187 384.289 0.493566
COST 8192 4096 2 8 6.00 0.01 512 1.000000 393.519 1.000000
COST 8192 256 2 8 6.50 0.0001 1024 0.329874 195.369 1.789657
COST 8192 512 2 8 6.50 0.0001 1024 0.556559 401.781 1.848487
COST 8192 1024 2 8 6.50 0.0001 1024 0.739463 650.145 1.884206
COST 8192 2048 2 8 6.50 0.0001 1024 0.884725 906.825 1.395698
COST 8192 4096 2 8 6.50 0.0001 1024 1.000000 1149.259 1.000000
COST 8192 256 2 8 6.50 0.0001 512 0.329874 195.369 1.758680
COST 8192 512 2 8 6.50 0.0001 512 0.556559 401.781 1.816203
COST 8192 1024 2 8 6.50 0.0001 512 0.739463 650.145 1.828213
COST 8192 2048 2 8 6.50 0.0001 512 0.884725 906.825 1.396411
COST 8192 4096 2 8 6.50 0.0001 512 1.000000 1149.259 1.000000
COST 8192 256 2 8 6.50 0.0001 1024 0.375053 197.457 1.938760
COST 8192 512 2 8 6.50 0.0001 1024 0.607498 392.572 1.973691
COST 8192 1024 2 8 6.50 0.0001 1024 0.780514 607.016 1.851339
COST 8192 2048 2 8 6.50 0.0001 1024 0.907245 806.444 1.028510
COST 8192 4096 2 8 6.50 0.0001 1024 1.000000 975.409 1.000000
COST 8192 256 2 8 6.50 0.0001 512 0.375053 197.457 2.102779
COST 8192 512 2 8 6.50 0.0001 512 0.607498 392.572 2.268542
COST 8192 1024 2 8 6.50 0.0001 512 0.780514 607.016 2.085209
COST 8192 2048 2 8 6.50 0.0001 512 0.907245 806.444 1.078319
COST 8192 4096 2 8 6.50 0.0001 512 1.000000 975.409 1.000000
COST 8192 256 2 8 6.50 0.0001 1024 0.394726 198.292 2.138349
COST 8192 512 2 8 6.50 0.0001 1024 0.628656 388.357 2.158001
COST 8192 1024 2 8 6.50 0.0001 1024 0.796858 589.034 1.820092
COST 8192 2048 2 8 6.50 0.0001 1024 0.915866 767.352 0.900319
COST 8192 4096 2 8 6.50 0.0001 1024 1.000000 911.661 1.000000
COST 8192 256 2 8 6.50 0.0001 512 0.394726 198.292 2.135454
COST 8192 512 2 8 6.50 0.0001 512 0.628656 388.357 2.156023
COST 8192 1024 2 8 6.50 0.0001 512 0.796858 589.034 1.783060
COST 8192 2048 2 8 6.50 0.0001 512 0.915866 767.352 0.883671
COST 8192 4096 2 8 6.50 0.0001 512 1.000000 911.661 1.000000
COST 8192 256 2 8 6.50 0.0001 1024 0.460649 200.798 2.312381
COST 8192 512 2 8 6.50 0.0001 1024 0.695251 373.393 2.262461
COST 8192 1024 2 8 6.50 0.0001 1024 0.845574 532.095 0.966830
COST 8192 2048 2 8 6.50 0.0001 1024 0.940325 653.270 0.644848
COST 8192 4096 2 8 6.50 0.0001 1024 1.000000 737.761 1.000000
COST 8192 256 2 8 6.50 0.0001 512 0.460649 200.798 2.278158
COST 8192 512 2 8 6.50 0.0001 512 0.695251 373.393 2.168254
COST 8192 1024 2 8 6.50 0.0001 512 0.845574 532.095 0.947956
COST 8192 2048 2 8 6.50 0.0001 512 0.940325 653.270 0.655780
COST 8192 4096 2 8 6.50 0.0001 512 1.000000 737.761 1.000000
COST 8192 256 2 8 6.50 0.0001 1024 0.587370 204.420 2.320147
COST 8192 512 2 8 6.50 0.0001 1024 0.805619 341.105 0.927576
COST 8192 1024 2 8 6.50 0.0001 1024 0.916676 435.206 0.242566
COST 8192 2048 2 8 6.50 0.0001 1024 0.972231 488.665 0.502342
COST 8192 4096 2 8 6.50 0.0001 1024 1.000000 516.862 1.000000
COST 8192 256 2 8 6.50 0.0001 512 0.587370 204.420 2.324842
COST 8192 512 2 8 6.50 0.0001 512 0.805619 341.105 0.913734
COST 8192 1024 2 8 6.50 0.0001 512 0.916676 435.206 0.243317
COST 8192 2048 2 8 6.50 0.0001 512 0.972231 488.665 0.511568
COST 8192 4096 2 8 6.50 0.0001 512 1.000000 516.862 1.000000
COST 8192 256 2 8 6.50 0.0001 1024 0.697808 206.055 1.830558
COST 8192 512 2 8 6.50 0.0001 1024 0.883410 308.885 0.211113
COST 8192 1024 2 8 6.50 0.0001 1024 0.958411 361.631 0.191631
COST 8192 2048 2 8 6.50 0.0001 1024 0.988187 384.289 0.488915
COST 8192 4096 2 8 6.50 0.0001 1024 1.000000 393.519 1.000000
COST 8192 256 2 8 6.50 0.0001 512 0.697808 206.055 1.847696
COST 8192 512 2 8 6.50 0.0001 512 0.883410 308.885 0.204153
COST 8192 1024 2 8 6.50 0.0001 512 0.958411 361.631 0.160728
COST 8192 2048 2 8 6.50 0.0001 512 0.988187 384.289 0.491474
COST 8192 4096 2 8 6.50 0.0001 512 1.000000 393.519 1.000000
COST 8192 256 2 8 6.50 0.001 1024 0.329874 195.369 2.177352
COST 8192 512 2 8 6.50 0.001 1024 0.556559 401.781 2.149340
COST 8192 1024 2 8 6.50 0.001 1024 0.739463 650.145 1.750043
COST 8192 2048 2 8 6.50 0.001 1024 0.884725 906.825 0.885688
COST 8192 4096 2 8 6.50 0.001 1024 1.000000 1149.259 1.000000
COST 8192 256 2 8 6.50 0.001 512 0.329874 195.369 2.118037
COST 8192 512 2 8 6.50 0.001 512 0.556559 401.781 2.143367
COST 8192 1024 2 8 6.50 0.001 512 0.739463 650.145 1.720878
COST 8192 2048 2 8 6.50 0.001 512 0.884725 906.825 0.864572
COST 8192 4096 2 8 6.50 0.001 512 1.000000 1149.259 1.000000
COST 8192 256 2 8 6.50 0.001 1024 0.375053 197.457 2.290721
COST 8192 512 2 8 6.50 0.001 1024 0.607498 392.572 2.275319
COST 8192 1024 2 8 6.50 0.001 1024 0.780514 607.016 1.166547
COST 8192 2048 2 8 6.50 0.001 1024 0.907245 806.444 0.686409
COST 8192 4096 2 8 6.50 0.001 1024 1.000000 975.409 1.000000
COST 8192 256 2 8 6.50 0.001 512 0.375053 197.457 2.171610
COST 8192 512 2 8 6.50 0.001 512 0.607498 392.572 2.204199
COST 8192 1024 2 8 6.50 0.001 512 0.780514 607.016 1.200424
COST 8192 2048 2 8 6.50 0.001 512 0.907245 806.444 0.697895
COST 8192 4096 2 8 6.50 0.001 512 1.000000 975.409 1.000000
COST 8192 256 2 8 6.50 0.001 1024 0.394726 198.292 2.273661
COST 8192 512 2 8 6.50 0.001 1024 0.628656 388.357 2.270743
COST 8192 1024 2 8 6.50 0.001 1024 0.796858 589.034 0.956312
COST 8192 2048 2 8 6.50 0.001 1024 0.915866 767.352 0.641294
COST 8192 4096 2 8 6.50 0.001 1024 1.000000 911.661 1.000000
COST 8192 256 2 8 6.50 0.001 512 0.394726 198.292 2.235581
COST 8192 512 2 8 6.50 0.001 512 0.628656 388.357 2.184324
COST 8192 1024 2 8 6.50 0.001 512 0.796858 589.034 0.914644
COST 8192 2048 2 8 6.50 0.001 512 0.915866 767.352 0.638926
COST 8192 4096 2 8 6.50 0.001 512 1.000000 911.661 1.000000
COST 8192 256 2 8 6.50 0.001 1024 0.460649 200.798 2.324237
COST 8192 512 2 8 6.50 0.001 1024 0.695251 373.393 1.628517
COST 8192 1024 2 8 6.50 0.001 1024 0.845574 532.095 0.429581
COST 8192 2048 2 8 6.50 0.001 1024 0.940325 653.270 0.532033
COST 8192 4096 2 8 6.50 0.001 1024 1.000000 737.761 1.000000
COST 8192 256 2 8 6.50 0.001 512 0.460649 200.798 2.305055
COST 8192 512 2 8 6.50 0.001 512 0.695251 373.393 1.596851
COST 8192 1024 2 8 6.50 0.001 512 0.845574 532.095 0.390132
COST 8192 2048 2 8 6.50 0.001 512 0.940325 653.270 0.533629
COST 8192 4096 2 8 6.50 0.001 512 1.000000 737.761 1.000000
COST 8192 256 2 8 6.50 0.001 1024 0.587370 204.420 2.116624
COST 8192 512 2 8 6.50 0.001 1024 0.805619 341.105 0.369076
COST 8192 1024 2 8 6.50 0.001 1024 0.916676 435.206 0.189940
COST 8192 2048 2 8 6.50 0.001 1024 0.972231 488.665 0.492589
COST 8192 4096 2 8 6.50 0.001 1024 1.000000 516.862 1.000000
COST 8192 256 2 8 6.50 0.001 512 0.587370 204.420 2.104216
COST 8192 512 2 8 6.50 0.001 512 0.805619 341.105 0.374968
COST 8192 1024 2 8 6.50 0.001 512 0.916676 435.206 0.168572
COST 8192 2048 2 8 6.50 0.001 512 0.972231 488.665 0.494266
COST 8192 4096 2 8 6.50 0.001 512 1.000000 516.862 1.000000
COST 8192 256 2 8 6.50 0.001 1024 0.697808 206.055 0.846802
COST 8192 512 2 8 6.50 0.001 1024 0.883410 308.885 0.111321
COST 8192 1024 2 8 6.50 0.001 1024 0.958411 361.631 0.163525
COST 8192 2048 2 8 6.50 0.001 1024 0.988187 384.289 0.505657
COST 8192 4096 2 8 6.50 0.001 1024 1.000000 393.519 1.000000
COST 8192 256 2 8 6.50 0.001 512 0.697808 206.055 0.895139
COST 8192 512 2 8 6.50 0.001 512 0.883410 308.885 0.108336
COST 8192 1024 2 8 6.50 0.001 512 0.958411 361.631 0.146757
COST 8192 2048 2 8 6.50 0.001 512 0.988187 384.289 0.496390
COST 8192 4096 2 8 6.50 0.001 512 1.000000 393.519 1.000000
COST 8192 256 2 8 6.50 0.01 1024 0.329874 195.369 2.278995
COST 8192 512 2 8 6.50 0.01 1024 0.556559 401.781 1.931692
COST 8192 1024 2 8 6.50 0.01 1024 0.739463 650.145 0.667779
COST 8192 2048 2 8 6.50 0.01 1024 0.884725 906.825 0.589512
COST 8192 4096 2 8 6.50 0.01 1024 1.000000 1149.259 1.000000
COST 8192 256 2 8 6.50 0.01 512 0.329874 195.369 2.267167
COST 8192 512 2 8 6.50 0.01 512 0.556559 401.781 2.018810
COST 8192 1024 2 8 6.50 0.01 512 0.739463 650.145 0.669189
COST 8192 2048 2 8 6.50 0.01 512 0.884725 906.825 0.603509
COST 8192 4096 2 8 6.50 0.01 512 1.000000 1149.259 1.000000
COST 8192 256 2 8 6.50 0.01 1024 0.375053 197.457 2.328758
COST 8192 512 2 8 6.50 0.01 1024 0.607498 392.572 1.438341
COST 8192 1024 2 8 6.50 0.01 1024 0.780514 607.016 0.392484
COST 8192 2048 2 8 6.50 0.01 1024 0.907245 806.444 0.516980
COST 8192 4096 2 8 6.50 0.01 1024 1.000000 975.409 1.000000
COST 8192 256 2 8 6.50 0.01 512 0.375053 197.457 2.278162
COST 8192 512 2 8 6.50 0.01 512 0.607498 392.572 1.438131
COST 8192 1024 2 8 6.50 0.01 512 0.780514 607.016 0.399217
COST 8192 2048 2 8 6.50 0.01 512 0.907245 806.444 0.532843
COST 8192 4096 2 8 6.50 0.01 512 1.000000 975.409 1.000000
COST 8192 256 2 8 6.50 0.01 1024 0.394726 198.292 2.297558
COST 8192 512 2 8 6.50 0.01 1024 0.628656 388.357 1.154533
COST 8192 1024 2 8 6.50 0.01 1024 0.796858 589.034 0.358504
COST 8192 2048 2 8 6.50 0.01 1024 0.915866 767.352 0.506663
COST 8192 4096 2 8 6.50 0.01 1024 1.000000 911.661 1.000000
COST 8192 256 2 8 6.50 0.01 512 0.394726 198.292 2.300028
COST 8192 512 2 8 6.50 0.01 512 0.628656 388.357 1.132915
COST 8192 1024 2 8 6.50 0.01 512 0.796858 589.034 0.345814
COST 8192 2048 2 8 6.50 0.01 512 0.915866 767.352 0.518398
COST 8192 4096 2 8 6.50 0.01 512 1.000000 911.661 1.000000
COST 8192 256 2 8 6.50 0.01 1024 0.460649 200.798 2.199817
COST 8192 512 2 8 6.50 0.01 1024 0.695251 373.393 0.483353
COST 8192 1024 2 8 6.50 0.01 1024 0.845574 532.095 0.220263
COST 8192 2048 2 8 6.50 0.01 1024 0.940325 653.270 0.502271
COST 8192 4096 2 8 6.50 0.01 1024 1.000000 737.761 1.000000
COST 8192 256 2 8 6.50 0.01 512 0.460649 200.798 2.195478
COST 8192 512 2 8 6.50 0.01 512 0.695251 373.393 0.470122
COST 8192 1024 2 8 6.50 0.01 512 0.845574 532.095 0.212084
COST 8192 2048 2 8 6.50 0.01 512 0.940325 653.270 0.490194
COST 8192 4096 2 8 6.50 0.01 512 1.000000 737.761 1.000000
COST 8192 256 2 8 6.50 0.01 1024 0.587370 204.420 0.849514
COST 8192 512 2 8 6.50 0.01 1024 0.805619 341.105 0.112326
COST 8192 1024 2 8 6.50 0.01 1024 0.916676 435.206 0.166611
COST 8192 2048 2 8 6.50 0.01 1024 0.972231 488.665 0.488520
COST 8192 4096 2 8 6.50 0.01 1024 1.000000 516.862 1.000000
COST 8192 256 2 8 6.50 0.01 512 0.587370 204.420 0.916407
COST 8192 512 2 8 6.50 0.01 512 0.805619 341.105 0.102971
COST 8192 1024 2 8 6.50 0.01 512 0.916676 435.206 0.154108
COST 8192 2048 2 8 6.50 0.01 512 0.972231 488.665 0.498283
COST 8192 4096 2 8 6.50 0.01 512 1.000000 516.862 1.000000
COST 8192 256 2 8 6.50 0.01 1024 0.697808 206.055 0.198870
COST 8192 512 2 8 6.50 0.01 1024 0.883410 308.885 0.076258
COST 8192 1024 2 8 6.50 0.01 1024 0.958411 361.631 0.163369
COST 8192 2048 2 8 6.50 0.01 1024 0.988187 384.289 0.484602
COST 8192 4096 2 8 6.50 0.01 1024 1.000000 393.519 1.000000
COST 8192 256 2 8 6.50 0.01 512 0.697808 206.055 0.233621
COST 8192 512 2 8 6.50 0.01 512 0.883410 308.885 0.081052
COST 8192 1024 2 8 6.50 0.01 512 0.958411 361.631 0.148777
COST 8192 2048 2 8 6.50 0.01 512 0.988187 384.289 0.497376
COST 8192 4096 2 8 6.50 0.01 512 1.000000 393.519 1.000000
