# matchedfilter CPU COST table -- FDR and batch-aware relative costs
# format cost-fd-pairs-v1
# cpu     AMD Ryzen 9 5950X 16-Core Processor
# commit  unknown
# Warm public-API cost relative to the widest band for this profile and shape.
# The reference-profile gate model computes accuracy independently.
# U=2 and K=8 are retained as configuration metadata; taps are inert.
# COST n band U K snr fd pairs f beff relative_cost
COST 1024 256 2 8 5.00 0.0001 512 0.884518 113.275 0.967256
COST 1024 512 2 8 5.00 0.0001 512 1.000000 143.622 1.000000
COST 1024 256 2 8 5.00 0.0001 512 0.940195 81.628 0.981771
COST 1024 512 2 8 5.00 0.0001 512 1.000000 92.210 1.000000
COST 1024 256 2 8 5.00 0.0001 512 0.972159 61.071 0.598461
COST 1024 512 2 8 5.00 0.0001 512 1.000000 64.605 1.000000
COST 1024 256 2 8 5.00 0.0001 512 0.988151 48.031 0.436091
COST 1024 512 2 8 5.00 0.0001 512 1.000000 49.188 1.000000
COST 1024 256 2 8 5.00 0.001 512 0.884518 113.275 1.049214
COST 1024 512 2 8 5.00 0.001 512 1.000000 143.622 1.000000
COST 1024 256 2 8 5.00 0.001 512 0.940195 81.628 0.707638
COST 1024 512 2 8 5.00 0.001 512 1.000000 92.210 1.000000
COST 1024 256 2 8 5.00 0.001 512 0.972159 61.071 0.476587
COST 1024 512 2 8 5.00 0.001 512 1.000000 64.605 1.000000
COST 1024 256 2 8 5.00 0.001 512 0.988151 48.031 0.406366
COST 1024 512 2 8 5.00 0.001 512 1.000000 49.188 1.000000
COST 1024 256 2 8 5.00 0.01 512 0.884518 113.275 0.738180
COST 1024 512 2 8 5.00 0.01 512 1.000000 143.622 1.000000
COST 1024 256 2 8 5.00 0.01 512 0.940195 81.628 0.484453
COST 1024 512 2 8 5.00 0.01 512 1.000000 92.210 1.000000
COST 1024 256 2 8 5.00 0.01 512 0.972159 61.071 0.429586
COST 1024 512 2 8 5.00 0.01 512 1.000000 64.605 1.000000
COST 1024 256 2 8 5.00 0.01 512 0.988151 48.031 0.405602
COST 1024 512 2 8 5.00 0.01 512 1.000000 49.188 1.000000
COST 1024 256 2 8 5.50 0.0001 512 0.884518 113.275 1.132990
COST 1024 512 2 8 5.50 0.0001 512 1.000000 143.622 1.000000
COST 1024 256 2 8 5.50 0.0001 512 0.940195 81.628 0.652258
COST 1024 512 2 8 5.50 0.0001 512 1.000000 92.210 1.000000
COST 1024 256 2 8 5.50 0.0001 512 0.972159 61.071 0.428836
COST 1024 512 2 8 5.50 0.0001 512 1.000000 64.605 1.000000
COST 1024 256 2 8 5.50 0.0001 512 0.988151 48.031 0.377465
COST 1024 512 2 8 5.50 0.0001 512 1.000000 49.188 1.000000
COST 1024 256 2 8 5.50 0.001 512 0.884518 113.275 0.896052
COST 1024 512 2 8 5.50 0.001 512 1.000000 143.622 1.000000
COST 1024 256 2 8 5.50 0.001 512 0.940195 81.628 0.465632
COST 1024 512 2 8 5.50 0.001 512 1.000000 92.210 1.000000
COST 1024 256 2 8 5.50 0.001 512 0.972159 61.071 0.414795
COST 1024 512 2 8 5.50 0.001 512 1.000000 64.605 1.000000
COST 1024 256 2 8 5.50 0.001 512 0.988151 48.031 0.367066
COST 1024 512 2 8 5.50 0.001 512 1.000000 49.188 1.000000
COST 1024 256 2 8 5.50 0.01 512 0.884518 113.275 0.507069
COST 1024 512 2 8 5.50 0.01 512 1.000000 143.622 1.000000
COST 1024 256 2 8 5.50 0.01 512 0.940195 81.628 0.399712
COST 1024 512 2 8 5.50 0.01 512 1.000000 92.210 1.000000
COST 1024 256 2 8 5.50 0.01 512 0.972159 61.071 0.377855
COST 1024 512 2 8 5.50 0.01 512 1.000000 64.605 1.000000
COST 1024 256 2 8 5.50 0.01 512 0.988151 48.031 0.383899
COST 1024 512 2 8 5.50 0.01 512 1.000000 49.188 1.000000
COST 1024 256 2 8 6.00 0.0001 512 0.884518 113.275 0.925714
COST 1024 512 2 8 6.00 0.0001 512 1.000000 143.622 1.000000
COST 1024 256 2 8 6.00 0.0001 512 0.940195 81.628 0.458330
COST 1024 512 2 8 6.00 0.0001 512 1.000000 92.210 1.000000
COST 1024 256 2 8 6.00 0.0001 512 0.972159 61.071 0.378829
COST 1024 512 2 8 6.00 0.0001 512 1.000000 64.605 1.000000
COST 1024 256 2 8 6.00 0.0001 512 0.988151 48.031 0.373624
COST 1024 512 2 8 6.00 0.0001 512 1.000000 49.188 1.000000
COST 1024 256 2 8 6.00 0.001 512 0.884518 113.275 0.611365
COST 1024 512 2 8 6.00 0.001 512 1.000000 143.622 1.000000
COST 1024 256 2 8 6.00 0.001 512 0.940195 81.628 0.405045
COST 1024 512 2 8 6.00 0.001 512 1.000000 92.210 1.000000
COST 1024 256 2 8 6.00 0.001 512 0.972159 61.071 0.361420
COST 1024 512 2 8 6.00 0.001 512 1.000000 64.605 1.000000
COST 1024 256 2 8 6.00 0.001 512 0.988151 48.031 0.367913
COST 1024 512 2 8 6.00 0.001 512 1.000000 49.188 1.000000
COST 1024 256 2 8 6.00 0.01 512 0.884518 113.275 0.411371
COST 1024 512 2 8 6.00 0.01 512 1.000000 143.622 1.000000
COST 1024 256 2 8 6.00 0.01 512 0.940195 81.628 0.364418
COST 1024 512 2 8 6.00 0.01 512 1.000000 92.210 1.000000
COST 1024 256 2 8 6.00 0.01 512 0.972159 61.071 0.371885
COST 1024 512 2 8 6.00 0.01 512 1.000000 64.605 1.000000
COST 1024 256 2 8 6.00 0.01 512 0.988151 48.031 0.365734
COST 1024 512 2 8 6.00 0.01 512 1.000000 49.188 1.000000
COST 1024 256 2 8 6.50 0.0001 512 0.884518 113.275 0.636929
COST 1024 512 2 8 6.50 0.0001 512 1.000000 143.622 1.000000
COST 1024 256 2 8 6.50 0.0001 512 0.940195 81.628 0.405581
COST 1024 512 2 8 6.50 0.0001 512 1.000000 92.210 1.000000
COST 1024 256 2 8 6.50 0.0001 512 0.972159 61.071 0.378257
COST 1024 512 2 8 6.50 0.0001 512 1.000000 64.605 1.000000
COST 1024 256 2 8 6.50 0.0001 512 0.988151 48.031 0.368327
COST 1024 512 2 8 6.50 0.0001 512 1.000000 49.188 1.000000
COST 1024 256 2 8 6.50 0.001 512 0.884518 113.275 0.441926
COST 1024 512 2 8 6.50 0.001 512 1.000000 143.622 1.000000
COST 1024 256 2 8 6.50 0.001 512 0.940195 81.628 0.380546
COST 1024 512 2 8 6.50 0.001 512 1.000000 92.210 1.000000
COST 1024 256 2 8 6.50 0.001 512 0.972159 61.071 0.370788
COST 1024 512 2 8 6.50 0.001 512 1.000000 64.605 1.000000
COST 1024 256 2 8 6.50 0.001 512 0.988151 48.031 0.368410
COST 1024 512 2 8 6.50 0.001 512 1.000000 49.188 1.000000
COST 1024 256 2 8 6.50 0.01 512 0.884518 113.275 0.396017
COST 1024 512 2 8 6.50 0.01 512 1.000000 143.622 1.000000
COST 1024 256 2 8 6.50 0.01 512 0.940195 81.628 0.366896
COST 1024 512 2 8 6.50 0.01 512 1.000000 92.210 1.000000
COST 1024 256 2 8 6.50 0.01 512 0.972159 61.071 0.362532
COST 1024 512 2 8 6.50 0.01 512 1.000000 64.605 1.000000
COST 1024 256 2 8 6.50 0.01 512 0.988151 48.031 0.361987
COST 1024 512 2 8 6.50 0.01 512 1.000000 49.188 1.000000
COST 131072 2048 2 8 5.00 0.0001 512 0.101363 1161.495 0.729075
COST 131072 4096 2 8 5.00 0.0001 512 0.330517 3133.156 0.752121
COST 131072 8192 2 8 5.00 0.0001 512 0.556820 6433.428 0.770351
COST 131072 16384 2 8 5.00 0.0001 512 0.739558 10405.039 0.796014
COST 131072 32768 2 8 5.00 0.0001 512 0.884753 14510.533 0.854343
COST 131072 65536 2 8 5.00 0.0001 512 1.000000 18388.750 1.000000
COST 131072 2048 2 8 5.00 0.0001 512 0.165475 1248.868 0.746328
COST 131072 4096 2 8 5.00 0.0001 512 0.461394 3219.569 0.732171
COST 131072 8192 2 8 5.00 0.0001 512 0.695493 5977.928 0.768047
COST 131072 16384 2 8 5.00 0.0001 512 0.845646 8515.006 0.801398
COST 131072 32768 2 8 5.00 0.0001 512 0.940342 10452.859 0.870467
COST 131072 65536 2 8 5.00 0.0001 512 1.000000 11804.351 1.000000
COST 131072 2048 2 8 5.00 0.0001 512 0.244680 1346.831 0.744113
COST 131072 4096 2 8 5.00 0.0001 512 0.588141 3276.857 0.730355
COST 131072 8192 2 8 5.00 0.0001 512 0.805819 5460.169 0.760789
COST 131072 16384 2 8 5.00 0.0001 512 0.916724 6964.047 0.782224
COST 131072 32768 2 8 5.00 0.0001 512 0.972240 7818.850 0.859667
COST 131072 65536 2 8 5.00 0.0001 512 1.000000 8269.841 1.000000
COST 131072 2048 2 8 5.00 0.0001 512 0.334152 1456.527 0.886146
COST 131072 4096 2 8 5.00 0.0001 512 0.698534 3302.182 0.904757
COST 131072 8192 2 8 5.00 0.0001 512 0.883560 4943.763 0.979051
COST 131072 16384 2 8 5.00 0.0001 512 0.958440 5786.452 0.954347
COST 131072 32768 2 8 5.00 0.0001 512 0.988192 6148.706 1.031175
COST 131072 65536 2 8 5.00 0.0001 512 1.000000 6296.317 1.000000
COST 131072 2048 2 8 5.00 0.001 512 0.101363 1161.495 0.692284
COST 131072 4096 2 8 5.00 0.001 512 0.330517 3133.156 0.714012
COST 131072 8192 2 8 5.00 0.001 512 0.556820 6433.428 0.735842
COST 131072 16384 2 8 5.00 0.001 512 0.739558 10405.039 0.758356
COST 131072 32768 2 8 5.00 0.001 512 0.884753 14510.533 0.835379
COST 131072 65536 2 8 5.00 0.001 512 1.000000 18388.750 1.000000
COST 131072 2048 2 8 5.00 0.001 512 0.165475 1248.868 0.714032
COST 131072 4096 2 8 5.00 0.001 512 0.461394 3219.569 0.761519
COST 131072 8192 2 8 5.00 0.001 512 0.695493 5977.928 0.738919
COST 131072 16384 2 8 5.00 0.001 512 0.845646 8515.006 0.787751
COST 131072 32768 2 8 5.00 0.001 512 0.940342 10452.859 0.848716
COST 131072 65536 2 8 5.00 0.001 512 1.000000 11804.351 1.000000
COST 131072 2048 2 8 5.00 0.001 512 0.244680 1346.831 0.783524
COST 131072 4096 2 8 5.00 0.001 512 0.588141 3276.857 0.766660
COST 131072 8192 2 8 5.00 0.001 512 0.805819 5460.169 0.804418
COST 131072 16384 2 8 5.00 0.001 512 0.916724 6964.047 0.837133
COST 131072 32768 2 8 5.00 0.001 512 0.972240 7818.850 0.908646
COST 131072 65536 2 8 5.00 0.001 512 1.000000 8269.841 1.000000
COST 131072 2048 2 8 5.00 0.001 512 0.334152 1456.527 1.066464
COST 131072 4096 2 8 5.00 0.001 512 0.698534 3302.182 1.104580
COST 131072 8192 2 8 5.00 0.001 512 0.883560 4943.763 1.096488
COST 131072 16384 2 8 5.00 0.001 512 0.958440 5786.452 1.131129
COST 131072 32768 2 8 5.00 0.001 512 0.988192 6148.706 1.088313
COST 131072 65536 2 8 5.00 0.001 512 1.000000 6296.317 1.000000
COST 131072 2048 2 8 5.00 0.01 512 0.101363 1161.495 0.738507
COST 131072 4096 2 8 5.00 0.01 512 0.330517 3133.156 0.766409
COST 131072 8192 2 8 5.00 0.01 512 0.556820 6433.428 0.782837
COST 131072 16384 2 8 5.00 0.01 512 0.739558 10405.039 0.815698
COST 131072 32768 2 8 5.00 0.01 512 0.884753 14510.533 0.860733
COST 131072 65536 2 8 5.00 0.01 512 1.000000 18388.750 1.000000
COST 131072 2048 2 8 5.00 0.01 512 0.165475 1248.868 0.738406
COST 131072 4096 2 8 5.00 0.01 512 0.461394 3219.569 0.738064
COST 131072 8192 2 8 5.00 0.01 512 0.695493 5977.928 0.773895
COST 131072 16384 2 8 5.00 0.01 512 0.845646 8515.006 0.794977
COST 131072 32768 2 8 5.00 0.01 512 0.940342 10452.859 0.875927
COST 131072 65536 2 8 5.00 0.01 512 1.000000 11804.351 1.000000
COST 131072 2048 2 8 5.00 0.01 512 0.244680 1346.831 1.081423
COST 131072 4096 2 8 5.00 0.01 512 0.588141 3276.857 1.061434
COST 131072 8192 2 8 5.00 0.01 512 0.805819 5460.169 1.105279
COST 131072 16384 2 8 5.00 0.01 512 0.916724 6964.047 1.121783
COST 131072 32768 2 8 5.00 0.01 512 0.972240 7818.850 1.103610
COST 131072 65536 2 8 5.00 0.01 512 1.000000 8269.841 1.000000
COST 131072 2048 2 8 5.00 0.01 512 0.334152 1456.527 1.442056
COST 131072 4096 2 8 5.00 0.01 512 0.698534 3302.182 1.500929
COST 131072 8192 2 8 5.00 0.01 512 0.883560 4943.763 1.468588
COST 131072 16384 2 8 5.00 0.01 512 0.958440 5786.452 1.324941
COST 131072 32768 2 8 5.00 0.01 512 0.988192 6148.706 0.968303
COST 131072 65536 2 8 5.00 0.01 512 1.000000 6296.317 1.000000
COST 131072 2048 2 8 5.50 0.0001 512 0.101363 1161.495 0.730477
COST 131072 4096 2 8 5.50 0.0001 512 0.330517 3133.156 0.727167
COST 131072 8192 2 8 5.50 0.0001 512 0.556820 6433.428 0.746656
COST 131072 16384 2 8 5.50 0.0001 512 0.739558 10405.039 0.783126
COST 131072 32768 2 8 5.50 0.0001 512 0.884753 14510.533 0.850975
COST 131072 65536 2 8 5.50 0.0001 512 1.000000 18388.750 1.000000
COST 131072 2048 2 8 5.50 0.0001 512 0.165475 1248.868 0.738307
COST 131072 4096 2 8 5.50 0.0001 512 0.461394 3219.569 0.771246
COST 131072 8192 2 8 5.50 0.0001 512 0.695493 5977.928 0.780365
COST 131072 16384 2 8 5.50 0.0001 512 0.845646 8515.006 0.798036
COST 131072 32768 2 8 5.50 0.0001 512 0.940342 10452.859 0.851740
COST 131072 65536 2 8 5.50 0.0001 512 1.000000 11804.351 1.000000
COST 131072 2048 2 8 5.50 0.0001 512 0.244680 1346.831 0.997798
COST 131072 4096 2 8 5.50 0.0001 512 0.588141 3276.857 1.005455
COST 131072 8192 2 8 5.50 0.0001 512 0.805819 5460.169 1.024234
COST 131072 16384 2 8 5.50 0.0001 512 0.916724 6964.047 1.091048
COST 131072 32768 2 8 5.50 0.0001 512 0.972240 7818.850 1.151779
COST 131072 65536 2 8 5.50 0.0001 512 1.000000 8269.841 1.000000
COST 131072 2048 2 8 5.50 0.0001 512 0.334152 1456.527 1.827530
COST 131072 4096 2 8 5.50 0.0001 512 0.698534 3302.182 1.917316
COST 131072 8192 2 8 5.50 0.0001 512 0.883560 4943.763 2.001469
COST 131072 16384 2 8 5.50 0.0001 512 0.958440 5786.452 1.957533
COST 131072 32768 2 8 5.50 0.0001 512 0.988192 6148.706 1.180668
COST 131072 65536 2 8 5.50 0.0001 512 1.000000 6296.317 1.000000
COST 131072 2048 2 8 5.50 0.001 512 0.101363 1161.495 0.745082
COST 131072 4096 2 8 5.50 0.001 512 0.330517 3133.156 0.778735
COST 131072 8192 2 8 5.50 0.001 512 0.556820 6433.428 0.764440
COST 131072 16384 2 8 5.50 0.001 512 0.739558 10405.039 0.787814
COST 131072 32768 2 8 5.50 0.001 512 0.884753 14510.533 0.868879
COST 131072 65536 2 8 5.50 0.001 512 1.000000 18388.750 1.000000
COST 131072 2048 2 8 5.50 0.001 512 0.165475 1248.868 0.790833
COST 131072 4096 2 8 5.50 0.001 512 0.461394 3219.569 0.801763
COST 131072 8192 2 8 5.50 0.001 512 0.695493 5977.928 0.827425
COST 131072 16384 2 8 5.50 0.001 512 0.845646 8515.006 0.838206
COST 131072 32768 2 8 5.50 0.001 512 0.940342 10452.859 0.894572
COST 131072 65536 2 8 5.50 0.001 512 1.000000 11804.351 1.000000
COST 131072 2048 2 8 5.50 0.001 512 0.244680 1346.831 1.414205
COST 131072 4096 2 8 5.50 0.001 512 0.588141 3276.857 1.396966
COST 131072 8192 2 8 5.50 0.001 512 0.805819 5460.169 1.434282
COST 131072 16384 2 8 5.50 0.001 512 0.916724 6964.047 1.481639
COST 131072 32768 2 8 5.50 0.001 512 0.972240 7818.850 1.192175
COST 131072 65536 2 8 5.50 0.001 512 1.000000 8269.841 1.000000
COST 131072 2048 2 8 5.50 0.001 512 0.334152 1456.527 1.988906
COST 131072 4096 2 8 5.50 0.001 512 0.698534 3302.182 1.997575
COST 131072 8192 2 8 5.50 0.001 512 0.883560 4943.763 2.022485
COST 131072 16384 2 8 5.50 0.001 512 0.958440 5786.452 1.553523
COST 131072 32768 2 8 5.50 0.001 512 0.988192 6148.706 0.768897
COST 131072 65536 2 8 5.50 0.001 512 1.000000 6296.317 1.000000
COST 131072 2048 2 8 5.50 0.01 512 0.101363 1161.495 0.732263
COST 131072 4096 2 8 5.50 0.01 512 0.330517 3133.156 0.770586
COST 131072 8192 2 8 5.50 0.01 512 0.556820 6433.428 0.796760
COST 131072 16384 2 8 5.50 0.01 512 0.739558 10405.039 0.813365
COST 131072 32768 2 8 5.50 0.01 512 0.884753 14510.533 0.878991
COST 131072 65536 2 8 5.50 0.01 512 1.000000 18388.750 1.000000
COST 131072 2048 2 8 5.50 0.01 512 0.165475 1248.868 1.182360
COST 131072 4096 2 8 5.50 0.01 512 0.461394 3219.569 1.225454
COST 131072 8192 2 8 5.50 0.01 512 0.695493 5977.928 1.241092
COST 131072 16384 2 8 5.50 0.01 512 0.845646 8515.006 1.304902
COST 131072 32768 2 8 5.50 0.01 512 0.940342 10452.859 1.130728
COST 131072 65536 2 8 5.50 0.01 512 1.000000 11804.351 1.000000
COST 131072 2048 2 8 5.50 0.01 512 0.244680 1346.831 2.034040
COST 131072 4096 2 8 5.50 0.01 512 0.588141 3276.857 2.102269
COST 131072 8192 2 8 5.50 0.01 512 0.805819 5460.169 2.074629
COST 131072 16384 2 8 5.50 0.01 512 0.916724 6964.047 1.680774
COST 131072 32768 2 8 5.50 0.01 512 0.972240 7818.850 0.803465
COST 131072 65536 2 8 5.50 0.01 512 1.000000 8269.841 1.000000
COST 131072 2048 2 8 5.50 0.01 512 0.334152 1456.527 2.268625
COST 131072 4096 2 8 5.50 0.01 512 0.698534 3302.182 2.233981
COST 131072 8192 2 8 5.50 0.01 512 0.883560 4943.763 1.966298
COST 131072 16384 2 8 5.50 0.01 512 0.958440 5786.452 0.804534
COST 131072 32768 2 8 5.50 0.01 512 0.988192 6148.706 0.562672
COST 131072 65536 2 8 5.50 0.01 512 1.000000 6296.317 1.000000
COST 131072 2048 2 8 6.00 0.0001 512 0.101363 1161.495 0.730878
COST 131072 4096 2 8 6.00 0.0001 512 0.330517 3133.156 0.753710
COST 131072 8192 2 8 6.00 0.0001 512 0.556820 6433.428 0.766351
COST 131072 16384 2 8 6.00 0.0001 512 0.739558 10405.039 0.793487
COST 131072 32768 2 8 6.00 0.0001 512 0.884753 14510.533 0.861591
COST 131072 65536 2 8 6.00 0.0001 512 1.000000 18388.750 1.000000
COST 131072 2048 2 8 6.00 0.0001 512 0.165475 1248.868 1.005688
COST 131072 4096 2 8 6.00 0.0001 512 0.461394 3219.569 1.001620
COST 131072 8192 2 8 6.00 0.0001 512 0.695493 5977.928 1.073400
COST 131072 16384 2 8 6.00 0.0001 512 0.845646 8515.006 1.057667
COST 131072 32768 2 8 6.00 0.0001 512 0.940342 10452.859 1.146158
COST 131072 65536 2 8 6.00 0.0001 512 1.000000 11804.351 1.000000
COST 131072 2048 2 8 6.00 0.0001 512 0.244680 1346.831 1.998985
COST 131072 4096 2 8 6.00 0.0001 512 0.588141 3276.857 2.040193
COST 131072 8192 2 8 6.00 0.0001 512 0.805819 5460.169 2.051360
COST 131072 16384 2 8 6.00 0.0001 512 0.916724 6964.047 2.170100
COST 131072 32768 2 8 6.00 0.0001 512 0.972240 7818.850 1.177166
COST 131072 65536 2 8 6.00 0.0001 512 1.000000 8269.841 1.000000
COST 131072 2048 2 8 6.00 0.0001 512 0.334152 1456.527 2.496071
COST 131072 4096 2 8 6.00 0.0001 512 0.698534 3302.182 2.515655
COST 131072 8192 2 8 6.00 0.0001 512 0.883560 4943.763 2.615579
COST 131072 16384 2 8 6.00 0.0001 512 0.958440 5786.452 1.321152
COST 131072 32768 2 8 6.00 0.0001 512 0.988192 6148.706 0.586385
COST 131072 65536 2 8 6.00 0.0001 512 1.000000 6296.317 1.000000
COST 131072 2048 2 8 6.00 0.001 512 0.101363 1161.495 0.746900
COST 131072 4096 2 8 6.00 0.001 512 0.330517 3133.156 0.784660
COST 131072 8192 2 8 6.00 0.001 512 0.556820 6433.428 0.775038
COST 131072 16384 2 8 6.00 0.001 512 0.739558 10405.039 0.802225
COST 131072 32768 2 8 6.00 0.001 512 0.884753 14510.533 0.861130
COST 131072 65536 2 8 6.00 0.001 512 1.000000 18388.750 1.000000
COST 131072 2048 2 8 6.00 0.001 512 0.165475 1248.868 1.453352
COST 131072 4096 2 8 6.00 0.001 512 0.461394 3219.569 1.479964
COST 131072 8192 2 8 6.00 0.001 512 0.695493 5977.928 1.611510
COST 131072 16384 2 8 6.00 0.001 512 0.845646 8515.006 1.571654
COST 131072 32768 2 8 6.00 0.001 512 0.940342 10452.859 1.372856
COST 131072 65536 2 8 6.00 0.001 512 1.000000 11804.351 1.000000
COST 131072 2048 2 8 6.00 0.001 512 0.244680 1346.831 2.428198
COST 131072 4096 2 8 6.00 0.001 512 0.588141 3276.857 2.392468
COST 131072 8192 2 8 6.00 0.001 512 0.805819 5460.169 2.474676
COST 131072 16384 2 8 6.00 0.001 512 0.916724 6964.047 1.685059
COST 131072 32768 2 8 6.00 0.001 512 0.972240 7818.850 0.732539
COST 131072 65536 2 8 6.00 0.001 512 1.000000 8269.841 1.000000
COST 131072 2048 2 8 6.00 0.001 512 0.334152 1456.527 2.506100
COST 131072 4096 2 8 6.00 0.001 512 0.698534 3302.182 2.466159
COST 131072 8192 2 8 6.00 0.001 512 0.883560 4943.763 2.151037
COST 131072 16384 2 8 6.00 0.001 512 0.958440 5786.452 0.524759
COST 131072 32768 2 8 6.00 0.001 512 0.988192 6148.706 0.486263
COST 131072 65536 2 8 6.00 0.001 512 1.000000 6296.317 1.000000
COST 131072 2048 2 8 6.00 0.01 512 0.101363 1161.495 1.142598
COST 131072 4096 2 8 6.00 0.01 512 0.330517 3133.156 1.156386
COST 131072 8192 2 8 6.00 0.01 512 0.556820 6433.428 1.175995
COST 131072 16384 2 8 6.00 0.01 512 0.739558 10405.039 1.225644
COST 131072 32768 2 8 6.00 0.01 512 0.884753 14510.533 1.259490
COST 131072 65536 2 8 6.00 0.01 512 1.000000 18388.750 1.000000
COST 131072 2048 2 8 6.00 0.01 512 0.165475 1248.868 2.165064
COST 131072 4096 2 8 6.00 0.01 512 0.461394 3219.569 2.245897
COST 131072 8192 2 8 6.00 0.01 512 0.695493 5977.928 2.269153
COST 131072 16384 2 8 6.00 0.01 512 0.845646 8515.006 2.136943
COST 131072 32768 2 8 6.00 0.01 512 0.940342 10452.859 0.830895
COST 131072 65536 2 8 6.00 0.01 512 1.000000 11804.351 1.000000
COST 131072 2048 2 8 6.00 0.01 512 0.244680 1346.831 2.493358
COST 131072 4096 2 8 6.00 0.01 512 0.588141 3276.857 2.506638
COST 131072 8192 2 8 6.00 0.01 512 0.805819 5460.169 2.113032
COST 131072 16384 2 8 6.00 0.01 512 0.916724 6964.047 0.701115
COST 131072 32768 2 8 6.00 0.01 512 0.972240 7818.850 0.483827
COST 131072 65536 2 8 6.00 0.01 512 1.000000 8269.841 1.000000
COST 131072 2048 2 8 6.00 0.01 512 0.334152 1456.527 2.465553
COST 131072 4096 2 8 6.00 0.01 512 0.698534 3302.182 2.497800
COST 131072 8192 2 8 6.00 0.01 512 0.883560 4943.763 0.831342
COST 131072 16384 2 8 6.00 0.01 512 0.958440 5786.452 0.281959
COST 131072 32768 2 8 6.00 0.01 512 0.988192 6148.706 0.451306
COST 131072 65536 2 8 6.00 0.01 512 1.000000 6296.317 1.000000
COST 131072 2048 2 8 6.50 0.0001 512 0.101363 1161.495 0.797972
COST 131072 4096 2 8 6.50 0.0001 512 0.330517 3133.156 0.825225
COST 131072 8192 2 8 6.50 0.0001 512 0.556820 6433.428 0.828056
COST 131072 16384 2 8 6.50 0.0001 512 0.739558 10405.039 0.868708
COST 131072 32768 2 8 6.50 0.0001 512 0.884753 14510.533 0.938213
COST 131072 65536 2 8 6.50 0.0001 512 1.000000 18388.750 1.000000
COST 131072 2048 2 8 6.50 0.0001 512 0.165475 1248.868 1.979083
COST 131072 4096 2 8 6.50 0.0001 512 0.461394 3219.569 2.003783
COST 131072 8192 2 8 6.50 0.0001 512 0.695493 5977.928 2.077927
COST 131072 16384 2 8 6.50 0.0001 512 0.845646 8515.006 2.123411
COST 131072 32768 2 8 6.50 0.0001 512 0.940342 10452.859 1.530710
COST 131072 65536 2 8 6.50 0.0001 512 1.000000 11804.351 1.000000
COST 131072 2048 2 8 6.50 0.0001 512 0.244680 1346.831 2.597230
COST 131072 4096 2 8 6.50 0.0001 512 0.588141 3276.857 2.648567
COST 131072 8192 2 8 6.50 0.0001 512 0.805819 5460.169 2.656334
COST 131072 16384 2 8 6.50 0.0001 512 0.916724 6964.047 1.593745
COST 131072 32768 2 8 6.50 0.0001 512 0.972240 7818.850 0.599795
COST 131072 65536 2 8 6.50 0.0001 512 1.000000 8269.841 1.000000
COST 131072 2048 2 8 6.50 0.0001 512 0.334152 1456.527 2.528925
COST 131072 4096 2 8 6.50 0.0001 512 0.698534 3302.182 2.561762
COST 131072 8192 2 8 6.50 0.0001 512 0.883560 4943.763 1.838380
COST 131072 16384 2 8 6.50 0.0001 512 0.958440 5786.452 0.378988
COST 131072 32768 2 8 6.50 0.0001 512 0.988192 6148.706 0.430397
COST 131072 65536 2 8 6.50 0.0001 512 1.000000 6296.317 1.000000
COST 131072 2048 2 8 6.50 0.001 512 0.101363 1161.495 1.190952
COST 131072 4096 2 8 6.50 0.001 512 0.330517 3133.156 1.181121
COST 131072 8192 2 8 6.50 0.001 512 0.556820 6433.428 1.191214
COST 131072 16384 2 8 6.50 0.001 512 0.739558 10405.039 1.238626
COST 131072 32768 2 8 6.50 0.001 512 0.884753 14510.533 1.316108
COST 131072 65536 2 8 6.50 0.001 512 1.000000 18388.750 1.000000
COST 131072 2048 2 8 6.50 0.001 512 0.165475 1248.868 2.535933
COST 131072 4096 2 8 6.50 0.001 512 0.461394 3219.569 2.502178
COST 131072 8192 2 8 6.50 0.001 512 0.695493 5977.928 2.536080
COST 131072 16384 2 8 6.50 0.001 512 0.845646 8515.006 2.329670
COST 131072 32768 2 8 6.50 0.001 512 0.940342 10452.859 0.864990
COST 131072 65536 2 8 6.50 0.001 512 1.000000 11804.351 1.000000
COST 131072 2048 2 8 6.50 0.001 512 0.244680 1346.831 2.616722
COST 131072 4096 2 8 6.50 0.001 512 0.588141 3276.857 2.713927
COST 131072 8192 2 8 6.50 0.001 512 0.805819 5460.169 2.492832
COST 131072 16384 2 8 6.50 0.001 512 0.916724 6964.047 0.608178
COST 131072 32768 2 8 6.50 0.001 512 0.972240 7818.850 0.479648
COST 131072 65536 2 8 6.50 0.001 512 1.000000 8269.841 1.000000
COST 131072 2048 2 8 6.50 0.001 512 0.334152 1456.527 2.750862
COST 131072 4096 2 8 6.50 0.001 512 0.698534 3302.182 2.577825
COST 131072 8192 2 8 6.50 0.001 512 0.883560 4943.763 0.927289
COST 131072 16384 2 8 6.50 0.001 512 0.958440 5786.452 0.260353
COST 131072 32768 2 8 6.50 0.001 512 0.988192 6148.706 0.466557
COST 131072 65536 2 8 6.50 0.001 512 1.000000 6296.317 1.000000
COST 131072 2048 2 8 6.50 0.01 512 0.101363 1161.495 2.073029
COST 131072 4096 2 8 6.50 0.01 512 0.330517 3133.156 2.112087
COST 131072 8192 2 8 6.50 0.01 512 0.556820 6433.428 2.097565
COST 131072 16384 2 8 6.50 0.01 512 0.739558 10405.039 2.163405
COST 131072 32768 2 8 6.50 0.01 512 0.884753 14510.533 1.169216
COST 131072 65536 2 8 6.50 0.01 512 1.000000 18388.750 1.000000
COST 131072 2048 2 8 6.50 0.01 512 0.165475 1248.868 2.676156
COST 131072 4096 2 8 6.50 0.01 512 0.461394 3219.569 2.651305
COST 131072 8192 2 8 6.50 0.01 512 0.695493 5977.928 2.695466
COST 131072 16384 2 8 6.50 0.01 512 0.845646 8515.006 1.100921
COST 131072 32768 2 8 6.50 0.01 512 0.940342 10452.859 0.514853
COST 131072 65536 2 8 6.50 0.01 512 1.000000 11804.351 1.000000
COST 131072 2048 2 8 6.50 0.01 512 0.244680 1346.831 2.550484
COST 131072 4096 2 8 6.50 0.01 512 0.588141 3276.857 2.681777
COST 131072 8192 2 8 6.50 0.01 512 0.805819 5460.169 0.899294
COST 131072 16384 2 8 6.50 0.01 512 0.916724 6964.047 0.273117
COST 131072 32768 2 8 6.50 0.01 512 0.972240 7818.850 0.461353
COST 131072 65536 2 8 6.50 0.01 512 1.000000 8269.841 1.000000
COST 131072 2048 2 8 6.50 0.01 512 0.334152 1456.527 2.498099
COST 131072 4096 2 8 6.50 0.01 512 0.698534 3302.182 1.900331
COST 131072 8192 2 8 6.50 0.01 512 0.883560 4943.763 0.230998
COST 131072 16384 2 8 6.50 0.01 512 0.958440 5786.452 0.203171
COST 131072 32768 2 8 6.50 0.01 512 0.988192 6148.706 0.421378
COST 131072 65536 2 8 6.50 0.01 512 1.000000 6296.317 1.000000
COST 16384 256 2 8 5.00 0.0001 512 0.100931 144.827 0.651583
COST 16384 512 2 8 5.00 0.0001 512 0.330217 391.221 0.664549
COST 16384 1024 2 8 5.00 0.0001 512 0.556698 803.890 0.693662
COST 16384 2048 2 8 5.00 0.0001 512 0.739514 1300.471 0.736053
COST 16384 4096 2 8 5.00 0.0001 512 0.884740 1813.739 0.825646
COST 16384 8192 2 8 5.00 0.0001 512 1.000000 2298.558 1.000000
COST 16384 256 2 8 5.00 0.0001 512 0.164845 155.728 0.677054
COST 16384 512 2 8 5.00 0.0001 512 0.461047 402.049 0.686786
COST 16384 1024 2 8 5.00 0.0001 512 0.695380 747.028 0.713048
COST 16384 2048 2 8 5.00 0.0001 512 0.845613 1064.289 0.752875
COST 16384 4096 2 8 5.00 0.0001 512 0.940334 1306.576 0.882001
COST 16384 8192 2 8 5.00 0.0001 512 1.000000 1475.533 1.000000
COST 16384 256 2 8 5.00 0.0001 512 0.243860 167.954 1.014774
COST 16384 512 2 8 5.00 0.0001 512 0.587781 409.249 1.040191
COST 16384 1024 2 8 5.00 0.0001 512 0.805726 682.375 1.071735
COST 16384 2048 2 8 5.00 0.0001 512 0.916701 870.462 1.135142
COST 16384 4096 2 8 5.00 0.0001 512 0.972236 977.344 1.111035
COST 16384 8192 2 8 5.00 0.0001 512 1.000000 1033.727 1.000000
COST 16384 256 2 8 5.00 0.0001 512 0.333179 181.648 1.612238
COST 16384 512 2 8 5.00 0.0001 512 0.698196 412.464 1.615204
COST 16384 1024 2 8 5.00 0.0001 512 0.883490 617.877 1.680049
COST 16384 2048 2 8 5.00 0.0001 512 0.958427 723.286 1.456737
COST 16384 4096 2 8 5.00 0.0001 512 0.988190 768.584 0.880962
COST 16384 8192 2 8 5.00 0.0001 512 1.000000 787.039 1.000000
COST 16384 256 2 8 5.00 0.001 512 0.100931 144.827 0.665247
COST 16384 512 2 8 5.00 0.001 512 0.330217 391.221 0.670603
COST 16384 1024 2 8 5.00 0.001 512 0.556698 803.890 0.694883
COST 16384 2048 2 8 5.00 0.001 512 0.739514 1300.471 0.738178
COST 16384 4096 2 8 5.00 0.001 512 0.884740 1813.739 0.813376
COST 16384 8192 2 8 5.00 0.001 512 1.000000 2298.558 1.000000
COST 16384 256 2 8 5.00 0.001 512 0.164845 155.728 0.777130
COST 16384 512 2 8 5.00 0.001 512 0.461047 402.049 0.791050
COST 16384 1024 2 8 5.00 0.001 512 0.695380 747.028 0.810437
COST 16384 2048 2 8 5.00 0.001 512 0.845613 1064.289 0.877656
COST 16384 4096 2 8 5.00 0.001 512 0.940334 1306.576 0.934129
COST 16384 8192 2 8 5.00 0.001 512 1.000000 1475.533 1.000000
COST 16384 256 2 8 5.00 0.001 512 0.243860 167.954 1.420857
COST 16384 512 2 8 5.00 0.001 512 0.587781 409.249 1.438898
COST 16384 1024 2 8 5.00 0.001 512 0.805726 682.375 1.488679
COST 16384 2048 2 8 5.00 0.001 512 0.916701 870.462 1.463484
COST 16384 4096 2 8 5.00 0.001 512 0.972236 977.344 1.032995
COST 16384 8192 2 8 5.00 0.001 512 1.000000 1033.727 1.000000
COST 16384 256 2 8 5.00 0.001 512 0.333179 181.648 1.599303
COST 16384 512 2 8 5.00 0.001 512 0.698196 412.464 1.606011
COST 16384 1024 2 8 5.00 0.001 512 0.883490 617.877 1.563446
COST 16384 2048 2 8 5.00 0.001 512 0.958427 723.286 0.931332
COST 16384 4096 2 8 5.00 0.001 512 0.988190 768.584 0.641807
COST 16384 8192 2 8 5.00 0.001 512 1.000000 787.039 1.000000
COST 16384 256 2 8 5.00 0.01 512 0.100931 144.827 0.699718
COST 16384 512 2 8 5.00 0.01 512 0.330217 391.221 0.719077
COST 16384 1024 2 8 5.00 0.01 512 0.556698 803.890 0.733167
COST 16384 2048 2 8 5.00 0.01 512 0.739514 1300.471 0.811400
COST 16384 4096 2 8 5.00 0.01 512 0.884740 1813.739 0.874393
COST 16384 8192 2 8 5.00 0.01 512 1.000000 2298.558 1.000000
COST 16384 256 2 8 5.00 0.01 512 0.164845 155.728 1.207808
COST 16384 512 2 8 5.00 0.01 512 0.461047 402.049 1.214552
COST 16384 1024 2 8 5.00 0.01 512 0.695380 747.028 1.243097
COST 16384 2048 2 8 5.00 0.01 512 0.845613 1064.289 1.287575
COST 16384 4096 2 8 5.00 0.01 512 0.940334 1306.576 0.976329
COST 16384 8192 2 8 5.00 0.01 512 1.000000 1475.533 1.000000
COST 16384 256 2 8 5.00 0.01 512 0.243860 167.954 1.731487
COST 16384 512 2 8 5.00 0.01 512 0.587781 409.249 1.890244
COST 16384 1024 2 8 5.00 0.01 512 0.805726 682.375 1.677612
COST 16384 2048 2 8 5.00 0.01 512 0.916701 870.462 1.141199
COST 16384 4096 2 8 5.00 0.01 512 0.972236 977.344 0.752983
COST 16384 8192 2 8 5.00 0.01 512 1.000000 1033.727 1.000000
COST 16384 256 2 8 5.00 0.01 512 0.333179 181.648 1.858370
COST 16384 512 2 8 5.00 0.01 512 0.698196 412.464 1.895446
COST 16384 1024 2 8 5.00 0.01 512 0.883490 617.877 1.062398
COST 16384 2048 2 8 5.00 0.01 512 0.958427 723.286 0.498271
COST 16384 4096 2 8 5.00 0.01 512 0.988190 768.584 0.531617
COST 16384 8192 2 8 5.00 0.01 512 1.000000 787.039 1.000000
COST 16384 256 2 8 5.50 0.0001 512 0.100931 144.827 0.669548
COST 16384 512 2 8 5.50 0.0001 512 0.330217 391.221 0.676591
COST 16384 1024 2 8 5.50 0.0001 512 0.556698 803.890 0.694431
COST 16384 2048 2 8 5.50 0.0001 512 0.739514 1300.471 0.738538
COST 16384 4096 2 8 5.50 0.0001 512 0.884740 1813.739 0.829139
COST 16384 8192 2 8 5.50 0.0001 512 1.000000 2298.558 1.000000
COST 16384 256 2 8 5.50 0.0001 512 0.164845 155.728 1.027381
COST 16384 512 2 8 5.50 0.0001 512 0.461047 402.049 1.008681
COST 16384 1024 2 8 5.50 0.0001 512 0.695380 747.028 1.051058
COST 16384 2048 2 8 5.50 0.0001 512 0.845613 1064.289 1.108845
COST 16384 4096 2 8 5.50 0.0001 512 0.940334 1306.576 1.175128
COST 16384 8192 2 8 5.50 0.0001 512 1.000000 1475.533 1.000000
COST 16384 256 2 8 5.50 0.0001 512 0.243860 167.954 1.692467
COST 16384 512 2 8 5.50 0.0001 512 0.587781 409.249 1.785482
COST 16384 1024 2 8 5.50 0.0001 512 0.805726 682.375 1.781485
COST 16384 2048 2 8 5.50 0.0001 512 0.916701 870.462 1.672176
COST 16384 4096 2 8 5.50 0.0001 512 0.972236 977.344 0.890996
COST 16384 8192 2 8 5.50 0.0001 512 1.000000 1033.727 1.000000
COST 16384 256 2 8 5.50 0.0001 512 0.333179 181.648 1.896311
COST 16384 512 2 8 5.50 0.0001 512 0.698196 412.464 1.973311
COST 16384 1024 2 8 5.50 0.0001 512 0.883490 617.877 1.790557
COST 16384 2048 2 8 5.50 0.0001 512 0.958427 723.286 0.703925
COST 16384 4096 2 8 5.50 0.0001 512 0.988190 768.584 0.534029
COST 16384 8192 2 8 5.50 0.0001 512 1.000000 787.039 1.000000
COST 16384 256 2 8 5.50 0.001 512 0.100931 144.827 0.699567
COST 16384 512 2 8 5.50 0.001 512 0.330217 391.221 0.710427
COST 16384 1024 2 8 5.50 0.001 512 0.556698 803.890 0.731778
COST 16384 2048 2 8 5.50 0.001 512 0.739514 1300.471 0.779365
COST 16384 4096 2 8 5.50 0.001 512 0.884740 1813.739 0.849157
COST 16384 8192 2 8 5.50 0.001 512 1.000000 2298.558 1.000000
COST 16384 256 2 8 5.50 0.001 512 0.164845 155.728 1.427281
COST 16384 512 2 8 5.50 0.001 512 0.461047 402.049 1.426640
COST 16384 1024 2 8 5.50 0.001 512 0.695380 747.028 1.455999
COST 16384 2048 2 8 5.50 0.001 512 0.845613 1064.289 1.540876
COST 16384 4096 2 8 5.50 0.001 512 0.940334 1306.576 1.108499
COST 16384 8192 2 8 5.50 0.001 512 1.000000 1475.533 1.000000
COST 16384 256 2 8 5.50 0.001 512 0.243860 167.954 1.838074
COST 16384 512 2 8 5.50 0.001 512 0.587781 409.249 1.888839
COST 16384 1024 2 8 5.50 0.001 512 0.805726 682.375 1.838261
COST 16384 2048 2 8 5.50 0.001 512 0.916701 870.462 1.121047
COST 16384 4096 2 8 5.50 0.001 512 0.972236 977.344 0.625064
COST 16384 8192 2 8 5.50 0.001 512 1.000000 1033.727 1.000000
COST 16384 256 2 8 5.50 0.001 512 0.333179 181.648 1.928079
COST 16384 512 2 8 5.50 0.001 512 0.698196 412.464 1.979121
COST 16384 1024 2 8 5.50 0.001 512 0.883490 617.877 1.067926
COST 16384 2048 2 8 5.50 0.001 512 0.958427 723.286 0.434725
COST 16384 4096 2 8 5.50 0.001 512 0.988190 768.584 0.480409
COST 16384 8192 2 8 5.50 0.001 512 1.000000 787.039 1.000000
COST 16384 256 2 8 5.50 0.01 512 0.100931 144.827 1.161551
COST 16384 512 2 8 5.50 0.01 512 0.330217 391.221 1.141656
COST 16384 1024 2 8 5.50 0.01 512 0.556698 803.890 1.162425
COST 16384 2048 2 8 5.50 0.01 512 0.739514 1300.471 1.212039
COST 16384 4096 2 8 5.50 0.01 512 0.884740 1813.739 1.049442
COST 16384 8192 2 8 5.50 0.01 512 1.000000 2298.558 1.000000
COST 16384 256 2 8 5.50 0.01 512 0.164845 155.728 1.791090
COST 16384 512 2 8 5.50 0.01 512 0.461047 402.049 1.838014
COST 16384 1024 2 8 5.50 0.01 512 0.695380 747.028 1.873975
COST 16384 2048 2 8 5.50 0.01 512 0.845613 1064.289 1.328119
COST 16384 4096 2 8 5.50 0.01 512 0.940334 1306.576 0.697227
COST 16384 8192 2 8 5.50 0.01 512 1.000000 1475.533 1.000000
COST 16384 256 2 8 5.50 0.01 512 0.243860 167.954 1.962814
COST 16384 512 2 8 5.50 0.01 512 0.587781 409.249 1.964664
COST 16384 1024 2 8 5.50 0.01 512 0.805726 682.375 1.110029
COST 16384 2048 2 8 5.50 0.01 512 0.916701 870.462 0.485305
COST 16384 4096 2 8 5.50 0.01 512 0.972236 977.344 0.486668
COST 16384 8192 2 8 5.50 0.01 512 1.000000 1033.727 1.000000
COST 16384 256 2 8 5.50 0.01 512 0.333179 181.648 1.988777
COST 16384 512 2 8 5.50 0.01 512 0.698196 412.464 1.597306
COST 16384 1024 2 8 5.50 0.01 512 0.883490 617.877 0.337825
COST 16384 2048 2 8 5.50 0.01 512 0.958427 723.286 0.236697
COST 16384 4096 2 8 5.50 0.01 512 0.988190 768.584 0.465186
COST 16384 8192 2 8 5.50 0.01 512 1.000000 787.039 1.000000
COST 16384 256 2 8 6.00 0.0001 512 0.100931 144.827 0.820014
COST 16384 512 2 8 6.00 0.0001 512 0.330217 391.221 0.838254
COST 16384 1024 2 8 6.00 0.0001 512 0.556698 803.890 0.857056
COST 16384 2048 2 8 6.00 0.0001 512 0.739514 1300.471 0.908711
COST 16384 4096 2 8 6.00 0.0001 512 0.884740 1813.739 1.019305
COST 16384 8192 2 8 6.00 0.0001 512 1.000000 2298.558 1.000000
COST 16384 256 2 8 6.00 0.0001 512 0.164845 155.728 1.704342
COST 16384 512 2 8 6.00 0.0001 512 0.461047 402.049 1.744770
COST 16384 1024 2 8 6.00 0.0001 512 0.695380 747.028 1.809980
COST 16384 2048 2 8 6.00 0.0001 512 0.845613 1064.289 1.898011
COST 16384 4096 2 8 6.00 0.0001 512 0.940334 1306.576 1.154010
COST 16384 8192 2 8 6.00 0.0001 512 1.000000 1475.533 1.000000
COST 16384 256 2 8 6.00 0.0001 512 0.243860 167.954 1.947069
COST 16384 512 2 8 6.00 0.0001 512 0.587781 409.249 1.955844
COST 16384 1024 2 8 6.00 0.0001 512 0.805726 682.375 2.001238
COST 16384 2048 2 8 6.00 0.0001 512 0.916701 870.462 0.805842
COST 16384 4096 2 8 6.00 0.0001 512 0.972236 977.344 0.526638
COST 16384 8192 2 8 6.00 0.0001 512 1.000000 1033.727 1.000000
COST 16384 256 2 8 6.00 0.0001 512 0.333179 181.648 1.941122
COST 16384 512 2 8 6.00 0.0001 512 0.698196 412.464 1.986210
COST 16384 1024 2 8 6.00 0.0001 512 0.883490 617.877 0.910192
COST 16384 2048 2 8 6.00 0.0001 512 0.958427 723.286 0.293649
COST 16384 4096 2 8 6.00 0.0001 512 0.988190 768.584 0.463670
COST 16384 8192 2 8 6.00 0.0001 512 1.000000 787.039 1.000000
COST 16384 256 2 8 6.00 0.001 512 0.100931 144.827 1.155510
COST 16384 512 2 8 6.00 0.001 512 0.330217 391.221 1.153792
COST 16384 1024 2 8 6.00 0.001 512 0.556698 803.890 1.241046
COST 16384 2048 2 8 6.00 0.001 512 0.739514 1300.471 1.258831
COST 16384 4096 2 8 6.00 0.001 512 0.884740 1813.739 1.316266
COST 16384 8192 2 8 6.00 0.001 512 1.000000 2298.558 1.000000
COST 16384 256 2 8 6.00 0.001 512 0.164845 155.728 1.869078
COST 16384 512 2 8 6.00 0.001 512 0.461047 402.049 1.899844
COST 16384 1024 2 8 6.00 0.001 512 0.695380 747.028 1.955904
COST 16384 2048 2 8 6.00 0.001 512 0.845613 1064.289 1.431678
COST 16384 4096 2 8 6.00 0.001 512 0.940334 1306.576 0.702599
COST 16384 8192 2 8 6.00 0.001 512 1.000000 1475.533 1.000000
COST 16384 256 2 8 6.00 0.001 512 0.243860 167.954 1.956402
COST 16384 512 2 8 6.00 0.001 512 0.587781 409.249 1.993121
COST 16384 1024 2 8 6.00 0.001 512 0.805726 682.375 1.384710
COST 16384 2048 2 8 6.00 0.001 512 0.916701 870.462 0.439089
COST 16384 4096 2 8 6.00 0.001 512 0.972236 977.344 0.471537
COST 16384 8192 2 8 6.00 0.001 512 1.000000 1033.727 1.000000
COST 16384 256 2 8 6.00 0.001 512 0.333179 181.648 1.937430
COST 16384 512 2 8 6.00 0.001 512 0.698196 412.464 1.833337
COST 16384 1024 2 8 6.00 0.001 512 0.883490 617.877 0.331533
COST 16384 2048 2 8 6.00 0.001 512 0.958427 723.286 0.218956
COST 16384 4096 2 8 6.00 0.001 512 0.988190 768.584 0.491109
COST 16384 8192 2 8 6.00 0.001 512 1.000000 787.039 1.000000
COST 16384 256 2 8 6.00 0.01 512 0.100931 144.827 1.740684
COST 16384 512 2 8 6.00 0.01 512 0.330217 391.221 1.796718
COST 16384 1024 2 8 6.00 0.01 512 0.556698 803.890 1.834354
COST 16384 2048 2 8 6.00 0.01 512 0.739514 1300.471 2.284221
COST 16384 4096 2 8 6.00 0.01 512 0.884740 1813.739 0.856475
COST 16384 8192 2 8 6.00 0.01 512 1.000000 2298.558 1.000000
COST 16384 256 2 8 6.00 0.01 512 0.164845 155.728 2.009756
COST 16384 512 2 8 6.00 0.01 512 0.461047 402.049 2.021880
COST 16384 1024 2 8 6.00 0.01 512 0.695380 747.028 1.606478
COST 16384 2048 2 8 6.00 0.01 512 0.845613 1064.289 0.616585
COST 16384 4096 2 8 6.00 0.01 512 0.940334 1306.576 0.496493
COST 16384 8192 2 8 6.00 0.01 512 1.000000 1475.533 1.000000
COST 16384 256 2 8 6.00 0.01 512 0.243860 167.954 1.979884
COST 16384 512 2 8 6.00 0.01 512 0.587781 409.249 1.766045
COST 16384 1024 2 8 6.00 0.01 512 0.805726 682.375 0.365580
COST 16384 2048 2 8 6.00 0.01 512 0.916701 870.462 0.245298
COST 16384 4096 2 8 6.00 0.01 512 0.972236 977.344 0.454620
COST 16384 8192 2 8 6.00 0.01 512 1.000000 1033.727 1.000000
COST 16384 256 2 8 6.00 0.01 512 0.333179 181.648 1.939662
COST 16384 512 2 8 6.00 0.01 512 0.698196 412.464 0.785850
COST 16384 1024 2 8 6.00 0.01 512 0.883490 617.877 0.128633
COST 16384 2048 2 8 6.00 0.01 512 0.958427 723.286 0.209468
COST 16384 4096 2 8 6.00 0.01 512 0.988190 768.584 0.450474
COST 16384 8192 2 8 6.00 0.01 512 1.000000 787.039 1.000000
COST 16384 256 2 8 6.50 0.0001 512 0.100931 144.827 1.407986
COST 16384 512 2 8 6.50 0.0001 512 0.330217 391.221 1.404651
COST 16384 1024 2 8 6.50 0.0001 512 0.556698 803.890 1.471845
COST 16384 2048 2 8 6.50 0.0001 512 0.739514 1300.471 1.544538
COST 16384 4096 2 8 6.50 0.0001 512 0.884740 1813.739 1.504235
COST 16384 8192 2 8 6.50 0.0001 512 1.000000 2298.558 1.000000
COST 16384 256 2 8 6.50 0.0001 512 0.164845 155.728 1.887311
COST 16384 512 2 8 6.50 0.0001 512 0.461047 402.049 1.917312
COST 16384 1024 2 8 6.50 0.0001 512 0.695380 747.028 1.989115
COST 16384 2048 2 8 6.50 0.0001 512 0.845613 1064.289 1.480702
COST 16384 4096 2 8 6.50 0.0001 512 0.940334 1306.576 0.654530
COST 16384 8192 2 8 6.50 0.0001 512 1.000000 1475.533 1.000000
COST 16384 256 2 8 6.50 0.0001 512 0.243860 167.954 1.921993
COST 16384 512 2 8 6.50 0.0001 512 0.587781 409.249 1.952194
COST 16384 1024 2 8 6.50 0.0001 512 0.805726 682.375 1.269999
COST 16384 2048 2 8 6.50 0.0001 512 0.916701 870.462 0.355581
COST 16384 4096 2 8 6.50 0.0001 512 0.972236 977.344 0.465408
COST 16384 8192 2 8 6.50 0.0001 512 1.000000 1033.727 1.000000
COST 16384 256 2 8 6.50 0.0001 512 0.333179 181.648 2.514179
COST 16384 512 2 8 6.50 0.0001 512 0.698196 412.464 1.852283
COST 16384 1024 2 8 6.50 0.0001 512 0.883490 617.877 0.270100
COST 16384 2048 2 8 6.50 0.0001 512 0.958427 723.286 0.214355
COST 16384 4096 2 8 6.50 0.0001 512 0.988190 768.584 0.459204
COST 16384 8192 2 8 6.50 0.0001 512 1.000000 787.039 1.000000
COST 16384 256 2 8 6.50 0.001 512 0.100931 144.827 1.813808
COST 16384 512 2 8 6.50 0.001 512 0.330217 391.221 1.801617
COST 16384 1024 2 8 6.50 0.001 512 0.556698 803.890 1.823844
COST 16384 2048 2 8 6.50 0.001 512 0.739514 1300.471 1.878255
COST 16384 4096 2 8 6.50 0.001 512 0.884740 1813.739 1.054997
COST 16384 8192 2 8 6.50 0.001 512 1.000000 2298.558 1.000000
COST 16384 256 2 8 6.50 0.001 512 0.164845 155.728 1.938806
COST 16384 512 2 8 6.50 0.001 512 0.461047 402.049 1.976191
COST 16384 1024 2 8 6.50 0.001 512 0.695380 747.028 1.791949
COST 16384 2048 2 8 6.50 0.001 512 0.845613 1064.289 0.654919
COST 16384 4096 2 8 6.50 0.001 512 0.940334 1306.576 0.490938
COST 16384 8192 2 8 6.50 0.001 512 1.000000 1475.533 1.000000
COST 16384 256 2 8 6.50 0.001 512 0.243860 167.954 1.938103
COST 16384 512 2 8 6.50 0.001 512 0.587781 409.249 1.959980
COST 16384 1024 2 8 6.50 0.001 512 0.805726 682.375 0.521367
COST 16384 2048 2 8 6.50 0.001 512 0.916701 870.462 0.217250
COST 16384 4096 2 8 6.50 0.001 512 0.972236 977.344 0.456092
COST 16384 8192 2 8 6.50 0.001 512 1.000000 1033.727 1.000000
COST 16384 256 2 8 6.50 0.001 512 0.333179 181.648 1.969937
COST 16384 512 2 8 6.50 0.001 512 0.698196 412.464 1.088659
COST 16384 1024 2 8 6.50 0.001 512 0.883490 617.877 0.126133
COST 16384 2048 2 8 6.50 0.001 512 0.958427 723.286 0.207805
COST 16384 4096 2 8 6.50 0.001 512 0.988190 768.584 0.458382
COST 16384 8192 2 8 6.50 0.001 512 1.000000 787.039 1.000000
COST 16384 256 2 8 6.50 0.01 512 0.100931 144.827 1.929290
COST 16384 512 2 8 6.50 0.01 512 0.330217 391.221 1.984810
COST 16384 1024 2 8 6.50 0.01 512 0.556698 803.890 1.974606
COST 16384 2048 2 8 6.50 0.01 512 0.739514 1300.471 1.055997
COST 16384 4096 2 8 6.50 0.01 512 0.884740 1813.739 0.546173
COST 16384 8192 2 8 6.50 0.01 512 1.000000 2298.558 1.000000
COST 16384 256 2 8 6.50 0.01 512 0.164845 155.728 1.964227
COST 16384 512 2 8 6.50 0.01 512 0.461047 402.049 1.975097
COST 16384 1024 2 8 6.50 0.01 512 0.695380 747.028 0.700167
COST 16384 2048 2 8 6.50 0.01 512 0.845613 1064.289 0.290489
COST 16384 4096 2 8 6.50 0.01 512 0.940334 1306.576 0.459653
COST 16384 8192 2 8 6.50 0.01 512 1.000000 1475.533 1.000000
COST 16384 256 2 8 6.50 0.01 512 0.243860 167.954 1.931344
COST 16384 512 2 8 6.50 0.01 512 0.587781 409.249 1.072258
COST 16384 1024 2 8 6.50 0.01 512 0.805726 682.375 0.143784
COST 16384 2048 2 8 6.50 0.01 512 0.916701 870.462 0.212815
COST 16384 4096 2 8 6.50 0.01 512 0.972236 977.344 0.463781
COST 16384 8192 2 8 6.50 0.01 512 1.000000 1033.727 1.000000
COST 16384 256 2 8 6.50 0.01 512 0.333179 181.648 1.993758
COST 16384 512 2 8 6.50 0.01 512 0.698196 412.464 0.284010
COST 16384 1024 2 8 6.50 0.01 512 0.883490 617.877 0.088439
COST 16384 2048 2 8 6.50 0.01 512 0.958427 723.286 0.215219
COST 16384 4096 2 8 6.50 0.01 512 0.988190 768.584 0.468042
COST 16384 8192 2 8 6.50 0.01 512 1.000000 787.039 1.000000
COST 2048 256 2 8 5.00 0.0001 512 0.739159 162.400 0.803913
COST 2048 512 2 8 5.00 0.0001 512 0.884636 226.640 0.893140
COST 2048 1024 2 8 5.00 0.0001 512 1.000000 287.284 1.000000
COST 2048 256 2 8 5.00 0.0001 512 0.845345 132.949 1.449020
COST 2048 512 2 8 5.00 0.0001 512 0.940269 163.291 1.209969
COST 2048 1024 2 8 5.00 0.0001 512 1.000000 184.431 1.000000
COST 2048 256 2 8 5.00 0.0001 512 0.916522 108.764 1.441287
COST 2048 512 2 8 5.00 0.0001 512 0.972200 122.156 0.822292
COST 2048 1024 2 8 5.00 0.0001 512 1.000000 129.213 1.000000
COST 2048 256 2 8 5.00 0.0001 512 0.958318 90.389 0.584559
COST 2048 512 2 8 5.00 0.0001 512 0.988172 96.068 0.502327
COST 2048 1024 2 8 5.00 0.0001 512 1.000000 98.379 1.000000
COST 2048 256 2 8 5.00 0.001 512 0.739159 162.400 1.051812
COST 2048 512 2 8 5.00 0.001 512 0.884636 226.640 1.086348
COST 2048 1024 2 8 5.00 0.001 512 1.000000 287.284 1.000000
COST 2048 256 2 8 5.00 0.001 512 0.845345 132.949 1.479301
COST 2048 512 2 8 5.00 0.001 512 0.940269 163.291 0.909511
COST 2048 1024 2 8 5.00 0.001 512 1.000000 184.431 1.000000
COST 2048 256 2 8 5.00 0.001 512 0.916522 108.764 0.795836
COST 2048 512 2 8 5.00 0.001 512 0.972200 122.156 0.593670
COST 2048 1024 2 8 5.00 0.001 512 1.000000 129.213 1.000000
COST 2048 256 2 8 5.00 0.001 512 0.958318 90.389 0.361020
COST 2048 512 2 8 5.00 0.001 512 0.988172 96.068 0.469517
COST 2048 1024 2 8 5.00 0.001 512 1.000000 98.379 1.000000
COST 2048 256 2 8 5.00 0.01 512 0.739159 162.400 1.410891
COST 2048 512 2 8 5.00 0.01 512 0.884636 226.640 0.899040
COST 2048 1024 2 8 5.00 0.01 512 1.000000 287.284 1.000000
COST 2048 256 2 8 5.00 0.01 512 0.845345 132.949 0.973508
COST 2048 512 2 8 5.00 0.01 512 0.940269 163.291 0.608152
COST 2048 1024 2 8 5.00 0.01 512 1.000000 184.431 1.000000
COST 2048 256 2 8 5.00 0.01 512 0.916522 108.764 0.389176
COST 2048 512 2 8 5.00 0.01 512 0.972200 122.156 0.478214
COST 2048 1024 2 8 5.00 0.01 512 1.000000 129.213 1.000000
COST 2048 256 2 8 5.00 0.01 512 0.958318 90.389 0.197326
COST 2048 512 2 8 5.00 0.01 512 0.988172 96.068 0.459808
COST 2048 1024 2 8 5.00 0.01 512 1.000000 98.379 1.000000
COST 2048 256 2 8 5.50 0.0001 512 0.739159 162.400 1.244966
COST 2048 512 2 8 5.50 0.0001 512 0.884636 226.640 1.197560
COST 2048 1024 2 8 5.50 0.0001 512 1.000000 287.284 1.000000
COST 2048 256 2 8 5.50 0.0001 512 0.845345 132.949 1.697886
COST 2048 512 2 8 5.50 0.0001 512 0.940269 163.291 0.964715
COST 2048 1024 2 8 5.50 0.0001 512 1.000000 184.431 1.000000
COST 2048 256 2 8 5.50 0.0001 512 0.916522 108.764 0.623294
COST 2048 512 2 8 5.50 0.0001 512 0.972200 122.156 0.516070
COST 2048 1024 2 8 5.50 0.0001 512 1.000000 129.213 1.000000
COST 2048 256 2 8 5.50 0.0001 512 0.958318 90.389 0.212590
COST 2048 512 2 8 5.50 0.0001 512 0.988172 96.068 0.483621
COST 2048 1024 2 8 5.50 0.0001 512 1.000000 98.379 1.000000
COST 2048 256 2 8 5.50 0.001 512 0.739159 162.400 1.578965
COST 2048 512 2 8 5.50 0.001 512 0.884636 226.640 1.127075
COST 2048 1024 2 8 5.50 0.001 512 1.000000 287.284 1.000000
COST 2048 256 2 8 5.50 0.001 512 0.845345 132.949 1.019037
COST 2048 512 2 8 5.50 0.001 512 0.940269 163.291 0.614532
COST 2048 1024 2 8 5.50 0.001 512 1.000000 184.431 1.000000
COST 2048 256 2 8 5.50 0.001 512 0.916522 108.764 0.356993
COST 2048 512 2 8 5.50 0.001 512 0.972200 122.156 0.479493
COST 2048 1024 2 8 5.50 0.001 512 1.000000 129.213 1.000000
COST 2048 256 2 8 5.50 0.001 512 0.958318 90.389 0.191249
COST 2048 512 2 8 5.50 0.001 512 0.988172 96.068 0.463634
COST 2048 1024 2 8 5.50 0.001 512 1.000000 98.379 1.000000
COST 2048 256 2 8 5.50 0.01 512 0.739159 162.400 1.235261
COST 2048 512 2 8 5.50 0.01 512 0.884636 226.640 0.674056
COST 2048 1024 2 8 5.50 0.01 512 1.000000 287.284 1.000000
COST 2048 256 2 8 5.50 0.01 512 0.845345 132.949 0.441070
COST 2048 512 2 8 5.50 0.01 512 0.940269 163.291 0.503709
COST 2048 1024 2 8 5.50 0.01 512 1.000000 184.431 1.000000
COST 2048 256 2 8 5.50 0.01 512 0.916522 108.764 0.203724
COST 2048 512 2 8 5.50 0.01 512 0.972200 122.156 0.452019
COST 2048 1024 2 8 5.50 0.01 512 1.000000 129.213 1.000000
COST 2048 256 2 8 5.50 0.01 512 0.958318 90.389 0.168776
COST 2048 512 2 8 5.50 0.01 512 0.988172 96.068 0.450246
COST 2048 1024 2 8 5.50 0.01 512 1.000000 98.379 1.000000
COST 2048 256 2 8 6.00 0.0001 512 0.739159 162.400 1.948209
COST 2048 512 2 8 6.00 0.0001 512 0.884636 226.640 1.297635
COST 2048 1024 2 8 6.00 0.0001 512 1.000000 287.284 1.000000
COST 2048 256 2 8 6.00 0.0001 512 0.845345 132.949 1.005898
COST 2048 512 2 8 6.00 0.0001 512 0.940269 163.291 0.622845
COST 2048 1024 2 8 6.00 0.0001 512 1.000000 184.431 1.000000
COST 2048 256 2 8 6.00 0.0001 512 0.916522 108.764 0.294604
COST 2048 512 2 8 6.00 0.0001 512 0.972200 122.156 0.471138
COST 2048 1024 2 8 6.00 0.0001 512 1.000000 129.213 1.000000
COST 2048 256 2 8 6.00 0.0001 512 0.958318 90.389 0.181745
COST 2048 512 2 8 6.00 0.0001 512 0.988172 96.068 0.441587
COST 2048 1024 2 8 6.00 0.0001 512 1.000000 98.379 1.000000
COST 2048 256 2 8 6.00 0.001 512 0.739159 162.400 1.486452
COST 2048 512 2 8 6.00 0.001 512 0.884636 226.640 0.853733
COST 2048 1024 2 8 6.00 0.001 512 1.000000 287.284 1.000000
COST 2048 256 2 8 6.00 0.001 512 0.845345 132.949 0.471099
COST 2048 512 2 8 6.00 0.001 512 0.940269 163.291 0.489786
COST 2048 1024 2 8 6.00 0.001 512 1.000000 184.431 1.000000
COST 2048 256 2 8 6.00 0.001 512 0.916522 108.764 0.190482
COST 2048 512 2 8 6.00 0.001 512 0.972200 122.156 0.454110
COST 2048 1024 2 8 6.00 0.001 512 1.000000 129.213 1.000000
COST 2048 256 2 8 6.00 0.001 512 0.958318 90.389 0.168986
COST 2048 512 2 8 6.00 0.001 512 0.988172 96.068 0.452487
COST 2048 1024 2 8 6.00 0.001 512 1.000000 98.379 1.000000
COST 2048 256 2 8 6.00 0.01 512 0.739159 162.400 0.647045
COST 2048 512 2 8 6.00 0.01 512 0.884636 226.640 0.542129
COST 2048 1024 2 8 6.00 0.01 512 1.000000 287.284 1.000000
COST 2048 256 2 8 6.00 0.01 512 0.845345 132.949 0.230126
COST 2048 512 2 8 6.00 0.01 512 0.940269 163.291 0.453417
COST 2048 1024 2 8 6.00 0.01 512 1.000000 184.431 1.000000
COST 2048 256 2 8 6.00 0.01 512 0.916522 108.764 0.171514
COST 2048 512 2 8 6.00 0.01 512 0.972200 122.156 0.448932
COST 2048 1024 2 8 6.00 0.01 512 1.000000 129.213 1.000000
COST 2048 256 2 8 6.00 0.01 512 0.958318 90.389 0.167830
COST 2048 512 2 8 6.00 0.01 512 0.988172 96.068 0.464418
COST 2048 1024 2 8 6.00 0.01 512 1.000000 98.379 1.000000
COST 2048 256 2 8 6.50 0.0001 512 0.739159 162.400 1.643279
COST 2048 512 2 8 6.50 0.0001 512 0.884636 226.640 0.840626
COST 2048 1024 2 8 6.50 0.0001 512 1.000000 287.284 1.000000
COST 2048 256 2 8 6.50 0.0001 512 0.845345 132.949 0.438144
COST 2048 512 2 8 6.50 0.0001 512 0.940269 163.291 0.482845
COST 2048 1024 2 8 6.50 0.0001 512 1.000000 184.431 1.000000
COST 2048 256 2 8 6.50 0.0001 512 0.916522 108.764 0.174523
COST 2048 512 2 8 6.50 0.0001 512 0.972200 122.156 0.448827
COST 2048 1024 2 8 6.50 0.0001 512 1.000000 129.213 1.000000
COST 2048 256 2 8 6.50 0.0001 512 0.958318 90.389 0.169369
COST 2048 512 2 8 6.50 0.0001 512 0.988172 96.068 0.447489
COST 2048 1024 2 8 6.50 0.0001 512 1.000000 98.379 1.000000
COST 2048 256 2 8 6.50 0.001 512 0.739159 162.400 0.855723
COST 2048 512 2 8 6.50 0.001 512 0.884636 226.640 0.593476
COST 2048 1024 2 8 6.50 0.001 512 1.000000 287.284 1.000000
COST 2048 256 2 8 6.50 0.001 512 0.845345 132.949 0.248566
COST 2048 512 2 8 6.50 0.001 512 0.940269 163.291 0.452637
COST 2048 1024 2 8 6.50 0.001 512 1.000000 184.431 1.000000
COST 2048 256 2 8 6.50 0.001 512 0.916522 108.764 0.172335
COST 2048 512 2 8 6.50 0.001 512 0.972200 122.156 0.461477
COST 2048 1024 2 8 6.50 0.001 512 1.000000 129.213 1.000000
COST 2048 256 2 8 6.50 0.001 512 0.958318 90.389 0.170727
COST 2048 512 2 8 6.50 0.001 512 0.988172 96.068 0.460858
COST 2048 1024 2 8 6.50 0.001 512 1.000000 98.379 1.000000
COST 2048 256 2 8 6.50 0.01 512 0.739159 162.400 0.325696
COST 2048 512 2 8 6.50 0.01 512 0.884636 226.640 0.469801
COST 2048 1024 2 8 6.50 0.01 512 1.000000 287.284 1.000000
COST 2048 256 2 8 6.50 0.01 512 0.845345 132.949 0.169342
COST 2048 512 2 8 6.50 0.01 512 0.940269 163.291 0.440858
COST 2048 1024 2 8 6.50 0.01 512 1.000000 184.431 1.000000
COST 2048 256 2 8 6.50 0.01 512 0.916522 108.764 0.171087
COST 2048 512 2 8 6.50 0.01 512 0.972200 122.156 0.443569
COST 2048 1024 2 8 6.50 0.01 512 1.000000 129.213 1.000000
COST 2048 256 2 8 6.50 0.01 512 0.958318 90.389 0.169948
COST 2048 512 2 8 6.50 0.01 512 0.988172 96.068 0.446521
COST 2048 1024 2 8 6.50 0.01 512 1.000000 98.379 1.000000
COST 262144 4096 2 8 5.00 0.0001 512 0.101394 2323.402 0.701214
COST 262144 8192 2 8 5.00 0.0001 512 0.330538 6266.795 0.727923
COST 262144 16384 2 8 5.00 0.0001 512 0.556828 12867.185 0.746049
COST 262144 32768 2 8 5.00 0.0001 512 0.739561 20810.259 0.754352
COST 262144 65536 2 8 5.00 0.0001 512 0.884754 29021.154 0.833253
COST 262144 131072 2 8 5.00 0.0001 512 1.000000 36777.540 1.000000
COST 262144 4096 2 8 5.00 0.0001 512 0.165520 2498.171 0.733922
COST 262144 8192 2 8 5.00 0.0001 512 0.461419 6439.591 0.726914
COST 262144 16384 2 8 5.00 0.0001 512 0.695501 11956.100 0.765933
COST 262144 32768 2 8 5.00 0.0001 512 0.845648 17030.111 0.777419
COST 262144 65536 2 8 5.00 0.0001 512 0.940343 20905.755 0.893146
COST 262144 131072 2 8 5.00 0.0001 512 1.000000 23608.714 1.000000
COST 262144 4096 2 8 5.00 0.0001 512 0.244739 2694.120 0.695594
COST 262144 8192 2 8 5.00 0.0001 512 0.588167 6554.123 0.714960
COST 262144 16384 2 8 5.00 0.0001 512 0.805826 10920.503 0.739752
COST 262144 32768 2 8 5.00 0.0001 512 0.916725 13928.144 0.782393
COST 262144 65536 2 8 5.00 0.0001 512 0.972241 15637.714 0.838162
COST 262144 131072 2 8 5.00 0.0001 512 1.000000 16539.686 1.000000
COST 262144 4096 2 8 5.00 0.0001 512 0.334221 2913.531 0.763266
COST 262144 8192 2 8 5.00 0.0001 512 0.698559 6604.717 0.745682
COST 262144 16384 2 8 5.00 0.0001 512 0.883565 9887.633 0.763543
COST 262144 32768 2 8 5.00 0.0001 512 0.958441 11572.928 0.803641
COST 262144 65536 2 8 5.00 0.0001 512 0.988192 12297.418 0.860007
COST 262144 131072 2 8 5.00 0.0001 512 1.000000 12592.634 1.000000
COST 262144 4096 2 8 5.00 0.001 512 0.101394 2323.402 0.720646
COST 262144 8192 2 8 5.00 0.001 512 0.330538 6266.795 0.704261
COST 262144 16384 2 8 5.00 0.001 512 0.556828 12867.185 0.747048
COST 262144 32768 2 8 5.00 0.001 512 0.739561 20810.259 0.791416
COST 262144 65536 2 8 5.00 0.001 512 0.884754 29021.154 0.874392
COST 262144 131072 2 8 5.00 0.001 512 1.000000 36777.540 1.000000
COST 262144 4096 2 8 5.00 0.001 512 0.165520 2498.171 0.693914
COST 262144 8192 2 8 5.00 0.001 512 0.461419 6439.591 0.712160
COST 262144 16384 2 8 5.00 0.001 512 0.695501 11956.100 0.722784
COST 262144 32768 2 8 5.00 0.001 512 0.845648 17030.111 0.759477
COST 262144 65536 2 8 5.00 0.001 512 0.940343 20905.755 0.903207
COST 262144 131072 2 8 5.00 0.001 512 1.000000 23608.714 1.000000
COST 262144 4096 2 8 5.00 0.001 512 0.244739 2694.120 0.720799
COST 262144 8192 2 8 5.00 0.001 512 0.588167 6554.123 0.752477
COST 262144 16384 2 8 5.00 0.001 512 0.805826 10920.503 0.742207
COST 262144 32768 2 8 5.00 0.001 512 0.916725 13928.144 0.776464
COST 262144 65536 2 8 5.00 0.001 512 0.972241 15637.714 0.852801
COST 262144 131072 2 8 5.00 0.001 512 1.000000 16539.686 1.000000
COST 262144 4096 2 8 5.00 0.001 512 0.334221 2913.531 0.843468
COST 262144 8192 2 8 5.00 0.001 512 0.698559 6604.717 0.850722
COST 262144 16384 2 8 5.00 0.001 512 0.883565 9887.633 0.862313
COST 262144 32768 2 8 5.00 0.001 512 0.958441 11572.928 0.924325
COST 262144 65536 2 8 5.00 0.001 512 0.988192 12297.418 0.957518
COST 262144 131072 2 8 5.00 0.001 512 1.000000 12592.634 1.000000
COST 262144 4096 2 8 5.00 0.01 512 0.101394 2323.402 0.703435
COST 262144 8192 2 8 5.00 0.01 512 0.330538 6266.795 0.749990
COST 262144 16384 2 8 5.00 0.01 512 0.556828 12867.185 0.758656
COST 262144 32768 2 8 5.00 0.01 512 0.739561 20810.259 0.785036
COST 262144 65536 2 8 5.00 0.01 512 0.884754 29021.154 0.842396
COST 262144 131072 2 8 5.00 0.01 512 1.000000 36777.540 1.000000
COST 262144 4096 2 8 5.00 0.01 512 0.165520 2498.171 0.719825
COST 262144 8192 2 8 5.00 0.01 512 0.461419 6439.591 0.770274
COST 262144 16384 2 8 5.00 0.01 512 0.695501 11956.100 0.728070
COST 262144 32768 2 8 5.00 0.01 512 0.845648 17030.111 0.763291
COST 262144 65536 2 8 5.00 0.01 512 0.940343 20905.755 0.866588
COST 262144 131072 2 8 5.00 0.01 512 1.000000 23608.714 1.000000
COST 262144 4096 2 8 5.00 0.01 512 0.244739 2694.120 0.772800
COST 262144 8192 2 8 5.00 0.01 512 0.588167 6554.123 0.815700
COST 262144 16384 2 8 5.00 0.01 512 0.805826 10920.503 0.836900
COST 262144 32768 2 8 5.00 0.01 512 0.916725 13928.144 0.866165
COST 262144 65536 2 8 5.00 0.01 512 0.972241 15637.714 0.921519
COST 262144 131072 2 8 5.00 0.01 512 1.000000 16539.686 1.000000
COST 262144 4096 2 8 5.00 0.01 512 0.334221 2913.531 1.101760
COST 262144 8192 2 8 5.00 0.01 512 0.698559 6604.717 1.108605
COST 262144 16384 2 8 5.00 0.01 512 0.883565 9887.633 1.122506
COST 262144 32768 2 8 5.00 0.01 512 0.958441 11572.928 1.152695
COST 262144 65536 2 8 5.00 0.01 512 0.988192 12297.418 0.976478
COST 262144 131072 2 8 5.00 0.01 512 1.000000 12592.634 1.000000
COST 262144 4096 2 8 5.50 0.0001 512 0.101394 2323.402 0.707144
COST 262144 8192 2 8 5.50 0.0001 512 0.330538 6266.795 0.727876
COST 262144 16384 2 8 5.50 0.0001 512 0.556828 12867.185 0.726917
COST 262144 32768 2 8 5.50 0.0001 512 0.739561 20810.259 0.781332
COST 262144 65536 2 8 5.50 0.0001 512 0.884754 29021.154 0.842313
COST 262144 131072 2 8 5.50 0.0001 512 1.000000 36777.540 1.000000
COST 262144 4096 2 8 5.50 0.0001 512 0.165520 2498.171 0.718074
COST 262144 8192 2 8 5.50 0.0001 512 0.461419 6439.591 0.718375
COST 262144 16384 2 8 5.50 0.0001 512 0.695501 11956.100 0.729125
COST 262144 32768 2 8 5.50 0.0001 512 0.845648 17030.111 0.753549
COST 262144 65536 2 8 5.50 0.0001 512 0.940343 20905.755 0.850017
COST 262144 131072 2 8 5.50 0.0001 512 1.000000 23608.714 1.000000
COST 262144 4096 2 8 5.50 0.0001 512 0.244739 2694.120 0.785230
COST 262144 8192 2 8 5.50 0.0001 512 0.588167 6554.123 0.798572
COST 262144 16384 2 8 5.50 0.0001 512 0.805826 10920.503 0.809792
COST 262144 32768 2 8 5.50 0.0001 512 0.916725 13928.144 0.833305
COST 262144 65536 2 8 5.50 0.0001 512 0.972241 15637.714 0.927338
COST 262144 131072 2 8 5.50 0.0001 512 1.000000 16539.686 1.000000
COST 262144 4096 2 8 5.50 0.0001 512 0.334221 2913.531 1.527143
COST 262144 8192 2 8 5.50 0.0001 512 0.698559 6604.717 1.494540
COST 262144 16384 2 8 5.50 0.0001 512 0.883565 9887.633 1.542204
COST 262144 32768 2 8 5.50 0.0001 512 0.958441 11572.928 1.605424
COST 262144 65536 2 8 5.50 0.0001 512 0.988192 12297.418 1.271478
COST 262144 131072 2 8 5.50 0.0001 512 1.000000 12592.634 1.000000
COST 262144 4096 2 8 5.50 0.001 512 0.101394 2323.402 0.717147
COST 262144 8192 2 8 5.50 0.001 512 0.330538 6266.795 0.723683
COST 262144 16384 2 8 5.50 0.001 512 0.556828 12867.185 0.728205
COST 262144 32768 2 8 5.50 0.001 512 0.739561 20810.259 0.797113
COST 262144 65536 2 8 5.50 0.001 512 0.884754 29021.154 0.852383
COST 262144 131072 2 8 5.50 0.001 512 1.000000 36777.540 1.000000
COST 262144 4096 2 8 5.50 0.001 512 0.165520 2498.171 0.684880
COST 262144 8192 2 8 5.50 0.001 512 0.461419 6439.591 0.711678
COST 262144 16384 2 8 5.50 0.001 512 0.695501 11956.100 0.766232
COST 262144 32768 2 8 5.50 0.001 512 0.845648 17030.111 0.752206
COST 262144 65536 2 8 5.50 0.001 512 0.940343 20905.755 0.836470
COST 262144 131072 2 8 5.50 0.001 512 1.000000 23608.714 1.000000
COST 262144 4096 2 8 5.50 0.001 512 0.244739 2694.120 1.100241
COST 262144 8192 2 8 5.50 0.001 512 0.588167 6554.123 1.148391
COST 262144 16384 2 8 5.50 0.001 512 0.805826 10920.503 1.133310
COST 262144 32768 2 8 5.50 0.001 512 0.916725 13928.144 1.171514
COST 262144 65536 2 8 5.50 0.001 512 0.972241 15637.714 1.194427
COST 262144 131072 2 8 5.50 0.001 512 1.000000 16539.686 1.000000
COST 262144 4096 2 8 5.50 0.001 512 0.334221 2913.531 1.782178
COST 262144 8192 2 8 5.50 0.001 512 0.698559 6604.717 1.794872
COST 262144 16384 2 8 5.50 0.001 512 0.883565 9887.633 1.846218
COST 262144 32768 2 8 5.50 0.001 512 0.958441 11572.928 1.704408
COST 262144 65536 2 8 5.50 0.001 512 0.988192 12297.418 0.955362
COST 262144 131072 2 8 5.50 0.001 512 1.000000 12592.634 1.000000
COST 262144 4096 2 8 5.50 0.01 512 0.101394 2323.402 0.696386
COST 262144 8192 2 8 5.50 0.01 512 0.330538 6266.795 0.702825
COST 262144 16384 2 8 5.50 0.01 512 0.556828 12867.185 0.724020
COST 262144 32768 2 8 5.50 0.01 512 0.739561 20810.259 0.765630
COST 262144 65536 2 8 5.50 0.01 512 0.884754 29021.154 0.833127
COST 262144 131072 2 8 5.50 0.01 512 1.000000 36777.540 1.000000
COST 262144 4096 2 8 5.50 0.01 512 0.165520 2498.171 0.902459
COST 262144 8192 2 8 5.50 0.01 512 0.461419 6439.591 0.910232
COST 262144 16384 2 8 5.50 0.01 512 0.695501 11956.100 0.950192
COST 262144 32768 2 8 5.50 0.01 512 0.845648 17030.111 0.984286
COST 262144 65536 2 8 5.50 0.01 512 0.940343 20905.755 1.062409
COST 262144 131072 2 8 5.50 0.01 512 1.000000 23608.714 1.000000
COST 262144 4096 2 8 5.50 0.01 512 0.244739 2694.120 1.785515
COST 262144 8192 2 8 5.50 0.01 512 0.588167 6554.123 1.737234
COST 262144 16384 2 8 5.50 0.01 512 0.805826 10920.503 1.748006
COST 262144 32768 2 8 5.50 0.01 512 0.916725 13928.144 1.749821
COST 262144 65536 2 8 5.50 0.01 512 0.972241 15637.714 1.061998
COST 262144 131072 2 8 5.50 0.01 512 1.000000 16539.686 1.000000
COST 262144 4096 2 8 5.50 0.01 512 0.334221 2913.531 2.197413
COST 262144 8192 2 8 5.50 0.01 512 0.698559 6604.717 2.288598
COST 262144 16384 2 8 5.50 0.01 512 0.883565 9887.633 2.191563
COST 262144 32768 2 8 5.50 0.01 512 0.958441 11572.928 1.085059
COST 262144 65536 2 8 5.50 0.01 512 0.988192 12297.418 0.652453
COST 262144 131072 2 8 5.50 0.01 512 1.000000 12592.634 1.000000
COST 262144 4096 2 8 6.00 0.0001 512 0.101394 2323.402 0.688655
COST 262144 8192 2 8 6.00 0.0001 512 0.330538 6266.795 0.725012
COST 262144 16384 2 8 6.00 0.0001 512 0.556828 12867.185 0.733150
COST 262144 32768 2 8 6.00 0.0001 512 0.739561 20810.259 0.770986
COST 262144 65536 2 8 6.00 0.0001 512 0.884754 29021.154 0.831312
COST 262144 131072 2 8 6.00 0.0001 512 1.000000 36777.540 1.000000
COST 262144 4096 2 8 6.00 0.0001 512 0.165520 2498.171 0.828136
COST 262144 8192 2 8 6.00 0.0001 512 0.461419 6439.591 0.831896
COST 262144 16384 2 8 6.00 0.0001 512 0.695501 11956.100 0.866926
COST 262144 32768 2 8 6.00 0.0001 512 0.845648 17030.111 0.882809
COST 262144 65536 2 8 6.00 0.0001 512 0.940343 20905.755 0.975388
COST 262144 131072 2 8 6.00 0.0001 512 1.000000 23608.714 1.000000
COST 262144 4096 2 8 6.00 0.0001 512 0.244739 2694.120 1.671506
COST 262144 8192 2 8 6.00 0.0001 512 0.588167 6554.123 1.699777
COST 262144 16384 2 8 6.00 0.0001 512 0.805826 10920.503 1.717217
COST 262144 32768 2 8 6.00 0.0001 512 0.916725 13928.144 1.793881
COST 262144 65536 2 8 6.00 0.0001 512 0.972241 15637.714 1.385256
COST 262144 131072 2 8 6.00 0.0001 512 1.000000 16539.686 1.000000
COST 262144 4096 2 8 6.00 0.0001 512 0.334221 2913.531 2.116489
COST 262144 8192 2 8 6.00 0.0001 512 0.698559 6604.717 2.147154
COST 262144 16384 2 8 6.00 0.0001 512 0.883565 9887.633 2.131387
COST 262144 32768 2 8 6.00 0.0001 512 0.958441 11572.928 1.428725
COST 262144 65536 2 8 6.00 0.0001 512 0.988192 12297.418 0.634842
COST 262144 131072 2 8 6.00 0.0001 512 1.000000 12592.634 1.000000
COST 262144 4096 2 8 6.00 0.001 512 0.101394 2323.402 0.720897
COST 262144 8192 2 8 6.00 0.001 512 0.330538 6266.795 0.721323
COST 262144 16384 2 8 6.00 0.001 512 0.556828 12867.185 0.762277
COST 262144 32768 2 8 6.00 0.001 512 0.739561 20810.259 0.789350
COST 262144 65536 2 8 6.00 0.001 512 0.884754 29021.154 0.866683
COST 262144 131072 2 8 6.00 0.001 512 1.000000 36777.540 1.000000
COST 262144 4096 2 8 6.00 0.001 512 0.165520 2498.171 1.100353
COST 262144 8192 2 8 6.00 0.001 512 0.461419 6439.591 1.151020
COST 262144 16384 2 8 6.00 0.001 512 0.695501 11956.100 1.194461
COST 262144 32768 2 8 6.00 0.001 512 0.845648 17030.111 1.217710
COST 262144 65536 2 8 6.00 0.001 512 0.940343 20905.755 1.303452
COST 262144 131072 2 8 6.00 0.001 512 1.000000 23608.714 1.000000
COST 262144 4096 2 8 6.00 0.001 512 0.244739 2694.120 1.942905
COST 262144 8192 2 8 6.00 0.001 512 0.588167 6554.123 2.023641
COST 262144 16384 2 8 6.00 0.001 512 0.805826 10920.503 2.006143
COST 262144 32768 2 8 6.00 0.001 512 0.916725 13928.144 1.845478
COST 262144 65536 2 8 6.00 0.001 512 0.972241 15637.714 0.892590
COST 262144 131072 2 8 6.00 0.001 512 1.000000 16539.686 1.000000
COST 262144 4096 2 8 6.00 0.001 512 0.334221 2913.531 2.091314
COST 262144 8192 2 8 6.00 0.001 512 0.698559 6604.717 2.172513
COST 262144 16384 2 8 6.00 0.001 512 0.883565 9887.633 2.146725
COST 262144 32768 2 8 6.00 0.001 512 0.958441 11572.928 0.715155
COST 262144 65536 2 8 6.00 0.001 512 0.988192 12297.418 0.532649
COST 262144 131072 2 8 6.00 0.001 512 1.000000 12592.634 1.000000
COST 262144 4096 2 8 6.00 0.01 512 0.101394 2323.402 0.898422
COST 262144 8192 2 8 6.00 0.01 512 0.330538 6266.795 0.858706
COST 262144 16384 2 8 6.00 0.01 512 0.556828 12867.185 0.930781
COST 262144 32768 2 8 6.00 0.01 512 0.739561 20810.259 0.985824
COST 262144 65536 2 8 6.00 0.01 512 0.884754 29021.154 1.023907
COST 262144 131072 2 8 6.00 0.01 512 1.000000 36777.540 1.000000
COST 262144 4096 2 8 6.00 0.01 512 0.165520 2498.171 1.893940
COST 262144 8192 2 8 6.00 0.01 512 0.461419 6439.591 1.940165
COST 262144 16384 2 8 6.00 0.01 512 0.695501 11956.100 2.035513
COST 262144 32768 2 8 6.00 0.01 512 0.845648 17030.111 2.018247
COST 262144 65536 2 8 6.00 0.01 512 0.940343 20905.755 1.172274
COST 262144 131072 2 8 6.00 0.01 512 1.000000 23608.714 1.000000
COST 262144 4096 2 8 6.00 0.01 512 0.244739 2694.120 2.378732
COST 262144 8192 2 8 6.00 0.01 512 0.588167 6554.123 2.429515
COST 262144 16384 2 8 6.00 0.01 512 0.805826 10920.503 2.362356
COST 262144 32768 2 8 6.00 0.01 512 0.916725 13928.144 0.969656
COST 262144 65536 2 8 6.00 0.01 512 0.972241 15637.714 0.540461
COST 262144 131072 2 8 6.00 0.01 512 1.000000 16539.686 1.000000
COST 262144 4096 2 8 6.00 0.01 512 0.334221 2913.531 2.358215
COST 262144 8192 2 8 6.00 0.01 512 0.698559 6604.717 2.369117
COST 262144 16384 2 8 6.00 0.01 512 0.883565 9887.633 1.165450
COST 262144 32768 2 8 6.00 0.01 512 0.958441 11572.928 0.348972
COST 262144 65536 2 8 6.00 0.01 512 0.988192 12297.418 0.447990
COST 262144 131072 2 8 6.00 0.01 512 1.000000 12592.634 1.000000
COST 262144 4096 2 8 6.50 0.0001 512 0.101394 2323.402 0.744754
COST 262144 8192 2 8 6.50 0.0001 512 0.330538 6266.795 0.762983
COST 262144 16384 2 8 6.50 0.0001 512 0.556828 12867.185 0.779896
COST 262144 32768 2 8 6.50 0.0001 512 0.739561 20810.259 0.776043
COST 262144 65536 2 8 6.50 0.0001 512 0.884754 29021.154 0.851252
COST 262144 131072 2 8 6.50 0.0001 512 1.000000 36777.540 1.000000
COST 262144 4096 2 8 6.50 0.0001 512 0.165520 2498.171 1.579168
COST 262144 8192 2 8 6.50 0.0001 512 0.461419 6439.591 1.581052
COST 262144 16384 2 8 6.50 0.0001 512 0.695501 11956.100 1.647535
COST 262144 32768 2 8 6.50 0.0001 512 0.845648 17030.111 1.765974
COST 262144 65536 2 8 6.50 0.0001 512 0.940343 20905.755 1.675302
COST 262144 131072 2 8 6.50 0.0001 512 1.000000 23608.714 1.000000
COST 262144 4096 2 8 6.50 0.0001 512 0.244739 2694.120 2.361477
COST 262144 8192 2 8 6.50 0.0001 512 0.588167 6554.123 2.365117
COST 262144 16384 2 8 6.50 0.0001 512 0.805826 10920.503 2.379523
COST 262144 32768 2 8 6.50 0.0001 512 0.916725 13928.144 1.953762
COST 262144 65536 2 8 6.50 0.0001 512 0.972241 15637.714 0.710552
COST 262144 131072 2 8 6.50 0.0001 512 1.000000 16539.686 1.000000
COST 262144 4096 2 8 6.50 0.0001 512 0.334221 2913.531 2.255613
COST 262144 8192 2 8 6.50 0.0001 512 0.698559 6604.717 2.301498
COST 262144 16384 2 8 6.50 0.0001 512 0.883565 9887.633 2.099219
COST 262144 32768 2 8 6.50 0.0001 512 0.958441 11572.928 0.457400
COST 262144 65536 2 8 6.50 0.0001 512 0.988192 12297.418 0.456709
COST 262144 131072 2 8 6.50 0.0001 512 1.000000 12592.634 1.000000
COST 262144 4096 2 8 6.50 0.001 512 0.101394 2323.402 0.850495
COST 262144 8192 2 8 6.50 0.001 512 0.330538 6266.795 0.883199
COST 262144 16384 2 8 6.50 0.001 512 0.556828 12867.185 0.906686
COST 262144 32768 2 8 6.50 0.001 512 0.739561 20810.259 0.928438
COST 262144 65536 2 8 6.50 0.001 512 0.884754 29021.154 1.035146
COST 262144 131072 2 8 6.50 0.001 512 1.000000 36777.540 1.000000
COST 262144 4096 2 8 6.50 0.001 512 0.165520 2498.171 2.157937
COST 262144 8192 2 8 6.50 0.001 512 0.461419 6439.591 2.202283
COST 262144 16384 2 8 6.50 0.001 512 0.695501 11956.100 2.289416
COST 262144 32768 2 8 6.50 0.001 512 0.845648 17030.111 2.432724
COST 262144 65536 2 8 6.50 0.001 512 0.940343 20905.755 1.273070
COST 262144 131072 2 8 6.50 0.001 512 1.000000 23608.714 1.000000
COST 262144 4096 2 8 6.50 0.001 512 0.244739 2694.120 2.320085
COST 262144 8192 2 8 6.50 0.001 512 0.588167 6554.123 2.283711
COST 262144 16384 2 8 6.50 0.001 512 0.805826 10920.503 2.356850
COST 262144 32768 2 8 6.50 0.001 512 0.916725 13928.144 0.802995
COST 262144 65536 2 8 6.50 0.001 512 0.972241 15637.714 0.483931
COST 262144 131072 2 8 6.50 0.001 512 1.000000 16539.686 1.000000
COST 262144 4096 2 8 6.50 0.001 512 0.334221 2913.531 2.362489
COST 262144 8192 2 8 6.50 0.001 512 0.698559 6604.717 2.390137
COST 262144 16384 2 8 6.50 0.001 512 0.883565 9887.633 1.198870
COST 262144 32768 2 8 6.50 0.001 512 0.958441 11572.928 0.282858
COST 262144 65536 2 8 6.50 0.001 512 0.988192 12297.418 0.435189
COST 262144 131072 2 8 6.50 0.001 512 1.000000 12592.634 1.000000
COST 262144 4096 2 8 6.50 0.01 512 0.101394 2323.402 1.648416
COST 262144 8192 2 8 6.50 0.01 512 0.330538 6266.795 1.731785
COST 262144 16384 2 8 6.50 0.01 512 0.556828 12867.185 1.725620
COST 262144 32768 2 8 6.50 0.01 512 0.739561 20810.259 1.807184
COST 262144 65536 2 8 6.50 0.01 512 0.884754 29021.154 1.463677
COST 262144 131072 2 8 6.50 0.01 512 1.000000 36777.540 1.000000
COST 262144 4096 2 8 6.50 0.01 512 0.165520 2498.171 2.360548
COST 262144 8192 2 8 6.50 0.01 512 0.461419 6439.591 2.401972
COST 262144 16384 2 8 6.50 0.01 512 0.695501 11956.100 2.432377
COST 262144 32768 2 8 6.50 0.01 512 0.845648 17030.111 1.594344
COST 262144 65536 2 8 6.50 0.01 512 0.940343 20905.755 0.578366
COST 262144 131072 2 8 6.50 0.01 512 1.000000 23608.714 1.000000
COST 262144 4096 2 8 6.50 0.01 512 0.244739 2694.120 2.287193
COST 262144 8192 2 8 6.50 0.01 512 0.588167 6554.123 2.311407
COST 262144 16384 2 8 6.50 0.01 512 0.805826 10920.503 1.208015
COST 262144 32768 2 8 6.50 0.01 512 0.916725 13928.144 0.308672
COST 262144 65536 2 8 6.50 0.01 512 0.972241 15637.714 0.452750
COST 262144 131072 2 8 6.50 0.01 512 1.000000 16539.686 1.000000
COST 262144 4096 2 8 6.50 0.01 512 0.334221 2913.531 2.293898
COST 262144 8192 2 8 6.50 0.01 512 0.698559 6604.717 2.199728
COST 262144 16384 2 8 6.50 0.01 512 0.883565 9887.633 0.260075
COST 262144 32768 2 8 6.50 0.01 512 0.958441 11572.928 0.198746
COST 262144 65536 2 8 6.50 0.01 512 0.988192 12297.418 0.435311
COST 262144 131072 2 8 6.50 0.01 512 1.000000 12592.634 1.000000
COST 32768 512 2 8 5.00 0.0001 512 0.101178 290.065 0.662689
COST 32768 1024 2 8 5.00 0.0001 512 0.330389 782.926 0.678727
COST 32768 2048 2 8 5.00 0.0001 512 0.556768 1608.110 0.696513
COST 32768 4096 2 8 5.00 0.0001 512 0.739539 2601.124 0.753295
COST 32768 8192 2 8 5.00 0.0001 512 0.884747 3627.567 0.830935
COST 32768 16384 2 8 5.00 0.0001 512 1.000000 4597.157 1.000000
COST 32768 512 2 8 5.00 0.0001 512 0.165205 311.891 0.832051
COST 32768 1024 2 8 5.00 0.0001 512 0.461245 804.552 0.705792
COST 32768 2048 2 8 5.00 0.0001 512 0.695444 1494.300 0.721531
COST 32768 4096 2 8 5.00 0.0001 512 0.845632 2128.677 0.758145
COST 32768 8192 2 8 5.00 0.0001 512 0.940339 2613.188 0.848855
COST 32768 16384 2 8 5.00 0.0001 512 1.000000 2951.079 1.000000
COST 32768 512 2 8 5.00 0.0001 512 0.244329 336.365 0.799083
COST 32768 1024 2 8 5.00 0.0001 512 0.587987 818.907 0.807788
COST 32768 2048 2 8 5.00 0.0001 512 0.805779 1364.917 0.825992
COST 32768 4096 2 8 5.00 0.0001 512 0.916714 1740.974 0.865654
COST 32768 8192 2 8 5.00 0.0001 512 0.972238 1954.702 0.956677
COST 32768 16384 2 8 5.00 0.0001 512 1.000000 2067.458 1.000000
COST 32768 512 2 8 5.00 0.0001 512 0.333735 363.773 1.252756
COST 32768 1024 2 8 5.00 0.0001 512 0.698389 825.281 1.261505
COST 32768 2048 2 8 5.00 0.0001 512 0.883530 1235.861 1.307519
COST 32768 4096 2 8 5.00 0.0001 512 0.958434 1446.595 1.363298
COST 32768 8192 2 8 5.00 0.0001 512 0.988191 1537.173 1.132527
COST 32768 16384 2 8 5.00 0.0001 512 1.000000 1574.078 1.000000
COST 32768 512 2 8 5.00 0.001 512 0.101178 290.065 0.684663
COST 32768 1024 2 8 5.00 0.001 512 0.330389 782.926 0.693421
COST 32768 2048 2 8 5.00 0.001 512 0.556768 1608.110 0.732636
COST 32768 4096 2 8 5.00 0.001 512 0.739539 2601.124 0.761016
COST 32768 8192 2 8 5.00 0.001 512 0.884747 3627.567 0.835898
COST 32768 16384 2 8 5.00 0.001 512 1.000000 4597.157 1.000000
COST 32768 512 2 8 5.00 0.001 512 0.165205 311.891 0.703509
COST 32768 1024 2 8 5.00 0.001 512 0.461245 804.552 0.718140
COST 32768 2048 2 8 5.00 0.001 512 0.695444 1494.300 0.748641
COST 32768 4096 2 8 5.00 0.001 512 0.845632 2128.677 0.805458
COST 32768 8192 2 8 5.00 0.001 512 0.940339 2613.188 0.886267
COST 32768 16384 2 8 5.00 0.001 512 1.000000 2951.079 1.000000
COST 32768 512 2 8 5.00 0.001 512 0.244329 336.365 1.007983
COST 32768 1024 2 8 5.00 0.001 512 0.587987 818.907 1.014179
COST 32768 2048 2 8 5.00 0.001 512 0.805779 1364.917 1.028977
COST 32768 4096 2 8 5.00 0.001 512 0.916714 1740.974 1.086055
COST 32768 8192 2 8 5.00 0.001 512 0.972238 1954.702 1.051660
COST 32768 16384 2 8 5.00 0.001 512 1.000000 2067.458 1.000000
COST 32768 512 2 8 5.00 0.001 512 0.333735 363.773 1.614616
COST 32768 1024 2 8 5.00 0.001 512 0.698389 825.281 1.626313
COST 32768 2048 2 8 5.00 0.001 512 0.883530 1235.861 1.683306
COST 32768 4096 2 8 5.00 0.001 512 0.958434 1446.595 1.478248
COST 32768 8192 2 8 5.00 0.001 512 0.988191 1537.173 1.050825
COST 32768 16384 2 8 5.00 0.001 512 1.000000 1574.078 1.000000
COST 32768 512 2 8 5.00 0.01 512 0.101178 290.065 0.689155
COST 32768 1024 2 8 5.00 0.01 512 0.330389 782.926 0.700796
COST 32768 2048 2 8 5.00 0.01 512 0.556768 1608.110 0.716865
COST 32768 4096 2 8 5.00 0.01 512 0.739539 2601.124 0.749209
COST 32768 8192 2 8 5.00 0.01 512 0.884747 3627.567 0.850919
COST 32768 16384 2 8 5.00 0.01 512 1.000000 4597.157 1.000000
COST 32768 512 2 8 5.00 0.01 512 0.165205 311.891 0.905427
COST 32768 1024 2 8 5.00 0.01 512 0.461245 804.552 0.916357
COST 32768 2048 2 8 5.00 0.01 512 0.695444 1494.300 0.934358
COST 32768 4096 2 8 5.00 0.01 512 0.845632 2128.677 1.047617
COST 32768 8192 2 8 5.00 0.01 512 0.940339 2613.188 1.025299
COST 32768 16384 2 8 5.00 0.01 512 1.000000 2951.079 1.000000
COST 32768 512 2 8 5.00 0.01 512 0.244329 336.365 1.515069
COST 32768 1024 2 8 5.00 0.01 512 0.587987 818.907 1.545263
COST 32768 2048 2 8 5.00 0.01 512 0.805779 1364.917 1.573850
COST 32768 4096 2 8 5.00 0.01 512 0.916714 1740.974 1.452618
COST 32768 8192 2 8 5.00 0.01 512 0.972238 1954.702 1.050299
COST 32768 16384 2 8 5.00 0.01 512 1.000000 2067.458 1.000000
COST 32768 512 2 8 5.00 0.01 512 0.333735 363.773 1.955442
COST 32768 1024 2 8 5.00 0.01 512 0.698389 825.281 1.949921
COST 32768 2048 2 8 5.00 0.01 512 0.883530 1235.861 1.667698
COST 32768 4096 2 8 5.00 0.01 512 0.958434 1446.595 0.900298
COST 32768 8192 2 8 5.00 0.01 512 0.988191 1537.173 0.679607
COST 32768 16384 2 8 5.00 0.01 512 1.000000 1574.078 1.000000
COST 32768 512 2 8 5.50 0.0001 512 0.101178 290.065 0.674099
COST 32768 1024 2 8 5.50 0.0001 512 0.330389 782.926 0.689505
COST 32768 2048 2 8 5.50 0.0001 512 0.556768 1608.110 0.711220
COST 32768 4096 2 8 5.50 0.0001 512 0.739539 2601.124 0.749553
COST 32768 8192 2 8 5.50 0.0001 512 0.884747 3627.567 0.832289
COST 32768 16384 2 8 5.50 0.0001 512 1.000000 4597.157 1.000000
COST 32768 512 2 8 5.50 0.0001 512 0.165205 311.891 0.765587
COST 32768 1024 2 8 5.50 0.0001 512 0.461245 804.552 0.795901
COST 32768 2048 2 8 5.50 0.0001 512 0.695444 1494.300 0.819786
COST 32768 4096 2 8 5.50 0.0001 512 0.845632 2128.677 0.846425
COST 32768 8192 2 8 5.50 0.0001 512 0.940339 2613.188 0.952351
COST 32768 16384 2 8 5.50 0.0001 512 1.000000 2951.079 1.000000
COST 32768 512 2 8 5.50 0.0001 512 0.244329 336.365 1.505037
COST 32768 1024 2 8 5.50 0.0001 512 0.587987 818.907 1.535255
COST 32768 2048 2 8 5.50 0.0001 512 0.805779 1364.917 1.599367
COST 32768 4096 2 8 5.50 0.0001 512 0.916714 1740.974 1.647448
COST 32768 8192 2 8 5.50 0.0001 512 0.972238 1954.702 1.285608
COST 32768 16384 2 8 5.50 0.0001 512 1.000000 2067.458 1.000000
COST 32768 512 2 8 5.50 0.0001 512 0.333735 363.773 2.100768
COST 32768 1024 2 8 5.50 0.0001 512 0.698389 825.281 2.040175
COST 32768 2048 2 8 5.50 0.0001 512 0.883530 1235.861 2.115742
COST 32768 4096 2 8 5.50 0.0001 512 0.958434 1446.595 1.266532
COST 32768 8192 2 8 5.50 0.0001 512 0.988191 1537.173 0.719984
COST 32768 16384 2 8 5.50 0.0001 512 1.000000 1574.078 1.000000
COST 32768 512 2 8 5.50 0.001 512 0.101178 290.065 0.721717
COST 32768 1024 2 8 5.50 0.001 512 0.330389 782.926 0.707026
COST 32768 2048 2 8 5.50 0.001 512 0.556768 1608.110 0.713688
COST 32768 4096 2 8 5.50 0.001 512 0.739539 2601.124 0.758548
COST 32768 8192 2 8 5.50 0.001 512 0.884747 3627.567 0.883877
COST 32768 16384 2 8 5.50 0.001 512 1.000000 4597.157 1.000000
COST 32768 512 2 8 5.50 0.001 512 0.165205 311.891 1.040171
COST 32768 1024 2 8 5.50 0.001 512 0.461245 804.552 1.074376
COST 32768 2048 2 8 5.50 0.001 512 0.695444 1494.300 1.118765
COST 32768 4096 2 8 5.50 0.001 512 0.845632 2128.677 1.152110
COST 32768 8192 2 8 5.50 0.001 512 0.940339 2613.188 1.190207
COST 32768 16384 2 8 5.50 0.001 512 1.000000 2951.079 1.000000
COST 32768 512 2 8 5.50 0.001 512 0.244329 336.365 1.883204
COST 32768 1024 2 8 5.50 0.001 512 0.587987 818.907 1.956054
COST 32768 2048 2 8 5.50 0.001 512 0.805779 1364.917 1.952631
COST 32768 4096 2 8 5.50 0.001 512 0.916714 1740.974 1.642981
COST 32768 8192 2 8 5.50 0.001 512 0.972238 1954.702 0.949069
COST 32768 16384 2 8 5.50 0.001 512 1.000000 2067.458 1.000000
COST 32768 512 2 8 5.50 0.001 512 0.333735 363.773 2.092658
COST 32768 1024 2 8 5.50 0.001 512 0.698389 825.281 2.156772
COST 32768 2048 2 8 5.50 0.001 512 0.883530 1235.861 1.884340
COST 32768 4096 2 8 5.50 0.001 512 0.958434 1446.595 0.758393
COST 32768 8192 2 8 5.50 0.001 512 0.988191 1537.173 0.619005
COST 32768 16384 2 8 5.50 0.001 512 1.000000 1574.078 1.000000
COST 32768 512 2 8 5.50 0.01 512 0.101178 290.065 0.878633
COST 32768 1024 2 8 5.50 0.01 512 0.330389 782.926 0.890662
COST 32768 2048 2 8 5.50 0.01 512 0.556768 1608.110 0.894844
COST 32768 4096 2 8 5.50 0.01 512 0.739539 2601.124 0.955259
COST 32768 8192 2 8 5.50 0.01 512 0.884747 3627.567 1.019945
COST 32768 16384 2 8 5.50 0.01 512 1.000000 4597.157 1.000000
COST 32768 512 2 8 5.50 0.01 512 0.165205 311.891 1.761192
COST 32768 1024 2 8 5.50 0.01 512 0.461245 804.552 1.752229
COST 32768 2048 2 8 5.50 0.01 512 0.695444 1494.300 1.746545
COST 32768 4096 2 8 5.50 0.01 512 0.845632 2128.677 1.685052
COST 32768 8192 2 8 5.50 0.01 512 0.940339 2613.188 0.997730
COST 32768 16384 2 8 5.50 0.01 512 1.000000 2951.079 1.000000
COST 32768 512 2 8 5.50 0.01 512 0.244329 336.365 2.075731
COST 32768 1024 2 8 5.50 0.01 512 0.587987 818.907 2.074865
COST 32768 2048 2 8 5.50 0.01 512 0.805779 1364.917 1.723352
COST 32768 4096 2 8 5.50 0.01 512 0.916714 1740.974 0.832256
COST 32768 8192 2 8 5.50 0.01 512 0.972238 1954.702 0.608269
COST 32768 16384 2 8 5.50 0.01 512 1.000000 2067.458 1.000000
COST 32768 512 2 8 5.50 0.01 512 0.333735 363.773 2.134320
COST 32768 1024 2 8 5.50 0.01 512 0.698389 825.281 2.155810
COST 32768 2048 2 8 5.50 0.01 512 0.883530 1235.861 0.820247
COST 32768 4096 2 8 5.50 0.01 512 0.958434 1446.595 0.369587
COST 32768 8192 2 8 5.50 0.01 512 0.988191 1537.173 0.522330
COST 32768 16384 2 8 5.50 0.01 512 1.000000 1574.078 1.000000
COST 32768 512 2 8 6.00 0.0001 512 0.101178 290.065 0.688571
COST 32768 1024 2 8 6.00 0.0001 512 0.330389 782.926 0.700423
COST 32768 2048 2 8 6.00 0.0001 512 0.556768 1608.110 0.719462
COST 32768 4096 2 8 6.00 0.0001 512 0.739539 2601.124 0.768044
COST 32768 8192 2 8 6.00 0.0001 512 0.884747 3627.567 0.898494
COST 32768 16384 2 8 6.00 0.0001 512 1.000000 4597.157 1.000000
COST 32768 512 2 8 6.00 0.0001 512 0.165205 311.891 1.407736
COST 32768 1024 2 8 6.00 0.0001 512 0.461245 804.552 1.435580
COST 32768 2048 2 8 6.00 0.0001 512 0.695444 1494.300 1.539152
COST 32768 4096 2 8 6.00 0.0001 512 0.845632 2128.677 1.562692
COST 32768 8192 2 8 6.00 0.0001 512 0.940339 2613.188 1.431406
COST 32768 16384 2 8 6.00 0.0001 512 1.000000 2951.079 1.000000
COST 32768 512 2 8 6.00 0.0001 512 0.244329 336.365 2.133765
COST 32768 1024 2 8 6.00 0.0001 512 0.587987 818.907 2.161888
COST 32768 2048 2 8 6.00 0.0001 512 0.805779 1364.917 2.208729
COST 32768 4096 2 8 6.00 0.0001 512 0.916714 1740.974 1.537469
COST 32768 8192 2 8 6.00 0.0001 512 0.972238 1954.702 0.826231
COST 32768 16384 2 8 6.00 0.0001 512 1.000000 2067.458 1.000000
COST 32768 512 2 8 6.00 0.0001 512 0.333735 363.773 2.154311
COST 32768 1024 2 8 6.00 0.0001 512 0.698389 825.281 2.175858
COST 32768 2048 2 8 6.00 0.0001 512 0.883530 1235.861 1.631470
COST 32768 4096 2 8 6.00 0.0001 512 0.958434 1446.595 0.479164
COST 32768 8192 2 8 6.00 0.0001 512 0.988191 1537.173 0.539568
COST 32768 16384 2 8 6.00 0.0001 512 1.000000 1574.078 1.000000
COST 32768 512 2 8 6.00 0.001 512 0.101178 290.065 0.892388
COST 32768 1024 2 8 6.00 0.001 512 0.330389 782.926 0.924666
COST 32768 2048 2 8 6.00 0.001 512 0.556768 1608.110 0.977249
COST 32768 4096 2 8 6.00 0.001 512 0.739539 2601.124 0.996762
COST 32768 8192 2 8 6.00 0.001 512 0.884747 3627.567 1.149297
COST 32768 16384 2 8 6.00 0.001 512 1.000000 4597.157 1.000000
COST 32768 512 2 8 6.00 0.001 512 0.165205 311.891 1.891336
COST 32768 1024 2 8 6.00 0.001 512 0.461245 804.552 1.940486
COST 32768 2048 2 8 6.00 0.001 512 0.695444 1494.300 1.951542
COST 32768 4096 2 8 6.00 0.001 512 0.845632 2128.677 1.972796
COST 32768 8192 2 8 6.00 0.001 512 0.940339 2613.188 1.062292
COST 32768 16384 2 8 6.00 0.001 512 1.000000 2951.079 1.000000
COST 32768 512 2 8 6.00 0.001 512 0.244329 336.365 2.153662
COST 32768 1024 2 8 6.00 0.001 512 0.587987 818.907 2.203992
COST 32768 2048 2 8 6.00 0.001 512 0.805779 1364.917 2.084499
COST 32768 4096 2 8 6.00 0.001 512 0.916714 1740.974 0.745801
COST 32768 8192 2 8 6.00 0.001 512 0.972238 1954.702 0.595643
COST 32768 16384 2 8 6.00 0.001 512 1.000000 2067.458 1.000000
COST 32768 512 2 8 6.00 0.001 512 0.333735 363.773 2.191444
COST 32768 1024 2 8 6.00 0.001 512 0.698389 825.281 2.221795
COST 32768 2048 2 8 6.00 0.001 512 0.883530 1235.861 0.820222
COST 32768 4096 2 8 6.00 0.001 512 0.958434 1446.595 0.333279
COST 32768 8192 2 8 6.00 0.001 512 0.988191 1537.173 0.517623
COST 32768 16384 2 8 6.00 0.001 512 1.000000 1574.078 1.000000
COST 32768 512 2 8 6.00 0.01 512 0.101178 290.065 1.578271
COST 32768 1024 2 8 6.00 0.01 512 0.330389 782.926 1.597686
COST 32768 2048 2 8 6.00 0.01 512 0.556768 1608.110 1.639525
COST 32768 4096 2 8 6.00 0.01 512 0.739539 2601.124 1.716017
COST 32768 8192 2 8 6.00 0.01 512 0.884747 3627.567 1.151068
COST 32768 16384 2 8 6.00 0.01 512 1.000000 4597.157 1.000000
COST 32768 512 2 8 6.00 0.01 512 0.165205 311.891 2.094029
COST 32768 1024 2 8 6.00 0.01 512 0.461245 804.552 2.137507
COST 32768 2048 2 8 6.00 0.01 512 0.695444 1494.300 2.050483
COST 32768 4096 2 8 6.00 0.01 512 0.845632 2128.677 1.124691
COST 32768 8192 2 8 6.00 0.01 512 0.940339 2613.188 0.633887
COST 32768 16384 2 8 6.00 0.01 512 1.000000 2951.079 1.000000
COST 32768 512 2 8 6.00 0.01 512 0.244329 336.365 2.199797
COST 32768 1024 2 8 6.00 0.01 512 0.587987 818.907 2.177958
COST 32768 2048 2 8 6.00 0.01 512 0.805779 1364.917 0.869203
COST 32768 4096 2 8 6.00 0.01 512 0.916714 1740.974 0.348544
COST 32768 8192 2 8 6.00 0.01 512 0.972238 1954.702 0.512320
COST 32768 16384 2 8 6.00 0.01 512 1.000000 2067.458 1.000000
COST 32768 512 2 8 6.00 0.01 512 0.333735 363.773 2.229226
COST 32768 1024 2 8 6.00 0.01 512 0.698389 825.281 1.735877
COST 32768 2048 2 8 6.00 0.01 512 0.883530 1235.861 0.264731
COST 32768 4096 2 8 6.00 0.01 512 0.958434 1446.595 0.258633
COST 32768 8192 2 8 6.00 0.01 512 0.988191 1537.173 0.520606
COST 32768 16384 2 8 6.00 0.01 512 1.000000 1574.078 1.000000
COST 32768 512 2 8 6.50 0.0001 512 0.101178 290.065 1.119391
COST 32768 1024 2 8 6.50 0.0001 512 0.330389 782.926 1.106574
COST 32768 2048 2 8 6.50 0.0001 512 0.556768 1608.110 1.169187
COST 32768 4096 2 8 6.50 0.0001 512 0.739539 2601.124 1.226984
COST 32768 8192 2 8 6.50 0.0001 512 0.884747 3627.567 1.373774
COST 32768 16384 2 8 6.50 0.0001 512 1.000000 4597.157 1.000000
COST 32768 512 2 8 6.50 0.0001 512 0.165205 311.891 2.068378
COST 32768 1024 2 8 6.50 0.0001 512 0.461245 804.552 2.075294
COST 32768 2048 2 8 6.50 0.0001 512 0.695444 1494.300 2.126293
COST 32768 4096 2 8 6.50 0.0001 512 0.845632 2128.677 2.009426
COST 32768 8192 2 8 6.50 0.0001 512 0.940339 2613.188 0.968534
COST 32768 16384 2 8 6.50 0.0001 512 1.000000 2951.079 1.000000
COST 32768 512 2 8 6.50 0.0001 512 0.244329 336.365 2.170494
COST 32768 1024 2 8 6.50 0.0001 512 0.587987 818.907 2.232758
COST 32768 2048 2 8 6.50 0.0001 512 0.805779 1364.917 2.042044
COST 32768 4096 2 8 6.50 0.0001 512 0.916714 1740.974 0.606898
COST 32768 8192 2 8 6.50 0.0001 512 0.972238 1954.702 0.535161
COST 32768 16384 2 8 6.50 0.0001 512 1.000000 2067.458 1.000000
COST 32768 512 2 8 6.50 0.0001 512 0.333735 363.773 2.209331
COST 32768 1024 2 8 6.50 0.0001 512 0.698389 825.281 2.258454
COST 32768 2048 2 8 6.50 0.0001 512 0.883530 1235.861 0.662856
COST 32768 4096 2 8 6.50 0.0001 512 0.958434 1446.595 0.286711
COST 32768 8192 2 8 6.50 0.0001 512 0.988191 1537.173 0.523283
COST 32768 16384 2 8 6.50 0.0001 512 1.000000 1574.078 1.000000
COST 32768 512 2 8 6.50 0.001 512 0.101178 290.065 1.624328
COST 32768 1024 2 8 6.50 0.001 512 0.330389 782.926 1.606170
COST 32768 2048 2 8 6.50 0.001 512 0.556768 1608.110 1.686657
COST 32768 4096 2 8 6.50 0.001 512 0.739539 2601.124 1.774036
COST 32768 8192 2 8 6.50 0.001 512 0.884747 3627.567 1.446056
COST 32768 16384 2 8 6.50 0.001 512 1.000000 4597.157 1.000000
COST 32768 512 2 8 6.50 0.001 512 0.165205 311.891 2.146470
COST 32768 1024 2 8 6.50 0.001 512 0.461245 804.552 2.197147
COST 32768 2048 2 8 6.50 0.001 512 0.695444 1494.300 2.307989
COST 32768 4096 2 8 6.50 0.001 512 0.845632 2128.677 1.252666
COST 32768 8192 2 8 6.50 0.001 512 0.940339 2613.188 0.635933
COST 32768 16384 2 8 6.50 0.001 512 1.000000 2951.079 1.000000
COST 32768 512 2 8 6.50 0.001 512 0.244329 336.365 2.216105
COST 32768 1024 2 8 6.50 0.001 512 0.587987 818.907 2.223684
COST 32768 2048 2 8 6.50 0.001 512 0.805779 1364.917 1.186573
COST 32768 4096 2 8 6.50 0.001 512 0.916714 1740.974 0.308915
COST 32768 8192 2 8 6.50 0.001 512 0.972238 1954.702 0.515877
COST 32768 16384 2 8 6.50 0.001 512 1.000000 2067.458 1.000000
COST 32768 512 2 8 6.50 0.001 512 0.333735 363.773 2.206840
COST 32768 1024 2 8 6.50 0.001 512 0.698389 825.281 1.979094
COST 32768 2048 2 8 6.50 0.001 512 0.883530 1235.861 0.255090
COST 32768 4096 2 8 6.50 0.001 512 0.958434 1446.595 0.248629
COST 32768 8192 2 8 6.50 0.001 512 0.988191 1537.173 0.521702
COST 32768 16384 2 8 6.50 0.001 512 1.000000 1574.078 1.000000
COST 32768 512 2 8 6.50 0.01 512 0.101178 290.065 2.089610
COST 32768 1024 2 8 6.50 0.01 512 0.330389 782.926 2.098763
COST 32768 2048 2 8 6.50 0.01 512 0.556768 1608.110 2.224956
COST 32768 4096 2 8 6.50 0.01 512 0.739539 2601.124 1.673891
COST 32768 8192 2 8 6.50 0.01 512 0.884747 3627.567 0.763096
COST 32768 16384 2 8 6.50 0.01 512 1.000000 4597.157 1.000000
COST 32768 512 2 8 6.50 0.01 512 0.165205 311.891 2.172977
COST 32768 1024 2 8 6.50 0.01 512 0.461245 804.552 2.329462
COST 32768 2048 2 8 6.50 0.01 512 0.695444 1494.300 1.436833
COST 32768 4096 2 8 6.50 0.01 512 0.845632 2128.677 0.469875
COST 32768 8192 2 8 6.50 0.01 512 0.940339 2613.188 0.537352
COST 32768 16384 2 8 6.50 0.01 512 1.000000 2951.079 1.000000
COST 32768 512 2 8 6.50 0.01 512 0.244329 336.365 2.205856
COST 32768 1024 2 8 6.50 0.01 512 0.587987 818.907 1.972846
COST 32768 2048 2 8 6.50 0.01 512 0.805779 1364.917 0.306754
COST 32768 4096 2 8 6.50 0.01 512 0.916714 1740.974 0.248955
COST 32768 8192 2 8 6.50 0.01 512 0.972238 1954.702 0.519519
COST 32768 16384 2 8 6.50 0.01 512 1.000000 2067.458 1.000000
COST 32768 512 2 8 6.50 0.01 512 0.333735 363.773 2.198770
COST 32768 1024 2 8 6.50 0.01 512 0.698389 825.281 0.745807
COST 32768 2048 2 8 6.50 0.01 512 0.883530 1235.861 0.130074
COST 32768 4096 2 8 6.50 0.01 512 0.958434 1446.595 0.244929
COST 32768 8192 2 8 6.50 0.01 512 0.988191 1537.173 0.523647
COST 32768 16384 2 8 6.50 0.01 512 1.000000 1574.078 1.000000
COST 4096 256 2 8 5.00 0.0001 16384 0.556281 200.726 0.820681
COST 4096 512 2 8 5.00 0.0001 16384 0.739362 324.982 0.910860
COST 4096 1024 2 8 5.00 0.0001 16384 0.884695 453.368 0.956235
COST 4096 2048 2 8 5.00 0.0001 16384 1.000000 574.609 1.000000
COST 4096 256 2 8 5.00 0.0001 512 0.556281 200.726 0.696608
COST 4096 512 2 8 5.00 0.0001 512 0.739362 324.982 0.746443
COST 4096 1024 2 8 5.00 0.0001 512 0.884695 453.368 0.840208
COST 4096 2048 2 8 5.00 0.0001 512 1.000000 574.609 1.000000
COST 4096 256 2 8 5.00 0.0001 16384 0.694993 186.575 1.109059
COST 4096 512 2 8 5.00 0.0001 16384 0.845498 265.998 1.226224
COST 4096 1024 2 8 5.00 0.0001 16384 0.940306 326.617 1.227417
COST 4096 2048 2 8 5.00 0.0001 16384 1.000000 368.874 1.000000
COST 4096 256 2 8 5.00 0.0001 512 0.694993 186.575 1.071209
COST 4096 512 2 8 5.00 0.0001 512 0.845498 265.998 1.123131
COST 4096 1024 2 8 5.00 0.0001 512 0.940306 326.617 1.150792
COST 4096 2048 2 8 5.00 0.0001 512 1.000000 368.874 1.000000
COST 4096 256 2 8 5.00 0.0001 16384 0.805405 170.469 2.020639
COST 4096 512 2 8 5.00 0.0001 16384 0.916625 217.578 1.715482
COST 4096 1024 2 8 5.00 0.0001 16384 0.972220 244.326 1.031013
COST 4096 2048 2 8 5.00 0.0001 16384 1.000000 258.429 1.000000
COST 4096 256 2 8 5.00 0.0001 512 0.805405 170.469 1.912965
COST 4096 512 2 8 5.00 0.0001 512 0.916625 217.578 1.576562
COST 4096 1024 2 8 5.00 0.0001 512 0.972220 244.326 0.891439
COST 4096 2048 2 8 5.00 0.0001 512 1.000000 258.429 1.000000
COST 4096 256 2 8 5.00 0.0001 16384 0.883249 154.389 2.111512
COST 4096 512 2 8 5.00 0.0001 16384 0.958380 180.803 1.038644
COST 4096 1024 2 8 5.00 0.0001 16384 0.988182 192.142 0.638192
COST 4096 2048 2 8 5.00 0.0001 16384 1.000000 196.759 1.000000
COST 4096 256 2 8 5.00 0.0001 512 0.883249 154.389 1.809882
COST 4096 512 2 8 5.00 0.0001 512 0.958380 180.803 0.737888
COST 4096 1024 2 8 5.00 0.0001 512 0.988182 192.142 0.553315
COST 4096 2048 2 8 5.00 0.0001 512 1.000000 196.759 1.000000
COST 4096 256 2 8 5.00 0.0001 16384 0.787575 171.100 2.597344
COST 4096 512 2 8 5.00 0.0001 16384 0.930638 232.707 2.051173
COST 4096 1024 2 8 5.00 0.0001 16384 0.986999 261.191 0.933424
COST 4096 2048 2 8 5.00 0.0001 16384 1.000000 268.093 1.000000
COST 4096 256 2 8 5.00 0.0001 512 0.787575 171.100 2.170055
COST 4096 512 2 8 5.00 0.0001 512 0.930638 232.707 1.648883
COST 4096 1024 2 8 5.00 0.0001 512 0.986999 261.191 0.820984
COST 4096 2048 2 8 5.00 0.0001 512 1.000000 268.093 1.000000
COST 4096 256 2 8 5.00 0.001 16384 0.556281 200.726 0.831543
COST 4096 512 2 8 5.00 0.001 16384 0.739362 324.982 0.867972
COST 4096 1024 2 8 5.00 0.001 16384 0.884695 453.368 0.929905
COST 4096 2048 2 8 5.00 0.001 16384 1.000000 574.609 1.000000
COST 4096 256 2 8 5.00 0.001 512 0.556281 200.726 0.777207
COST 4096 512 2 8 5.00 0.001 512 0.739362 324.982 0.817282
COST 4096 1024 2 8 5.00 0.001 512 0.884695 453.368 0.900690
COST 4096 2048 2 8 5.00 0.001 512 1.000000 574.609 1.000000
COST 4096 256 2 8 5.00 0.001 16384 0.694993 186.575 1.496693
COST 4096 512 2 8 5.00 0.001 16384 0.845498 265.998 1.551954
COST 4096 1024 2 8 5.00 0.001 16384 0.940306 326.617 1.134922
COST 4096 2048 2 8 5.00 0.001 16384 1.000000 368.874 1.000000
COST 4096 256 2 8 5.00 0.001 512 0.694993 186.575 1.473258
COST 4096 512 2 8 5.00 0.001 512 0.845498 265.998 1.490037
COST 4096 1024 2 8 5.00 0.001 512 0.940306 326.617 1.002408
COST 4096 2048 2 8 5.00 0.001 512 1.000000 368.874 1.000000
COST 4096 256 2 8 5.00 0.001 16384 0.805405 170.469 2.088079
COST 4096 512 2 8 5.00 0.001 16384 0.916625 217.578 1.278516
COST 4096 1024 2 8 5.00 0.001 16384 0.972220 244.326 0.757092
COST 4096 2048 2 8 5.00 0.001 16384 1.000000 258.429 1.000000
COST 4096 256 2 8 5.00 0.001 512 0.805405 170.469 1.952117
COST 4096 512 2 8 5.00 0.001 512 0.916625 217.578 1.063146
COST 4096 1024 2 8 5.00 0.001 512 0.972220 244.326 0.630423
COST 4096 2048 2 8 5.00 0.001 512 1.000000 258.429 1.000000
COST 4096 256 2 8 5.00 0.001 16384 0.883249 154.389 1.455299
COST 4096 512 2 8 5.00 0.001 16384 0.958380 180.803 0.604572
COST 4096 1024 2 8 5.00 0.001 16384 0.988182 192.142 0.510741
COST 4096 2048 2 8 5.00 0.001 16384 1.000000 196.759 1.000000
COST 4096 256 2 8 5.00 0.001 512 0.883249 154.389 1.059374
COST 4096 512 2 8 5.00 0.001 512 0.958380 180.803 0.439780
COST 4096 1024 2 8 5.00 0.001 512 0.988182 192.142 0.474888
COST 4096 2048 2 8 5.00 0.001 512 1.000000 196.759 1.000000
COST 4096 256 2 8 5.00 0.001 16384 0.787575 171.100 2.308847
COST 4096 512 2 8 5.00 0.001 16384 0.930638 232.707 1.222958
COST 4096 1024 2 8 5.00 0.001 16384 0.986999 261.191 0.672919
COST 4096 2048 2 8 5.00 0.001 16384 1.000000 268.093 1.000000
COST 4096 256 2 8 5.00 0.001 512 0.787575 171.100 1.971039
COST 4096 512 2 8 5.00 0.001 512 0.930638 232.707 0.957486
COST 4096 1024 2 8 5.00 0.001 512 0.986999 261.191 0.538072
COST 4096 2048 2 8 5.00 0.001 512 1.000000 268.093 1.000000
COST 4096 256 2 8 5.00 0.01 16384 0.556281 200.726 1.236431
COST 4096 512 2 8 5.00 0.01 16384 0.739362 324.982 1.319433
COST 4096 1024 2 8 5.00 0.01 16384 0.884695 453.368 1.020185
COST 4096 2048 2 8 5.00 0.01 16384 1.000000 574.609 1.000000
COST 4096 256 2 8 5.00 0.01 512 0.556281 200.726 1.206726
COST 4096 512 2 8 5.00 0.01 512 0.739362 324.982 1.246216
COST 4096 1024 2 8 5.00 0.01 512 0.884695 453.368 0.987605
COST 4096 2048 2 8 5.00 0.01 512 1.000000 574.609 1.000000
COST 4096 256 2 8 5.00 0.01 16384 0.694993 186.575 2.155825
COST 4096 512 2 8 5.00 0.01 16384 0.845498 265.998 1.396495
COST 4096 1024 2 8 5.00 0.01 16384 0.940306 326.617 0.746623
COST 4096 2048 2 8 5.00 0.01 16384 1.000000 368.874 1.000000
COST 4096 256 2 8 5.00 0.01 512 0.694993 186.575 1.958866
COST 4096 512 2 8 5.00 0.01 512 0.845498 265.998 1.291479
COST 4096 1024 2 8 5.00 0.01 512 0.940306 326.617 0.709258
COST 4096 2048 2 8 5.00 0.01 512 1.000000 368.874 1.000000
COST 4096 256 2 8 5.00 0.01 16384 0.805405 170.469 1.308134
COST 4096 512 2 8 5.00 0.01 16384 0.916625 217.578 0.630254
COST 4096 1024 2 8 5.00 0.01 16384 0.972220 244.326 0.518805
COST 4096 2048 2 8 5.00 0.01 16384 1.000000 258.429 1.000000
COST 4096 256 2 8 5.00 0.01 512 0.805405 170.469 0.976804
COST 4096 512 2 8 5.00 0.01 512 0.916625 217.578 0.483746
COST 4096 1024 2 8 5.00 0.01 512 0.972220 244.326 0.480457
COST 4096 2048 2 8 5.00 0.01 512 1.000000 258.429 1.000000
COST 4096 256 2 8 5.00 0.01 16384 0.883249 154.389 0.578157
COST 4096 512 2 8 5.00 0.01 16384 0.958380 180.803 0.295536
COST 4096 1024 2 8 5.00 0.01 16384 0.988182 192.142 0.437913
COST 4096 2048 2 8 5.00 0.01 16384 1.000000 196.759 1.000000
COST 4096 256 2 8 5.00 0.01 512 0.883249 154.389 0.380593
COST 4096 512 2 8 5.00 0.01 512 0.958380 180.803 0.257120
COST 4096 1024 2 8 5.00 0.01 512 0.988182 192.142 0.446176
COST 4096 2048 2 8 5.00 0.01 512 1.000000 196.759 1.000000
COST 4096 256 2 8 5.00 0.01 16384 0.787575 171.100 1.484892
COST 4096 512 2 8 5.00 0.01 16384 0.930638 232.707 0.520270
COST 4096 1024 2 8 5.00 0.01 16384 0.986999 261.191 0.466427
COST 4096 2048 2 8 5.00 0.01 16384 1.000000 268.093 1.000000
COST 4096 256 2 8 5.00 0.01 512 0.787575 171.100 1.121874
COST 4096 512 2 8 5.00 0.01 512 0.930638 232.707 0.424043
COST 4096 1024 2 8 5.00 0.01 512 0.986999 261.191 0.449994
COST 4096 2048 2 8 5.00 0.01 512 1.000000 268.093 1.000000
COST 4096 256 2 8 5.50 0.0001 16384 0.556281 200.726 0.947964
COST 4096 512 2 8 5.50 0.0001 16384 0.739362 324.982 0.931254
COST 4096 1024 2 8 5.50 0.0001 16384 0.884695 453.368 1.007254
COST 4096 2048 2 8 5.50 0.0001 16384 1.000000 574.609 1.000000
COST 4096 256 2 8 5.50 0.0001 512 0.556281 200.726 0.864669
COST 4096 512 2 8 5.50 0.0001 512 0.739362 324.982 0.907313
COST 4096 1024 2 8 5.50 0.0001 512 0.884695 453.368 1.017787
COST 4096 2048 2 8 5.50 0.0001 512 1.000000 574.609 1.000000
COST 4096 256 2 8 5.50 0.0001 16384 0.694993 186.575 1.931566
COST 4096 512 2 8 5.50 0.0001 16384 0.845498 265.998 1.954000
COST 4096 1024 2 8 5.50 0.0001 16384 0.940306 326.617 1.196277
COST 4096 2048 2 8 5.50 0.0001 16384 1.000000 368.874 1.000000
COST 4096 256 2 8 5.50 0.0001 512 0.694993 186.575 1.817009
COST 4096 512 2 8 5.50 0.0001 512 0.845498 265.998 1.802722
COST 4096 1024 2 8 5.50 0.0001 512 0.940306 326.617 1.053213
COST 4096 2048 2 8 5.50 0.0001 512 1.000000 368.874 1.000000
COST 4096 256 2 8 5.50 0.0001 16384 0.805405 170.469 2.316887
COST 4096 512 2 8 5.50 0.0001 16384 0.916625 217.578 1.114351
COST 4096 1024 2 8 5.50 0.0001 16384 0.972220 244.326 0.589452
COST 4096 2048 2 8 5.50 0.0001 16384 1.000000 258.429 1.000000
COST 4096 256 2 8 5.50 0.0001 512 0.805405 170.469 1.976362
COST 4096 512 2 8 5.50 0.0001 512 0.916625 217.578 0.844484
COST 4096 1024 2 8 5.50 0.0001 512 0.972220 244.326 0.526730
COST 4096 2048 2 8 5.50 0.0001 512 1.000000 258.429 1.000000
COST 4096 256 2 8 5.50 0.0001 16384 0.883249 154.389 1.169835
COST 4096 512 2 8 5.50 0.0001 16384 0.958380 180.803 0.408721
COST 4096 1024 2 8 5.50 0.0001 16384 0.988182 192.142 0.434670
COST 4096 2048 2 8 5.50 0.0001 16384 1.000000 196.759 1.000000
COST 4096 256 2 8 5.50 0.0001 512 0.883249 154.389 0.826157
COST 4096 512 2 8 5.50 0.0001 512 0.958380 180.803 0.324251
COST 4096 1024 2 8 5.50 0.0001 512 0.988182 192.142 0.442453
COST 4096 2048 2 8 5.50 0.0001 512 1.000000 196.759 1.000000
COST 4096 256 2 8 5.50 0.0001 16384 0.787575 171.100 2.410678
COST 4096 512 2 8 5.50 0.0001 16384 0.930638 232.707 0.963053
COST 4096 1024 2 8 5.50 0.0001 16384 0.986999 261.191 0.511925
COST 4096 2048 2 8 5.50 0.0001 16384 1.000000 268.093 1.000000
COST 4096 256 2 8 5.50 0.0001 512 0.787575 171.100 1.985537
COST 4096 512 2 8 5.50 0.0001 512 0.930638 232.707 0.817667
COST 4096 1024 2 8 5.50 0.0001 512 0.986999 261.191 0.466653
COST 4096 2048 2 8 5.50 0.0001 512 1.000000 268.093 1.000000
COST 4096 256 2 8 5.50 0.001 16384 0.556281 200.726 1.358837
COST 4096 512 2 8 5.50 0.001 16384 0.739362 324.982 1.367584
COST 4096 1024 2 8 5.50 0.001 16384 0.884695 453.368 1.256638
COST 4096 2048 2 8 5.50 0.001 16384 1.000000 574.609 1.000000
COST 4096 256 2 8 5.50 0.001 512 0.556281 200.726 1.269235
COST 4096 512 2 8 5.50 0.001 512 0.739362 324.982 1.353072
COST 4096 1024 2 8 5.50 0.001 512 0.884695 453.368 1.213740
COST 4096 2048 2 8 5.50 0.001 512 1.000000 574.609 1.000000
COST 4096 256 2 8 5.50 0.001 16384 0.694993 186.575 2.224623
COST 4096 512 2 8 5.50 0.001 16384 0.845498 265.998 1.520570
COST 4096 1024 2 8 5.50 0.001 16384 0.940306 326.617 0.762800
COST 4096 2048 2 8 5.50 0.001 16384 1.000000 368.874 1.000000
COST 4096 256 2 8 5.50 0.001 512 0.694993 186.575 2.132574
COST 4096 512 2 8 5.50 0.001 512 0.845498 265.998 1.317977
COST 4096 1024 2 8 5.50 0.001 512 0.940306 326.617 0.684532
COST 4096 2048 2 8 5.50 0.001 512 1.000000 368.874 1.000000
COST 4096 256 2 8 5.50 0.001 16384 0.805405 170.469 1.633338
COST 4096 512 2 8 5.50 0.001 16384 0.916625 217.578 0.555675
COST 4096 1024 2 8 5.50 0.001 16384 0.972220 244.326 0.469071
COST 4096 2048 2 8 5.50 0.001 16384 1.000000 258.429 1.000000
COST 4096 256 2 8 5.50 0.001 512 0.805405 170.469 1.213468
COST 4096 512 2 8 5.50 0.001 512 0.916625 217.578 0.434646
COST 4096 1024 2 8 5.50 0.001 512 0.972220 244.326 0.459810
COST 4096 2048 2 8 5.50 0.001 512 1.000000 258.429 1.000000
COST 4096 256 2 8 5.50 0.001 16384 0.883249 154.389 0.541777
COST 4096 512 2 8 5.50 0.001 16384 0.958380 180.803 0.255695
COST 4096 1024 2 8 5.50 0.001 16384 0.988182 192.142 0.419318
COST 4096 2048 2 8 5.50 0.001 16384 1.000000 196.759 1.000000
COST 4096 256 2 8 5.50 0.001 512 0.883249 154.389 0.364271
COST 4096 512 2 8 5.50 0.001 512 0.958380 180.803 0.249592
COST 4096 1024 2 8 5.50 0.001 512 0.988182 192.142 0.421050
COST 4096 2048 2 8 5.50 0.001 512 1.000000 196.759 1.000000
COST 4096 256 2 8 5.50 0.001 16384 0.787575 171.100 1.610032
COST 4096 512 2 8 5.50 0.001 16384 0.930638 232.707 0.475951
COST 4096 1024 2 8 5.50 0.001 16384 0.986999 261.191 0.444082
COST 4096 2048 2 8 5.50 0.001 16384 1.000000 268.093 1.000000
COST 4096 256 2 8 5.50 0.001 512 0.787575 171.100 1.225121
COST 4096 512 2 8 5.50 0.001 512 0.930638 232.707 0.385597
COST 4096 1024 2 8 5.50 0.001 512 0.986999 261.191 0.427053
COST 4096 2048 2 8 5.50 0.001 512 1.000000 268.093 1.000000
COST 4096 256 2 8 5.50 0.01 16384 0.556281 200.726 2.153047
COST 4096 512 2 8 5.50 0.01 16384 0.739362 324.982 1.755042
COST 4096 1024 2 8 5.50 0.01 16384 0.884695 453.368 0.859248
COST 4096 2048 2 8 5.50 0.01 16384 1.000000 574.609 1.000000
COST 4096 256 2 8 5.50 0.01 512 0.556281 200.726 2.055230
COST 4096 512 2 8 5.50 0.01 512 0.739362 324.982 1.602237
COST 4096 1024 2 8 5.50 0.01 512 0.884695 453.368 0.822431
COST 4096 2048 2 8 5.50 0.01 512 1.000000 574.609 1.000000
COST 4096 256 2 8 5.50 0.01 16384 0.694993 186.575 1.807402
COST 4096 512 2 8 5.50 0.01 16384 0.845498 265.998 0.712394
COST 4096 1024 2 8 5.50 0.01 16384 0.940306 326.617 0.494567
COST 4096 2048 2 8 5.50 0.01 16384 1.000000 368.874 1.000000
COST 4096 256 2 8 5.50 0.01 512 0.694993 186.575 1.363109
COST 4096 512 2 8 5.50 0.01 512 0.845498 265.998 0.532073
COST 4096 1024 2 8 5.50 0.01 512 0.940306 326.617 0.462389
COST 4096 2048 2 8 5.50 0.01 512 1.000000 368.874 1.000000
COST 4096 256 2 8 5.50 0.01 16384 0.805405 170.469 0.515970
COST 4096 512 2 8 5.50 0.01 16384 0.916625 217.578 0.274016
COST 4096 1024 2 8 5.50 0.01 16384 0.972220 244.326 0.421751
COST 4096 2048 2 8 5.50 0.01 16384 1.000000 258.429 1.000000
COST 4096 256 2 8 5.50 0.01 512 0.805405 170.469 0.360057
COST 4096 512 2 8 5.50 0.01 512 0.916625 217.578 0.252187
COST 4096 1024 2 8 5.50 0.01 512 0.972220 244.326 0.408023
COST 4096 2048 2 8 5.50 0.01 512 1.000000 258.429 1.000000
COST 4096 256 2 8 5.50 0.01 16384 0.883249 154.389 0.186497
COST 4096 512 2 8 5.50 0.01 16384 0.958380 180.803 0.215228
COST 4096 1024 2 8 5.50 0.01 16384 0.988182 192.142 0.406094
COST 4096 2048 2 8 5.50 0.01 16384 1.000000 196.759 1.000000
COST 4096 256 2 8 5.50 0.01 512 0.883249 154.389 0.151496
COST 4096 512 2 8 5.50 0.01 512 0.958380 180.803 0.219848
COST 4096 1024 2 8 5.50 0.01 512 0.988182 192.142 0.403716
COST 4096 2048 2 8 5.50 0.01 512 1.000000 196.759 1.000000
COST 4096 256 2 8 5.50 0.01 16384 0.787575 171.100 0.613474
COST 4096 512 2 8 5.50 0.01 16384 0.930638 232.707 0.243032
COST 4096 1024 2 8 5.50 0.01 16384 0.986999 261.191 0.412230
COST 4096 2048 2 8 5.50 0.01 16384 1.000000 268.093 1.000000
COST 4096 256 2 8 5.50 0.01 512 0.787575 171.100 0.460424
COST 4096 512 2 8 5.50 0.01 512 0.930638 232.707 0.217218
COST 4096 1024 2 8 5.50 0.01 512 0.986999 261.191 0.409478
COST 4096 2048 2 8 5.50 0.01 512 1.000000 268.093 1.000000
COST 4096 256 2 8 6.00 0.0001 16384 0.556281 200.726 1.609469
COST 4096 512 2 8 6.00 0.0001 16384 0.739362 324.982 1.721853
COST 4096 1024 2 8 6.00 0.0001 16384 0.884695 453.368 1.477615
COST 4096 2048 2 8 6.00 0.0001 16384 1.000000 574.609 1.000000
COST 4096 256 2 8 6.00 0.0001 512 0.556281 200.726 1.558810
COST 4096 512 2 8 6.00 0.0001 512 0.739362 324.982 1.662731
COST 4096 1024 2 8 6.00 0.0001 512 0.884695 453.368 1.430573
COST 4096 2048 2 8 6.00 0.0001 512 1.000000 574.609 1.000000
COST 4096 256 2 8 6.00 0.0001 16384 0.694993 186.575 2.378222
COST 4096 512 2 8 6.00 0.0001 16384 0.845498 265.998 1.483076
COST 4096 1024 2 8 6.00 0.0001 16384 0.940306 326.617 0.690665
COST 4096 2048 2 8 6.00 0.0001 16384 1.000000 368.874 1.000000
COST 4096 256 2 8 6.00 0.0001 512 0.694993 186.575 2.138396
COST 4096 512 2 8 6.00 0.0001 512 0.845498 265.998 1.268034
COST 4096 1024 2 8 6.00 0.0001 512 0.940306 326.617 0.640917
COST 4096 2048 2 8 6.00 0.0001 512 1.000000 368.874 1.000000
COST 4096 256 2 8 6.00 0.0001 16384 0.805405 170.469 1.402716
COST 4096 512 2 8 6.00 0.0001 16384 0.916625 217.578 0.421162
COST 4096 1024 2 8 6.00 0.0001 16384 0.972220 244.326 0.420842
COST 4096 2048 2 8 6.00 0.0001 16384 1.000000 258.429 1.000000
COST 4096 256 2 8 6.00 0.0001 512 0.805405 170.469 1.057355
COST 4096 512 2 8 6.00 0.0001 512 0.916625 217.578 0.356028
COST 4096 1024 2 8 6.00 0.0001 512 0.972220 244.326 0.428745
COST 4096 2048 2 8 6.00 0.0001 512 1.000000 258.429 1.000000
COST 4096 256 2 8 6.00 0.0001 16384 0.883249 154.389 0.451307
COST 4096 512 2 8 6.00 0.0001 16384 0.958380 180.803 0.214876
COST 4096 1024 2 8 6.00 0.0001 16384 0.988182 192.142 0.403920
COST 4096 2048 2 8 6.00 0.0001 16384 1.000000 196.759 1.000000
COST 4096 256 2 8 6.00 0.0001 512 0.883249 154.389 0.311176
COST 4096 512 2 8 6.00 0.0001 512 0.958380 180.803 0.220636
COST 4096 1024 2 8 6.00 0.0001 512 0.988182 192.142 0.416175
COST 4096 2048 2 8 6.00 0.0001 512 1.000000 196.759 1.000000
COST 4096 256 2 8 6.00 0.0001 16384 0.787575 171.100 1.473589
COST 4096 512 2 8 6.00 0.0001 16384 0.930638 232.707 0.394360
COST 4096 1024 2 8 6.00 0.0001 16384 0.986999 261.191 0.415927
COST 4096 2048 2 8 6.00 0.0001 16384 1.000000 268.093 1.000000
COST 4096 256 2 8 6.00 0.0001 512 0.787575 171.100 1.107116
COST 4096 512 2 8 6.00 0.0001 512 0.930638 232.707 0.316811
COST 4096 1024 2 8 6.00 0.0001 512 0.986999 261.191 0.410547
COST 4096 2048 2 8 6.00 0.0001 512 1.000000 268.093 1.000000
COST 4096 256 2 8 6.00 0.001 16384 0.556281 200.726 2.001192
COST 4096 512 2 8 6.00 0.001 16384 0.739362 324.982 1.794588
COST 4096 1024 2 8 6.00 0.001 16384 0.884695 453.368 1.051839
COST 4096 2048 2 8 6.00 0.001 16384 1.000000 574.609 1.000000
COST 4096 256 2 8 6.00 0.001 512 0.556281 200.726 2.075330
COST 4096 512 2 8 6.00 0.001 512 0.739362 324.982 1.854594
COST 4096 1024 2 8 6.00 0.001 512 0.884695 453.368 1.006936
COST 4096 2048 2 8 6.00 0.001 512 1.000000 574.609 1.000000
COST 4096 256 2 8 6.00 0.001 16384 0.694993 186.575 2.089305
COST 4096 512 2 8 6.00 0.001 16384 0.845498 265.998 0.768645
COST 4096 1024 2 8 6.00 0.001 16384 0.940306 326.617 0.488819
COST 4096 2048 2 8 6.00 0.001 16384 1.000000 368.874 1.000000
COST 4096 256 2 8 6.00 0.001 512 0.694993 186.575 1.649185
COST 4096 512 2 8 6.00 0.001 512 0.845498 265.998 0.542932
COST 4096 1024 2 8 6.00 0.001 512 0.940306 326.617 0.463897
COST 4096 2048 2 8 6.00 0.001 512 1.000000 368.874 1.000000
COST 4096 256 2 8 6.00 0.001 16384 0.805405 170.469 0.666145
COST 4096 512 2 8 6.00 0.001 16384 0.916625 217.578 0.247410
COST 4096 1024 2 8 6.00 0.001 16384 0.972220 244.326 0.410323
COST 4096 2048 2 8 6.00 0.001 16384 1.000000 258.429 1.000000
COST 4096 256 2 8 6.00 0.001 512 0.805405 170.469 0.492933
COST 4096 512 2 8 6.00 0.001 512 0.916625 217.578 0.225574
COST 4096 1024 2 8 6.00 0.001 512 0.972220 244.326 0.419930
COST 4096 2048 2 8 6.00 0.001 512 1.000000 258.429 1.000000
COST 4096 256 2 8 6.00 0.001 16384 0.883249 154.389 0.182679
COST 4096 512 2 8 6.00 0.001 16384 0.958380 180.803 0.193268
COST 4096 1024 2 8 6.00 0.001 16384 0.988182 192.142 0.394962
COST 4096 2048 2 8 6.00 0.001 16384 1.000000 196.759 1.000000
COST 4096 256 2 8 6.00 0.001 512 0.883249 154.389 0.151243
COST 4096 512 2 8 6.00 0.001 512 0.958380 180.803 0.200875
COST 4096 1024 2 8 6.00 0.001 512 0.988182 192.142 0.415106
COST 4096 2048 2 8 6.00 0.001 512 1.000000 196.759 1.000000
COST 4096 256 2 8 6.00 0.001 16384 0.787575 171.100 0.529273
COST 4096 512 2 8 6.00 0.001 16384 0.930638 232.707 0.191867
COST 4096 1024 2 8 6.00 0.001 16384 0.986999 261.191 0.341612
COST 4096 2048 2 8 6.00 0.001 16384 1.000000 268.093 1.000000
COST 4096 256 2 8 6.00 0.001 512 0.787575 171.100 0.506339
COST 4096 512 2 8 6.00 0.001 512 0.930638 232.707 0.219309
COST 4096 1024 2 8 6.00 0.001 512 0.986999 261.191 0.412379
COST 4096 2048 2 8 6.00 0.001 512 1.000000 268.093 1.000000
COST 4096 256 2 8 6.00 0.01 16384 0.556281 200.726 2.313797
COST 4096 512 2 8 6.00 0.01 16384 0.739362 324.982 1.058555
COST 4096 1024 2 8 6.00 0.01 16384 0.884695 453.368 0.550881
COST 4096 2048 2 8 6.00 0.01 16384 1.000000 574.609 1.000000
COST 4096 256 2 8 6.00 0.01 512 0.556281 200.726 1.969634
COST 4096 512 2 8 6.00 0.01 512 0.739362 324.982 0.872512
COST 4096 1024 2 8 6.00 0.01 512 0.884695 453.368 0.529192
COST 4096 2048 2 8 6.00 0.01 512 1.000000 574.609 1.000000
COST 4096 256 2 8 6.00 0.01 16384 0.694993 186.575 0.835337
COST 4096 512 2 8 6.00 0.01 16384 0.845498 265.998 0.318957
COST 4096 1024 2 8 6.00 0.01 16384 0.940306 326.617 0.415559
COST 4096 2048 2 8 6.00 0.01 16384 1.000000 368.874 1.000000
COST 4096 256 2 8 6.00 0.01 512 0.694993 186.575 0.589117
COST 4096 512 2 8 6.00 0.01 512 0.845498 265.998 0.263339
COST 4096 1024 2 8 6.00 0.01 512 0.940306 326.617 0.430857
COST 4096 2048 2 8 6.00 0.01 512 1.000000 368.874 1.000000
COST 4096 256 2 8 6.00 0.01 16384 0.805405 170.469 0.185666
COST 4096 512 2 8 6.00 0.01 16384 0.916625 217.578 0.203755
COST 4096 1024 2 8 6.00 0.01 16384 0.972220 244.326 0.391600
COST 4096 2048 2 8 6.00 0.01 16384 1.000000 258.429 1.000000
COST 4096 256 2 8 6.00 0.01 512 0.805405 170.469 0.128467
COST 4096 512 2 8 6.00 0.01 512 0.916625 217.578 0.196853
COST 4096 1024 2 8 6.00 0.01 512 0.972220 244.326 0.401655
COST 4096 2048 2 8 6.00 0.01 512 1.000000 258.429 1.000000
COST 4096 256 2 8 6.00 0.01 16384 0.883249 154.389 0.096293
COST 4096 512 2 8 6.00 0.01 16384 0.958380 180.803 0.189179
COST 4096 1024 2 8 6.00 0.01 16384 0.988182 192.142 0.408079
COST 4096 2048 2 8 6.00 0.01 16384 1.000000 196.759 1.000000
COST 4096 256 2 8 6.00 0.01 512 0.883249 154.389 0.089894
COST 4096 512 2 8 6.00 0.01 512 0.958380 180.803 0.212386
COST 4096 1024 2 8 6.00 0.01 512 0.988182 192.142 0.416160
COST 4096 2048 2 8 6.00 0.01 512 1.000000 196.759 1.000000
COST 4096 256 2 8 6.00 0.01 16384 0.787575 171.100 0.200847
COST 4096 512 2 8 6.00 0.01 16384 0.930638 232.707 0.219597
COST 4096 1024 2 8 6.00 0.01 16384 0.986999 261.191 0.410752
COST 4096 2048 2 8 6.00 0.01 16384 1.000000 268.093 1.000000
COST 4096 256 2 8 6.00 0.01 512 0.787575 171.100 0.156781
COST 4096 512 2 8 6.00 0.01 512 0.930638 232.707 0.162386
COST 4096 1024 2 8 6.00 0.01 512 0.986999 261.191 0.355545
COST 4096 2048 2 8 6.00 0.01 512 1.000000 268.093 1.000000
COST 4096 256 2 8 6.50 0.0001 16384 0.556281 200.726 2.322093
COST 4096 512 2 8 6.50 0.0001 16384 0.739362 324.982 2.201731
COST 4096 1024 2 8 6.50 0.0001 16384 0.884695 453.368 1.221915
COST 4096 2048 2 8 6.50 0.0001 16384 1.000000 574.609 1.000000
COST 4096 256 2 8 6.50 0.0001 512 0.556281 200.726 2.148911
COST 4096 512 2 8 6.50 0.0001 512 0.739362 324.982 2.064515
COST 4096 1024 2 8 6.50 0.0001 512 0.884695 453.368 0.985203
COST 4096 2048 2 8 6.50 0.0001 512 1.000000 574.609 1.000000
COST 4096 256 2 8 6.50 0.0001 16384 0.694993 186.575 2.114809
COST 4096 512 2 8 6.50 0.0001 16384 0.845498 265.998 0.696140
COST 4096 1024 2 8 6.50 0.0001 16384 0.940306 326.617 0.455317
COST 4096 2048 2 8 6.50 0.0001 16384 1.000000 368.874 1.000000
COST 4096 256 2 8 6.50 0.0001 512 0.694993 186.575 1.741410
COST 4096 512 2 8 6.50 0.0001 512 0.845498 265.998 0.555481
COST 4096 1024 2 8 6.50 0.0001 512 0.940306 326.617 0.449015
COST 4096 2048 2 8 6.50 0.0001 512 1.000000 368.874 1.000000
COST 4096 256 2 8 6.50 0.0001 16384 0.805405 170.469 0.629734
COST 4096 512 2 8 6.50 0.0001 16384 0.916625 217.578 0.232104
COST 4096 1024 2 8 6.50 0.0001 16384 0.972220 244.326 0.411574
COST 4096 2048 2 8 6.50 0.0001 16384 1.000000 258.429 1.000000
COST 4096 256 2 8 6.50 0.0001 512 0.805405 170.469 0.421160
COST 4096 512 2 8 6.50 0.0001 512 0.916625 217.578 0.217062
COST 4096 1024 2 8 6.50 0.0001 512 0.972220 244.326 0.419272
COST 4096 2048 2 8 6.50 0.0001 512 1.000000 258.429 1.000000
COST 4096 256 2 8 6.50 0.0001 16384 0.883249 154.389 0.152932
COST 4096 512 2 8 6.50 0.0001 16384 0.958380 180.803 0.191592
COST 4096 1024 2 8 6.50 0.0001 16384 0.988182 192.142 0.403147
COST 4096 2048 2 8 6.50 0.0001 16384 1.000000 196.759 1.000000
COST 4096 256 2 8 6.50 0.0001 512 0.883249 154.389 0.132594
COST 4096 512 2 8 6.50 0.0001 512 0.958380 180.803 0.193169
COST 4096 1024 2 8 6.50 0.0001 512 0.988182 192.142 0.409303
COST 4096 2048 2 8 6.50 0.0001 512 1.000000 196.759 1.000000
COST 4096 256 2 8 6.50 0.0001 16384 0.787575 171.100 0.550617
COST 4096 512 2 8 6.50 0.0001 16384 0.930638 232.707 0.220347
COST 4096 1024 2 8 6.50 0.0001 16384 0.986999 261.191 0.410401
COST 4096 2048 2 8 6.50 0.0001 16384 1.000000 268.093 1.000000
COST 4096 256 2 8 6.50 0.0001 512 0.787575 171.100 0.455106
COST 4096 512 2 8 6.50 0.0001 512 0.930638 232.707 0.210004
COST 4096 1024 2 8 6.50 0.0001 512 0.986999 261.191 0.409317
COST 4096 2048 2 8 6.50 0.0001 512 1.000000 268.093 1.000000
COST 4096 256 2 8 6.50 0.001 16384 0.556281 200.726 2.757761
COST 4096 512 2 8 6.50 0.001 16384 0.739362 324.982 1.444266
COST 4096 1024 2 8 6.50 0.001 16384 0.884695 453.368 0.647644
COST 4096 2048 2 8 6.50 0.001 16384 1.000000 574.609 1.000000
COST 4096 256 2 8 6.50 0.001 512 0.556281 200.726 2.207998
COST 4096 512 2 8 6.50 0.001 512 0.739362 324.982 1.105832
COST 4096 1024 2 8 6.50 0.001 512 0.884695 453.368 0.602489
COST 4096 2048 2 8 6.50 0.001 512 1.000000 574.609 1.000000
COST 4096 256 2 8 6.50 0.001 16384 0.694993 186.575 1.223118
COST 4096 512 2 8 6.50 0.001 16384 0.845498 265.998 0.329214
COST 4096 1024 2 8 6.50 0.001 16384 0.940306 326.617 0.409999
COST 4096 2048 2 8 6.50 0.001 16384 1.000000 368.874 1.000000
COST 4096 256 2 8 6.50 0.001 512 0.694993 186.575 0.788663
COST 4096 512 2 8 6.50 0.001 512 0.845498 265.998 0.273673
COST 4096 1024 2 8 6.50 0.001 512 0.940306 326.617 0.416029
COST 4096 2048 2 8 6.50 0.001 512 1.000000 368.874 1.000000
COST 4096 256 2 8 6.50 0.001 16384 0.805405 170.469 0.258625
COST 4096 512 2 8 6.50 0.001 16384 0.916625 217.578 0.200083
COST 4096 1024 2 8 6.50 0.001 16384 0.972220 244.326 0.405327
COST 4096 2048 2 8 6.50 0.001 16384 1.000000 258.429 1.000000
COST 4096 256 2 8 6.50 0.001 512 0.805405 170.469 0.182990
COST 4096 512 2 8 6.50 0.001 512 0.916625 217.578 0.191297
COST 4096 1024 2 8 6.50 0.001 512 0.972220 244.326 0.408207
COST 4096 2048 2 8 6.50 0.001 512 1.000000 258.429 1.000000
COST 4096 256 2 8 6.50 0.001 16384 0.883249 154.389 0.094752
COST 4096 512 2 8 6.50 0.001 16384 0.958380 180.803 0.186520
COST 4096 1024 2 8 6.50 0.001 16384 0.988182 192.142 0.398926
COST 4096 2048 2 8 6.50 0.001 16384 1.000000 196.759 1.000000
COST 4096 256 2 8 6.50 0.001 512 0.883249 154.389 0.100258
COST 4096 512 2 8 6.50 0.001 512 0.958380 180.803 0.191724
COST 4096 1024 2 8 6.50 0.001 512 0.988182 192.142 0.422573
COST 4096 2048 2 8 6.50 0.001 512 1.000000 196.759 1.000000
COST 4096 256 2 8 6.50 0.001 16384 0.787575 171.100 0.213859
COST 4096 512 2 8 6.50 0.001 16384 0.930638 232.707 0.190507
COST 4096 1024 2 8 6.50 0.001 16384 0.986999 261.191 0.398516
COST 4096 2048 2 8 6.50 0.001 16384 1.000000 268.093 1.000000
COST 4096 256 2 8 6.50 0.001 512 0.787575 171.100 0.214293
COST 4096 512 2 8 6.50 0.001 512 0.930638 232.707 0.189064
COST 4096 1024 2 8 6.50 0.001 512 0.986999 261.191 0.420107
COST 4096 2048 2 8 6.50 0.001 512 1.000000 268.093 1.000000
COST 4096 256 2 8 6.50 0.01 16384 0.556281 200.726 1.758393
COST 4096 512 2 8 6.50 0.01 16384 0.739362 324.982 0.492951
COST 4096 1024 2 8 6.50 0.01 16384 0.884695 453.368 0.434113
COST 4096 2048 2 8 6.50 0.01 16384 1.000000 574.609 1.000000
COST 4096 256 2 8 6.50 0.01 512 0.556281 200.726 1.197461
COST 4096 512 2 8 6.50 0.01 512 0.739362 324.982 0.410379
COST 4096 1024 2 8 6.50 0.01 512 0.884695 453.368 0.424807
COST 4096 2048 2 8 6.50 0.01 512 1.000000 574.609 1.000000
COST 4096 256 2 8 6.50 0.01 16384 0.694993 186.575 0.316911
COST 4096 512 2 8 6.50 0.01 16384 0.845498 265.998 0.219980
COST 4096 1024 2 8 6.50 0.01 16384 0.940306 326.617 0.409392
COST 4096 2048 2 8 6.50 0.01 16384 1.000000 368.874 1.000000
COST 4096 256 2 8 6.50 0.01 512 0.694993 186.575 0.234601
COST 4096 512 2 8 6.50 0.01 512 0.845498 265.998 0.212175
COST 4096 1024 2 8 6.50 0.01 512 0.940306 326.617 0.419981
COST 4096 2048 2 8 6.50 0.01 512 1.000000 368.874 1.000000
COST 4096 256 2 8 6.50 0.01 16384 0.805405 170.469 0.098961
COST 4096 512 2 8 6.50 0.01 16384 0.916625 217.578 0.189495
COST 4096 1024 2 8 6.50 0.01 16384 0.972220 244.326 0.411364
COST 4096 2048 2 8 6.50 0.01 16384 1.000000 258.429 1.000000
COST 4096 256 2 8 6.50 0.01 512 0.805405 170.469 0.088618
COST 4096 512 2 8 6.50 0.01 512 0.916625 217.578 0.191683
COST 4096 1024 2 8 6.50 0.01 512 0.972220 244.326 0.410125
COST 4096 2048 2 8 6.50 0.01 512 1.000000 258.429 1.000000
COST 4096 256 2 8 6.50 0.01 16384 0.883249 154.389 0.076535
COST 4096 512 2 8 6.50 0.01 16384 0.958380 180.803 0.190626
COST 4096 1024 2 8 6.50 0.01 16384 0.988182 192.142 0.409495
COST 4096 2048 2 8 6.50 0.01 16384 1.000000 196.759 1.000000
COST 4096 256 2 8 6.50 0.01 512 0.883249 154.389 0.074619
COST 4096 512 2 8 6.50 0.01 512 0.958380 180.803 0.186942
COST 4096 1024 2 8 6.50 0.01 512 0.988182 192.142 0.409656
COST 4096 2048 2 8 6.50 0.01 512 1.000000 196.759 1.000000
COST 4096 256 2 8 6.50 0.01 16384 0.787575 171.100 0.093609
COST 4096 512 2 8 6.50 0.01 16384 0.930638 232.707 0.184995
COST 4096 1024 2 8 6.50 0.01 16384 0.986999 261.191 0.401061
COST 4096 2048 2 8 6.50 0.01 16384 1.000000 268.093 1.000000
COST 4096 256 2 8 6.50 0.01 512 0.787575 171.100 0.091407
COST 4096 512 2 8 6.50 0.01 512 0.930638 232.707 0.182866
COST 4096 1024 2 8 6.50 0.01 512 0.986999 261.191 0.398242
COST 4096 2048 2 8 6.50 0.01 512 1.000000 268.093 1.000000
COST 65536 1024 2 8 5.00 0.0001 512 0.101302 580.541 0.715232
COST 65536 2048 2 8 5.00 0.0001 512 0.330474 1566.336 0.732725
COST 65536 4096 2 8 5.00 0.0001 512 0.556802 3216.549 0.767316
COST 65536 8192 2 8 5.00 0.0001 512 0.739552 5202.429 0.794053
COST 65536 16384 2 8 5.00 0.0001 512 0.884751 7255.222 0.851130
COST 65536 32768 2 8 5.00 0.0001 512 1.000000 9194.355 1.000000
COST 65536 1024 2 8 5.00 0.0001 512 0.165385 624.216 0.709357
COST 65536 2048 2 8 5.00 0.0001 512 0.461344 1609.558 0.761091
COST 65536 4096 2 8 5.00 0.0001 512 0.695477 2988.843 0.753282
COST 65536 8192 2 8 5.00 0.0001 512 0.845641 4257.453 0.797036
COST 65536 16384 2 8 5.00 0.0001 512 0.940341 5226.412 0.865052
COST 65536 32768 2 8 5.00 0.0001 512 1.000000 5902.169 1.000000
COST 65536 1024 2 8 5.00 0.0001 512 0.244563 673.187 0.742339
COST 65536 2048 2 8 5.00 0.0001 512 0.588090 1638.224 0.750546
COST 65536 4096 2 8 5.00 0.0001 512 0.805806 2730.001 0.783005
COST 65536 8192 2 8 5.00 0.0001 512 0.916720 3481.998 0.817910
COST 65536 16384 2 8 5.00 0.0001 512 0.972240 3909.418 0.877925
COST 65536 32768 2 8 5.00 0.0001 512 1.000000 4134.919 1.000000
COST 65536 1024 2 8 5.00 0.0001 512 0.334013 728.024 1.069923
COST 65536 2048 2 8 5.00 0.0001 512 0.698486 1650.915 1.086951
COST 65536 4096 2 8 5.00 0.0001 512 0.883550 2471.828 1.141987
COST 65536 8192 2 8 5.00 0.0001 512 0.958438 2893.214 1.202698
COST 65536 16384 2 8 5.00 0.0001 512 0.988192 3074.351 1.105648
COST 65536 32768 2 8 5.00 0.0001 512 1.000000 3148.158 1.000000
COST 65536 1024 2 8 5.00 0.001 512 0.101302 580.541 0.711462
COST 65536 2048 2 8 5.00 0.001 512 0.330474 1566.336 0.725840
COST 65536 4096 2 8 5.00 0.001 512 0.556802 3216.549 0.747690
COST 65536 8192 2 8 5.00 0.001 512 0.739552 5202.429 0.780766
COST 65536 16384 2 8 5.00 0.001 512 0.884751 7255.222 0.868645
COST 65536 32768 2 8 5.00 0.001 512 1.000000 9194.355 1.000000
COST 65536 1024 2 8 5.00 0.001 512 0.165385 624.216 0.741212
COST 65536 2048 2 8 5.00 0.001 512 0.461344 1609.558 0.748736
COST 65536 4096 2 8 5.00 0.001 512 0.695477 2988.843 0.773425
COST 65536 8192 2 8 5.00 0.001 512 0.845641 4257.453 0.809374
COST 65536 16384 2 8 5.00 0.001 512 0.940341 5226.412 0.862457
COST 65536 32768 2 8 5.00 0.001 512 1.000000 5902.169 1.000000
COST 65536 1024 2 8 5.00 0.001 512 0.244563 673.187 0.873363
COST 65536 2048 2 8 5.00 0.001 512 0.588090 1638.224 0.884550
COST 65536 4096 2 8 5.00 0.001 512 0.805806 2730.001 0.903187
COST 65536 8192 2 8 5.00 0.001 512 0.916720 3481.998 0.960585
COST 65536 16384 2 8 5.00 0.001 512 0.972240 3909.418 1.012090
COST 65536 32768 2 8 5.00 0.001 512 1.000000 4134.919 1.000000
COST 65536 1024 2 8 5.00 0.001 512 0.334013 728.024 1.407965
COST 65536 2048 2 8 5.00 0.001 512 0.698486 1650.915 1.416041
COST 65536 4096 2 8 5.00 0.001 512 0.883550 2471.828 1.434863
COST 65536 8192 2 8 5.00 0.001 512 0.958438 2893.214 1.524720
COST 65536 16384 2 8 5.00 0.001 512 0.988192 3074.351 1.168101
COST 65536 32768 2 8 5.00 0.001 512 1.000000 3148.158 1.000000
COST 65536 1024 2 8 5.00 0.01 512 0.101302 580.541 0.698078
COST 65536 2048 2 8 5.00 0.01 512 0.330474 1566.336 0.715702
COST 65536 4096 2 8 5.00 0.01 512 0.556802 3216.549 0.721899
COST 65536 8192 2 8 5.00 0.01 512 0.739552 5202.429 0.768638
COST 65536 16384 2 8 5.00 0.01 512 0.884751 7255.222 0.819504
COST 65536 32768 2 8 5.00 0.01 512 1.000000 9194.355 1.000000
COST 65536 1024 2 8 5.00 0.01 512 0.165385 624.216 0.817506
COST 65536 2048 2 8 5.00 0.01 512 0.461344 1609.558 0.839912
COST 65536 4096 2 8 5.00 0.01 512 0.695477 2988.843 0.859841
COST 65536 8192 2 8 5.00 0.01 512 0.845641 4257.453 0.898116
COST 65536 16384 2 8 5.00 0.01 512 0.940341 5226.412 0.956748
COST 65536 32768 2 8 5.00 0.01 512 1.000000 5902.169 1.000000
COST 65536 1024 2 8 5.00 0.01 512 0.244563 673.187 1.264879
COST 65536 2048 2 8 5.00 0.01 512 0.588090 1638.224 1.259027
COST 65536 4096 2 8 5.00 0.01 512 0.805806 2730.001 1.303833
COST 65536 8192 2 8 5.00 0.01 512 0.916720 3481.998 1.363326
COST 65536 16384 2 8 5.00 0.01 512 0.972240 3909.418 1.111969
COST 65536 32768 2 8 5.00 0.01 512 1.000000 4134.919 1.000000
COST 65536 1024 2 8 5.00 0.01 512 0.334013 728.024 1.789033
COST 65536 2048 2 8 5.00 0.01 512 0.698486 1650.915 1.786289
COST 65536 4096 2 8 5.00 0.01 512 0.883550 2471.828 1.748287
COST 65536 8192 2 8 5.00 0.01 512 0.958438 2893.214 1.293925
COST 65536 16384 2 8 5.00 0.01 512 0.988192 3074.351 0.830619
COST 65536 32768 2 8 5.00 0.01 512 1.000000 3148.158 1.000000
COST 65536 1024 2 8 5.50 0.0001 512 0.101302 580.541 0.737393
COST 65536 2048 2 8 5.50 0.0001 512 0.330474 1566.336 0.733376
COST 65536 4096 2 8 5.50 0.0001 512 0.556802 3216.549 0.740299
COST 65536 8192 2 8 5.50 0.0001 512 0.739552 5202.429 0.780012
COST 65536 16384 2 8 5.50 0.0001 512 0.884751 7255.222 0.849865
COST 65536 32768 2 8 5.50 0.0001 512 1.000000 9194.355 1.000000
COST 65536 1024 2 8 5.50 0.0001 512 0.165385 624.216 0.757391
COST 65536 2048 2 8 5.50 0.0001 512 0.461344 1609.558 0.775584
COST 65536 4096 2 8 5.50 0.0001 512 0.695477 2988.843 0.795961
COST 65536 8192 2 8 5.50 0.0001 512 0.845641 4257.453 0.817543
COST 65536 16384 2 8 5.50 0.0001 512 0.940341 5226.412 0.920630
COST 65536 32768 2 8 5.50 0.0001 512 1.000000 5902.169 1.000000
COST 65536 1024 2 8 5.50 0.0001 512 0.244563 673.187 1.388763
COST 65536 2048 2 8 5.50 0.0001 512 0.588090 1638.224 1.432792
COST 65536 4096 2 8 5.50 0.0001 512 0.805806 2730.001 1.417599
COST 65536 8192 2 8 5.50 0.0001 512 0.916720 3481.998 1.450746
COST 65536 16384 2 8 5.50 0.0001 512 0.972240 3909.418 1.399016
COST 65536 32768 2 8 5.50 0.0001 512 1.000000 4134.919 1.000000
COST 65536 1024 2 8 5.50 0.0001 512 0.334013 728.024 2.295264
COST 65536 2048 2 8 5.50 0.0001 512 0.698486 1650.915 2.349475
COST 65536 4096 2 8 5.50 0.0001 512 0.883550 2471.828 2.433147
COST 65536 8192 2 8 5.50 0.0001 512 0.958438 2893.214 2.113051
COST 65536 16384 2 8 5.50 0.0001 512 0.988192 3074.351 1.040897
COST 65536 32768 2 8 5.50 0.0001 512 1.000000 3148.158 1.000000
COST 65536 1024 2 8 5.50 0.001 512 0.101302 580.541 0.702075
COST 65536 2048 2 8 5.50 0.001 512 0.330474 1566.336 0.725244
COST 65536 4096 2 8 5.50 0.001 512 0.556802 3216.549 0.728582
COST 65536 8192 2 8 5.50 0.001 512 0.739552 5202.429 0.792453
COST 65536 16384 2 8 5.50 0.001 512 0.884751 7255.222 0.831151
COST 65536 32768 2 8 5.50 0.001 512 1.000000 9194.355 1.000000
COST 65536 1024 2 8 5.50 0.001 512 0.165385 624.216 0.974835
COST 65536 2048 2 8 5.50 0.001 512 0.461344 1609.558 0.998023
COST 65536 4096 2 8 5.50 0.001 512 0.695477 2988.843 1.019300
COST 65536 8192 2 8 5.50 0.001 512 0.845641 4257.453 1.041627
COST 65536 16384 2 8 5.50 0.001 512 0.940341 5226.412 1.135917
COST 65536 32768 2 8 5.50 0.001 512 1.000000 5902.169 1.000000
COST 65536 1024 2 8 5.50 0.001 512 0.244563 673.187 1.877223
COST 65536 2048 2 8 5.50 0.001 512 0.588090 1638.224 1.911546
COST 65536 4096 2 8 5.50 0.001 512 0.805806 2730.001 1.918152
COST 65536 8192 2 8 5.50 0.001 512 0.916720 3481.998 2.035669
COST 65536 16384 2 8 5.50 0.001 512 0.972240 3909.418 1.243921
COST 65536 32768 2 8 5.50 0.001 512 1.000000 4134.919 1.000000
COST 65536 1024 2 8 5.50 0.001 512 0.334013 728.024 2.444523
COST 65536 2048 2 8 5.50 0.001 512 0.698486 1650.915 2.468926
COST 65536 4096 2 8 5.50 0.001 512 0.883550 2471.828 2.393636
COST 65536 8192 2 8 5.50 0.001 512 0.958438 2893.214 1.331665
COST 65536 16384 2 8 5.50 0.001 512 0.988192 3074.351 0.714761
COST 65536 32768 2 8 5.50 0.001 512 1.000000 3148.158 1.000000
COST 65536 1024 2 8 5.50 0.01 512 0.101302 580.541 0.765028
COST 65536 2048 2 8 5.50 0.01 512 0.330474 1566.336 0.769564
COST 65536 4096 2 8 5.50 0.01 512 0.556802 3216.549 0.790869
COST 65536 8192 2 8 5.50 0.01 512 0.739552 5202.429 0.838693
COST 65536 16384 2 8 5.50 0.01 512 0.884751 7255.222 0.891165
COST 65536 32768 2 8 5.50 0.01 512 1.000000 9194.355 1.000000
COST 65536 1024 2 8 5.50 0.01 512 0.165385 624.216 1.612821
COST 65536 2048 2 8 5.50 0.01 512 0.461344 1609.558 1.752910
COST 65536 4096 2 8 5.50 0.01 512 0.695477 2988.843 1.765966
COST 65536 8192 2 8 5.50 0.01 512 0.845641 4257.453 1.780866
COST 65536 16384 2 8 5.50 0.01 512 0.940341 5226.412 1.245931
COST 65536 32768 2 8 5.50 0.01 512 1.000000 5902.169 1.000000
COST 65536 1024 2 8 5.50 0.01 512 0.244563 673.187 2.509339
COST 65536 2048 2 8 5.50 0.01 512 0.588090 1638.224 2.552034
COST 65536 4096 2 8 5.50 0.01 512 0.805806 2730.001 2.446525
COST 65536 8192 2 8 5.50 0.01 512 0.916720 3481.998 1.614654
COST 65536 16384 2 8 5.50 0.01 512 0.972240 3909.418 0.749155
COST 65536 32768 2 8 5.50 0.01 512 1.000000 4134.919 1.000000
COST 65536 1024 2 8 5.50 0.01 512 0.334013 728.024 2.454466
COST 65536 2048 2 8 5.50 0.01 512 0.698486 1650.915 2.487916
COST 65536 4096 2 8 5.50 0.01 512 0.883550 2471.828 1.525825
COST 65536 8192 2 8 5.50 0.01 512 0.958438 2893.214 0.538060
COST 65536 16384 2 8 5.50 0.01 512 0.988192 3074.351 0.496784
COST 65536 32768 2 8 5.50 0.01 512 1.000000 3148.158 1.000000
COST 65536 1024 2 8 6.00 0.0001 512 0.101302 580.541 0.721511
COST 65536 2048 2 8 6.00 0.0001 512 0.330474 1566.336 0.755348
COST 65536 4096 2 8 6.00 0.0001 512 0.556802 3216.549 0.775173
COST 65536 8192 2 8 6.00 0.0001 512 0.739552 5202.429 0.806130
COST 65536 16384 2 8 6.00 0.0001 512 0.884751 7255.222 0.880227
COST 65536 32768 2 8 6.00 0.0001 512 1.000000 9194.355 1.000000
COST 65536 1024 2 8 6.00 0.0001 512 0.165385 624.216 1.337301
COST 65536 2048 2 8 6.00 0.0001 512 0.461344 1609.558 1.387736
COST 65536 4096 2 8 6.00 0.0001 512 0.695477 2988.843 1.389169
COST 65536 8192 2 8 6.00 0.0001 512 0.845641 4257.453 1.435034
COST 65536 16384 2 8 6.00 0.0001 512 0.940341 5226.412 1.480478
COST 65536 32768 2 8 6.00 0.0001 512 1.000000 5902.169 1.000000
COST 65536 1024 2 8 6.00 0.0001 512 0.244563 673.187 2.360878
COST 65536 2048 2 8 6.00 0.0001 512 0.588090 1638.224 2.415864
COST 65536 4096 2 8 6.00 0.0001 512 0.805806 2730.001 2.440354
COST 65536 8192 2 8 6.00 0.0001 512 0.916720 3481.998 2.201653
COST 65536 16384 2 8 6.00 0.0001 512 0.972240 3909.418 1.004033
COST 65536 32768 2 8 6.00 0.0001 512 1.000000 4134.919 1.000000
COST 65536 1024 2 8 6.00 0.0001 512 0.334013 728.024 2.582972
COST 65536 2048 2 8 6.00 0.0001 512 0.698486 1650.915 2.641186
COST 65536 4096 2 8 6.00 0.0001 512 0.883550 2471.828 2.519541
COST 65536 8192 2 8 6.00 0.0001 512 0.958438 2893.214 0.815678
COST 65536 16384 2 8 6.00 0.0001 512 0.988192 3074.351 0.528703
COST 65536 32768 2 8 6.00 0.0001 512 1.000000 3148.158 1.000000
COST 65536 1024 2 8 6.00 0.001 512 0.101302 580.541 0.803340
COST 65536 2048 2 8 6.00 0.001 512 0.330474 1566.336 0.819762
COST 65536 4096 2 8 6.00 0.001 512 0.556802 3216.549 0.867170
COST 65536 8192 2 8 6.00 0.001 512 0.739552 5202.429 0.873851
COST 65536 16384 2 8 6.00 0.001 512 0.884751 7255.222 0.973581
COST 65536 32768 2 8 6.00 0.001 512 1.000000 9194.355 1.000000
COST 65536 1024 2 8 6.00 0.001 512 0.165385 624.216 1.927717
COST 65536 2048 2 8 6.00 0.001 512 0.461344 1609.558 1.970504
COST 65536 4096 2 8 6.00 0.001 512 0.695477 2988.843 2.004743
COST 65536 8192 2 8 6.00 0.001 512 0.845641 4257.453 2.118184
COST 65536 16384 2 8 6.00 0.001 512 0.940341 5226.412 1.385315
COST 65536 32768 2 8 6.00 0.001 512 1.000000 5902.169 1.000000
COST 65536 1024 2 8 6.00 0.001 512 0.244563 673.187 2.446247
COST 65536 2048 2 8 6.00 0.001 512 0.588090 1638.224 2.511744
COST 65536 4096 2 8 6.00 0.001 512 0.805806 2730.001 2.563336
COST 65536 8192 2 8 6.00 0.001 512 0.916720 3481.998 1.265431
COST 65536 16384 2 8 6.00 0.001 512 0.972240 3909.418 0.569145
COST 65536 32768 2 8 6.00 0.001 512 1.000000 4134.919 1.000000
COST 65536 1024 2 8 6.00 0.001 512 0.334013 728.024 2.479197
COST 65536 2048 2 8 6.00 0.001 512 0.698486 1650.915 2.457155
COST 65536 4096 2 8 6.00 0.001 512 0.883550 2471.828 1.526458
COST 65536 8192 2 8 6.00 0.001 512 0.958438 2893.214 0.405435
COST 65536 16384 2 8 6.00 0.001 512 0.988192 3074.351 0.436745
COST 65536 32768 2 8 6.00 0.001 512 1.000000 3148.158 1.000000
COST 65536 1024 2 8 6.00 0.01 512 0.101302 580.541 1.451656
COST 65536 2048 2 8 6.00 0.01 512 0.330474 1566.336 1.510131
COST 65536 4096 2 8 6.00 0.01 512 0.556802 3216.549 1.582622
COST 65536 8192 2 8 6.00 0.01 512 0.739552 5202.429 1.646249
COST 65536 16384 2 8 6.00 0.01 512 0.884751 7255.222 1.314336
COST 65536 32768 2 8 6.00 0.01 512 1.000000 9194.355 1.000000
COST 65536 1024 2 8 6.00 0.01 512 0.165385 624.216 2.438969
COST 65536 2048 2 8 6.00 0.01 512 0.461344 1609.558 2.534805
COST 65536 4096 2 8 6.00 0.01 512 0.695477 2988.843 2.536733
COST 65536 8192 2 8 6.00 0.01 512 0.845641 4257.453 1.854908
COST 65536 16384 2 8 6.00 0.01 512 0.940341 5226.412 0.765354
COST 65536 32768 2 8 6.00 0.01 512 1.000000 5902.169 1.000000
COST 65536 1024 2 8 6.00 0.01 512 0.244563 673.187 2.442527
COST 65536 2048 2 8 6.00 0.01 512 0.588090 1638.224 2.585155
COST 65536 4096 2 8 6.00 0.01 512 0.805806 2730.001 1.628630
COST 65536 8192 2 8 6.00 0.01 512 0.916720 3481.998 0.477966
COST 65536 16384 2 8 6.00 0.01 512 0.972240 3909.418 0.455917
COST 65536 32768 2 8 6.00 0.01 512 1.000000 4134.919 1.000000
COST 65536 1024 2 8 6.00 0.01 512 0.334013 728.024 2.546997
COST 65536 2048 2 8 6.00 0.01 512 0.698486 1650.915 2.443954
COST 65536 4096 2 8 6.00 0.01 512 0.883550 2471.828 0.497596
COST 65536 8192 2 8 6.00 0.01 512 0.958438 2893.214 0.240279
COST 65536 16384 2 8 6.00 0.01 512 0.988192 3074.351 0.430972
COST 65536 32768 2 8 6.00 0.01 512 1.000000 3148.158 1.000000
COST 65536 1024 2 8 6.50 0.0001 512 0.101302 580.541 0.988680
COST 65536 2048 2 8 6.50 0.0001 512 0.330474 1566.336 1.018892
COST 65536 4096 2 8 6.50 0.0001 512 0.556802 3216.549 1.025020
COST 65536 8192 2 8 6.50 0.0001 512 0.739552 5202.429 1.096282
COST 65536 16384 2 8 6.50 0.0001 512 0.884751 7255.222 1.196605
COST 65536 32768 2 8 6.50 0.0001 512 1.000000 9194.355 1.000000
COST 65536 1024 2 8 6.50 0.0001 512 0.165385 624.216 2.363852
COST 65536 2048 2 8 6.50 0.0001 512 0.461344 1609.558 2.364024
COST 65536 4096 2 8 6.50 0.0001 512 0.695477 2988.843 2.382247
COST 65536 8192 2 8 6.50 0.0001 512 0.845641 4257.453 2.455872
COST 65536 16384 2 8 6.50 0.0001 512 0.940341 5226.412 1.430591
COST 65536 32768 2 8 6.50 0.0001 512 1.000000 5902.169 1.000000
COST 65536 1024 2 8 6.50 0.0001 512 0.244563 673.187 2.470178
COST 65536 2048 2 8 6.50 0.0001 512 0.588090 1638.224 2.467573
COST 65536 4096 2 8 6.50 0.0001 512 0.805806 2730.001 2.548031
COST 65536 8192 2 8 6.50 0.0001 512 0.916720 3481.998 0.989757
COST 65536 16384 2 8 6.50 0.0001 512 0.972240 3909.418 0.471957
COST 65536 32768 2 8 6.50 0.0001 512 1.000000 4134.919 1.000000
COST 65536 1024 2 8 6.50 0.0001 512 0.334013 728.024 2.491935
COST 65536 2048 2 8 6.50 0.0001 512 0.698486 1650.915 2.519718
COST 65536 4096 2 8 6.50 0.0001 512 0.883550 2471.828 1.243793
COST 65536 8192 2 8 6.50 0.0001 512 0.958438 2893.214 0.306800
COST 65536 16384 2 8 6.50 0.0001 512 0.988192 3074.351 0.426612
COST 65536 32768 2 8 6.50 0.0001 512 1.000000 3148.158 1.000000
COST 65536 1024 2 8 6.50 0.001 512 0.101302 580.541 1.567868
COST 65536 2048 2 8 6.50 0.001 512 0.330474 1566.336 1.663784
COST 65536 4096 2 8 6.50 0.001 512 0.556802 3216.549 1.668900
COST 65536 8192 2 8 6.50 0.001 512 0.739552 5202.429 1.750623
COST 65536 16384 2 8 6.50 0.001 512 0.884751 7255.222 1.672257
COST 65536 32768 2 8 6.50 0.001 512 1.000000 9194.355 1.000000
COST 65536 1024 2 8 6.50 0.001 512 0.165385 624.216 2.589965
COST 65536 2048 2 8 6.50 0.001 512 0.461344 1609.558 2.639845
COST 65536 4096 2 8 6.50 0.001 512 0.695477 2988.843 2.633781
COST 65536 8192 2 8 6.50 0.001 512 0.845641 4257.453 2.060776
COST 65536 16384 2 8 6.50 0.001 512 0.940341 5226.412 0.736305
COST 65536 32768 2 8 6.50 0.001 512 1.000000 5902.169 1.000000
COST 65536 1024 2 8 6.50 0.001 512 0.244563 673.187 2.531393
COST 65536 2048 2 8 6.50 0.001 512 0.588090 1638.224 2.587797
COST 65536 4096 2 8 6.50 0.001 512 0.805806 2730.001 2.010916
COST 65536 8192 2 8 6.50 0.001 512 0.916720 3481.998 0.440606
COST 65536 16384 2 8 6.50 0.001 512 0.972240 3909.418 0.446210
COST 65536 32768 2 8 6.50 0.001 512 1.000000 4134.919 1.000000
COST 65536 1024 2 8 6.50 0.001 512 0.334013 728.024 2.486318
COST 65536 2048 2 8 6.50 0.001 512 0.698486 1650.915 2.536846
COST 65536 4096 2 8 6.50 0.001 512 0.883550 2471.828 0.489228
COST 65536 8192 2 8 6.50 0.001 512 0.958438 2893.214 0.233588
COST 65536 16384 2 8 6.50 0.001 512 0.988192 3074.351 0.432579
COST 65536 32768 2 8 6.50 0.001 512 1.000000 3148.158 1.000000
COST 65536 1024 2 8 6.50 0.01 512 0.101302 580.541 2.422718
COST 65536 2048 2 8 6.50 0.01 512 0.330474 1566.336 2.493890
COST 65536 4096 2 8 6.50 0.01 512 0.556802 3216.549 2.507174
COST 65536 8192 2 8 6.50 0.01 512 0.739552 5202.429 2.404294
COST 65536 16384 2 8 6.50 0.01 512 0.884751 7255.222 1.031987
COST 65536 32768 2 8 6.50 0.01 512 1.000000 9194.355 1.000000
COST 65536 1024 2 8 6.50 0.01 512 0.165385 624.216 2.695574
COST 65536 2048 2 8 6.50 0.01 512 0.461344 1609.558 2.687345
COST 65536 4096 2 8 6.50 0.01 512 0.695477 2988.843 2.281850
COST 65536 8192 2 8 6.50 0.01 512 0.845641 4257.453 0.692450
COST 65536 16384 2 8 6.50 0.01 512 0.940341 5226.412 0.484011
COST 65536 32768 2 8 6.50 0.01 512 1.000000 5902.169 1.000000
COST 65536 1024 2 8 6.50 0.01 512 0.244563 673.187 2.575436
COST 65536 2048 2 8 6.50 0.01 512 0.588090 1638.224 2.510297
COST 65536 4096 2 8 6.50 0.01 512 0.805806 2730.001 0.508675
COST 65536 8192 2 8 6.50 0.01 512 0.916720 3481.998 0.273115
COST 65536 16384 2 8 6.50 0.01 512 0.972240 3909.418 0.462553
COST 65536 32768 2 8 6.50 0.01 512 1.000000 4134.919 1.000000
COST 65536 1024 2 8 6.50 0.01 512 0.334013 728.024 2.532790
COST 65536 2048 2 8 6.50 0.01 512 0.698486 1650.915 1.484764
COST 65536 4096 2 8 6.50 0.01 512 0.883550 2471.828 0.206138
COST 65536 8192 2 8 6.50 0.01 512 0.958438 2893.214 0.233321
COST 65536 16384 2 8 6.50 0.01 512 0.988192 3074.351 0.445137
COST 65536 32768 2 8 6.50 0.01 512 1.000000 3148.158 1.000000
COST 8192 256 2 8 5.00 0.0001 512 0.329874 195.369 0.686164
COST 8192 512 2 8 5.00 0.0001 512 0.556559 401.781 0.708597
COST 8192 1024 2 8 5.00 0.0001 512 0.739463 650.145 0.747123
COST 8192 2048 2 8 5.00 0.0001 512 0.884725 906.825 0.837982
COST 8192 4096 2 8 5.00 0.0001 512 1.000000 1149.259 1.000000
COST 8192 256 2 8 5.00 0.0001 512 0.460649 200.798 0.776911
COST 8192 512 2 8 5.00 0.0001 512 0.695251 373.393 0.795670
COST 8192 1024 2 8 5.00 0.0001 512 0.845574 532.095 0.895604
COST 8192 2048 2 8 5.00 0.0001 512 0.940325 653.270 0.933075
COST 8192 4096 2 8 5.00 0.0001 512 1.000000 737.761 1.000000
COST 8192 256 2 8 5.00 0.0001 512 0.587370 204.420 1.349240
COST 8192 512 2 8 5.00 0.0001 512 0.805619 341.105 1.388318
COST 8192 1024 2 8 5.00 0.0001 512 0.916676 435.206 1.409842
COST 8192 2048 2 8 5.00 0.0001 512 0.972231 488.665 1.089428
COST 8192 4096 2 8 5.00 0.0001 512 1.000000 516.862 1.000000
COST 8192 256 2 8 5.00 0.0001 512 0.697808 206.055 1.837793
COST 8192 512 2 8 5.00 0.0001 512 0.883410 308.885 1.874346
COST 8192 1024 2 8 5.00 0.0001 512 0.958411 361.631 1.221240
COST 8192 2048 2 8 5.00 0.0001 512 0.988187 384.289 0.771082
COST 8192 4096 2 8 5.00 0.0001 512 1.000000 393.519 1.000000
COST 8192 256 2 8 5.00 0.001 512 0.329874 195.369 0.711560
COST 8192 512 2 8 5.00 0.001 512 0.556559 401.781 0.729777
COST 8192 1024 2 8 5.00 0.001 512 0.739463 650.145 0.766463
COST 8192 2048 2 8 5.00 0.001 512 0.884725 906.825 0.853025
COST 8192 4096 2 8 5.00 0.001 512 1.000000 1149.259 1.000000
COST 8192 256 2 8 5.00 0.001 512 0.460649 200.798 0.997171
COST 8192 512 2 8 5.00 0.001 512 0.695251 373.393 1.010373
COST 8192 1024 2 8 5.00 0.001 512 0.845574 532.095 1.059066
COST 8192 2048 2 8 5.00 0.001 512 0.940325 653.270 1.048522
COST 8192 4096 2 8 5.00 0.001 512 1.000000 737.761 1.000000
COST 8192 256 2 8 5.00 0.001 512 0.587370 204.420 1.686590
COST 8192 512 2 8 5.00 0.001 512 0.805619 341.105 1.684889
COST 8192 1024 2 8 5.00 0.001 512 0.916676 435.206 1.392094
COST 8192 2048 2 8 5.00 0.001 512 0.972231 488.665 0.900439
COST 8192 4096 2 8 5.00 0.001 512 1.000000 516.862 1.000000
COST 8192 256 2 8 5.00 0.001 512 0.697808 206.055 1.951625
COST 8192 512 2 8 5.00 0.001 512 0.883410 308.885 6.008281
COST 8192 1024 2 8 5.00 0.001 512 0.958411 361.631 0.812830
COST 8192 2048 2 8 5.00 0.001 512 0.988187 384.289 0.588838
COST 8192 4096 2 8 5.00 0.001 512 1.000000 393.519 1.000000
COST 8192 256 2 8 5.00 0.01 512 0.329874 195.369 0.844078
COST 8192 512 2 8 5.00 0.01 512 0.556559 401.781 0.872167
COST 8192 1024 2 8 5.00 0.01 512 0.739463 650.145 0.909376
COST 8192 2048 2 8 5.00 0.01 512 0.884725 906.825 0.967226
COST 8192 4096 2 8 5.00 0.01 512 1.000000 1149.259 1.000000
COST 8192 256 2 8 5.00 0.01 512 0.460649 200.798 1.557321
COST 8192 512 2 8 5.00 0.01 512 0.695251 373.393 1.551147
COST 8192 1024 2 8 5.00 0.01 512 0.845574 532.095 1.447975
COST 8192 2048 2 8 5.00 0.01 512 0.940325 653.270 0.897770
COST 8192 4096 2 8 5.00 0.01 512 1.000000 737.761 1.000000
COST 8192 256 2 8 5.00 0.01 512 0.587370 204.420 1.950924
COST 8192 512 2 8 5.00 0.01 512 0.805619 341.105 1.573780
COST 8192 1024 2 8 5.00 0.01 512 0.916676 435.206 0.801219
COST 8192 2048 2 8 5.00 0.01 512 0.972231 488.665 0.640351
COST 8192 4096 2 8 5.00 0.01 512 1.000000 516.862 1.000000
COST 8192 256 2 8 5.00 0.01 512 0.697808 206.055 1.968364
COST 8192 512 2 8 5.00 0.01 512 0.883410 308.885 0.807070
COST 8192 1024 2 8 5.00 0.01 512 0.958411 361.631 0.347223
COST 8192 2048 2 8 5.00 0.01 512 0.988187 384.289 0.466931
COST 8192 4096 2 8 5.00 0.01 512 1.000000 393.519 1.000000
COST 8192 256 2 8 5.50 0.0001 512 0.329874 195.369 0.709858
COST 8192 512 2 8 5.50 0.0001 512 0.556559 401.781 0.734992
COST 8192 1024 2 8 5.50 0.0001 512 0.739463 650.145 0.779695
COST 8192 2048 2 8 5.50 0.0001 512 0.884725 906.825 0.868580
COST 8192 4096 2 8 5.50 0.0001 512 1.000000 1149.259 1.000000
COST 8192 256 2 8 5.50 0.0001 512 0.460649 200.798 1.396795
COST 8192 512 2 8 5.50 0.0001 512 0.695251 373.393 1.413629
COST 8192 1024 2 8 5.50 0.0001 512 0.845574 532.095 1.476341
COST 8192 2048 2 8 5.50 0.0001 512 0.940325 653.270 1.326976
COST 8192 4096 2 8 5.50 0.0001 512 1.000000 737.761 1.000000
COST 8192 256 2 8 5.50 0.0001 512 0.587370 204.420 1.955139
COST 8192 512 2 8 5.50 0.0001 512 0.805619 341.105 1.955520
COST 8192 1024 2 8 5.50 0.0001 512 0.916676 435.206 1.402293
COST 8192 2048 2 8 5.50 0.0001 512 0.972231 488.665 0.753411
COST 8192 4096 2 8 5.50 0.0001 512 1.000000 516.862 1.000000
COST 8192 256 2 8 5.50 0.0001 512 0.697808 206.055 2.082695
COST 8192 512 2 8 5.50 0.0001 512 0.883410 308.885 1.514783
COST 8192 1024 2 8 5.50 0.0001 512 0.958411 361.631 0.460641
COST 8192 2048 2 8 5.50 0.0001 512 0.988187 384.289 0.475855
COST 8192 4096 2 8 5.50 0.0001 512 1.000000 393.519 1.000000
COST 8192 256 2 8 5.50 0.001 512 0.329874 195.369 0.890539
COST 8192 512 2 8 5.50 0.001 512 0.556559 401.781 0.921872
COST 8192 1024 2 8 5.50 0.001 512 0.739463 650.145 0.958484
COST 8192 2048 2 8 5.50 0.001 512 0.884725 906.825 1.043873
COST 8192 4096 2 8 5.50 0.001 512 1.000000 1149.259 1.000000
COST 8192 256 2 8 5.50 0.001 512 0.460649 200.798 1.682591
COST 8192 512 2 8 5.50 0.001 512 0.695251 373.393 1.710965
COST 8192 1024 2 8 5.50 0.001 512 0.845574 532.095 1.671498
COST 8192 2048 2 8 5.50 0.001 512 0.940325 653.270 0.923972
COST 8192 4096 2 8 5.50 0.001 512 1.000000 737.761 1.000000
COST 8192 256 2 8 5.50 0.001 512 0.587370 204.420 2.058227
COST 8192 512 2 8 5.50 0.001 512 0.805619 341.105 1.812927
COST 8192 1024 2 8 5.50 0.001 512 0.916676 435.206 0.704961
COST 8192 2048 2 8 5.50 0.001 512 0.972231 488.665 0.561768
COST 8192 4096 2 8 5.50 0.001 512 1.000000 516.862 1.000000
COST 8192 256 2 8 5.50 0.001 512 0.697808 206.055 2.064919
COST 8192 512 2 8 5.50 0.001 512 0.883410 308.885 0.798057
COST 8192 1024 2 8 5.50 0.001 512 0.958411 361.631 0.293575
COST 8192 2048 2 8 5.50 0.001 512 0.988187 384.289 0.469867
COST 8192 4096 2 8 5.50 0.001 512 1.000000 393.519 1.000000
COST 8192 256 2 8 5.50 0.01 512 0.329874 195.369 1.481481
COST 8192 512 2 8 5.50 0.01 512 0.556559 401.781 1.528925
COST 8192 1024 2 8 5.50 0.01 512 0.739463 650.145 1.523184
COST 8192 2048 2 8 5.50 0.01 512 0.884725 906.825 1.004967
COST 8192 4096 2 8 5.50 0.01 512 1.000000 1149.259 1.000000
COST 8192 256 2 8 5.50 0.01 512 0.460649 200.798 2.026181
COST 8192 512 2 8 5.50 0.01 512 0.695251 373.393 1.835785
COST 8192 1024 2 8 5.50 0.01 512 0.845574 532.095 0.972343
COST 8192 2048 2 8 5.50 0.01 512 0.940325 653.270 0.627002
COST 8192 4096 2 8 5.50 0.01 512 1.000000 737.761 1.000000
COST 8192 256 2 8 5.50 0.01 512 0.587370 204.420 2.017847
COST 8192 512 2 8 5.50 0.01 512 0.805619 341.105 0.748197
COST 8192 1024 2 8 5.50 0.01 512 0.916676 435.206 0.312025
COST 8192 2048 2 8 5.50 0.01 512 0.972231 488.665 0.526412
COST 8192 4096 2 8 5.50 0.01 512 1.000000 516.862 1.000000
COST 8192 256 2 8 5.50 0.01 512 0.697808 206.055 1.382214
COST 8192 512 2 8 5.50 0.01 512 0.883410 308.885 0.255862
COST 8192 1024 2 8 5.50 0.01 512 0.958411 361.631 0.219134
COST 8192 2048 2 8 5.50 0.01 512 0.988187 384.289 0.470099
COST 8192 4096 2 8 5.50 0.01 512 1.000000 393.519 1.000000
COST 8192 256 2 8 6.00 0.0001 512 0.329874 195.369 1.078529
COST 8192 512 2 8 6.00 0.0001 512 0.556559 401.781 1.114603
COST 8192 1024 2 8 6.00 0.0001 512 0.739463 650.145 1.160122
COST 8192 2048 2 8 6.00 0.0001 512 0.884725 906.825 1.263994
COST 8192 4096 2 8 6.00 0.0001 512 1.000000 1149.259 1.000000
COST 8192 256 2 8 6.00 0.0001 512 0.460649 200.798 1.909485
COST 8192 512 2 8 6.00 0.0001 512 0.695251 373.393 1.974728
COST 8192 1024 2 8 6.00 0.0001 512 0.845574 532.095 1.736373
COST 8192 2048 2 8 6.00 0.0001 512 0.940325 653.270 0.884588
COST 8192 4096 2 8 6.00 0.0001 512 1.000000 737.761 1.000000
COST 8192 256 2 8 6.00 0.0001 512 0.587370 204.420 2.136346
COST 8192 512 2 8 6.00 0.0001 512 0.805619 341.105 1.795589
COST 8192 1024 2 8 6.00 0.0001 512 0.916676 435.206 0.595012
COST 8192 2048 2 8 6.00 0.0001 512 0.972231 488.665 0.528423
COST 8192 4096 2 8 6.00 0.0001 512 1.000000 516.862 1.000000
COST 8192 256 2 8 6.00 0.0001 512 0.697808 206.055 2.165499
COST 8192 512 2 8 6.00 0.0001 512 0.883410 308.885 0.682702
COST 8192 1024 2 8 6.00 0.0001 512 0.958411 361.631 0.235792
COST 8192 2048 2 8 6.00 0.0001 512 0.988187 384.289 0.463535
COST 8192 4096 2 8 6.00 0.0001 512 1.000000 393.519 1.000000
COST 8192 256 2 8 6.00 0.001 512 0.329874 195.369 1.559144
COST 8192 512 2 8 6.00 0.001 512 0.556559 401.781 1.570492
COST 8192 1024 2 8 6.00 0.001 512 0.739463 650.145 1.627238
COST 8192 2048 2 8 6.00 0.001 512 0.884725 906.825 1.225074
COST 8192 4096 2 8 6.00 0.001 512 1.000000 1149.259 1.000000
COST 8192 256 2 8 6.00 0.001 512 0.460649 200.798 2.070987
COST 8192 512 2 8 6.00 0.001 512 0.695251 373.393 2.050948
COST 8192 1024 2 8 6.00 0.001 512 0.845574 532.095 1.044949
COST 8192 2048 2 8 6.00 0.001 512 0.940325 653.270 0.626785
COST 8192 4096 2 8 6.00 0.001 512 1.000000 737.761 1.000000
COST 8192 256 2 8 6.00 0.001 512 0.587370 204.420 2.177483
COST 8192 512 2 8 6.00 0.001 512 0.805619 341.105 0.953851
COST 8192 1024 2 8 6.00 0.001 512 0.916676 435.206 0.294227
COST 8192 2048 2 8 6.00 0.001 512 0.972231 488.665 0.460847
COST 8192 4096 2 8 6.00 0.001 512 1.000000 516.862 1.000000
COST 8192 256 2 8 6.00 0.001 512 0.697808 206.055 1.698283
COST 8192 512 2 8 6.00 0.001 512 0.883410 308.885 0.265840
COST 8192 1024 2 8 6.00 0.001 512 0.958411 361.631 0.208047
COST 8192 2048 2 8 6.00 0.001 512 0.988187 384.289 0.457640
COST 8192 4096 2 8 6.00 0.001 512 1.000000 393.519 1.000000
COST 8192 256 2 8 6.00 0.01 512 0.329874 195.369 1.917222
COST 8192 512 2 8 6.00 0.01 512 0.556559 401.781 2.022509
COST 8192 1024 2 8 6.00 0.01 512 0.739463 650.145 1.382805
COST 8192 2048 2 8 6.00 0.01 512 0.884725 906.825 0.693169
COST 8192 4096 2 8 6.00 0.01 512 1.000000 1149.259 1.000000
COST 8192 256 2 8 6.00 0.01 512 0.460649 200.798 2.105713
COST 8192 512 2 8 6.00 0.01 512 0.695251 373.393 1.151803
COST 8192 1024 2 8 6.00 0.01 512 0.845574 532.095 0.376778
COST 8192 2048 2 8 6.00 0.01 512 0.940325 653.270 0.487245
COST 8192 4096 2 8 6.00 0.01 512 1.000000 737.761 1.000000
COST 8192 256 2 8 6.00 0.01 512 0.587370 204.420 1.591912
COST 8192 512 2 8 6.00 0.01 512 0.805619 341.105 0.269283
COST 8192 1024 2 8 6.00 0.01 512 0.916676 435.206 0.208606
COST 8192 2048 2 8 6.00 0.01 512 0.972231 488.665 0.450882
COST 8192 4096 2 8 6.00 0.01 512 1.000000 516.862 1.000000
COST 8192 256 2 8 6.00 0.01 512 0.697808 206.055 0.600445
COST 8192 512 2 8 6.00 0.01 512 0.883410 308.885 0.113476
COST 8192 1024 2 8 6.00 0.01 512 0.958411 361.631 0.189151
COST 8192 2048 2 8 6.00 0.01 512 0.988187 384.289 0.464963
COST 8192 4096 2 8 6.00 0.01 512 1.000000 393.519 1.000000
COST 8192 256 2 8 6.50 0.0001 512 0.329874 195.369 1.646606
COST 8192 512 2 8 6.50 0.0001 512 0.556559 401.781 1.697169
COST 8192 1024 2 8 6.50 0.0001 512 0.739463 650.145 1.753240
COST 8192 2048 2 8 6.50 0.0001 512 0.884725 906.825 1.337502
COST 8192 4096 2 8 6.50 0.0001 512 1.000000 1149.259 1.000000
COST 8192 256 2 8 6.50 0.0001 512 0.460649 200.798 2.102797
COST 8192 512 2 8 6.50 0.0001 512 0.695251 373.393 2.070140
COST 8192 1024 2 8 6.50 0.0001 512 0.845574 532.095 0.968668
COST 8192 2048 2 8 6.50 0.0001 512 0.940325 653.270 0.614348
COST 8192 4096 2 8 6.50 0.0001 512 1.000000 737.761 1.000000
COST 8192 256 2 8 6.50 0.0001 512 0.587370 204.420 2.137042
COST 8192 512 2 8 6.50 0.0001 512 0.805619 341.105 0.851900
COST 8192 1024 2 8 6.50 0.0001 512 0.916676 435.206 0.269445
COST 8192 2048 2 8 6.50 0.0001 512 0.972231 488.665 0.513264
COST 8192 4096 2 8 6.50 0.0001 512 1.000000 516.862 1.000000
COST 8192 256 2 8 6.50 0.0001 512 0.697808 206.055 1.804016
COST 8192 512 2 8 6.50 0.0001 512 0.883410 308.885 0.212487
COST 8192 1024 2 8 6.50 0.0001 512 0.958411 361.631 0.201468
COST 8192 2048 2 8 6.50 0.0001 512 0.988187 384.289 0.501094
COST 8192 4096 2 8 6.50 0.0001 512 1.000000 393.519 1.000000
COST 8192 256 2 8 6.50 0.001 512 0.329874 195.369 2.010536
COST 8192 512 2 8 6.50 0.001 512 0.556559 401.781 2.066773
COST 8192 1024 2 8 6.50 0.001 512 0.739463 650.145 1.706485
COST 8192 2048 2 8 6.50 0.001 512 0.884725 906.825 0.818634
COST 8192 4096 2 8 6.50 0.001 512 1.000000 1149.259 1.000000
COST 8192 256 2 8 6.50 0.001 512 0.460649 200.798 2.208026
COST 8192 512 2 8 6.50 0.001 512 0.695251 373.393 1.559794
COST 8192 1024 2 8 6.50 0.001 512 0.845574 532.095 0.441180
COST 8192 2048 2 8 6.50 0.001 512 0.940325 653.270 0.508220
COST 8192 4096 2 8 6.50 0.001 512 1.000000 737.761 1.000000
COST 8192 256 2 8 6.50 0.001 512 0.587370 204.420 2.035254
COST 8192 512 2 8 6.50 0.001 512 0.805619 341.105 0.376986
COST 8192 1024 2 8 6.50 0.001 512 0.916676 435.206 0.209746
COST 8192 2048 2 8 6.50 0.001 512 0.972231 488.665 0.461404
COST 8192 4096 2 8 6.50 0.001 512 1.000000 516.862 1.000000
COST 8192 256 2 8 6.50 0.001 512 0.697808 206.055 0.877280
COST 8192 512 2 8 6.50 0.001 512 0.883410 308.885 0.115275
COST 8192 1024 2 8 6.50 0.001 512 0.958411 361.631 0.190719
COST 8192 2048 2 8 6.50 0.001 512 0.988187 384.289 0.459644
COST 8192 4096 2 8 6.50 0.001 512 1.000000 393.519 1.000000
COST 8192 256 2 8 6.50 0.01 512 0.329874 195.369 2.204034
COST 8192 512 2 8 6.50 0.01 512 0.556559 401.781 1.920656
COST 8192 1024 2 8 6.50 0.01 512 0.739463 650.145 0.696182
COST 8192 2048 2 8 6.50 0.01 512 0.884725 906.825 0.577342
COST 8192 4096 2 8 6.50 0.01 512 1.000000 1149.259 1.000000
COST 8192 256 2 8 6.50 0.01 512 0.460649 200.798 2.131402
COST 8192 512 2 8 6.50 0.01 512 0.695251 373.393 0.465038
COST 8192 1024 2 8 6.50 0.01 512 0.845574 532.095 0.246779
COST 8192 2048 2 8 6.50 0.01 512 0.940325 653.270 0.452784
COST 8192 4096 2 8 6.50 0.01 512 1.000000 737.761 1.000000
COST 8192 256 2 8 6.50 0.01 512 0.587370 204.420 0.848908
COST 8192 512 2 8 6.50 0.01 512 0.805619 341.105 0.109420
COST 8192 1024 2 8 6.50 0.01 512 0.916676 435.206 0.198436
COST 8192 2048 2 8 6.50 0.01 512 0.972231 488.665 0.455426
COST 8192 4096 2 8 6.50 0.01 512 1.000000 516.862 1.000000
COST 8192 256 2 8 6.50 0.01 512 0.697808 206.055 0.204721
COST 8192 512 2 8 6.50 0.01 512 0.883410 308.885 0.086004
COST 8192 1024 2 8 6.50 0.01 512 0.958411 361.631 0.173151
COST 8192 2048 2 8 6.50 0.01 512 0.988187 384.289 0.424899
COST 8192 4096 2 8 6.50 0.01 512 1.000000 393.519 1.000000
