# matchedfilter CPU COST table -- FDR and batch-aware relative costs
# format cost-fd-pairs-v1
# cpu     AMD Ryzen 5 5500U with Radeon Graphics
# commit  unknown
# Warm public-API cost relative to the widest band for this profile and shape.
# The reference-profile gate model computes accuracy independently.
# U=2 and K=8 are retained as configuration metadata; taps are inert.
# COST n band U K snr fd pairs f beff relative_cost
COST 1024 256 2 8 5.00 0.0001 512 0.884518 113.275 0.992028
COST 1024 512 2 8 5.00 0.0001 512 1.000000 143.622 1.000000
COST 1024 256 2 8 5.00 0.0001 512 0.940195 81.628 1.035365
COST 1024 512 2 8 5.00 0.0001 512 1.000000 92.210 1.000000
COST 1024 256 2 8 5.00 0.0001 512 0.972159 61.071 0.594777
COST 1024 512 2 8 5.00 0.0001 512 1.000000 64.605 1.000000
COST 1024 256 2 8 5.00 0.0001 512 0.988151 48.031 0.472986
COST 1024 512 2 8 5.00 0.0001 512 1.000000 49.188 1.000000
COST 1024 256 2 8 5.00 0.001 512 0.884518 113.275 1.057929
COST 1024 512 2 8 5.00 0.001 512 1.000000 143.622 1.000000
COST 1024 256 2 8 5.00 0.001 512 0.940195 81.628 0.727400
COST 1024 512 2 8 5.00 0.001 512 1.000000 92.210 1.000000
COST 1024 256 2 8 5.00 0.001 512 0.972159 61.071 0.508519
COST 1024 512 2 8 5.00 0.001 512 1.000000 64.605 1.000000
COST 1024 256 2 8 5.00 0.001 512 0.988151 48.031 0.449071
COST 1024 512 2 8 5.00 0.001 512 1.000000 49.188 1.000000
COST 1024 256 2 8 5.00 0.01 512 0.884518 113.275 0.757997
COST 1024 512 2 8 5.00 0.01 512 1.000000 143.622 1.000000
COST 1024 256 2 8 5.00 0.01 512 0.940195 81.628 0.509384
COST 1024 512 2 8 5.00 0.01 512 1.000000 92.210 1.000000
COST 1024 256 2 8 5.00 0.01 512 0.972159 61.071 0.452506
COST 1024 512 2 8 5.00 0.01 512 1.000000 64.605 1.000000
COST 1024 256 2 8 5.00 0.01 512 0.988151 48.031 0.413774
COST 1024 512 2 8 5.00 0.01 512 1.000000 49.188 1.000000
COST 1024 256 2 8 5.50 0.0001 512 0.884518 113.275 1.199436
COST 1024 512 2 8 5.50 0.0001 512 1.000000 143.622 1.000000
COST 1024 256 2 8 5.50 0.0001 512 0.940195 81.628 0.701040
COST 1024 512 2 8 5.50 0.0001 512 1.000000 92.210 1.000000
COST 1024 256 2 8 5.50 0.0001 512 0.972159 61.071 0.471551
COST 1024 512 2 8 5.50 0.0001 512 1.000000 64.605 1.000000
COST 1024 256 2 8 5.50 0.0001 512 0.988151 48.031 0.417576
COST 1024 512 2 8 5.50 0.0001 512 1.000000 49.188 1.000000
COST 1024 256 2 8 5.50 0.001 512 0.884518 113.275 0.937942
COST 1024 512 2 8 5.50 0.001 512 1.000000 143.622 1.000000
COST 1024 256 2 8 5.50 0.001 512 0.940195 81.628 0.494440
COST 1024 512 2 8 5.50 0.001 512 1.000000 92.210 1.000000
COST 1024 256 2 8 5.50 0.001 512 0.972159 61.071 0.429136
COST 1024 512 2 8 5.50 0.001 512 1.000000 64.605 1.000000
COST 1024 256 2 8 5.50 0.001 512 0.988151 48.031 0.408791
COST 1024 512 2 8 5.50 0.001 512 1.000000 49.188 1.000000
COST 1024 256 2 8 5.50 0.01 512 0.884518 113.275 0.550967
COST 1024 512 2 8 5.50 0.01 512 1.000000 143.622 1.000000
COST 1024 256 2 8 5.50 0.01 512 0.940195 81.628 0.438567
COST 1024 512 2 8 5.50 0.01 512 1.000000 92.210 1.000000
COST 1024 256 2 8 5.50 0.01 512 0.972159 61.071 0.411004
COST 1024 512 2 8 5.50 0.01 512 1.000000 64.605 1.000000
COST 1024 256 2 8 5.50 0.01 512 0.988151 48.031 0.404438
COST 1024 512 2 8 5.50 0.01 512 1.000000 49.188 1.000000
COST 1024 256 2 8 6.00 0.0001 512 0.884518 113.275 0.991832
COST 1024 512 2 8 6.00 0.0001 512 1.000000 143.622 1.000000
COST 1024 256 2 8 6.00 0.0001 512 0.940195 81.628 0.506342
COST 1024 512 2 8 6.00 0.0001 512 1.000000 92.210 1.000000
COST 1024 256 2 8 6.00 0.0001 512 0.972159 61.071 0.424628
COST 1024 512 2 8 6.00 0.0001 512 1.000000 64.605 1.000000
COST 1024 256 2 8 6.00 0.0001 512 0.988151 48.031 0.393868
COST 1024 512 2 8 6.00 0.0001 512 1.000000 49.188 1.000000
COST 1024 256 2 8 6.00 0.001 512 0.884518 113.275 0.655843
COST 1024 512 2 8 6.00 0.001 512 1.000000 143.622 1.000000
COST 1024 256 2 8 6.00 0.001 512 0.940195 81.628 0.439824
COST 1024 512 2 8 6.00 0.001 512 1.000000 92.210 1.000000
COST 1024 256 2 8 6.00 0.001 512 0.972159 61.071 0.409916
COST 1024 512 2 8 6.00 0.001 512 1.000000 64.605 1.000000
COST 1024 256 2 8 6.00 0.001 512 0.988151 48.031 0.410257
COST 1024 512 2 8 6.00 0.001 512 1.000000 49.188 1.000000
COST 1024 256 2 8 6.00 0.01 512 0.884518 113.275 0.445505
COST 1024 512 2 8 6.00 0.01 512 1.000000 143.622 1.000000
COST 1024 256 2 8 6.00 0.01 512 0.940195 81.628 0.414026
COST 1024 512 2 8 6.00 0.01 512 1.000000 92.210 1.000000
COST 1024 256 2 8 6.00 0.01 512 0.972159 61.071 0.399825
COST 1024 512 2 8 6.00 0.01 512 1.000000 64.605 1.000000
COST 1024 256 2 8 6.00 0.01 512 0.988151 48.031 0.414085
COST 1024 512 2 8 6.00 0.01 512 1.000000 49.188 1.000000
COST 1024 256 2 8 6.50 0.0001 512 0.884518 113.275 0.675281
COST 1024 512 2 8 6.50 0.0001 512 1.000000 143.622 1.000000
COST 1024 256 2 8 6.50 0.0001 512 0.940195 81.628 0.429365
COST 1024 512 2 8 6.50 0.0001 512 1.000000 92.210 1.000000
COST 1024 256 2 8 6.50 0.0001 512 0.972159 61.071 0.416606
COST 1024 512 2 8 6.50 0.0001 512 1.000000 64.605 1.000000
COST 1024 256 2 8 6.50 0.0001 512 0.988151 48.031 0.416543
COST 1024 512 2 8 6.50 0.0001 512 1.000000 49.188 1.000000
COST 1024 256 2 8 6.50 0.001 512 0.884518 113.275 0.480116
COST 1024 512 2 8 6.50 0.001 512 1.000000 143.622 1.000000
COST 1024 256 2 8 6.50 0.001 512 0.940195 81.628 0.406967
COST 1024 512 2 8 6.50 0.001 512 1.000000 92.210 1.000000
COST 1024 256 2 8 6.50 0.001 512 0.972159 61.071 0.394899
COST 1024 512 2 8 6.50 0.001 512 1.000000 64.605 1.000000
COST 1024 256 2 8 6.50 0.001 512 0.988151 48.031 0.408789
COST 1024 512 2 8 6.50 0.001 512 1.000000 49.188 1.000000
COST 1024 256 2 8 6.50 0.01 512 0.884518 113.275 0.416102
COST 1024 512 2 8 6.50 0.01 512 1.000000 143.622 1.000000
COST 1024 256 2 8 6.50 0.01 512 0.940195 81.628 0.392245
COST 1024 512 2 8 6.50 0.01 512 1.000000 92.210 1.000000
COST 1024 256 2 8 6.50 0.01 512 0.972159 61.071 0.393819
COST 1024 512 2 8 6.50 0.01 512 1.000000 64.605 1.000000
COST 1024 256 2 8 6.50 0.01 512 0.988151 48.031 0.409813
COST 1024 512 2 8 6.50 0.01 512 1.000000 49.188 1.000000
COST 131072 2048 2 8 5.00 0.0001 512 0.101363 1161.495 0.729075
COST 131072 4096 2 8 5.00 0.0001 512 0.330517 3133.156 0.752121
COST 131072 8192 2 8 5.00 0.0001 512 0.556820 6433.428 0.770351
COST 131072 16384 2 8 5.00 0.0001 512 0.739558 10405.039 0.796014
COST 131072 32768 2 8 5.00 0.0001 512 0.884753 14510.533 0.854343
COST 131072 65536 2 8 5.00 0.0001 512 1.000000 18388.750 1.000000
COST 131072 2048 2 8 5.00 0.0001 512 0.165475 1248.868 0.746328
COST 131072 4096 2 8 5.00 0.0001 512 0.461394 3219.569 0.732171
COST 131072 8192 2 8 5.00 0.0001 512 0.695493 5977.928 0.768047
COST 131072 16384 2 8 5.00 0.0001 512 0.845646 8515.006 0.801398
COST 131072 32768 2 8 5.00 0.0001 512 0.940342 10452.859 0.870467
COST 131072 65536 2 8 5.00 0.0001 512 1.000000 11804.351 1.000000
COST 131072 2048 2 8 5.00 0.0001 512 0.244680 1346.831 0.744113
COST 131072 4096 2 8 5.00 0.0001 512 0.588141 3276.857 0.730355
COST 131072 8192 2 8 5.00 0.0001 512 0.805819 5460.169 0.760789
COST 131072 16384 2 8 5.00 0.0001 512 0.916724 6964.047 0.782224
COST 131072 32768 2 8 5.00 0.0001 512 0.972240 7818.850 0.859667
COST 131072 65536 2 8 5.00 0.0001 512 1.000000 8269.841 1.000000
COST 131072 2048 2 8 5.00 0.0001 512 0.334152 1456.527 0.886146
COST 131072 4096 2 8 5.00 0.0001 512 0.698534 3302.182 0.904757
COST 131072 8192 2 8 5.00 0.0001 512 0.883560 4943.763 0.979051
COST 131072 16384 2 8 5.00 0.0001 512 0.958440 5786.452 0.954347
COST 131072 32768 2 8 5.00 0.0001 512 0.988192 6148.706 1.031175
COST 131072 65536 2 8 5.00 0.0001 512 1.000000 6296.317 1.000000
COST 131072 2048 2 8 5.00 0.001 512 0.101363 1161.495 0.692284
COST 131072 4096 2 8 5.00 0.001 512 0.330517 3133.156 0.714012
COST 131072 8192 2 8 5.00 0.001 512 0.556820 6433.428 0.735842
COST 131072 16384 2 8 5.00 0.001 512 0.739558 10405.039 0.758356
COST 131072 32768 2 8 5.00 0.001 512 0.884753 14510.533 0.835379
COST 131072 65536 2 8 5.00 0.001 512 1.000000 18388.750 1.000000
COST 131072 2048 2 8 5.00 0.001 512 0.165475 1248.868 0.714032
COST 131072 4096 2 8 5.00 0.001 512 0.461394 3219.569 0.761519
COST 131072 8192 2 8 5.00 0.001 512 0.695493 5977.928 0.738919
COST 131072 16384 2 8 5.00 0.001 512 0.845646 8515.006 0.787751
COST 131072 32768 2 8 5.00 0.001 512 0.940342 10452.859 0.848716
COST 131072 65536 2 8 5.00 0.001 512 1.000000 11804.351 1.000000
COST 131072 2048 2 8 5.00 0.001 512 0.244680 1346.831 0.783524
COST 131072 4096 2 8 5.00 0.001 512 0.588141 3276.857 0.766660
COST 131072 8192 2 8 5.00 0.001 512 0.805819 5460.169 0.804418
COST 131072 16384 2 8 5.00 0.001 512 0.916724 6964.047 0.837133
COST 131072 32768 2 8 5.00 0.001 512 0.972240 7818.850 0.908646
COST 131072 65536 2 8 5.00 0.001 512 1.000000 8269.841 1.000000
COST 131072 2048 2 8 5.00 0.001 512 0.334152 1456.527 1.066464
COST 131072 4096 2 8 5.00 0.001 512 0.698534 3302.182 1.104580
COST 131072 8192 2 8 5.00 0.001 512 0.883560 4943.763 1.096488
COST 131072 16384 2 8 5.00 0.001 512 0.958440 5786.452 1.131129
COST 131072 32768 2 8 5.00 0.001 512 0.988192 6148.706 1.088313
COST 131072 65536 2 8 5.00 0.001 512 1.000000 6296.317 1.000000
COST 131072 2048 2 8 5.00 0.01 512 0.101363 1161.495 0.738507
COST 131072 4096 2 8 5.00 0.01 512 0.330517 3133.156 0.766409
COST 131072 8192 2 8 5.00 0.01 512 0.556820 6433.428 0.782837
COST 131072 16384 2 8 5.00 0.01 512 0.739558 10405.039 0.815698
COST 131072 32768 2 8 5.00 0.01 512 0.884753 14510.533 0.860733
COST 131072 65536 2 8 5.00 0.01 512 1.000000 18388.750 1.000000
COST 131072 2048 2 8 5.00 0.01 512 0.165475 1248.868 0.738406
COST 131072 4096 2 8 5.00 0.01 512 0.461394 3219.569 0.738064
COST 131072 8192 2 8 5.00 0.01 512 0.695493 5977.928 0.773895
COST 131072 16384 2 8 5.00 0.01 512 0.845646 8515.006 0.794977
COST 131072 32768 2 8 5.00 0.01 512 0.940342 10452.859 0.875927
COST 131072 65536 2 8 5.00 0.01 512 1.000000 11804.351 1.000000
COST 131072 2048 2 8 5.00 0.01 512 0.244680 1346.831 1.081423
COST 131072 4096 2 8 5.00 0.01 512 0.588141 3276.857 1.061434
COST 131072 8192 2 8 5.00 0.01 512 0.805819 5460.169 1.105279
COST 131072 16384 2 8 5.00 0.01 512 0.916724 6964.047 1.121783
COST 131072 32768 2 8 5.00 0.01 512 0.972240 7818.850 1.103610
COST 131072 65536 2 8 5.00 0.01 512 1.000000 8269.841 1.000000
COST 131072 2048 2 8 5.00 0.01 512 0.334152 1456.527 1.442056
COST 131072 4096 2 8 5.00 0.01 512 0.698534 3302.182 1.500929
COST 131072 8192 2 8 5.00 0.01 512 0.883560 4943.763 1.468588
COST 131072 16384 2 8 5.00 0.01 512 0.958440 5786.452 1.324941
COST 131072 32768 2 8 5.00 0.01 512 0.988192 6148.706 0.968303
COST 131072 65536 2 8 5.00 0.01 512 1.000000 6296.317 1.000000
COST 131072 2048 2 8 5.50 0.0001 512 0.101363 1161.495 0.730477
COST 131072 4096 2 8 5.50 0.0001 512 0.330517 3133.156 0.727167
COST 131072 8192 2 8 5.50 0.0001 512 0.556820 6433.428 0.746656
COST 131072 16384 2 8 5.50 0.0001 512 0.739558 10405.039 0.783126
COST 131072 32768 2 8 5.50 0.0001 512 0.884753 14510.533 0.850975
COST 131072 65536 2 8 5.50 0.0001 512 1.000000 18388.750 1.000000
COST 131072 2048 2 8 5.50 0.0001 512 0.165475 1248.868 0.738307
COST 131072 4096 2 8 5.50 0.0001 512 0.461394 3219.569 0.771246
COST 131072 8192 2 8 5.50 0.0001 512 0.695493 5977.928 0.780365
COST 131072 16384 2 8 5.50 0.0001 512 0.845646 8515.006 0.798036
COST 131072 32768 2 8 5.50 0.0001 512 0.940342 10452.859 0.851740
COST 131072 65536 2 8 5.50 0.0001 512 1.000000 11804.351 1.000000
COST 131072 2048 2 8 5.50 0.0001 512 0.244680 1346.831 0.997798
COST 131072 4096 2 8 5.50 0.0001 512 0.588141 3276.857 1.005455
COST 131072 8192 2 8 5.50 0.0001 512 0.805819 5460.169 1.024234
COST 131072 16384 2 8 5.50 0.0001 512 0.916724 6964.047 1.091048
COST 131072 32768 2 8 5.50 0.0001 512 0.972240 7818.850 1.151779
COST 131072 65536 2 8 5.50 0.0001 512 1.000000 8269.841 1.000000
COST 131072 2048 2 8 5.50 0.0001 512 0.334152 1456.527 1.827530
COST 131072 4096 2 8 5.50 0.0001 512 0.698534 3302.182 1.917316
COST 131072 8192 2 8 5.50 0.0001 512 0.883560 4943.763 2.001469
COST 131072 16384 2 8 5.50 0.0001 512 0.958440 5786.452 1.957533
COST 131072 32768 2 8 5.50 0.0001 512 0.988192 6148.706 1.180668
COST 131072 65536 2 8 5.50 0.0001 512 1.000000 6296.317 1.000000
COST 131072 2048 2 8 5.50 0.001 512 0.101363 1161.495 0.745082
COST 131072 4096 2 8 5.50 0.001 512 0.330517 3133.156 0.778735
COST 131072 8192 2 8 5.50 0.001 512 0.556820 6433.428 0.764440
COST 131072 16384 2 8 5.50 0.001 512 0.739558 10405.039 0.787814
COST 131072 32768 2 8 5.50 0.001 512 0.884753 14510.533 0.868879
COST 131072 65536 2 8 5.50 0.001 512 1.000000 18388.750 1.000000
COST 131072 2048 2 8 5.50 0.001 512 0.165475 1248.868 0.790833
COST 131072 4096 2 8 5.50 0.001 512 0.461394 3219.569 0.801763
COST 131072 8192 2 8 5.50 0.001 512 0.695493 5977.928 0.827425
COST 131072 16384 2 8 5.50 0.001 512 0.845646 8515.006 0.838206
COST 131072 32768 2 8 5.50 0.001 512 0.940342 10452.859 0.894572
COST 131072 65536 2 8 5.50 0.001 512 1.000000 11804.351 1.000000
COST 131072 2048 2 8 5.50 0.001 512 0.244680 1346.831 1.414205
COST 131072 4096 2 8 5.50 0.001 512 0.588141 3276.857 1.396966
COST 131072 8192 2 8 5.50 0.001 512 0.805819 5460.169 1.434282
COST 131072 16384 2 8 5.50 0.001 512 0.916724 6964.047 1.481639
COST 131072 32768 2 8 5.50 0.001 512 0.972240 7818.850 1.192175
COST 131072 65536 2 8 5.50 0.001 512 1.000000 8269.841 1.000000
COST 131072 2048 2 8 5.50 0.001 512 0.334152 1456.527 1.988906
COST 131072 4096 2 8 5.50 0.001 512 0.698534 3302.182 1.997575
COST 131072 8192 2 8 5.50 0.001 512 0.883560 4943.763 2.022485
COST 131072 16384 2 8 5.50 0.001 512 0.958440 5786.452 1.553523
COST 131072 32768 2 8 5.50 0.001 512 0.988192 6148.706 0.768897
COST 131072 65536 2 8 5.50 0.001 512 1.000000 6296.317 1.000000
COST 131072 2048 2 8 5.50 0.01 512 0.101363 1161.495 0.732263
COST 131072 4096 2 8 5.50 0.01 512 0.330517 3133.156 0.770586
COST 131072 8192 2 8 5.50 0.01 512 0.556820 6433.428 0.796760
COST 131072 16384 2 8 5.50 0.01 512 0.739558 10405.039 0.813365
COST 131072 32768 2 8 5.50 0.01 512 0.884753 14510.533 0.878991
COST 131072 65536 2 8 5.50 0.01 512 1.000000 18388.750 1.000000
COST 131072 2048 2 8 5.50 0.01 512 0.165475 1248.868 1.182360
COST 131072 4096 2 8 5.50 0.01 512 0.461394 3219.569 1.225454
COST 131072 8192 2 8 5.50 0.01 512 0.695493 5977.928 1.241092
COST 131072 16384 2 8 5.50 0.01 512 0.845646 8515.006 1.304902
COST 131072 32768 2 8 5.50 0.01 512 0.940342 10452.859 1.130728
COST 131072 65536 2 8 5.50 0.01 512 1.000000 11804.351 1.000000
COST 131072 2048 2 8 5.50 0.01 512 0.244680 1346.831 2.034040
COST 131072 4096 2 8 5.50 0.01 512 0.588141 3276.857 2.102269
COST 131072 8192 2 8 5.50 0.01 512 0.805819 5460.169 2.074629
COST 131072 16384 2 8 5.50 0.01 512 0.916724 6964.047 1.680774
COST 131072 32768 2 8 5.50 0.01 512 0.972240 7818.850 0.803465
COST 131072 65536 2 8 5.50 0.01 512 1.000000 8269.841 1.000000
COST 131072 2048 2 8 5.50 0.01 512 0.334152 1456.527 2.268625
COST 131072 4096 2 8 5.50 0.01 512 0.698534 3302.182 2.233981
COST 131072 8192 2 8 5.50 0.01 512 0.883560 4943.763 1.966298
COST 131072 16384 2 8 5.50 0.01 512 0.958440 5786.452 0.804534
COST 131072 32768 2 8 5.50 0.01 512 0.988192 6148.706 0.562672
COST 131072 65536 2 8 5.50 0.01 512 1.000000 6296.317 1.000000
COST 131072 2048 2 8 6.00 0.0001 512 0.101363 1161.495 0.730878
COST 131072 4096 2 8 6.00 0.0001 512 0.330517 3133.156 0.753710
COST 131072 8192 2 8 6.00 0.0001 512 0.556820 6433.428 0.766351
COST 131072 16384 2 8 6.00 0.0001 512 0.739558 10405.039 0.793487
COST 131072 32768 2 8 6.00 0.0001 512 0.884753 14510.533 0.861591
COST 131072 65536 2 8 6.00 0.0001 512 1.000000 18388.750 1.000000
COST 131072 2048 2 8 6.00 0.0001 512 0.165475 1248.868 1.005688
COST 131072 4096 2 8 6.00 0.0001 512 0.461394 3219.569 1.001620
COST 131072 8192 2 8 6.00 0.0001 512 0.695493 5977.928 1.073400
COST 131072 16384 2 8 6.00 0.0001 512 0.845646 8515.006 1.057667
COST 131072 32768 2 8 6.00 0.0001 512 0.940342 10452.859 1.146158
COST 131072 65536 2 8 6.00 0.0001 512 1.000000 11804.351 1.000000
COST 131072 2048 2 8 6.00 0.0001 512 0.244680 1346.831 1.998985
COST 131072 4096 2 8 6.00 0.0001 512 0.588141 3276.857 2.040193
COST 131072 8192 2 8 6.00 0.0001 512 0.805819 5460.169 2.051360
COST 131072 16384 2 8 6.00 0.0001 512 0.916724 6964.047 2.170100
COST 131072 32768 2 8 6.00 0.0001 512 0.972240 7818.850 1.177166
COST 131072 65536 2 8 6.00 0.0001 512 1.000000 8269.841 1.000000
COST 131072 2048 2 8 6.00 0.0001 512 0.334152 1456.527 2.496071
COST 131072 4096 2 8 6.00 0.0001 512 0.698534 3302.182 2.515655
COST 131072 8192 2 8 6.00 0.0001 512 0.883560 4943.763 2.615579
COST 131072 16384 2 8 6.00 0.0001 512 0.958440 5786.452 1.321152
COST 131072 32768 2 8 6.00 0.0001 512 0.988192 6148.706 0.586385
COST 131072 65536 2 8 6.00 0.0001 512 1.000000 6296.317 1.000000
COST 131072 2048 2 8 6.00 0.001 512 0.101363 1161.495 0.746900
COST 131072 4096 2 8 6.00 0.001 512 0.330517 3133.156 0.784660
COST 131072 8192 2 8 6.00 0.001 512 0.556820 6433.428 0.775038
COST 131072 16384 2 8 6.00 0.001 512 0.739558 10405.039 0.802225
COST 131072 32768 2 8 6.00 0.001 512 0.884753 14510.533 0.861130
COST 131072 65536 2 8 6.00 0.001 512 1.000000 18388.750 1.000000
COST 131072 2048 2 8 6.00 0.001 512 0.165475 1248.868 1.453352
COST 131072 4096 2 8 6.00 0.001 512 0.461394 3219.569 1.479964
COST 131072 8192 2 8 6.00 0.001 512 0.695493 5977.928 1.611510
COST 131072 16384 2 8 6.00 0.001 512 0.845646 8515.006 1.571654
COST 131072 32768 2 8 6.00 0.001 512 0.940342 10452.859 1.372856
COST 131072 65536 2 8 6.00 0.001 512 1.000000 11804.351 1.000000
COST 131072 2048 2 8 6.00 0.001 512 0.244680 1346.831 2.428198
COST 131072 4096 2 8 6.00 0.001 512 0.588141 3276.857 2.392468
COST 131072 8192 2 8 6.00 0.001 512 0.805819 5460.169 2.474676
COST 131072 16384 2 8 6.00 0.001 512 0.916724 6964.047 1.685059
COST 131072 32768 2 8 6.00 0.001 512 0.972240 7818.850 0.732539
COST 131072 65536 2 8 6.00 0.001 512 1.000000 8269.841 1.000000
COST 131072 2048 2 8 6.00 0.001 512 0.334152 1456.527 2.506100
COST 131072 4096 2 8 6.00 0.001 512 0.698534 3302.182 2.466159
COST 131072 8192 2 8 6.00 0.001 512 0.883560 4943.763 2.151037
COST 131072 16384 2 8 6.00 0.001 512 0.958440 5786.452 0.524759
COST 131072 32768 2 8 6.00 0.001 512 0.988192 6148.706 0.486263
COST 131072 65536 2 8 6.00 0.001 512 1.000000 6296.317 1.000000
COST 131072 2048 2 8 6.00 0.01 512 0.101363 1161.495 1.142598
COST 131072 4096 2 8 6.00 0.01 512 0.330517 3133.156 1.156386
COST 131072 8192 2 8 6.00 0.01 512 0.556820 6433.428 1.175995
COST 131072 16384 2 8 6.00 0.01 512 0.739558 10405.039 1.225644
COST 131072 32768 2 8 6.00 0.01 512 0.884753 14510.533 1.259490
COST 131072 65536 2 8 6.00 0.01 512 1.000000 18388.750 1.000000
COST 131072 2048 2 8 6.00 0.01 512 0.165475 1248.868 2.165064
COST 131072 4096 2 8 6.00 0.01 512 0.461394 3219.569 2.245897
COST 131072 8192 2 8 6.00 0.01 512 0.695493 5977.928 2.269153
COST 131072 16384 2 8 6.00 0.01 512 0.845646 8515.006 2.136943
COST 131072 32768 2 8 6.00 0.01 512 0.940342 10452.859 0.830895
COST 131072 65536 2 8 6.00 0.01 512 1.000000 11804.351 1.000000
COST 131072 2048 2 8 6.00 0.01 512 0.244680 1346.831 2.493358
COST 131072 4096 2 8 6.00 0.01 512 0.588141 3276.857 2.506638
COST 131072 8192 2 8 6.00 0.01 512 0.805819 5460.169 2.113032
COST 131072 16384 2 8 6.00 0.01 512 0.916724 6964.047 0.701115
COST 131072 32768 2 8 6.00 0.01 512 0.972240 7818.850 0.483827
COST 131072 65536 2 8 6.00 0.01 512 1.000000 8269.841 1.000000
COST 131072 2048 2 8 6.00 0.01 512 0.334152 1456.527 2.465553
COST 131072 4096 2 8 6.00 0.01 512 0.698534 3302.182 2.497800
COST 131072 8192 2 8 6.00 0.01 512 0.883560 4943.763 0.831342
COST 131072 16384 2 8 6.00 0.01 512 0.958440 5786.452 0.281959
COST 131072 32768 2 8 6.00 0.01 512 0.988192 6148.706 0.451306
COST 131072 65536 2 8 6.00 0.01 512 1.000000 6296.317 1.000000
COST 131072 2048 2 8 6.50 0.0001 512 0.101363 1161.495 0.797972
COST 131072 4096 2 8 6.50 0.0001 512 0.330517 3133.156 0.825225
COST 131072 8192 2 8 6.50 0.0001 512 0.556820 6433.428 0.828056
COST 131072 16384 2 8 6.50 0.0001 512 0.739558 10405.039 0.868708
COST 131072 32768 2 8 6.50 0.0001 512 0.884753 14510.533 0.938213
COST 131072 65536 2 8 6.50 0.0001 512 1.000000 18388.750 1.000000
COST 131072 2048 2 8 6.50 0.0001 512 0.165475 1248.868 1.979083
COST 131072 4096 2 8 6.50 0.0001 512 0.461394 3219.569 2.003783
COST 131072 8192 2 8 6.50 0.0001 512 0.695493 5977.928 2.077927
COST 131072 16384 2 8 6.50 0.0001 512 0.845646 8515.006 2.123411
COST 131072 32768 2 8 6.50 0.0001 512 0.940342 10452.859 1.530710
COST 131072 65536 2 8 6.50 0.0001 512 1.000000 11804.351 1.000000
COST 131072 2048 2 8 6.50 0.0001 512 0.244680 1346.831 2.597230
COST 131072 4096 2 8 6.50 0.0001 512 0.588141 3276.857 2.648567
COST 131072 8192 2 8 6.50 0.0001 512 0.805819 5460.169 2.656334
COST 131072 16384 2 8 6.50 0.0001 512 0.916724 6964.047 1.593745
COST 131072 32768 2 8 6.50 0.0001 512 0.972240 7818.850 0.599795
COST 131072 65536 2 8 6.50 0.0001 512 1.000000 8269.841 1.000000
COST 131072 2048 2 8 6.50 0.0001 512 0.334152 1456.527 2.528925
COST 131072 4096 2 8 6.50 0.0001 512 0.698534 3302.182 2.561762
COST 131072 8192 2 8 6.50 0.0001 512 0.883560 4943.763 1.838380
COST 131072 16384 2 8 6.50 0.0001 512 0.958440 5786.452 0.378988
COST 131072 32768 2 8 6.50 0.0001 512 0.988192 6148.706 0.430397
COST 131072 65536 2 8 6.50 0.0001 512 1.000000 6296.317 1.000000
COST 131072 2048 2 8 6.50 0.001 512 0.101363 1161.495 1.190952
COST 131072 4096 2 8 6.50 0.001 512 0.330517 3133.156 1.181121
COST 131072 8192 2 8 6.50 0.001 512 0.556820 6433.428 1.191214
COST 131072 16384 2 8 6.50 0.001 512 0.739558 10405.039 1.238626
COST 131072 32768 2 8 6.50 0.001 512 0.884753 14510.533 1.316108
COST 131072 65536 2 8 6.50 0.001 512 1.000000 18388.750 1.000000
COST 131072 2048 2 8 6.50 0.001 512 0.165475 1248.868 2.535933
COST 131072 4096 2 8 6.50 0.001 512 0.461394 3219.569 2.502178
COST 131072 8192 2 8 6.50 0.001 512 0.695493 5977.928 2.536080
COST 131072 16384 2 8 6.50 0.001 512 0.845646 8515.006 2.329670
COST 131072 32768 2 8 6.50 0.001 512 0.940342 10452.859 0.864990
COST 131072 65536 2 8 6.50 0.001 512 1.000000 11804.351 1.000000
COST 131072 2048 2 8 6.50 0.001 512 0.244680 1346.831 2.616722
COST 131072 4096 2 8 6.50 0.001 512 0.588141 3276.857 2.713927
COST 131072 8192 2 8 6.50 0.001 512 0.805819 5460.169 2.492832
COST 131072 16384 2 8 6.50 0.001 512 0.916724 6964.047 0.608178
COST 131072 32768 2 8 6.50 0.001 512 0.972240 7818.850 0.479648
COST 131072 65536 2 8 6.50 0.001 512 1.000000 8269.841 1.000000
COST 131072 2048 2 8 6.50 0.001 512 0.334152 1456.527 2.750862
COST 131072 4096 2 8 6.50 0.001 512 0.698534 3302.182 2.577825
COST 131072 8192 2 8 6.50 0.001 512 0.883560 4943.763 0.927289
COST 131072 16384 2 8 6.50 0.001 512 0.958440 5786.452 0.260353
COST 131072 32768 2 8 6.50 0.001 512 0.988192 6148.706 0.466557
COST 131072 65536 2 8 6.50 0.001 512 1.000000 6296.317 1.000000
COST 131072 2048 2 8 6.50 0.01 512 0.101363 1161.495 2.073029
COST 131072 4096 2 8 6.50 0.01 512 0.330517 3133.156 2.112087
COST 131072 8192 2 8 6.50 0.01 512 0.556820 6433.428 2.097565
COST 131072 16384 2 8 6.50 0.01 512 0.739558 10405.039 2.163405
COST 131072 32768 2 8 6.50 0.01 512 0.884753 14510.533 1.169216
COST 131072 65536 2 8 6.50 0.01 512 1.000000 18388.750 1.000000
COST 131072 2048 2 8 6.50 0.01 512 0.165475 1248.868 2.676156
COST 131072 4096 2 8 6.50 0.01 512 0.461394 3219.569 2.651305
COST 131072 8192 2 8 6.50 0.01 512 0.695493 5977.928 2.695466
COST 131072 16384 2 8 6.50 0.01 512 0.845646 8515.006 1.100921
COST 131072 32768 2 8 6.50 0.01 512 0.940342 10452.859 0.514853
COST 131072 65536 2 8 6.50 0.01 512 1.000000 11804.351 1.000000
COST 131072 2048 2 8 6.50 0.01 512 0.244680 1346.831 2.550484
COST 131072 4096 2 8 6.50 0.01 512 0.588141 3276.857 2.681777
COST 131072 8192 2 8 6.50 0.01 512 0.805819 5460.169 0.899294
COST 131072 16384 2 8 6.50 0.01 512 0.916724 6964.047 0.273117
COST 131072 32768 2 8 6.50 0.01 512 0.972240 7818.850 0.461353
COST 131072 65536 2 8 6.50 0.01 512 1.000000 8269.841 1.000000
COST 131072 2048 2 8 6.50 0.01 512 0.334152 1456.527 2.498099
COST 131072 4096 2 8 6.50 0.01 512 0.698534 3302.182 1.900331
COST 131072 8192 2 8 6.50 0.01 512 0.883560 4943.763 0.230998
COST 131072 16384 2 8 6.50 0.01 512 0.958440 5786.452 0.203171
COST 131072 32768 2 8 6.50 0.01 512 0.988192 6148.706 0.421378
COST 131072 65536 2 8 6.50 0.01 512 1.000000 6296.317 1.000000
COST 16384 256 2 8 5.00 0.0001 512 0.100931 144.827 0.670842
COST 16384 512 2 8 5.00 0.0001 512 0.330217 391.221 0.715558
COST 16384 1024 2 8 5.00 0.0001 512 0.556698 803.890 0.702710
COST 16384 2048 2 8 5.00 0.0001 512 0.739514 1300.471 0.784257
COST 16384 4096 2 8 5.00 0.0001 512 0.884740 1813.739 0.830435
COST 16384 8192 2 8 5.00 0.0001 512 1.000000 2298.558 1.000000
COST 16384 256 2 8 5.00 0.0001 512 0.164845 155.728 0.703952
COST 16384 512 2 8 5.00 0.0001 512 0.461047 402.049 0.705901
COST 16384 1024 2 8 5.00 0.0001 512 0.695380 747.028 0.752703
COST 16384 2048 2 8 5.00 0.0001 512 0.845613 1064.289 0.764425
COST 16384 4096 2 8 5.00 0.0001 512 0.940334 1306.576 0.849862
COST 16384 8192 2 8 5.00 0.0001 512 1.000000 1475.533 1.000000
COST 16384 256 2 8 5.00 0.0001 512 0.243860 167.954 1.054155
COST 16384 512 2 8 5.00 0.0001 512 0.587781 409.249 1.130136
COST 16384 1024 2 8 5.00 0.0001 512 0.805726 682.375 1.121448
COST 16384 2048 2 8 5.00 0.0001 512 0.916701 870.462 1.210284
COST 16384 4096 2 8 5.00 0.0001 512 0.972236 977.344 1.131388
COST 16384 8192 2 8 5.00 0.0001 512 1.000000 1033.727 1.000000
COST 16384 256 2 8 5.00 0.0001 512 0.333179 181.648 1.696036
COST 16384 512 2 8 5.00 0.0001 512 0.698196 412.464 1.711387
COST 16384 1024 2 8 5.00 0.0001 512 0.883490 617.877 1.816937
COST 16384 2048 2 8 5.00 0.0001 512 0.958427 723.286 1.503432
COST 16384 4096 2 8 5.00 0.0001 512 0.988190 768.584 0.873800
COST 16384 8192 2 8 5.00 0.0001 512 1.000000 787.039 1.000000
COST 16384 256 2 8 5.00 0.001 512 0.100931 144.827 0.689300
COST 16384 512 2 8 5.00 0.001 512 0.330217 391.221 0.681432
COST 16384 1024 2 8 5.00 0.001 512 0.556698 803.890 0.726158
COST 16384 2048 2 8 5.00 0.001 512 0.739514 1300.471 0.765150
COST 16384 4096 2 8 5.00 0.001 512 0.884740 1813.739 0.831982
COST 16384 8192 2 8 5.00 0.001 512 1.000000 2298.558 1.000000
COST 16384 256 2 8 5.00 0.001 512 0.164845 155.728 0.782622
COST 16384 512 2 8 5.00 0.001 512 0.461047 402.049 0.801120
COST 16384 1024 2 8 5.00 0.001 512 0.695380 747.028 0.822676
COST 16384 2048 2 8 5.00 0.001 512 0.845613 1064.289 0.881718
COST 16384 4096 2 8 5.00 0.001 512 0.940334 1306.576 0.984318
COST 16384 8192 2 8 5.00 0.001 512 1.000000 1475.533 1.000000
COST 16384 256 2 8 5.00 0.001 512 0.243860 167.954 1.429487
COST 16384 512 2 8 5.00 0.001 512 0.587781 409.249 1.478302
COST 16384 1024 2 8 5.00 0.001 512 0.805726 682.375 1.497249
COST 16384 2048 2 8 5.00 0.001 512 0.916701 870.462 1.543046
COST 16384 4096 2 8 5.00 0.001 512 0.972236 977.344 1.054943
COST 16384 8192 2 8 5.00 0.001 512 1.000000 1033.727 1.000000
COST 16384 256 2 8 5.00 0.001 512 0.333179 181.648 1.788279
COST 16384 512 2 8 5.00 0.001 512 0.698196 412.464 1.800473
COST 16384 1024 2 8 5.00 0.001 512 0.883490 617.877 1.776474
COST 16384 2048 2 8 5.00 0.001 512 0.958427 723.286 1.066209
COST 16384 4096 2 8 5.00 0.001 512 0.988190 768.584 0.704655
COST 16384 8192 2 8 5.00 0.001 512 1.000000 787.039 1.000000
COST 16384 256 2 8 5.00 0.01 512 0.100931 144.827 0.701743
COST 16384 512 2 8 5.00 0.01 512 0.330217 391.221 0.717530
COST 16384 1024 2 8 5.00 0.01 512 0.556698 803.890 0.754088
COST 16384 2048 2 8 5.00 0.01 512 0.739514 1300.471 0.817705
COST 16384 4096 2 8 5.00 0.01 512 0.884740 1813.739 0.865708
COST 16384 8192 2 8 5.00 0.01 512 1.000000 2298.558 1.000000
COST 16384 256 2 8 5.00 0.01 512 0.164845 155.728 1.168428
COST 16384 512 2 8 5.00 0.01 512 0.461047 402.049 1.191817
COST 16384 1024 2 8 5.00 0.01 512 0.695380 747.028 1.255075
COST 16384 2048 2 8 5.00 0.01 512 0.845613 1064.289 1.389326
COST 16384 4096 2 8 5.00 0.01 512 0.940334 1306.576 0.985231
COST 16384 8192 2 8 5.00 0.01 512 1.000000 1475.533 1.000000
COST 16384 256 2 8 5.00 0.01 512 0.243860 167.954 1.867858
COST 16384 512 2 8 5.00 0.01 512 0.587781 409.249 1.863949
COST 16384 1024 2 8 5.00 0.01 512 0.805726 682.375 1.836014
COST 16384 2048 2 8 5.00 0.01 512 0.916701 870.462 1.256344
COST 16384 4096 2 8 5.00 0.01 512 0.972236 977.344 0.751480
COST 16384 8192 2 8 5.00 0.01 512 1.000000 1033.727 1.000000
COST 16384 256 2 8 5.00 0.01 512 0.333179 181.648 2.004159
COST 16384 512 2 8 5.00 0.01 512 0.698196 412.464 2.013477
COST 16384 1024 2 8 5.00 0.01 512 0.883490 617.877 1.160592
COST 16384 2048 2 8 5.00 0.01 512 0.958427 723.286 0.538076
COST 16384 4096 2 8 5.00 0.01 512 0.988190 768.584 0.557637
COST 16384 8192 2 8 5.00 0.01 512 1.000000 787.039 1.000000
COST 16384 256 2 8 5.50 0.0001 512 0.100931 144.827 0.674685
COST 16384 512 2 8 5.50 0.0001 512 0.330217 391.221 0.710023
COST 16384 1024 2 8 5.50 0.0001 512 0.556698 803.890 0.717296
COST 16384 2048 2 8 5.50 0.0001 512 0.739514 1300.471 0.754472
COST 16384 4096 2 8 5.50 0.0001 512 0.884740 1813.739 0.830671
COST 16384 8192 2 8 5.50 0.0001 512 1.000000 2298.558 1.000000
COST 16384 256 2 8 5.50 0.0001 512 0.164845 155.728 1.043781
COST 16384 512 2 8 5.50 0.0001 512 0.461047 402.049 1.066656
COST 16384 1024 2 8 5.50 0.0001 512 0.695380 747.028 1.073267
COST 16384 2048 2 8 5.50 0.0001 512 0.845613 1064.289 1.155707
COST 16384 4096 2 8 5.50 0.0001 512 0.940334 1306.576 1.196951
COST 16384 8192 2 8 5.50 0.0001 512 1.000000 1475.533 1.000000
COST 16384 256 2 8 5.50 0.0001 512 0.243860 167.954 1.832449
COST 16384 512 2 8 5.50 0.0001 512 0.587781 409.249 1.837819
COST 16384 1024 2 8 5.50 0.0001 512 0.805726 682.375 1.975971
COST 16384 2048 2 8 5.50 0.0001 512 0.916701 870.462 1.780470
COST 16384 4096 2 8 5.50 0.0001 512 0.972236 977.344 0.943199
COST 16384 8192 2 8 5.50 0.0001 512 1.000000 1033.727 1.000000
COST 16384 256 2 8 5.50 0.0001 512 0.333179 181.648 2.116139
COST 16384 512 2 8 5.50 0.0001 512 0.698196 412.464 2.032431
COST 16384 1024 2 8 5.50 0.0001 512 0.883490 617.877 1.905552
COST 16384 2048 2 8 5.50 0.0001 512 0.958427 723.286 0.741027
COST 16384 4096 2 8 5.50 0.0001 512 0.988190 768.584 0.536300
COST 16384 8192 2 8 5.50 0.0001 512 1.000000 787.039 1.000000
COST 16384 256 2 8 5.50 0.001 512 0.100931 144.827 0.746701
COST 16384 512 2 8 5.50 0.001 512 0.330217 391.221 0.774067
COST 16384 1024 2 8 5.50 0.001 512 0.556698 803.890 0.779924
COST 16384 2048 2 8 5.50 0.001 512 0.739514 1300.471 0.822975
COST 16384 4096 2 8 5.50 0.001 512 0.884740 1813.739 0.883763
COST 16384 8192 2 8 5.50 0.001 512 1.000000 2298.558 1.000000
COST 16384 256 2 8 5.50 0.001 512 0.164845 155.728 1.507318
COST 16384 512 2 8 5.50 0.001 512 0.461047 402.049 1.546151
COST 16384 1024 2 8 5.50 0.001 512 0.695380 747.028 1.608001
COST 16384 2048 2 8 5.50 0.001 512 0.845613 1064.289 1.665981
COST 16384 4096 2 8 5.50 0.001 512 0.940334 1306.576 1.164411
COST 16384 8192 2 8 5.50 0.001 512 1.000000 1475.533 1.000000
COST 16384 256 2 8 5.50 0.001 512 0.243860 167.954 2.053725
COST 16384 512 2 8 5.50 0.001 512 0.587781 409.249 2.104814
COST 16384 1024 2 8 5.50 0.001 512 0.805726 682.375 2.042768
COST 16384 2048 2 8 5.50 0.001 512 0.916701 870.462 1.127795
COST 16384 4096 2 8 5.50 0.001 512 0.972236 977.344 0.645687
COST 16384 8192 2 8 5.50 0.001 512 1.000000 1033.727 1.000000
COST 16384 256 2 8 5.50 0.001 512 0.333179 181.648 2.102987
COST 16384 512 2 8 5.50 0.001 512 0.698196 412.464 2.198847
COST 16384 1024 2 8 5.50 0.001 512 0.883490 617.877 1.219071
COST 16384 2048 2 8 5.50 0.001 512 0.958427 723.286 0.451778
COST 16384 4096 2 8 5.50 0.001 512 0.988190 768.584 0.461571
COST 16384 8192 2 8 5.50 0.001 512 1.000000 787.039 1.000000
COST 16384 256 2 8 5.50 0.01 512 0.100931 144.827 1.159551
COST 16384 512 2 8 5.50 0.01 512 0.330217 391.221 1.260305
COST 16384 1024 2 8 5.50 0.01 512 0.556698 803.890 1.203298
COST 16384 2048 2 8 5.50 0.01 512 0.739514 1300.471 1.308028
COST 16384 4096 2 8 5.50 0.01 512 0.884740 1813.739 1.081702
COST 16384 8192 2 8 5.50 0.01 512 1.000000 2298.558 1.000000
COST 16384 256 2 8 5.50 0.01 512 0.164845 155.728 1.946407
COST 16384 512 2 8 5.50 0.01 512 0.461047 402.049 1.995849
COST 16384 1024 2 8 5.50 0.01 512 0.695380 747.028 2.051929
COST 16384 2048 2 8 5.50 0.01 512 0.845613 1064.289 1.420806
COST 16384 4096 2 8 5.50 0.01 512 0.940334 1306.576 0.711048
COST 16384 8192 2 8 5.50 0.01 512 1.000000 1475.533 1.000000
COST 16384 256 2 8 5.50 0.01 512 0.243860 167.954 2.182484
COST 16384 512 2 8 5.50 0.01 512 0.587781 409.249 2.162013
COST 16384 1024 2 8 5.50 0.01 512 0.805726 682.375 1.194735
COST 16384 2048 2 8 5.50 0.01 512 0.916701 870.462 0.511314
COST 16384 4096 2 8 5.50 0.01 512 0.972236 977.344 0.481896
COST 16384 8192 2 8 5.50 0.01 512 1.000000 1033.727 1.000000
COST 16384 256 2 8 5.50 0.01 512 0.333179 181.648 2.175577
COST 16384 512 2 8 5.50 0.01 512 0.698196 412.464 1.710760
COST 16384 1024 2 8 5.50 0.01 512 0.883490 617.877 0.377366
COST 16384 2048 2 8 5.50 0.01 512 0.958427 723.286 0.226145
COST 16384 4096 2 8 5.50 0.01 512 0.988190 768.584 0.441613
COST 16384 8192 2 8 5.50 0.01 512 1.000000 787.039 1.000000
COST 16384 256 2 8 6.00 0.0001 512 0.100931 144.827 0.829688
COST 16384 512 2 8 6.00 0.0001 512 0.330217 391.221 0.856279
COST 16384 1024 2 8 6.00 0.0001 512 0.556698 803.890 0.881014
COST 16384 2048 2 8 6.00 0.0001 512 0.739514 1300.471 0.930095
COST 16384 4096 2 8 6.00 0.0001 512 0.884740 1813.739 1.010673
COST 16384 8192 2 8 6.00 0.0001 512 1.000000 2298.558 1.000000
COST 16384 256 2 8 6.00 0.0001 512 0.164845 155.728 1.799914
COST 16384 512 2 8 6.00 0.0001 512 0.461047 402.049 1.881794
COST 16384 1024 2 8 6.00 0.0001 512 0.695380 747.028 1.902673
COST 16384 2048 2 8 6.00 0.0001 512 0.845613 1064.289 1.958236
COST 16384 4096 2 8 6.00 0.0001 512 0.940334 1306.576 1.199558
COST 16384 8192 2 8 6.00 0.0001 512 1.000000 1475.533 1.000000
COST 16384 256 2 8 6.00 0.0001 512 0.243860 167.954 2.087724
COST 16384 512 2 8 6.00 0.0001 512 0.587781 409.249 2.145646
COST 16384 1024 2 8 6.00 0.0001 512 0.805726 682.375 2.080122
COST 16384 2048 2 8 6.00 0.0001 512 0.916701 870.462 0.840642
COST 16384 4096 2 8 6.00 0.0001 512 0.972236 977.344 0.545254
COST 16384 8192 2 8 6.00 0.0001 512 1.000000 1033.727 1.000000
COST 16384 256 2 8 6.00 0.0001 512 0.333179 181.648 2.119875
COST 16384 512 2 8 6.00 0.0001 512 0.698196 412.464 2.160283
COST 16384 1024 2 8 6.00 0.0001 512 0.883490 617.877 0.994549
COST 16384 2048 2 8 6.00 0.0001 512 0.958427 723.286 0.298906
COST 16384 4096 2 8 6.00 0.0001 512 0.988190 768.584 0.450103
COST 16384 8192 2 8 6.00 0.0001 512 1.000000 787.039 1.000000
COST 16384 256 2 8 6.00 0.001 512 0.100931 144.827 1.201493
COST 16384 512 2 8 6.00 0.001 512 0.330217 391.221 1.261928
COST 16384 1024 2 8 6.00 0.001 512 0.556698 803.890 1.239354
COST 16384 2048 2 8 6.00 0.001 512 0.739514 1300.471 1.305820
COST 16384 4096 2 8 6.00 0.001 512 0.884740 1813.739 1.317392
COST 16384 8192 2 8 6.00 0.001 512 1.000000 2298.558 1.000000
COST 16384 256 2 8 6.00 0.001 512 0.164845 155.728 2.085883
COST 16384 512 2 8 6.00 0.001 512 0.461047 402.049 2.109169
COST 16384 1024 2 8 6.00 0.001 512 0.695380 747.028 2.140232
COST 16384 2048 2 8 6.00 0.001 512 0.845613 1064.289 1.543542
COST 16384 4096 2 8 6.00 0.001 512 0.940334 1306.576 0.727962
COST 16384 8192 2 8 6.00 0.001 512 1.000000 1475.533 1.000000
COST 16384 256 2 8 6.00 0.001 512 0.243860 167.954 2.166501
COST 16384 512 2 8 6.00 0.001 512 0.587781 409.249 2.188739
COST 16384 1024 2 8 6.00 0.001 512 0.805726 682.375 1.485913
COST 16384 2048 2 8 6.00 0.001 512 0.916701 870.462 0.435338
COST 16384 4096 2 8 6.00 0.001 512 0.972236 977.344 0.451567
COST 16384 8192 2 8 6.00 0.001 512 1.000000 1033.727 1.000000
COST 16384 256 2 8 6.00 0.001 512 0.333179 181.648 2.229833
COST 16384 512 2 8 6.00 0.001 512 0.698196 412.464 1.983332
COST 16384 1024 2 8 6.00 0.001 512 0.883490 617.877 0.359466
COST 16384 2048 2 8 6.00 0.001 512 0.958427 723.286 0.211015
COST 16384 4096 2 8 6.00 0.001 512 0.988190 768.584 0.427489
COST 16384 8192 2 8 6.00 0.001 512 1.000000 787.039 1.000000
COST 16384 256 2 8 6.00 0.01 512 0.100931 144.827 1.934728
COST 16384 512 2 8 6.00 0.01 512 0.330217 391.221 1.893098
COST 16384 1024 2 8 6.00 0.01 512 0.556698 803.890 1.952063
COST 16384 2048 2 8 6.00 0.01 512 0.739514 1300.471 1.798518
COST 16384 4096 2 8 6.00 0.01 512 0.884740 1813.739 0.868791
COST 16384 8192 2 8 6.00 0.01 512 1.000000 2298.558 1.000000
COST 16384 256 2 8 6.00 0.01 512 0.164845 155.728 2.211122
COST 16384 512 2 8 6.00 0.01 512 0.461047 402.049 2.148188
COST 16384 1024 2 8 6.00 0.01 512 0.695380 747.028 1.782773
COST 16384 2048 2 8 6.00 0.01 512 0.845613 1064.289 0.644928
COST 16384 4096 2 8 6.00 0.01 512 0.940334 1306.576 0.484343
COST 16384 8192 2 8 6.00 0.01 512 1.000000 1475.533 1.000000
COST 16384 256 2 8 6.00 0.01 512 0.243860 167.954 2.076097
COST 16384 512 2 8 6.00 0.01 512 0.587781 409.249 1.901157
COST 16384 1024 2 8 6.00 0.01 512 0.805726 682.375 0.396237
COST 16384 2048 2 8 6.00 0.01 512 0.916701 870.462 0.236736
COST 16384 4096 2 8 6.00 0.01 512 0.972236 977.344 0.425499
COST 16384 8192 2 8 6.00 0.01 512 1.000000 1033.727 1.000000
COST 16384 256 2 8 6.00 0.01 512 0.333179 181.648 2.230189
COST 16384 512 2 8 6.00 0.01 512 0.698196 412.464 0.865337
COST 16384 1024 2 8 6.00 0.01 512 0.883490 617.877 0.133193
COST 16384 2048 2 8 6.00 0.01 512 0.958427 723.286 0.202073
COST 16384 4096 2 8 6.00 0.01 512 0.988190 768.584 0.425829
COST 16384 8192 2 8 6.00 0.01 512 1.000000 787.039 1.000000
COST 16384 256 2 8 6.50 0.0001 512 0.100931 144.827 1.513441
COST 16384 512 2 8 6.50 0.0001 512 0.330217 391.221 1.472445
COST 16384 1024 2 8 6.50 0.0001 512 0.556698 803.890 1.538305
COST 16384 2048 2 8 6.50 0.0001 512 0.739514 1300.471 1.593101
COST 16384 4096 2 8 6.50 0.0001 512 0.884740 1813.739 1.574741
COST 16384 8192 2 8 6.50 0.0001 512 1.000000 2298.558 1.000000
COST 16384 256 2 8 6.50 0.0001 512 0.164845 155.728 2.073677
COST 16384 512 2 8 6.50 0.0001 512 0.461047 402.049 2.090781
COST 16384 1024 2 8 6.50 0.0001 512 0.695380 747.028 2.244349
COST 16384 2048 2 8 6.50 0.0001 512 0.845613 1064.289 1.503840
COST 16384 4096 2 8 6.50 0.0001 512 0.940334 1306.576 0.663455
COST 16384 8192 2 8 6.50 0.0001 512 1.000000 1475.533 1.000000
COST 16384 256 2 8 6.50 0.0001 512 0.243860 167.954 2.227304
COST 16384 512 2 8 6.50 0.0001 512 0.587781 409.249 2.206704
COST 16384 1024 2 8 6.50 0.0001 512 0.805726 682.375 1.478930
COST 16384 2048 2 8 6.50 0.0001 512 0.916701 870.462 0.361505
COST 16384 4096 2 8 6.50 0.0001 512 0.972236 977.344 0.448347
COST 16384 8192 2 8 6.50 0.0001 512 1.000000 1033.727 1.000000
COST 16384 256 2 8 6.50 0.0001 512 0.333179 181.648 2.203235
COST 16384 512 2 8 6.50 0.0001 512 0.698196 412.464 2.141859
COST 16384 1024 2 8 6.50 0.0001 512 0.883490 617.877 0.303909
COST 16384 2048 2 8 6.50 0.0001 512 0.958427 723.286 0.218863
COST 16384 4096 2 8 6.50 0.0001 512 0.988190 768.584 0.436706
COST 16384 8192 2 8 6.50 0.0001 512 1.000000 787.039 1.000000
COST 16384 256 2 8 6.50 0.001 512 0.100931 144.827 1.850580
COST 16384 512 2 8 6.50 0.001 512 0.330217 391.221 1.918604
COST 16384 1024 2 8 6.50 0.001 512 0.556698 803.890 1.988684
COST 16384 2048 2 8 6.50 0.001 512 0.739514 1300.471 1.986323
COST 16384 4096 2 8 6.50 0.001 512 0.884740 1813.739 1.101594
COST 16384 8192 2 8 6.50 0.001 512 1.000000 2298.558 1.000000
COST 16384 256 2 8 6.50 0.001 512 0.164845 155.728 2.038773
COST 16384 512 2 8 6.50 0.001 512 0.461047 402.049 2.205631
COST 16384 1024 2 8 6.50 0.001 512 0.695380 747.028 2.030286
COST 16384 2048 2 8 6.50 0.001 512 0.845613 1064.289 0.676878
COST 16384 4096 2 8 6.50 0.001 512 0.940334 1306.576 0.473415
COST 16384 8192 2 8 6.50 0.001 512 1.000000 1475.533 1.000000
COST 16384 256 2 8 6.50 0.001 512 0.243860 167.954 2.061127
COST 16384 512 2 8 6.50 0.001 512 0.587781 409.249 2.156773
COST 16384 1024 2 8 6.50 0.001 512 0.805726 682.375 0.581698
COST 16384 2048 2 8 6.50 0.001 512 0.916701 870.462 0.204081
COST 16384 4096 2 8 6.50 0.001 512 0.972236 977.344 0.431642
COST 16384 8192 2 8 6.50 0.001 512 1.000000 1033.727 1.000000
COST 16384 256 2 8 6.50 0.001 512 0.333179 181.648 2.080693
COST 16384 512 2 8 6.50 0.001 512 0.698196 412.464 1.184787
COST 16384 1024 2 8 6.50 0.001 512 0.883490 617.877 0.133940
COST 16384 2048 2 8 6.50 0.001 512 0.958427 723.286 0.201960
COST 16384 4096 2 8 6.50 0.001 512 0.988190 768.584 0.440583
COST 16384 8192 2 8 6.50 0.001 512 1.000000 787.039 1.000000
COST 16384 256 2 8 6.50 0.01 512 0.100931 144.827 2.075011
COST 16384 512 2 8 6.50 0.01 512 0.330217 391.221 2.127374
COST 16384 1024 2 8 6.50 0.01 512 0.556698 803.890 2.193989
COST 16384 2048 2 8 6.50 0.01 512 0.739514 1300.471 1.057713
COST 16384 4096 2 8 6.50 0.01 512 0.884740 1813.739 0.547865
COST 16384 8192 2 8 6.50 0.01 512 1.000000 2298.558 1.000000
COST 16384 256 2 8 6.50 0.01 512 0.164845 155.728 2.086554
COST 16384 512 2 8 6.50 0.01 512 0.461047 402.049 2.176325
COST 16384 1024 2 8 6.50 0.01 512 0.695380 747.028 0.779872
COST 16384 2048 2 8 6.50 0.01 512 0.845613 1064.289 0.297013
COST 16384 4096 2 8 6.50 0.01 512 0.940334 1306.576 0.442387
COST 16384 8192 2 8 6.50 0.01 512 1.000000 1475.533 1.000000
COST 16384 256 2 8 6.50 0.01 512 0.243860 167.954 2.073765
COST 16384 512 2 8 6.50 0.01 512 0.587781 409.249 1.198554
COST 16384 1024 2 8 6.50 0.01 512 0.805726 682.375 0.152566
COST 16384 2048 2 8 6.50 0.01 512 0.916701 870.462 0.200906
COST 16384 4096 2 8 6.50 0.01 512 0.972236 977.344 0.441020
COST 16384 8192 2 8 6.50 0.01 512 1.000000 1033.727 1.000000
COST 16384 256 2 8 6.50 0.01 512 0.333179 181.648 2.155601
COST 16384 512 2 8 6.50 0.01 512 0.698196 412.464 0.308684
COST 16384 1024 2 8 6.50 0.01 512 0.883490 617.877 0.094188
COST 16384 2048 2 8 6.50 0.01 512 0.958427 723.286 0.203012
COST 16384 4096 2 8 6.50 0.01 512 0.988190 768.584 0.433801
COST 16384 8192 2 8 6.50 0.01 512 1.000000 787.039 1.000000
COST 2048 256 2 8 5.00 0.0001 512 0.739159 162.400 0.795520
COST 2048 512 2 8 5.00 0.0001 512 0.884636 226.640 0.870270
COST 2048 1024 2 8 5.00 0.0001 512 1.000000 287.284 1.000000
COST 2048 256 2 8 5.00 0.0001 512 0.845345 132.949 1.388320
COST 2048 512 2 8 5.00 0.0001 512 0.940269 163.291 1.150715
COST 2048 1024 2 8 5.00 0.0001 512 1.000000 184.431 1.000000
COST 2048 256 2 8 5.00 0.0001 512 0.916522 108.764 1.351243
COST 2048 512 2 8 5.00 0.0001 512 0.972200 122.156 0.769818
COST 2048 1024 2 8 5.00 0.0001 512 1.000000 129.213 1.000000
COST 2048 256 2 8 5.00 0.0001 512 0.958318 90.389 0.524522
COST 2048 512 2 8 5.00 0.0001 512 0.988172 96.068 0.451061
COST 2048 1024 2 8 5.00 0.0001 512 1.000000 98.379 1.000000
COST 2048 256 2 8 5.00 0.001 512 0.739159 162.400 1.046662
COST 2048 512 2 8 5.00 0.001 512 0.884636 226.640 1.043470
COST 2048 1024 2 8 5.00 0.001 512 1.000000 287.284 1.000000
COST 2048 256 2 8 5.00 0.001 512 0.845345 132.949 1.402320
COST 2048 512 2 8 5.00 0.001 512 0.940269 163.291 0.877473
COST 2048 1024 2 8 5.00 0.001 512 1.000000 184.431 1.000000
COST 2048 256 2 8 5.00 0.001 512 0.916522 108.764 0.728020
COST 2048 512 2 8 5.00 0.001 512 0.972200 122.156 0.533225
COST 2048 1024 2 8 5.00 0.001 512 1.000000 129.213 1.000000
COST 2048 256 2 8 5.00 0.001 512 0.958318 90.389 0.332547
COST 2048 512 2 8 5.00 0.001 512 0.988172 96.068 0.416742
COST 2048 1024 2 8 5.00 0.001 512 1.000000 98.379 1.000000
COST 2048 256 2 8 5.00 0.01 512 0.739159 162.400 1.389496
COST 2048 512 2 8 5.00 0.01 512 0.884636 226.640 0.852354
COST 2048 1024 2 8 5.00 0.01 512 1.000000 287.284 1.000000
COST 2048 256 2 8 5.00 0.01 512 0.845345 132.949 0.901563
COST 2048 512 2 8 5.00 0.01 512 0.940269 163.291 0.549752
COST 2048 1024 2 8 5.00 0.01 512 1.000000 184.431 1.000000
COST 2048 256 2 8 5.00 0.01 512 0.916522 108.764 0.368899
COST 2048 512 2 8 5.00 0.01 512 0.972200 122.156 0.439245
COST 2048 1024 2 8 5.00 0.01 512 1.000000 129.213 1.000000
COST 2048 256 2 8 5.00 0.01 512 0.958318 90.389 0.186169
COST 2048 512 2 8 5.00 0.01 512 0.988172 96.068 0.415341
COST 2048 1024 2 8 5.00 0.01 512 1.000000 98.379 1.000000
COST 2048 256 2 8 5.50 0.0001 512 0.739159 162.400 1.215382
COST 2048 512 2 8 5.50 0.0001 512 0.884636 226.640 1.192555
COST 2048 1024 2 8 5.50 0.0001 512 1.000000 287.284 1.000000
COST 2048 256 2 8 5.50 0.0001 512 0.845345 132.949 1.580472
COST 2048 512 2 8 5.50 0.0001 512 0.940269 163.291 0.905404
COST 2048 1024 2 8 5.50 0.0001 512 1.000000 184.431 1.000000
COST 2048 256 2 8 5.50 0.0001 512 0.916522 108.764 0.574508
COST 2048 512 2 8 5.50 0.0001 512 0.972200 122.156 0.456670
COST 2048 1024 2 8 5.50 0.0001 512 1.000000 129.213 1.000000
COST 2048 256 2 8 5.50 0.0001 512 0.958318 90.389 0.198027
COST 2048 512 2 8 5.50 0.0001 512 0.988172 96.068 0.424099
COST 2048 1024 2 8 5.50 0.0001 512 1.000000 98.379 1.000000
COST 2048 256 2 8 5.50 0.001 512 0.739159 162.400 1.528443
COST 2048 512 2 8 5.50 0.001 512 0.884636 226.640 1.079837
COST 2048 1024 2 8 5.50 0.001 512 1.000000 287.284 1.000000
COST 2048 256 2 8 5.50 0.001 512 0.845345 132.949 0.937497
COST 2048 512 2 8 5.50 0.001 512 0.940269 163.291 0.562504
COST 2048 1024 2 8 5.50 0.001 512 1.000000 184.431 1.000000
COST 2048 256 2 8 5.50 0.001 512 0.916522 108.764 0.331762
COST 2048 512 2 8 5.50 0.001 512 0.972200 122.156 0.420385
COST 2048 1024 2 8 5.50 0.001 512 1.000000 129.213 1.000000
COST 2048 256 2 8 5.50 0.001 512 0.958318 90.389 0.180992
COST 2048 512 2 8 5.50 0.001 512 0.988172 96.068 0.406706
COST 2048 1024 2 8 5.50 0.001 512 1.000000 98.379 1.000000
COST 2048 256 2 8 5.50 0.01 512 0.739159 162.400 1.144011
COST 2048 512 2 8 5.50 0.01 512 0.884636 226.640 0.618640
COST 2048 1024 2 8 5.50 0.01 512 1.000000 287.284 1.000000
COST 2048 256 2 8 5.50 0.01 512 0.845345 132.949 0.407781
COST 2048 512 2 8 5.50 0.01 512 0.940269 163.291 0.427950
COST 2048 1024 2 8 5.50 0.01 512 1.000000 184.431 1.000000
COST 2048 256 2 8 5.50 0.01 512 0.916522 108.764 0.191392
COST 2048 512 2 8 5.50 0.01 512 0.972200 122.156 0.404230
COST 2048 1024 2 8 5.50 0.01 512 1.000000 129.213 1.000000
COST 2048 256 2 8 5.50 0.01 512 0.958318 90.389 0.164303
COST 2048 512 2 8 5.50 0.01 512 0.988172 96.068 0.398866
COST 2048 1024 2 8 5.50 0.01 512 1.000000 98.379 1.000000
COST 2048 256 2 8 6.00 0.0001 512 0.739159 162.400 1.821613
COST 2048 512 2 8 6.00 0.0001 512 0.884636 226.640 1.215815
COST 2048 1024 2 8 6.00 0.0001 512 1.000000 287.284 1.000000
COST 2048 256 2 8 6.00 0.0001 512 0.845345 132.949 0.914008
COST 2048 512 2 8 6.00 0.0001 512 0.940269 163.291 0.554303
COST 2048 1024 2 8 6.00 0.0001 512 1.000000 184.431 1.000000
COST 2048 256 2 8 6.00 0.0001 512 0.916522 108.764 0.268386
COST 2048 512 2 8 6.00 0.0001 512 0.972200 122.156 0.418203
COST 2048 1024 2 8 6.00 0.0001 512 1.000000 129.213 1.000000
COST 2048 256 2 8 6.00 0.0001 512 0.958318 90.389 0.166409
COST 2048 512 2 8 6.00 0.0001 512 0.988172 96.068 0.399154
COST 2048 1024 2 8 6.00 0.0001 512 1.000000 98.379 1.000000
COST 2048 256 2 8 6.00 0.001 512 0.739159 162.400 1.380440
COST 2048 512 2 8 6.00 0.001 512 0.884636 226.640 0.781733
COST 2048 1024 2 8 6.00 0.001 512 1.000000 287.284 1.000000
COST 2048 256 2 8 6.00 0.001 512 0.845345 132.949 0.429345
COST 2048 512 2 8 6.00 0.001 512 0.940269 163.291 0.434785
COST 2048 1024 2 8 6.00 0.001 512 1.000000 184.431 1.000000
COST 2048 256 2 8 6.00 0.001 512 0.916522 108.764 0.181289
COST 2048 512 2 8 6.00 0.001 512 0.972200 122.156 0.398489
COST 2048 1024 2 8 6.00 0.001 512 1.000000 129.213 1.000000
COST 2048 256 2 8 6.00 0.001 512 0.958318 90.389 0.164548
COST 2048 512 2 8 6.00 0.001 512 0.988172 96.068 0.397965
COST 2048 1024 2 8 6.00 0.001 512 1.000000 98.379 1.000000
COST 2048 256 2 8 6.00 0.01 512 0.739159 162.400 0.598515
COST 2048 512 2 8 6.00 0.01 512 0.884636 226.640 0.475521
COST 2048 1024 2 8 6.00 0.01 512 1.000000 287.284 1.000000
COST 2048 256 2 8 6.00 0.01 512 0.845345 132.949 0.216404
COST 2048 512 2 8 6.00 0.01 512 0.940269 163.291 0.395485
COST 2048 1024 2 8 6.00 0.01 512 1.000000 184.431 1.000000
COST 2048 256 2 8 6.00 0.01 512 0.916522 108.764 0.159848
COST 2048 512 2 8 6.00 0.01 512 0.972200 122.156 0.396205
COST 2048 1024 2 8 6.00 0.01 512 1.000000 129.213 1.000000
COST 2048 256 2 8 6.00 0.01 512 0.958318 90.389 0.165416
COST 2048 512 2 8 6.00 0.01 512 0.988172 96.068 0.402633
COST 2048 1024 2 8 6.00 0.01 512 1.000000 98.379 1.000000
COST 2048 256 2 8 6.50 0.0001 512 0.739159 162.400 1.548998
COST 2048 512 2 8 6.50 0.0001 512 0.884636 226.640 0.799265
COST 2048 1024 2 8 6.50 0.0001 512 1.000000 287.284 1.000000
COST 2048 256 2 8 6.50 0.0001 512 0.845345 132.949 0.404267
COST 2048 512 2 8 6.50 0.0001 512 0.940269 163.291 0.444203
COST 2048 1024 2 8 6.50 0.0001 512 1.000000 184.431 1.000000
COST 2048 256 2 8 6.50 0.0001 512 0.916522 108.764 0.166161
COST 2048 512 2 8 6.50 0.0001 512 0.972200 122.156 0.406202
COST 2048 1024 2 8 6.50 0.0001 512 1.000000 129.213 1.000000
COST 2048 256 2 8 6.50 0.0001 512 0.958318 90.389 0.155633
COST 2048 512 2 8 6.50 0.0001 512 0.988172 96.068 0.393153
COST 2048 1024 2 8 6.50 0.0001 512 1.000000 98.379 1.000000
COST 2048 256 2 8 6.50 0.001 512 0.739159 162.400 0.791761
COST 2048 512 2 8 6.50 0.001 512 0.884636 226.640 0.538097
COST 2048 1024 2 8 6.50 0.001 512 1.000000 287.284 1.000000
COST 2048 256 2 8 6.50 0.001 512 0.845345 132.949 0.228764
COST 2048 512 2 8 6.50 0.001 512 0.940269 163.291 0.401306
COST 2048 1024 2 8 6.50 0.001 512 1.000000 184.431 1.000000
COST 2048 256 2 8 6.50 0.001 512 0.916522 108.764 0.159318
COST 2048 512 2 8 6.50 0.001 512 0.972200 122.156 0.408814
COST 2048 1024 2 8 6.50 0.001 512 1.000000 129.213 1.000000
COST 2048 256 2 8 6.50 0.001 512 0.958318 90.389 0.156651
COST 2048 512 2 8 6.50 0.001 512 0.988172 96.068 0.404135
COST 2048 1024 2 8 6.50 0.001 512 1.000000 98.379 1.000000
COST 2048 256 2 8 6.50 0.01 512 0.739159 162.400 0.293751
COST 2048 512 2 8 6.50 0.01 512 0.884636 226.640 0.418130
COST 2048 1024 2 8 6.50 0.01 512 1.000000 287.284 1.000000
COST 2048 256 2 8 6.50 0.01 512 0.845345 132.949 0.163826
COST 2048 512 2 8 6.50 0.01 512 0.940269 163.291 0.404354
COST 2048 1024 2 8 6.50 0.01 512 1.000000 184.431 1.000000
COST 2048 256 2 8 6.50 0.01 512 0.916522 108.764 0.163257
COST 2048 512 2 8 6.50 0.01 512 0.972200 122.156 0.400535
COST 2048 1024 2 8 6.50 0.01 512 1.000000 129.213 1.000000
COST 2048 256 2 8 6.50 0.01 512 0.958318 90.389 0.160834
COST 2048 512 2 8 6.50 0.01 512 0.988172 96.068 0.397992
COST 2048 1024 2 8 6.50 0.01 512 1.000000 98.379 1.000000
COST 262144 4096 2 8 5.00 0.0001 512 0.101394 2323.402 0.701214
COST 262144 8192 2 8 5.00 0.0001 512 0.330538 6266.795 0.727923
COST 262144 16384 2 8 5.00 0.0001 512 0.556828 12867.185 0.746049
COST 262144 32768 2 8 5.00 0.0001 512 0.739561 20810.259 0.754352
COST 262144 65536 2 8 5.00 0.0001 512 0.884754 29021.154 0.833253
COST 262144 131072 2 8 5.00 0.0001 512 1.000000 36777.540 1.000000
COST 262144 4096 2 8 5.00 0.0001 512 0.165520 2498.171 0.733922
COST 262144 8192 2 8 5.00 0.0001 512 0.461419 6439.591 0.726914
COST 262144 16384 2 8 5.00 0.0001 512 0.695501 11956.100 0.765933
COST 262144 32768 2 8 5.00 0.0001 512 0.845648 17030.111 0.777419
COST 262144 65536 2 8 5.00 0.0001 512 0.940343 20905.755 0.893146
COST 262144 131072 2 8 5.00 0.0001 512 1.000000 23608.714 1.000000
COST 262144 4096 2 8 5.00 0.0001 512 0.244739 2694.120 0.695594
COST 262144 8192 2 8 5.00 0.0001 512 0.588167 6554.123 0.714960
COST 262144 16384 2 8 5.00 0.0001 512 0.805826 10920.503 0.739752
COST 262144 32768 2 8 5.00 0.0001 512 0.916725 13928.144 0.782393
COST 262144 65536 2 8 5.00 0.0001 512 0.972241 15637.714 0.838162
COST 262144 131072 2 8 5.00 0.0001 512 1.000000 16539.686 1.000000
COST 262144 4096 2 8 5.00 0.0001 512 0.334221 2913.531 0.763266
COST 262144 8192 2 8 5.00 0.0001 512 0.698559 6604.717 0.745682
COST 262144 16384 2 8 5.00 0.0001 512 0.883565 9887.633 0.763543
COST 262144 32768 2 8 5.00 0.0001 512 0.958441 11572.928 0.803641
COST 262144 65536 2 8 5.00 0.0001 512 0.988192 12297.418 0.860007
COST 262144 131072 2 8 5.00 0.0001 512 1.000000 12592.634 1.000000
COST 262144 4096 2 8 5.00 0.001 512 0.101394 2323.402 0.720646
COST 262144 8192 2 8 5.00 0.001 512 0.330538 6266.795 0.704261
COST 262144 16384 2 8 5.00 0.001 512 0.556828 12867.185 0.747048
COST 262144 32768 2 8 5.00 0.001 512 0.739561 20810.259 0.791416
COST 262144 65536 2 8 5.00 0.001 512 0.884754 29021.154 0.874392
COST 262144 131072 2 8 5.00 0.001 512 1.000000 36777.540 1.000000
COST 262144 4096 2 8 5.00 0.001 512 0.165520 2498.171 0.693914
COST 262144 8192 2 8 5.00 0.001 512 0.461419 6439.591 0.712160
COST 262144 16384 2 8 5.00 0.001 512 0.695501 11956.100 0.722784
COST 262144 32768 2 8 5.00 0.001 512 0.845648 17030.111 0.759477
COST 262144 65536 2 8 5.00 0.001 512 0.940343 20905.755 0.903207
COST 262144 131072 2 8 5.00 0.001 512 1.000000 23608.714 1.000000
COST 262144 4096 2 8 5.00 0.001 512 0.244739 2694.120 0.720799
COST 262144 8192 2 8 5.00 0.001 512 0.588167 6554.123 0.752477
COST 262144 16384 2 8 5.00 0.001 512 0.805826 10920.503 0.742207
COST 262144 32768 2 8 5.00 0.001 512 0.916725 13928.144 0.776464
COST 262144 65536 2 8 5.00 0.001 512 0.972241 15637.714 0.852801
COST 262144 131072 2 8 5.00 0.001 512 1.000000 16539.686 1.000000
COST 262144 4096 2 8 5.00 0.001 512 0.334221 2913.531 0.843468
COST 262144 8192 2 8 5.00 0.001 512 0.698559 6604.717 0.850722
COST 262144 16384 2 8 5.00 0.001 512 0.883565 9887.633 0.862313
COST 262144 32768 2 8 5.00 0.001 512 0.958441 11572.928 0.924325
COST 262144 65536 2 8 5.00 0.001 512 0.988192 12297.418 0.957518
COST 262144 131072 2 8 5.00 0.001 512 1.000000 12592.634 1.000000
COST 262144 4096 2 8 5.00 0.01 512 0.101394 2323.402 0.703435
COST 262144 8192 2 8 5.00 0.01 512 0.330538 6266.795 0.749990
COST 262144 16384 2 8 5.00 0.01 512 0.556828 12867.185 0.758656
COST 262144 32768 2 8 5.00 0.01 512 0.739561 20810.259 0.785036
COST 262144 65536 2 8 5.00 0.01 512 0.884754 29021.154 0.842396
COST 262144 131072 2 8 5.00 0.01 512 1.000000 36777.540 1.000000
COST 262144 4096 2 8 5.00 0.01 512 0.165520 2498.171 0.719825
COST 262144 8192 2 8 5.00 0.01 512 0.461419 6439.591 0.770274
COST 262144 16384 2 8 5.00 0.01 512 0.695501 11956.100 0.728070
COST 262144 32768 2 8 5.00 0.01 512 0.845648 17030.111 0.763291
COST 262144 65536 2 8 5.00 0.01 512 0.940343 20905.755 0.866588
COST 262144 131072 2 8 5.00 0.01 512 1.000000 23608.714 1.000000
COST 262144 4096 2 8 5.00 0.01 512 0.244739 2694.120 0.772800
COST 262144 8192 2 8 5.00 0.01 512 0.588167 6554.123 0.815700
COST 262144 16384 2 8 5.00 0.01 512 0.805826 10920.503 0.836900
COST 262144 32768 2 8 5.00 0.01 512 0.916725 13928.144 0.866165
COST 262144 65536 2 8 5.00 0.01 512 0.972241 15637.714 0.921519
COST 262144 131072 2 8 5.00 0.01 512 1.000000 16539.686 1.000000
COST 262144 4096 2 8 5.00 0.01 512 0.334221 2913.531 1.101760
COST 262144 8192 2 8 5.00 0.01 512 0.698559 6604.717 1.108605
COST 262144 16384 2 8 5.00 0.01 512 0.883565 9887.633 1.122506
COST 262144 32768 2 8 5.00 0.01 512 0.958441 11572.928 1.152695
COST 262144 65536 2 8 5.00 0.01 512 0.988192 12297.418 0.976478
COST 262144 131072 2 8 5.00 0.01 512 1.000000 12592.634 1.000000
COST 262144 4096 2 8 5.50 0.0001 512 0.101394 2323.402 0.707144
COST 262144 8192 2 8 5.50 0.0001 512 0.330538 6266.795 0.727876
COST 262144 16384 2 8 5.50 0.0001 512 0.556828 12867.185 0.726917
COST 262144 32768 2 8 5.50 0.0001 512 0.739561 20810.259 0.781332
COST 262144 65536 2 8 5.50 0.0001 512 0.884754 29021.154 0.842313
COST 262144 131072 2 8 5.50 0.0001 512 1.000000 36777.540 1.000000
COST 262144 4096 2 8 5.50 0.0001 512 0.165520 2498.171 0.718074
COST 262144 8192 2 8 5.50 0.0001 512 0.461419 6439.591 0.718375
COST 262144 16384 2 8 5.50 0.0001 512 0.695501 11956.100 0.729125
COST 262144 32768 2 8 5.50 0.0001 512 0.845648 17030.111 0.753549
COST 262144 65536 2 8 5.50 0.0001 512 0.940343 20905.755 0.850017
COST 262144 131072 2 8 5.50 0.0001 512 1.000000 23608.714 1.000000
COST 262144 4096 2 8 5.50 0.0001 512 0.244739 2694.120 0.785230
COST 262144 8192 2 8 5.50 0.0001 512 0.588167 6554.123 0.798572
COST 262144 16384 2 8 5.50 0.0001 512 0.805826 10920.503 0.809792
COST 262144 32768 2 8 5.50 0.0001 512 0.916725 13928.144 0.833305
COST 262144 65536 2 8 5.50 0.0001 512 0.972241 15637.714 0.927338
COST 262144 131072 2 8 5.50 0.0001 512 1.000000 16539.686 1.000000
COST 262144 4096 2 8 5.50 0.0001 512 0.334221 2913.531 1.527143
COST 262144 8192 2 8 5.50 0.0001 512 0.698559 6604.717 1.494540
COST 262144 16384 2 8 5.50 0.0001 512 0.883565 9887.633 1.542204
COST 262144 32768 2 8 5.50 0.0001 512 0.958441 11572.928 1.605424
COST 262144 65536 2 8 5.50 0.0001 512 0.988192 12297.418 1.271478
COST 262144 131072 2 8 5.50 0.0001 512 1.000000 12592.634 1.000000
COST 262144 4096 2 8 5.50 0.001 512 0.101394 2323.402 0.717147
COST 262144 8192 2 8 5.50 0.001 512 0.330538 6266.795 0.723683
COST 262144 16384 2 8 5.50 0.001 512 0.556828 12867.185 0.728205
COST 262144 32768 2 8 5.50 0.001 512 0.739561 20810.259 0.797113
COST 262144 65536 2 8 5.50 0.001 512 0.884754 29021.154 0.852383
COST 262144 131072 2 8 5.50 0.001 512 1.000000 36777.540 1.000000
COST 262144 4096 2 8 5.50 0.001 512 0.165520 2498.171 0.684880
COST 262144 8192 2 8 5.50 0.001 512 0.461419 6439.591 0.711678
COST 262144 16384 2 8 5.50 0.001 512 0.695501 11956.100 0.766232
COST 262144 32768 2 8 5.50 0.001 512 0.845648 17030.111 0.752206
COST 262144 65536 2 8 5.50 0.001 512 0.940343 20905.755 0.836470
COST 262144 131072 2 8 5.50 0.001 512 1.000000 23608.714 1.000000
COST 262144 4096 2 8 5.50 0.001 512 0.244739 2694.120 1.100241
COST 262144 8192 2 8 5.50 0.001 512 0.588167 6554.123 1.148391
COST 262144 16384 2 8 5.50 0.001 512 0.805826 10920.503 1.133310
COST 262144 32768 2 8 5.50 0.001 512 0.916725 13928.144 1.171514
COST 262144 65536 2 8 5.50 0.001 512 0.972241 15637.714 1.194427
COST 262144 131072 2 8 5.50 0.001 512 1.000000 16539.686 1.000000
COST 262144 4096 2 8 5.50 0.001 512 0.334221 2913.531 1.782178
COST 262144 8192 2 8 5.50 0.001 512 0.698559 6604.717 1.794872
COST 262144 16384 2 8 5.50 0.001 512 0.883565 9887.633 1.846218
COST 262144 32768 2 8 5.50 0.001 512 0.958441 11572.928 1.704408
COST 262144 65536 2 8 5.50 0.001 512 0.988192 12297.418 0.955362
COST 262144 131072 2 8 5.50 0.001 512 1.000000 12592.634 1.000000
COST 262144 4096 2 8 5.50 0.01 512 0.101394 2323.402 0.696386
COST 262144 8192 2 8 5.50 0.01 512 0.330538 6266.795 0.702825
COST 262144 16384 2 8 5.50 0.01 512 0.556828 12867.185 0.724020
COST 262144 32768 2 8 5.50 0.01 512 0.739561 20810.259 0.765630
COST 262144 65536 2 8 5.50 0.01 512 0.884754 29021.154 0.833127
COST 262144 131072 2 8 5.50 0.01 512 1.000000 36777.540 1.000000
COST 262144 4096 2 8 5.50 0.01 512 0.165520 2498.171 0.902459
COST 262144 8192 2 8 5.50 0.01 512 0.461419 6439.591 0.910232
COST 262144 16384 2 8 5.50 0.01 512 0.695501 11956.100 0.950192
COST 262144 32768 2 8 5.50 0.01 512 0.845648 17030.111 0.984286
COST 262144 65536 2 8 5.50 0.01 512 0.940343 20905.755 1.062409
COST 262144 131072 2 8 5.50 0.01 512 1.000000 23608.714 1.000000
COST 262144 4096 2 8 5.50 0.01 512 0.244739 2694.120 1.785515
COST 262144 8192 2 8 5.50 0.01 512 0.588167 6554.123 1.737234
COST 262144 16384 2 8 5.50 0.01 512 0.805826 10920.503 1.748006
COST 262144 32768 2 8 5.50 0.01 512 0.916725 13928.144 1.749821
COST 262144 65536 2 8 5.50 0.01 512 0.972241 15637.714 1.061998
COST 262144 131072 2 8 5.50 0.01 512 1.000000 16539.686 1.000000
COST 262144 4096 2 8 5.50 0.01 512 0.334221 2913.531 2.197413
COST 262144 8192 2 8 5.50 0.01 512 0.698559 6604.717 2.288598
COST 262144 16384 2 8 5.50 0.01 512 0.883565 9887.633 2.191563
COST 262144 32768 2 8 5.50 0.01 512 0.958441 11572.928 1.085059
COST 262144 65536 2 8 5.50 0.01 512 0.988192 12297.418 0.652453
COST 262144 131072 2 8 5.50 0.01 512 1.000000 12592.634 1.000000
COST 262144 4096 2 8 6.00 0.0001 512 0.101394 2323.402 0.688655
COST 262144 8192 2 8 6.00 0.0001 512 0.330538 6266.795 0.725012
COST 262144 16384 2 8 6.00 0.0001 512 0.556828 12867.185 0.733150
COST 262144 32768 2 8 6.00 0.0001 512 0.739561 20810.259 0.770986
COST 262144 65536 2 8 6.00 0.0001 512 0.884754 29021.154 0.831312
COST 262144 131072 2 8 6.00 0.0001 512 1.000000 36777.540 1.000000
COST 262144 4096 2 8 6.00 0.0001 512 0.165520 2498.171 0.828136
COST 262144 8192 2 8 6.00 0.0001 512 0.461419 6439.591 0.831896
COST 262144 16384 2 8 6.00 0.0001 512 0.695501 11956.100 0.866926
COST 262144 32768 2 8 6.00 0.0001 512 0.845648 17030.111 0.882809
COST 262144 65536 2 8 6.00 0.0001 512 0.940343 20905.755 0.975388
COST 262144 131072 2 8 6.00 0.0001 512 1.000000 23608.714 1.000000
COST 262144 4096 2 8 6.00 0.0001 512 0.244739 2694.120 1.671506
COST 262144 8192 2 8 6.00 0.0001 512 0.588167 6554.123 1.699777
COST 262144 16384 2 8 6.00 0.0001 512 0.805826 10920.503 1.717217
COST 262144 32768 2 8 6.00 0.0001 512 0.916725 13928.144 1.793881
COST 262144 65536 2 8 6.00 0.0001 512 0.972241 15637.714 1.385256
COST 262144 131072 2 8 6.00 0.0001 512 1.000000 16539.686 1.000000
COST 262144 4096 2 8 6.00 0.0001 512 0.334221 2913.531 2.116489
COST 262144 8192 2 8 6.00 0.0001 512 0.698559 6604.717 2.147154
COST 262144 16384 2 8 6.00 0.0001 512 0.883565 9887.633 2.131387
COST 262144 32768 2 8 6.00 0.0001 512 0.958441 11572.928 1.428725
COST 262144 65536 2 8 6.00 0.0001 512 0.988192 12297.418 0.634842
COST 262144 131072 2 8 6.00 0.0001 512 1.000000 12592.634 1.000000
COST 262144 4096 2 8 6.00 0.001 512 0.101394 2323.402 0.720897
COST 262144 8192 2 8 6.00 0.001 512 0.330538 6266.795 0.721323
COST 262144 16384 2 8 6.00 0.001 512 0.556828 12867.185 0.762277
COST 262144 32768 2 8 6.00 0.001 512 0.739561 20810.259 0.789350
COST 262144 65536 2 8 6.00 0.001 512 0.884754 29021.154 0.866683
COST 262144 131072 2 8 6.00 0.001 512 1.000000 36777.540 1.000000
COST 262144 4096 2 8 6.00 0.001 512 0.165520 2498.171 1.100353
COST 262144 8192 2 8 6.00 0.001 512 0.461419 6439.591 1.151020
COST 262144 16384 2 8 6.00 0.001 512 0.695501 11956.100 1.194461
COST 262144 32768 2 8 6.00 0.001 512 0.845648 17030.111 1.217710
COST 262144 65536 2 8 6.00 0.001 512 0.940343 20905.755 1.303452
COST 262144 131072 2 8 6.00 0.001 512 1.000000 23608.714 1.000000
COST 262144 4096 2 8 6.00 0.001 512 0.244739 2694.120 1.942905
COST 262144 8192 2 8 6.00 0.001 512 0.588167 6554.123 2.023641
COST 262144 16384 2 8 6.00 0.001 512 0.805826 10920.503 2.006143
COST 262144 32768 2 8 6.00 0.001 512 0.916725 13928.144 1.845478
COST 262144 65536 2 8 6.00 0.001 512 0.972241 15637.714 0.892590
COST 262144 131072 2 8 6.00 0.001 512 1.000000 16539.686 1.000000
COST 262144 4096 2 8 6.00 0.001 512 0.334221 2913.531 2.091314
COST 262144 8192 2 8 6.00 0.001 512 0.698559 6604.717 2.172513
COST 262144 16384 2 8 6.00 0.001 512 0.883565 9887.633 2.146725
COST 262144 32768 2 8 6.00 0.001 512 0.958441 11572.928 0.715155
COST 262144 65536 2 8 6.00 0.001 512 0.988192 12297.418 0.532649
COST 262144 131072 2 8 6.00 0.001 512 1.000000 12592.634 1.000000
COST 262144 4096 2 8 6.00 0.01 512 0.101394 2323.402 0.898422
COST 262144 8192 2 8 6.00 0.01 512 0.330538 6266.795 0.858706
COST 262144 16384 2 8 6.00 0.01 512 0.556828 12867.185 0.930781
COST 262144 32768 2 8 6.00 0.01 512 0.739561 20810.259 0.985824
COST 262144 65536 2 8 6.00 0.01 512 0.884754 29021.154 1.023907
COST 262144 131072 2 8 6.00 0.01 512 1.000000 36777.540 1.000000
COST 262144 4096 2 8 6.00 0.01 512 0.165520 2498.171 1.893940
COST 262144 8192 2 8 6.00 0.01 512 0.461419 6439.591 1.940165
COST 262144 16384 2 8 6.00 0.01 512 0.695501 11956.100 2.035513
COST 262144 32768 2 8 6.00 0.01 512 0.845648 17030.111 2.018247
COST 262144 65536 2 8 6.00 0.01 512 0.940343 20905.755 1.172274
COST 262144 131072 2 8 6.00 0.01 512 1.000000 23608.714 1.000000
COST 262144 4096 2 8 6.00 0.01 512 0.244739 2694.120 2.378732
COST 262144 8192 2 8 6.00 0.01 512 0.588167 6554.123 2.429515
COST 262144 16384 2 8 6.00 0.01 512 0.805826 10920.503 2.362356
COST 262144 32768 2 8 6.00 0.01 512 0.916725 13928.144 0.969656
COST 262144 65536 2 8 6.00 0.01 512 0.972241 15637.714 0.540461
COST 262144 131072 2 8 6.00 0.01 512 1.000000 16539.686 1.000000
COST 262144 4096 2 8 6.00 0.01 512 0.334221 2913.531 2.358215
COST 262144 8192 2 8 6.00 0.01 512 0.698559 6604.717 2.369117
COST 262144 16384 2 8 6.00 0.01 512 0.883565 9887.633 1.165450
COST 262144 32768 2 8 6.00 0.01 512 0.958441 11572.928 0.348972
COST 262144 65536 2 8 6.00 0.01 512 0.988192 12297.418 0.447990
COST 262144 131072 2 8 6.00 0.01 512 1.000000 12592.634 1.000000
COST 262144 4096 2 8 6.50 0.0001 512 0.101394 2323.402 0.744754
COST 262144 8192 2 8 6.50 0.0001 512 0.330538 6266.795 0.762983
COST 262144 16384 2 8 6.50 0.0001 512 0.556828 12867.185 0.779896
COST 262144 32768 2 8 6.50 0.0001 512 0.739561 20810.259 0.776043
COST 262144 65536 2 8 6.50 0.0001 512 0.884754 29021.154 0.851252
COST 262144 131072 2 8 6.50 0.0001 512 1.000000 36777.540 1.000000
COST 262144 4096 2 8 6.50 0.0001 512 0.165520 2498.171 1.579168
COST 262144 8192 2 8 6.50 0.0001 512 0.461419 6439.591 1.581052
COST 262144 16384 2 8 6.50 0.0001 512 0.695501 11956.100 1.647535
COST 262144 32768 2 8 6.50 0.0001 512 0.845648 17030.111 1.765974
COST 262144 65536 2 8 6.50 0.0001 512 0.940343 20905.755 1.675302
COST 262144 131072 2 8 6.50 0.0001 512 1.000000 23608.714 1.000000
COST 262144 4096 2 8 6.50 0.0001 512 0.244739 2694.120 2.361477
COST 262144 8192 2 8 6.50 0.0001 512 0.588167 6554.123 2.365117
COST 262144 16384 2 8 6.50 0.0001 512 0.805826 10920.503 2.379523
COST 262144 32768 2 8 6.50 0.0001 512 0.916725 13928.144 1.953762
COST 262144 65536 2 8 6.50 0.0001 512 0.972241 15637.714 0.710552
COST 262144 131072 2 8 6.50 0.0001 512 1.000000 16539.686 1.000000
COST 262144 4096 2 8 6.50 0.0001 512 0.334221 2913.531 2.255613
COST 262144 8192 2 8 6.50 0.0001 512 0.698559 6604.717 2.301498
COST 262144 16384 2 8 6.50 0.0001 512 0.883565 9887.633 2.099219
COST 262144 32768 2 8 6.50 0.0001 512 0.958441 11572.928 0.457400
COST 262144 65536 2 8 6.50 0.0001 512 0.988192 12297.418 0.456709
COST 262144 131072 2 8 6.50 0.0001 512 1.000000 12592.634 1.000000
COST 262144 4096 2 8 6.50 0.001 512 0.101394 2323.402 0.850495
COST 262144 8192 2 8 6.50 0.001 512 0.330538 6266.795 0.883199
COST 262144 16384 2 8 6.50 0.001 512 0.556828 12867.185 0.906686
COST 262144 32768 2 8 6.50 0.001 512 0.739561 20810.259 0.928438
COST 262144 65536 2 8 6.50 0.001 512 0.884754 29021.154 1.035146
COST 262144 131072 2 8 6.50 0.001 512 1.000000 36777.540 1.000000
COST 262144 4096 2 8 6.50 0.001 512 0.165520 2498.171 2.157937
COST 262144 8192 2 8 6.50 0.001 512 0.461419 6439.591 2.202283
COST 262144 16384 2 8 6.50 0.001 512 0.695501 11956.100 2.289416
COST 262144 32768 2 8 6.50 0.001 512 0.845648 17030.111 2.432724
COST 262144 65536 2 8 6.50 0.001 512 0.940343 20905.755 1.273070
COST 262144 131072 2 8 6.50 0.001 512 1.000000 23608.714 1.000000
COST 262144 4096 2 8 6.50 0.001 512 0.244739 2694.120 2.320085
COST 262144 8192 2 8 6.50 0.001 512 0.588167 6554.123 2.283711
COST 262144 16384 2 8 6.50 0.001 512 0.805826 10920.503 2.356850
COST 262144 32768 2 8 6.50 0.001 512 0.916725 13928.144 0.802995
COST 262144 65536 2 8 6.50 0.001 512 0.972241 15637.714 0.483931
COST 262144 131072 2 8 6.50 0.001 512 1.000000 16539.686 1.000000
COST 262144 4096 2 8 6.50 0.001 512 0.334221 2913.531 2.362489
COST 262144 8192 2 8 6.50 0.001 512 0.698559 6604.717 2.390137
COST 262144 16384 2 8 6.50 0.001 512 0.883565 9887.633 1.198870
COST 262144 32768 2 8 6.50 0.001 512 0.958441 11572.928 0.282858
COST 262144 65536 2 8 6.50 0.001 512 0.988192 12297.418 0.435189
COST 262144 131072 2 8 6.50 0.001 512 1.000000 12592.634 1.000000
COST 262144 4096 2 8 6.50 0.01 512 0.101394 2323.402 1.648416
COST 262144 8192 2 8 6.50 0.01 512 0.330538 6266.795 1.731785
COST 262144 16384 2 8 6.50 0.01 512 0.556828 12867.185 1.725620
COST 262144 32768 2 8 6.50 0.01 512 0.739561 20810.259 1.807184
COST 262144 65536 2 8 6.50 0.01 512 0.884754 29021.154 1.463677
COST 262144 131072 2 8 6.50 0.01 512 1.000000 36777.540 1.000000
COST 262144 4096 2 8 6.50 0.01 512 0.165520 2498.171 2.360548
COST 262144 8192 2 8 6.50 0.01 512 0.461419 6439.591 2.401972
COST 262144 16384 2 8 6.50 0.01 512 0.695501 11956.100 2.432377
COST 262144 32768 2 8 6.50 0.01 512 0.845648 17030.111 1.594344
COST 262144 65536 2 8 6.50 0.01 512 0.940343 20905.755 0.578366
COST 262144 131072 2 8 6.50 0.01 512 1.000000 23608.714 1.000000
COST 262144 4096 2 8 6.50 0.01 512 0.244739 2694.120 2.287193
COST 262144 8192 2 8 6.50 0.01 512 0.588167 6554.123 2.311407
COST 262144 16384 2 8 6.50 0.01 512 0.805826 10920.503 1.208015
COST 262144 32768 2 8 6.50 0.01 512 0.916725 13928.144 0.308672
COST 262144 65536 2 8 6.50 0.01 512 0.972241 15637.714 0.452750
COST 262144 131072 2 8 6.50 0.01 512 1.000000 16539.686 1.000000
COST 262144 4096 2 8 6.50 0.01 512 0.334221 2913.531 2.293898
COST 262144 8192 2 8 6.50 0.01 512 0.698559 6604.717 2.199728
COST 262144 16384 2 8 6.50 0.01 512 0.883565 9887.633 0.260075
COST 262144 32768 2 8 6.50 0.01 512 0.958441 11572.928 0.198746
COST 262144 65536 2 8 6.50 0.01 512 0.988192 12297.418 0.435311
COST 262144 131072 2 8 6.50 0.01 512 1.000000 12592.634 1.000000
COST 32768 512 2 8 5.00 0.0001 512 0.101178 290.065 0.725321
COST 32768 1024 2 8 5.00 0.0001 512 0.330389 782.926 0.724991
COST 32768 2048 2 8 5.00 0.0001 512 0.556768 1608.110 0.732246
COST 32768 4096 2 8 5.00 0.0001 512 0.739539 2601.124 0.781010
COST 32768 8192 2 8 5.00 0.0001 512 0.884747 3627.567 0.852571
COST 32768 16384 2 8 5.00 0.0001 512 1.000000 4597.157 1.000000
COST 32768 512 2 8 5.00 0.0001 512 0.165205 311.891 0.702396
COST 32768 1024 2 8 5.00 0.0001 512 0.461245 804.552 0.705046
COST 32768 2048 2 8 5.00 0.0001 512 0.695444 1494.300 0.749244
COST 32768 4096 2 8 5.00 0.0001 512 0.845632 2128.677 0.768171
COST 32768 8192 2 8 5.00 0.0001 512 0.940339 2613.188 0.859837
COST 32768 16384 2 8 5.00 0.0001 512 1.000000 2951.079 1.000000
COST 32768 512 2 8 5.00 0.0001 512 0.244329 336.365 0.835688
COST 32768 1024 2 8 5.00 0.0001 512 0.587987 818.907 0.840504
COST 32768 2048 2 8 5.00 0.0001 512 0.805779 1364.917 0.883662
COST 32768 4096 2 8 5.00 0.0001 512 0.916714 1740.974 0.921567
COST 32768 8192 2 8 5.00 0.0001 512 0.972238 1954.702 0.989240
COST 32768 16384 2 8 5.00 0.0001 512 1.000000 2067.458 1.000000
COST 32768 512 2 8 5.00 0.0001 512 0.333735 363.773 1.330202
COST 32768 1024 2 8 5.00 0.0001 512 0.698389 825.281 1.378900
COST 32768 2048 2 8 5.00 0.0001 512 0.883530 1235.861 1.413537
COST 32768 4096 2 8 5.00 0.0001 512 0.958434 1446.595 1.474801
COST 32768 8192 2 8 5.00 0.0001 512 0.988191 1537.173 1.166791
COST 32768 16384 2 8 5.00 0.0001 512 1.000000 1574.078 1.000000
COST 32768 512 2 8 5.00 0.001 512 0.101178 290.065 0.733589
COST 32768 1024 2 8 5.00 0.001 512 0.330389 782.926 0.738724
COST 32768 2048 2 8 5.00 0.001 512 0.556768 1608.110 0.762194
COST 32768 4096 2 8 5.00 0.001 512 0.739539 2601.124 0.770701
COST 32768 8192 2 8 5.00 0.001 512 0.884747 3627.567 0.863008
COST 32768 16384 2 8 5.00 0.001 512 1.000000 4597.157 1.000000
COST 32768 512 2 8 5.00 0.001 512 0.165205 311.891 0.759471
COST 32768 1024 2 8 5.00 0.001 512 0.461245 804.552 0.751052
COST 32768 2048 2 8 5.00 0.001 512 0.695444 1494.300 0.769425
COST 32768 4096 2 8 5.00 0.001 512 0.845632 2128.677 0.793023
COST 32768 8192 2 8 5.00 0.001 512 0.940339 2613.188 0.871472
COST 32768 16384 2 8 5.00 0.001 512 1.000000 2951.079 1.000000
COST 32768 512 2 8 5.00 0.001 512 0.244329 336.365 1.071652
COST 32768 1024 2 8 5.00 0.001 512 0.587987 818.907 1.097748
COST 32768 2048 2 8 5.00 0.001 512 0.805779 1364.917 1.141990
COST 32768 4096 2 8 5.00 0.001 512 0.916714 1740.974 1.161026
COST 32768 8192 2 8 5.00 0.001 512 0.972238 1954.702 1.124365
COST 32768 16384 2 8 5.00 0.001 512 1.000000 2067.458 1.000000
COST 32768 512 2 8 5.00 0.001 512 0.333735 363.773 1.725140
COST 32768 1024 2 8 5.00 0.001 512 0.698389 825.281 1.764650
COST 32768 2048 2 8 5.00 0.001 512 0.883530 1235.861 1.802665
COST 32768 4096 2 8 5.00 0.001 512 0.958434 1446.595 1.547213
COST 32768 8192 2 8 5.00 0.001 512 0.988191 1537.173 1.043961
COST 32768 16384 2 8 5.00 0.001 512 1.000000 1574.078 1.000000
COST 32768 512 2 8 5.00 0.01 512 0.101178 290.065 0.692323
COST 32768 1024 2 8 5.00 0.01 512 0.330389 782.926 0.704345
COST 32768 2048 2 8 5.00 0.01 512 0.556768 1608.110 0.748353
COST 32768 4096 2 8 5.00 0.01 512 0.739539 2601.124 0.752504
COST 32768 8192 2 8 5.00 0.01 512 0.884747 3627.567 0.850272
COST 32768 16384 2 8 5.00 0.01 512 1.000000 4597.157 1.000000
COST 32768 512 2 8 5.00 0.01 512 0.165205 311.891 0.917048
COST 32768 1024 2 8 5.00 0.01 512 0.461245 804.552 0.928360
COST 32768 2048 2 8 5.00 0.01 512 0.695444 1494.300 0.958609
COST 32768 4096 2 8 5.00 0.01 512 0.845632 2128.677 1.033827
COST 32768 8192 2 8 5.00 0.01 512 0.940339 2613.188 1.025033
COST 32768 16384 2 8 5.00 0.01 512 1.000000 2951.079 1.000000
COST 32768 512 2 8 5.00 0.01 512 0.244329 336.365 1.593377
COST 32768 1024 2 8 5.00 0.01 512 0.587987 818.907 1.575651
COST 32768 2048 2 8 5.00 0.01 512 0.805779 1364.917 1.652494
COST 32768 4096 2 8 5.00 0.01 512 0.916714 1740.974 1.526916
COST 32768 8192 2 8 5.00 0.01 512 0.972238 1954.702 1.085359
COST 32768 16384 2 8 5.00 0.01 512 1.000000 2067.458 1.000000
COST 32768 512 2 8 5.00 0.01 512 0.333735 363.773 2.023867
COST 32768 1024 2 8 5.00 0.01 512 0.698389 825.281 2.006717
COST 32768 2048 2 8 5.00 0.01 512 0.883530 1235.861 1.738401
COST 32768 4096 2 8 5.00 0.01 512 0.958434 1446.595 0.975004
COST 32768 8192 2 8 5.00 0.01 512 0.988191 1537.173 0.697708
COST 32768 16384 2 8 5.00 0.01 512 1.000000 1574.078 1.000000
COST 32768 512 2 8 5.50 0.0001 512 0.101178 290.065 0.715038
COST 32768 1024 2 8 5.50 0.0001 512 0.330389 782.926 0.711256
COST 32768 2048 2 8 5.50 0.0001 512 0.556768 1608.110 0.738985
COST 32768 4096 2 8 5.50 0.0001 512 0.739539 2601.124 0.803216
COST 32768 8192 2 8 5.50 0.0001 512 0.884747 3627.567 0.844462
COST 32768 16384 2 8 5.50 0.0001 512 1.000000 4597.157 1.000000
COST 32768 512 2 8 5.50 0.0001 512 0.165205 311.891 0.813852
COST 32768 1024 2 8 5.50 0.0001 512 0.461245 804.552 0.831454
COST 32768 2048 2 8 5.50 0.0001 512 0.695444 1494.300 0.837483
COST 32768 4096 2 8 5.50 0.0001 512 0.845632 2128.677 0.859843
COST 32768 8192 2 8 5.50 0.0001 512 0.940339 2613.188 0.970244
COST 32768 16384 2 8 5.50 0.0001 512 1.000000 2951.079 1.000000
COST 32768 512 2 8 5.50 0.0001 512 0.244329 336.365 1.606674
COST 32768 1024 2 8 5.50 0.0001 512 0.587987 818.907 1.654772
COST 32768 2048 2 8 5.50 0.0001 512 0.805779 1364.917 1.719433
COST 32768 4096 2 8 5.50 0.0001 512 0.916714 1740.974 1.747536
COST 32768 8192 2 8 5.50 0.0001 512 0.972238 1954.702 1.342242
COST 32768 16384 2 8 5.50 0.0001 512 1.000000 2067.458 1.000000
COST 32768 512 2 8 5.50 0.0001 512 0.333735 363.773 2.237881
COST 32768 1024 2 8 5.50 0.0001 512 0.698389 825.281 2.250930
COST 32768 2048 2 8 5.50 0.0001 512 0.883530 1235.861 2.289208
COST 32768 4096 2 8 5.50 0.0001 512 0.958434 1446.595 1.385498
COST 32768 8192 2 8 5.50 0.0001 512 0.988191 1537.173 0.739294
COST 32768 16384 2 8 5.50 0.0001 512 1.000000 1574.078 1.000000
COST 32768 512 2 8 5.50 0.001 512 0.101178 290.065 0.712289
COST 32768 1024 2 8 5.50 0.001 512 0.330389 782.926 0.703340
COST 32768 2048 2 8 5.50 0.001 512 0.556768 1608.110 0.729222
COST 32768 4096 2 8 5.50 0.001 512 0.739539 2601.124 0.786968
COST 32768 8192 2 8 5.50 0.001 512 0.884747 3627.567 0.865225
COST 32768 16384 2 8 5.50 0.001 512 1.000000 4597.157 1.000000
COST 32768 512 2 8 5.50 0.001 512 0.165205 311.891 1.131691
COST 32768 1024 2 8 5.50 0.001 512 0.461245 804.552 1.134342
COST 32768 2048 2 8 5.50 0.001 512 0.695444 1494.300 1.162334
COST 32768 4096 2 8 5.50 0.001 512 0.845632 2128.677 1.238369
COST 32768 8192 2 8 5.50 0.001 512 0.940339 2613.188 1.204406
COST 32768 16384 2 8 5.50 0.001 512 1.000000 2951.079 1.000000
COST 32768 512 2 8 5.50 0.001 512 0.244329 336.365 2.032751
COST 32768 1024 2 8 5.50 0.001 512 0.587987 818.907 2.072340
COST 32768 2048 2 8 5.50 0.001 512 0.805779 1364.917 2.118087
COST 32768 4096 2 8 5.50 0.001 512 0.916714 1740.974 1.715671
COST 32768 8192 2 8 5.50 0.001 512 0.972238 1954.702 0.978449
COST 32768 16384 2 8 5.50 0.001 512 1.000000 2067.458 1.000000
COST 32768 512 2 8 5.50 0.001 512 0.333735 363.773 2.317521
COST 32768 1024 2 8 5.50 0.001 512 0.698389 825.281 2.327041
COST 32768 2048 2 8 5.50 0.001 512 0.883530 1235.861 1.987630
COST 32768 4096 2 8 5.50 0.001 512 0.958434 1446.595 0.792610
COST 32768 8192 2 8 5.50 0.001 512 0.988191 1537.173 0.628211
COST 32768 16384 2 8 5.50 0.001 512 1.000000 1574.078 1.000000
COST 32768 512 2 8 5.50 0.01 512 0.101178 290.065 0.966344
COST 32768 1024 2 8 5.50 0.01 512 0.330389 782.926 0.960255
COST 32768 2048 2 8 5.50 0.01 512 0.556768 1608.110 0.971995
COST 32768 4096 2 8 5.50 0.01 512 0.739539 2601.124 1.001358
COST 32768 8192 2 8 5.50 0.01 512 0.884747 3627.567 1.054861
COST 32768 16384 2 8 5.50 0.01 512 1.000000 4597.157 1.000000
COST 32768 512 2 8 5.50 0.01 512 0.165205 311.891 1.817957
COST 32768 1024 2 8 5.50 0.01 512 0.461245 804.552 1.850804
COST 32768 2048 2 8 5.50 0.01 512 0.695444 1494.300 1.884456
COST 32768 4096 2 8 5.50 0.01 512 0.845632 2128.677 1.827301
COST 32768 8192 2 8 5.50 0.01 512 0.940339 2613.188 1.060218
COST 32768 16384 2 8 5.50 0.01 512 1.000000 2951.079 1.000000
COST 32768 512 2 8 5.50 0.01 512 0.244329 336.365 2.313648
COST 32768 1024 2 8 5.50 0.01 512 0.587987 818.907 2.358326
COST 32768 2048 2 8 5.50 0.01 512 0.805779 1364.917 1.902464
COST 32768 4096 2 8 5.50 0.01 512 0.916714 1740.974 0.905760
COST 32768 8192 2 8 5.50 0.01 512 0.972238 1954.702 0.642502
COST 32768 16384 2 8 5.50 0.01 512 1.000000 2067.458 1.000000
COST 32768 512 2 8 5.50 0.01 512 0.333735 363.773 2.331759
COST 32768 1024 2 8 5.50 0.01 512 0.698389 825.281 2.373086
COST 32768 2048 2 8 5.50 0.01 512 0.883530 1235.861 0.870615
COST 32768 4096 2 8 5.50 0.01 512 0.958434 1446.595 0.385750
COST 32768 8192 2 8 5.50 0.01 512 0.988191 1537.173 0.536924
COST 32768 16384 2 8 5.50 0.01 512 1.000000 1574.078 1.000000
COST 32768 512 2 8 6.00 0.0001 512 0.101178 290.065 0.711447
COST 32768 1024 2 8 6.00 0.0001 512 0.330389 782.926 0.716240
COST 32768 2048 2 8 6.00 0.0001 512 0.556768 1608.110 0.736688
COST 32768 4096 2 8 6.00 0.0001 512 0.739539 2601.124 0.775846
COST 32768 8192 2 8 6.00 0.0001 512 0.884747 3627.567 0.853610
COST 32768 16384 2 8 6.00 0.0001 512 1.000000 4597.157 1.000000
COST 32768 512 2 8 6.00 0.0001 512 0.165205 311.891 1.542677
COST 32768 1024 2 8 6.00 0.0001 512 0.461245 804.552 1.563997
COST 32768 2048 2 8 6.00 0.0001 512 0.695444 1494.300 1.623095
COST 32768 4096 2 8 6.00 0.0001 512 0.845632 2128.677 1.732315
COST 32768 8192 2 8 6.00 0.0001 512 0.940339 2613.188 1.519990
COST 32768 16384 2 8 6.00 0.0001 512 1.000000 2951.079 1.000000
COST 32768 512 2 8 6.00 0.0001 512 0.244329 336.365 2.282981
COST 32768 1024 2 8 6.00 0.0001 512 0.587987 818.907 2.386838
COST 32768 2048 2 8 6.00 0.0001 512 0.805779 1364.917 2.393449
COST 32768 4096 2 8 6.00 0.0001 512 0.916714 1740.974 1.705282
COST 32768 8192 2 8 6.00 0.0001 512 0.972238 1954.702 0.828784
COST 32768 16384 2 8 6.00 0.0001 512 1.000000 2067.458 1.000000
COST 32768 512 2 8 6.00 0.0001 512 0.333735 363.773 2.391146
COST 32768 1024 2 8 6.00 0.0001 512 0.698389 825.281 2.406989
COST 32768 2048 2 8 6.00 0.0001 512 0.883530 1235.861 1.773991
COST 32768 4096 2 8 6.00 0.0001 512 0.958434 1446.595 0.498804
COST 32768 8192 2 8 6.00 0.0001 512 0.988191 1537.173 0.541195
COST 32768 16384 2 8 6.00 0.0001 512 1.000000 1574.078 1.000000
COST 32768 512 2 8 6.00 0.001 512 0.101178 290.065 0.937628
COST 32768 1024 2 8 6.00 0.001 512 0.330389 782.926 0.958776
COST 32768 2048 2 8 6.00 0.001 512 0.556768 1608.110 0.994935
COST 32768 4096 2 8 6.00 0.001 512 0.739539 2601.124 1.014217
COST 32768 8192 2 8 6.00 0.001 512 0.884747 3627.567 1.126671
COST 32768 16384 2 8 6.00 0.001 512 1.000000 4597.157 1.000000
COST 32768 512 2 8 6.00 0.001 512 0.165205 311.891 2.049981
COST 32768 1024 2 8 6.00 0.001 512 0.461245 804.552 2.105834
COST 32768 2048 2 8 6.00 0.001 512 0.695444 1494.300 2.154571
COST 32768 4096 2 8 6.00 0.001 512 0.845632 2128.677 2.168196
COST 32768 8192 2 8 6.00 0.001 512 0.940339 2613.188 1.138695
COST 32768 16384 2 8 6.00 0.001 512 1.000000 2951.079 1.000000
COST 32768 512 2 8 6.00 0.001 512 0.244329 336.365 2.405914
COST 32768 1024 2 8 6.00 0.001 512 0.587987 818.907 2.480582
COST 32768 2048 2 8 6.00 0.001 512 0.805779 1364.917 2.226232
COST 32768 4096 2 8 6.00 0.001 512 0.916714 1740.974 0.779002
COST 32768 8192 2 8 6.00 0.001 512 0.972238 1954.702 0.598729
COST 32768 16384 2 8 6.00 0.001 512 1.000000 2067.458 1.000000
COST 32768 512 2 8 6.00 0.001 512 0.333735 363.773 2.445522
COST 32768 1024 2 8 6.00 0.001 512 0.698389 825.281 2.466824
COST 32768 2048 2 8 6.00 0.001 512 0.883530 1235.861 0.880364
COST 32768 4096 2 8 6.00 0.001 512 0.958434 1446.595 0.353134
COST 32768 8192 2 8 6.00 0.001 512 0.988191 1537.173 0.521411
COST 32768 16384 2 8 6.00 0.001 512 1.000000 1574.078 1.000000
COST 32768 512 2 8 6.00 0.01 512 0.101178 290.065 1.667238
COST 32768 1024 2 8 6.00 0.01 512 0.330389 782.926 1.741194
COST 32768 2048 2 8 6.00 0.01 512 0.556768 1608.110 1.742827
COST 32768 4096 2 8 6.00 0.01 512 0.739539 2601.124 1.767276
COST 32768 8192 2 8 6.00 0.01 512 0.884747 3627.567 1.152613
COST 32768 16384 2 8 6.00 0.01 512 1.000000 4597.157 1.000000
COST 32768 512 2 8 6.00 0.01 512 0.165205 311.891 2.316427
COST 32768 1024 2 8 6.00 0.01 512 0.461245 804.552 2.378714
COST 32768 2048 2 8 6.00 0.01 512 0.695444 1494.300 2.279452
COST 32768 4096 2 8 6.00 0.01 512 0.845632 2128.677 1.218678
COST 32768 8192 2 8 6.00 0.01 512 0.940339 2613.188 0.654730
COST 32768 16384 2 8 6.00 0.01 512 1.000000 2951.079 1.000000
COST 32768 512 2 8 6.00 0.01 512 0.244329 336.365 2.409141
COST 32768 1024 2 8 6.00 0.01 512 0.587987 818.907 2.426238
COST 32768 2048 2 8 6.00 0.01 512 0.805779 1364.917 0.978535
COST 32768 4096 2 8 6.00 0.01 512 0.916714 1740.974 0.360915
COST 32768 8192 2 8 6.00 0.01 512 0.972238 1954.702 0.514923
COST 32768 16384 2 8 6.00 0.01 512 1.000000 2067.458 1.000000
COST 32768 512 2 8 6.00 0.01 512 0.333735 363.773 2.460812
COST 32768 1024 2 8 6.00 0.01 512 0.698389 825.281 1.869753
COST 32768 2048 2 8 6.00 0.01 512 0.883530 1235.861 0.277705
COST 32768 4096 2 8 6.00 0.01 512 0.958434 1446.595 0.263123
COST 32768 8192 2 8 6.00 0.01 512 0.988191 1537.173 0.522928
COST 32768 16384 2 8 6.00 0.01 512 1.000000 1574.078 1.000000
COST 32768 512 2 8 6.50 0.0001 512 0.101178 290.065 1.118630
COST 32768 1024 2 8 6.50 0.0001 512 0.330389 782.926 1.170199
COST 32768 2048 2 8 6.50 0.0001 512 0.556768 1608.110 1.200942
COST 32768 4096 2 8 6.50 0.0001 512 0.739539 2601.124 1.256338
COST 32768 8192 2 8 6.50 0.0001 512 0.884747 3627.567 1.359567
COST 32768 16384 2 8 6.50 0.0001 512 1.000000 4597.157 1.000000
COST 32768 512 2 8 6.50 0.0001 512 0.165205 311.891 2.160757
COST 32768 1024 2 8 6.50 0.0001 512 0.461245 804.552 2.243185
COST 32768 2048 2 8 6.50 0.0001 512 0.695444 1494.300 2.281286
COST 32768 4096 2 8 6.50 0.0001 512 0.845632 2128.677 2.171584
COST 32768 8192 2 8 6.50 0.0001 512 0.940339 2613.188 1.023249
COST 32768 16384 2 8 6.50 0.0001 512 1.000000 2951.079 1.000000
COST 32768 512 2 8 6.50 0.0001 512 0.244329 336.365 2.327834
COST 32768 1024 2 8 6.50 0.0001 512 0.587987 818.907 2.312336
COST 32768 2048 2 8 6.50 0.0001 512 0.805779 1364.917 2.084145
COST 32768 4096 2 8 6.50 0.0001 512 0.916714 1740.974 0.621264
COST 32768 8192 2 8 6.50 0.0001 512 0.972238 1954.702 0.520420
COST 32768 16384 2 8 6.50 0.0001 512 1.000000 2067.458 1.000000
COST 32768 512 2 8 6.50 0.0001 512 0.333735 363.773 2.515375
COST 32768 1024 2 8 6.50 0.0001 512 0.698389 825.281 2.486752
COST 32768 2048 2 8 6.50 0.0001 512 0.883530 1235.861 0.730094
COST 32768 4096 2 8 6.50 0.0001 512 0.958434 1446.595 0.294179
COST 32768 8192 2 8 6.50 0.0001 512 0.988191 1537.173 0.521018
COST 32768 16384 2 8 6.50 0.0001 512 1.000000 1574.078 1.000000
COST 32768 512 2 8 6.50 0.001 512 0.101178 290.065 1.704680
COST 32768 1024 2 8 6.50 0.001 512 0.330389 782.926 1.664835
COST 32768 2048 2 8 6.50 0.001 512 0.556768 1608.110 1.685109
COST 32768 4096 2 8 6.50 0.001 512 0.739539 2601.124 1.781248
COST 32768 8192 2 8 6.50 0.001 512 0.884747 3627.567 1.406977
COST 32768 16384 2 8 6.50 0.001 512 1.000000 4597.157 1.000000
COST 32768 512 2 8 6.50 0.001 512 0.165205 311.891 2.445446
COST 32768 1024 2 8 6.50 0.001 512 0.461245 804.552 2.421394
COST 32768 2048 2 8 6.50 0.001 512 0.695444 1494.300 2.397886
COST 32768 4096 2 8 6.50 0.001 512 0.845632 2128.677 1.349955
COST 32768 8192 2 8 6.50 0.001 512 0.940339 2613.188 0.654238
COST 32768 16384 2 8 6.50 0.001 512 1.000000 2951.079 1.000000
COST 32768 512 2 8 6.50 0.001 512 0.244329 336.365 2.507131
COST 32768 1024 2 8 6.50 0.001 512 0.587987 818.907 2.558820
COST 32768 2048 2 8 6.50 0.001 512 0.805779 1364.917 1.311908
COST 32768 4096 2 8 6.50 0.001 512 0.916714 1740.974 0.339386
COST 32768 8192 2 8 6.50 0.001 512 0.972238 1954.702 0.529330
COST 32768 16384 2 8 6.50 0.001 512 1.000000 2067.458 1.000000
COST 32768 512 2 8 6.50 0.001 512 0.333735 363.773 2.505695
COST 32768 1024 2 8 6.50 0.001 512 0.698389 825.281 2.192264
COST 32768 2048 2 8 6.50 0.001 512 0.883530 1235.861 0.275887
COST 32768 4096 2 8 6.50 0.001 512 0.958434 1446.595 0.235141
COST 32768 8192 2 8 6.50 0.001 512 0.988191 1537.173 0.526725
COST 32768 16384 2 8 6.50 0.001 512 1.000000 1574.078 1.000000
COST 32768 512 2 8 6.50 0.01 512 0.101178 290.065 2.380422
COST 32768 1024 2 8 6.50 0.01 512 0.330389 782.926 2.338125
COST 32768 2048 2 8 6.50 0.01 512 0.556768 1608.110 2.346760
COST 32768 4096 2 8 6.50 0.01 512 0.739539 2601.124 1.847823
COST 32768 8192 2 8 6.50 0.01 512 0.884747 3627.567 0.787088
COST 32768 16384 2 8 6.50 0.01 512 1.000000 4597.157 1.000000
COST 32768 512 2 8 6.50 0.01 512 0.165205 311.891 2.469335
COST 32768 1024 2 8 6.50 0.01 512 0.461245 804.552 2.464435
COST 32768 2048 2 8 6.50 0.01 512 0.695444 1494.300 1.532010
COST 32768 4096 2 8 6.50 0.01 512 0.845632 2128.677 0.481283
COST 32768 8192 2 8 6.50 0.01 512 0.940339 2613.188 0.541074
COST 32768 16384 2 8 6.50 0.01 512 1.000000 2951.079 1.000000
COST 32768 512 2 8 6.50 0.01 512 0.244329 336.365 2.547983
COST 32768 1024 2 8 6.50 0.01 512 0.587987 818.907 2.173386
COST 32768 2048 2 8 6.50 0.01 512 0.805779 1364.917 0.334241
COST 32768 4096 2 8 6.50 0.01 512 0.916714 1740.974 0.253951
COST 32768 8192 2 8 6.50 0.01 512 0.972238 1954.702 0.532213
COST 32768 16384 2 8 6.50 0.01 512 1.000000 2067.458 1.000000
COST 32768 512 2 8 6.50 0.01 512 0.333735 363.773 2.500825
COST 32768 1024 2 8 6.50 0.01 512 0.698389 825.281 0.815867
COST 32768 2048 2 8 6.50 0.01 512 0.883530 1235.861 0.124753
COST 32768 4096 2 8 6.50 0.01 512 0.958434 1446.595 0.229292
COST 32768 8192 2 8 6.50 0.01 512 0.988191 1537.173 0.525078
COST 32768 16384 2 8 6.50 0.01 512 1.000000 1574.078 1.000000
COST 4096 256 2 8 5.00 0.0001 16384 0.556281 200.726 0.812283
COST 4096 512 2 8 5.00 0.0001 16384 0.739362 324.982 0.861548
COST 4096 1024 2 8 5.00 0.0001 16384 0.884695 453.368 0.909445
COST 4096 2048 2 8 5.00 0.0001 16384 1.000000 574.609 1.000000
COST 4096 256 2 8 5.00 0.0001 512 0.556281 200.726 0.688471
COST 4096 512 2 8 5.00 0.0001 512 0.739362 324.982 0.726829
COST 4096 1024 2 8 5.00 0.0001 512 0.884695 453.368 0.850727
COST 4096 2048 2 8 5.00 0.0001 512 1.000000 574.609 1.000000
COST 4096 256 2 8 5.00 0.0001 16384 0.694993 186.575 1.088554
COST 4096 512 2 8 5.00 0.0001 16384 0.845498 265.998 1.207130
COST 4096 1024 2 8 5.00 0.0001 16384 0.940306 326.617 1.231440
COST 4096 2048 2 8 5.00 0.0001 16384 1.000000 368.874 1.000000
COST 4096 256 2 8 5.00 0.0001 512 0.694993 186.575 1.047620
COST 4096 512 2 8 5.00 0.0001 512 0.845498 265.998 1.111766
COST 4096 1024 2 8 5.00 0.0001 512 0.940306 326.617 1.161039
COST 4096 2048 2 8 5.00 0.0001 512 1.000000 368.874 1.000000
COST 4096 256 2 8 5.00 0.0001 16384 0.805405 170.469 2.125286
COST 4096 512 2 8 5.00 0.0001 16384 0.916625 217.578 1.905567
COST 4096 1024 2 8 5.00 0.0001 16384 0.972220 244.326 1.137247
COST 4096 2048 2 8 5.00 0.0001 16384 1.000000 258.429 1.000000
COST 4096 256 2 8 5.00 0.0001 512 0.805405 170.469 1.849542
COST 4096 512 2 8 5.00 0.0001 512 0.916625 217.578 1.591769
COST 4096 1024 2 8 5.00 0.0001 512 0.972220 244.326 0.946999
COST 4096 2048 2 8 5.00 0.0001 512 1.000000 258.429 1.000000
COST 4096 256 2 8 5.00 0.0001 16384 0.883249 154.389 2.421346
COST 4096 512 2 8 5.00 0.0001 16384 0.958380 180.803 1.240262
COST 4096 1024 2 8 5.00 0.0001 16384 0.988182 192.142 0.703380
COST 4096 2048 2 8 5.00 0.0001 16384 1.000000 196.759 1.000000
COST 4096 256 2 8 5.00 0.0001 512 0.883249 154.389 1.772357
COST 4096 512 2 8 5.00 0.0001 512 0.958380 180.803 0.731608
COST 4096 1024 2 8 5.00 0.0001 512 0.988182 192.142 0.582889
COST 4096 2048 2 8 5.00 0.0001 512 1.000000 196.759 1.000000
COST 4096 256 2 8 5.00 0.0001 16384 0.787575 171.100 2.936850
COST 4096 512 2 8 5.00 0.0001 16384 0.930638 232.707 2.415253
COST 4096 1024 2 8 5.00 0.0001 16384 0.986999 261.191 1.085824
COST 4096 2048 2 8 5.00 0.0001 16384 1.000000 268.093 1.000000
COST 4096 256 2 8 5.00 0.0001 512 0.787575 171.100 2.167428
COST 4096 512 2 8 5.00 0.0001 512 0.930638 232.707 1.666515
COST 4096 1024 2 8 5.00 0.0001 512 0.986999 261.191 0.845752
COST 4096 2048 2 8 5.00 0.0001 512 1.000000 268.093 1.000000
COST 4096 256 2 8 5.00 0.001 16384 0.556281 200.726 0.808145
COST 4096 512 2 8 5.00 0.001 16384 0.739362 324.982 0.851961
COST 4096 1024 2 8 5.00 0.001 16384 0.884695 453.368 0.932273
COST 4096 2048 2 8 5.00 0.001 16384 1.000000 574.609 1.000000
COST 4096 256 2 8 5.00 0.001 512 0.556281 200.726 0.760048
COST 4096 512 2 8 5.00 0.001 512 0.739362 324.982 0.813956
COST 4096 1024 2 8 5.00 0.001 512 0.884695 453.368 0.909756
COST 4096 2048 2 8 5.00 0.001 512 1.000000 574.609 1.000000
COST 4096 256 2 8 5.00 0.001 16384 0.694993 186.575 1.499026
COST 4096 512 2 8 5.00 0.001 16384 0.845498 265.998 1.507639
COST 4096 1024 2 8 5.00 0.001 16384 0.940306 326.617 1.153147
COST 4096 2048 2 8 5.00 0.001 16384 1.000000 368.874 1.000000
COST 4096 256 2 8 5.00 0.001 512 0.694993 186.575 1.380527
COST 4096 512 2 8 5.00 0.001 512 0.845498 265.998 1.363091
COST 4096 1024 2 8 5.00 0.001 512 0.940306 326.617 0.992159
COST 4096 2048 2 8 5.00 0.001 512 1.000000 368.874 1.000000
COST 4096 256 2 8 5.00 0.001 16384 0.805405 170.469 2.237269
COST 4096 512 2 8 5.00 0.001 16384 0.916625 217.578 1.410506
COST 4096 1024 2 8 5.00 0.001 16384 0.972220 244.326 0.839207
COST 4096 2048 2 8 5.00 0.001 16384 1.000000 258.429 1.000000
COST 4096 256 2 8 5.00 0.001 512 0.805405 170.469 1.825372
COST 4096 512 2 8 5.00 0.001 512 0.916625 217.578 1.013570
COST 4096 1024 2 8 5.00 0.001 512 0.972220 244.326 0.649703
COST 4096 2048 2 8 5.00 0.001 512 1.000000 258.429 1.000000
COST 4096 256 2 8 5.00 0.001 16384 0.883249 154.389 1.613274
COST 4096 512 2 8 5.00 0.001 16384 0.958380 180.803 0.710291
COST 4096 1024 2 8 5.00 0.001 16384 0.988182 192.142 0.584036
COST 4096 2048 2 8 5.00 0.001 16384 1.000000 196.759 1.000000
COST 4096 256 2 8 5.00 0.001 512 0.883249 154.389 1.046039
COST 4096 512 2 8 5.00 0.001 512 0.958380 180.803 0.431004
COST 4096 1024 2 8 5.00 0.001 512 0.988182 192.142 0.515391
COST 4096 2048 2 8 5.00 0.001 512 1.000000 196.759 1.000000
COST 4096 256 2 8 5.00 0.001 16384 0.787575 171.100 2.604247
COST 4096 512 2 8 5.00 0.001 16384 0.930638 232.707 1.347436
COST 4096 1024 2 8 5.00 0.001 16384 0.986999 261.191 0.733806
COST 4096 2048 2 8 5.00 0.001 16384 1.000000 268.093 1.000000
COST 4096 256 2 8 5.00 0.001 512 0.787575 171.100 1.977336
COST 4096 512 2 8 5.00 0.001 512 0.930638 232.707 0.979386
COST 4096 1024 2 8 5.00 0.001 512 0.986999 261.191 0.593258
COST 4096 2048 2 8 5.00 0.001 512 1.000000 268.093 1.000000
COST 4096 256 2 8 5.00 0.01 16384 0.556281 200.726 1.275008
COST 4096 512 2 8 5.00 0.01 16384 0.739362 324.982 1.290225
COST 4096 1024 2 8 5.00 0.01 16384 0.884695 453.368 1.075236
COST 4096 2048 2 8 5.00 0.01 16384 1.000000 574.609 1.000000
COST 4096 256 2 8 5.00 0.01 512 0.556281 200.726 1.153620
COST 4096 512 2 8 5.00 0.01 512 0.739362 324.982 1.197385
COST 4096 1024 2 8 5.00 0.01 512 0.884695 453.368 0.974013
COST 4096 2048 2 8 5.00 0.01 512 1.000000 574.609 1.000000
COST 4096 256 2 8 5.00 0.01 16384 0.694993 186.575 2.196426
COST 4096 512 2 8 5.00 0.01 16384 0.845498 265.998 1.598431
COST 4096 1024 2 8 5.00 0.01 16384 0.940306 326.617 0.840570
COST 4096 2048 2 8 5.00 0.01 16384 1.000000 368.874 1.000000
COST 4096 256 2 8 5.00 0.01 512 0.694993 186.575 1.915163
COST 4096 512 2 8 5.00 0.01 512 0.845498 265.998 1.309520
COST 4096 1024 2 8 5.00 0.01 512 0.940306 326.617 0.736520
COST 4096 2048 2 8 5.00 0.01 512 1.000000 368.874 1.000000
COST 4096 256 2 8 5.00 0.01 16384 0.805405 170.469 1.493048
COST 4096 512 2 8 5.00 0.01 16384 0.916625 217.578 0.789997
COST 4096 1024 2 8 5.00 0.01 16384 0.972220 244.326 0.592206
COST 4096 2048 2 8 5.00 0.01 16384 1.000000 258.429 1.000000
COST 4096 256 2 8 5.00 0.01 512 0.805405 170.469 0.956065
COST 4096 512 2 8 5.00 0.01 512 0.916625 217.578 0.474232
COST 4096 1024 2 8 5.00 0.01 512 0.972220 244.326 0.515348
COST 4096 2048 2 8 5.00 0.01 512 1.000000 258.429 1.000000
COST 4096 256 2 8 5.00 0.01 16384 0.883249 154.389 0.668114
COST 4096 512 2 8 5.00 0.01 16384 0.958380 180.803 0.371654
COST 4096 1024 2 8 5.00 0.01 16384 0.988182 192.142 0.494860
COST 4096 2048 2 8 5.00 0.01 16384 1.000000 196.759 1.000000
COST 4096 256 2 8 5.00 0.01 512 0.883249 154.389 0.384071
COST 4096 512 2 8 5.00 0.01 512 0.958380 180.803 0.261076
COST 4096 1024 2 8 5.00 0.01 512 0.988182 192.142 0.489052
COST 4096 2048 2 8 5.00 0.01 512 1.000000 196.759 1.000000
COST 4096 256 2 8 5.00 0.01 16384 0.787575 171.100 1.698295
COST 4096 512 2 8 5.00 0.01 16384 0.930638 232.707 0.641603
COST 4096 1024 2 8 5.00 0.01 16384 0.986999 261.191 0.540886
COST 4096 2048 2 8 5.00 0.01 16384 1.000000 268.093 1.000000
COST 4096 256 2 8 5.00 0.01 512 0.787575 171.100 1.096375
COST 4096 512 2 8 5.00 0.01 512 0.930638 232.707 0.422203
COST 4096 1024 2 8 5.00 0.01 512 0.986999 261.191 0.489978
COST 4096 2048 2 8 5.00 0.01 512 1.000000 268.093 1.000000
COST 4096 256 2 8 5.50 0.0001 16384 0.556281 200.726 0.991484
COST 4096 512 2 8 5.50 0.0001 16384 0.739362 324.982 1.024351
COST 4096 1024 2 8 5.50 0.0001 16384 0.884695 453.368 1.093236
COST 4096 2048 2 8 5.50 0.0001 16384 1.000000 574.609 1.000000
COST 4096 256 2 8 5.50 0.0001 512 0.556281 200.726 0.840067
COST 4096 512 2 8 5.50 0.0001 512 0.739362 324.982 0.903356
COST 4096 1024 2 8 5.50 0.0001 512 0.884695 453.368 0.976662
COST 4096 2048 2 8 5.50 0.0001 512 1.000000 574.609 1.000000
COST 4096 256 2 8 5.50 0.0001 16384 0.694993 186.575 2.092399
COST 4096 512 2 8 5.50 0.0001 16384 0.845498 265.998 2.106906
COST 4096 1024 2 8 5.50 0.0001 16384 0.940306 326.617 1.373060
COST 4096 2048 2 8 5.50 0.0001 16384 1.000000 368.874 1.000000
COST 4096 256 2 8 5.50 0.0001 512 0.694993 186.575 1.790751
COST 4096 512 2 8 5.50 0.0001 512 0.845498 265.998 1.748234
COST 4096 1024 2 8 5.50 0.0001 512 0.940306 326.617 1.100743
COST 4096 2048 2 8 5.50 0.0001 512 1.000000 368.874 1.000000
COST 4096 256 2 8 5.50 0.0001 16384 0.805405 170.469 2.602659
COST 4096 512 2 8 5.50 0.0001 16384 0.916625 217.578 1.287760
COST 4096 1024 2 8 5.50 0.0001 16384 0.972220 244.326 0.688233
COST 4096 2048 2 8 5.50 0.0001 16384 1.000000 258.429 1.000000
COST 4096 256 2 8 5.50 0.0001 512 0.805405 170.469 1.968811
COST 4096 512 2 8 5.50 0.0001 512 0.916625 217.578 0.817785
COST 4096 1024 2 8 5.50 0.0001 512 0.972220 244.326 0.573171
COST 4096 2048 2 8 5.50 0.0001 512 1.000000 258.429 1.000000
COST 4096 256 2 8 5.50 0.0001 16384 0.883249 154.389 1.483143
COST 4096 512 2 8 5.50 0.0001 16384 0.958380 180.803 0.478561
COST 4096 1024 2 8 5.50 0.0001 16384 0.988182 192.142 0.501658
COST 4096 2048 2 8 5.50 0.0001 16384 1.000000 196.759 1.000000
COST 4096 256 2 8 5.50 0.0001 512 0.883249 154.389 0.835130
COST 4096 512 2 8 5.50 0.0001 512 0.958380 180.803 0.327231
COST 4096 1024 2 8 5.50 0.0001 512 0.988182 192.142 0.493673
COST 4096 2048 2 8 5.50 0.0001 512 1.000000 196.759 1.000000
COST 4096 256 2 8 5.50 0.0001 16384 0.787575 171.100 2.965848
COST 4096 512 2 8 5.50 0.0001 16384 0.930638 232.707 1.200322
COST 4096 1024 2 8 5.50 0.0001 16384 0.986999 261.191 0.596155
COST 4096 2048 2 8 5.50 0.0001 16384 1.000000 268.093 1.000000
COST 4096 256 2 8 5.50 0.0001 512 0.787575 171.100 1.954462
COST 4096 512 2 8 5.50 0.0001 512 0.930638 232.707 0.815257
COST 4096 1024 2 8 5.50 0.0001 512 0.986999 261.191 0.506243
COST 4096 2048 2 8 5.50 0.0001 512 1.000000 268.093 1.000000
COST 4096 256 2 8 5.50 0.001 16384 0.556281 200.726 1.353022
COST 4096 512 2 8 5.50 0.001 16384 0.739362 324.982 1.459998
COST 4096 1024 2 8 5.50 0.001 16384 0.884695 453.368 1.356366
COST 4096 2048 2 8 5.50 0.001 16384 1.000000 574.609 1.000000
COST 4096 256 2 8 5.50 0.001 512 0.556281 200.726 1.198557
COST 4096 512 2 8 5.50 0.001 512 0.739362 324.982 1.253732
COST 4096 1024 2 8 5.50 0.001 512 0.884695 453.368 1.186151
COST 4096 2048 2 8 5.50 0.001 512 1.000000 574.609 1.000000
COST 4096 256 2 8 5.50 0.001 16384 0.694993 186.575 2.522105
COST 4096 512 2 8 5.50 0.001 16384 0.845498 265.998 1.857805
COST 4096 1024 2 8 5.50 0.001 16384 0.940306 326.617 0.859122
COST 4096 2048 2 8 5.50 0.001 16384 1.000000 368.874 1.000000
COST 4096 256 2 8 5.50 0.001 512 0.694993 186.575 2.124191
COST 4096 512 2 8 5.50 0.001 512 0.845498 265.998 1.365849
COST 4096 1024 2 8 5.50 0.001 512 0.940306 326.617 0.729306
COST 4096 2048 2 8 5.50 0.001 512 1.000000 368.874 1.000000
COST 4096 256 2 8 5.50 0.001 16384 0.805405 170.469 1.828725
COST 4096 512 2 8 5.50 0.001 16384 0.916625 217.578 0.647012
COST 4096 1024 2 8 5.50 0.001 16384 0.972220 244.326 0.541839
COST 4096 2048 2 8 5.50 0.001 16384 1.000000 258.429 1.000000
COST 4096 256 2 8 5.50 0.001 512 0.805405 170.469 1.183658
COST 4096 512 2 8 5.50 0.001 512 0.916625 217.578 0.417284
COST 4096 1024 2 8 5.50 0.001 512 0.972220 244.326 0.500273
COST 4096 2048 2 8 5.50 0.001 512 1.000000 258.429 1.000000
COST 4096 256 2 8 5.50 0.001 16384 0.883249 154.389 0.653127
COST 4096 512 2 8 5.50 0.001 16384 0.958380 180.803 0.318301
COST 4096 1024 2 8 5.50 0.001 16384 0.988182 192.142 0.478528
COST 4096 2048 2 8 5.50 0.001 16384 1.000000 196.759 1.000000
COST 4096 256 2 8 5.50 0.001 512 0.883249 154.389 0.360849
COST 4096 512 2 8 5.50 0.001 512 0.958380 180.803 0.250407
COST 4096 1024 2 8 5.50 0.001 512 0.988182 192.142 0.466470
COST 4096 2048 2 8 5.50 0.001 512 1.000000 196.759 1.000000
COST 4096 256 2 8 5.50 0.001 16384 0.787575 171.100 1.816246
COST 4096 512 2 8 5.50 0.001 16384 0.930638 232.707 0.560007
COST 4096 1024 2 8 5.50 0.001 16384 0.986999 261.191 0.493340
COST 4096 2048 2 8 5.50 0.001 16384 1.000000 268.093 1.000000
COST 4096 256 2 8 5.50 0.001 512 0.787575 171.100 1.183010
COST 4096 512 2 8 5.50 0.001 512 0.930638 232.707 0.390402
COST 4096 1024 2 8 5.50 0.001 512 0.986999 261.191 0.473239
COST 4096 2048 2 8 5.50 0.001 512 1.000000 268.093 1.000000
COST 4096 256 2 8 5.50 0.01 16384 0.556281 200.726 2.333034
COST 4096 512 2 8 5.50 0.01 16384 0.739362 324.982 1.940333
COST 4096 1024 2 8 5.50 0.01 16384 0.884695 453.368 0.954541
COST 4096 2048 2 8 5.50 0.01 16384 1.000000 574.609 1.000000
COST 4096 256 2 8 5.50 0.01 512 0.556281 200.726 1.993529
COST 4096 512 2 8 5.50 0.01 512 0.739362 324.982 1.572755
COST 4096 1024 2 8 5.50 0.01 512 0.884695 453.368 0.845903
COST 4096 2048 2 8 5.50 0.01 512 1.000000 574.609 1.000000
COST 4096 256 2 8 5.50 0.01 16384 0.694993 186.575 2.009547
COST 4096 512 2 8 5.50 0.01 16384 0.845498 265.998 0.859666
COST 4096 1024 2 8 5.50 0.01 16384 0.940306 326.617 0.557798
COST 4096 2048 2 8 5.50 0.01 16384 1.000000 368.874 1.000000
COST 4096 256 2 8 5.50 0.01 512 0.694993 186.575 1.415748
COST 4096 512 2 8 5.50 0.01 512 0.845498 265.998 0.521757
COST 4096 1024 2 8 5.50 0.01 512 0.940306 326.617 0.514754
COST 4096 2048 2 8 5.50 0.01 512 1.000000 368.874 1.000000
COST 4096 256 2 8 5.50 0.01 16384 0.805405 170.469 0.607912
COST 4096 512 2 8 5.50 0.01 16384 0.916625 217.578 0.334384
COST 4096 1024 2 8 5.50 0.01 16384 0.972220 244.326 0.474944
COST 4096 2048 2 8 5.50 0.01 16384 1.000000 258.429 1.000000
COST 4096 256 2 8 5.50 0.01 512 0.805405 170.469 0.365454
COST 4096 512 2 8 5.50 0.01 512 0.916625 217.578 0.256460
COST 4096 1024 2 8 5.50 0.01 512 0.972220 244.326 0.465827
COST 4096 2048 2 8 5.50 0.01 512 1.000000 258.429 1.000000
COST 4096 256 2 8 5.50 0.01 16384 0.883249 154.389 0.231172
COST 4096 512 2 8 5.50 0.01 16384 0.958380 180.803 0.250290
COST 4096 1024 2 8 5.50 0.01 16384 0.988182 192.142 0.466305
COST 4096 2048 2 8 5.50 0.01 16384 1.000000 196.759 1.000000
COST 4096 256 2 8 5.50 0.01 512 0.883249 154.389 0.157818
COST 4096 512 2 8 5.50 0.01 512 0.958380 180.803 0.213155
COST 4096 1024 2 8 5.50 0.01 512 0.988182 192.142 0.459950
COST 4096 2048 2 8 5.50 0.01 512 1.000000 196.759 1.000000
COST 4096 256 2 8 5.50 0.01 16384 0.787575 171.100 0.693856
COST 4096 512 2 8 5.50 0.01 16384 0.930638 232.707 0.296472
COST 4096 1024 2 8 5.50 0.01 16384 0.986999 261.191 0.468954
COST 4096 2048 2 8 5.50 0.01 16384 1.000000 268.093 1.000000
COST 4096 256 2 8 5.50 0.01 512 0.787575 171.100 0.464482
COST 4096 512 2 8 5.50 0.01 512 0.930638 232.707 0.227881
COST 4096 1024 2 8 5.50 0.01 512 0.986999 261.191 0.467260
COST 4096 2048 2 8 5.50 0.01 512 1.000000 268.093 1.000000
COST 4096 256 2 8 6.00 0.0001 16384 0.556281 200.726 1.686506
COST 4096 512 2 8 6.00 0.0001 16384 0.739362 324.982 1.733371
COST 4096 1024 2 8 6.00 0.0001 16384 0.884695 453.368 1.554274
COST 4096 2048 2 8 6.00 0.0001 16384 1.000000 574.609 1.000000
COST 4096 256 2 8 6.00 0.0001 512 0.556281 200.726 1.520983
COST 4096 512 2 8 6.00 0.0001 512 0.739362 324.982 1.641459
COST 4096 1024 2 8 6.00 0.0001 512 0.884695 453.368 1.442713
COST 4096 2048 2 8 6.00 0.0001 512 1.000000 574.609 1.000000
COST 4096 256 2 8 6.00 0.0001 16384 0.694993 186.575 2.690541
COST 4096 512 2 8 6.00 0.0001 16384 0.845498 265.998 1.784748
COST 4096 1024 2 8 6.00 0.0001 16384 0.940306 326.617 0.803658
COST 4096 2048 2 8 6.00 0.0001 16384 1.000000 368.874 1.000000
COST 4096 256 2 8 6.00 0.0001 512 0.694993 186.575 2.257966
COST 4096 512 2 8 6.00 0.0001 512 0.845498 265.998 1.291426
COST 4096 1024 2 8 6.00 0.0001 512 0.940306 326.617 0.688010
COST 4096 2048 2 8 6.00 0.0001 512 1.000000 368.874 1.000000
COST 4096 256 2 8 6.00 0.0001 16384 0.805405 170.469 1.706926
COST 4096 512 2 8 6.00 0.0001 16384 0.916625 217.578 0.539369
COST 4096 1024 2 8 6.00 0.0001 16384 0.972220 244.326 0.501533
COST 4096 2048 2 8 6.00 0.0001 16384 1.000000 258.429 1.000000
COST 4096 256 2 8 6.00 0.0001 512 0.805405 170.469 1.077240
COST 4096 512 2 8 6.00 0.0001 512 0.916625 217.578 0.362272
COST 4096 1024 2 8 6.00 0.0001 512 0.972220 244.326 0.476317
COST 4096 2048 2 8 6.00 0.0001 512 1.000000 258.429 1.000000
COST 4096 256 2 8 6.00 0.0001 16384 0.883249 154.389 0.539328
COST 4096 512 2 8 6.00 0.0001 16384 0.958380 180.803 0.272256
COST 4096 1024 2 8 6.00 0.0001 16384 0.988182 192.142 0.471389
COST 4096 2048 2 8 6.00 0.0001 16384 1.000000 196.759 1.000000
COST 4096 256 2 8 6.00 0.0001 512 0.883249 154.389 0.299582
COST 4096 512 2 8 6.00 0.0001 512 0.958380 180.803 0.213446
COST 4096 1024 2 8 6.00 0.0001 512 0.988182 192.142 0.457091
COST 4096 2048 2 8 6.00 0.0001 512 1.000000 196.759 1.000000
COST 4096 256 2 8 6.00 0.0001 16384 0.787575 171.100 1.652535
COST 4096 512 2 8 6.00 0.0001 16384 0.930638 232.707 0.446864
COST 4096 1024 2 8 6.00 0.0001 16384 0.986999 261.191 0.476014
COST 4096 2048 2 8 6.00 0.0001 16384 1.000000 268.093 1.000000
COST 4096 256 2 8 6.00 0.0001 512 0.787575 171.100 1.093155
COST 4096 512 2 8 6.00 0.0001 512 0.930638 232.707 0.312414
COST 4096 1024 2 8 6.00 0.0001 512 0.986999 261.191 0.474542
COST 4096 2048 2 8 6.00 0.0001 512 1.000000 268.093 1.000000
COST 4096 256 2 8 6.00 0.001 16384 0.556281 200.726 2.456074
COST 4096 512 2 8 6.00 0.001 16384 0.739362 324.982 2.181385
COST 4096 1024 2 8 6.00 0.001 16384 0.884695 453.368 1.218804
COST 4096 2048 2 8 6.00 0.001 16384 1.000000 574.609 1.000000
COST 4096 256 2 8 6.00 0.001 512 0.556281 200.726 2.047087
COST 4096 512 2 8 6.00 0.001 512 0.739362 324.982 1.866667
COST 4096 1024 2 8 6.00 0.001 512 0.884695 453.368 1.050645
COST 4096 2048 2 8 6.00 0.001 512 1.000000 574.609 1.000000
COST 4096 256 2 8 6.00 0.001 16384 0.694993 186.575 2.492958
COST 4096 512 2 8 6.00 0.001 16384 0.845498 265.998 0.969305
COST 4096 1024 2 8 6.00 0.001 16384 0.940306 326.617 0.565012
COST 4096 2048 2 8 6.00 0.001 16384 1.000000 368.874 1.000000
COST 4096 256 2 8 6.00 0.001 512 0.694993 186.575 1.673683
COST 4096 512 2 8 6.00 0.001 512 0.845498 265.998 0.551073
COST 4096 1024 2 8 6.00 0.001 512 0.940306 326.617 0.508833
COST 4096 2048 2 8 6.00 0.001 512 1.000000 368.874 1.000000
COST 4096 256 2 8 6.00 0.001 16384 0.805405 170.469 0.826666
COST 4096 512 2 8 6.00 0.001 16384 0.916625 217.578 0.315798
COST 4096 1024 2 8 6.00 0.001 16384 0.972220 244.326 0.473389
COST 4096 2048 2 8 6.00 0.001 16384 1.000000 258.429 1.000000
COST 4096 256 2 8 6.00 0.001 512 0.805405 170.469 0.489248
COST 4096 512 2 8 6.00 0.001 512 0.916625 217.578 0.232077
COST 4096 1024 2 8 6.00 0.001 512 0.972220 244.326 0.468849
COST 4096 2048 2 8 6.00 0.001 512 1.000000 258.429 1.000000
COST 4096 256 2 8 6.00 0.001 16384 0.883249 154.389 0.222868
COST 4096 512 2 8 6.00 0.001 16384 0.958380 180.803 0.240992
COST 4096 1024 2 8 6.00 0.001 16384 0.988182 192.142 0.474311
COST 4096 2048 2 8 6.00 0.001 16384 1.000000 196.759 1.000000
COST 4096 256 2 8 6.00 0.001 512 0.883249 154.389 0.151967
COST 4096 512 2 8 6.00 0.001 512 0.958380 180.803 0.199480
COST 4096 1024 2 8 6.00 0.001 512 0.988182 192.142 0.458051
COST 4096 2048 2 8 6.00 0.001 512 1.000000 196.759 1.000000
COST 4096 256 2 8 6.00 0.001 16384 0.787575 171.100 0.786112
COST 4096 512 2 8 6.00 0.001 16384 0.930638 232.707 0.304905
COST 4096 1024 2 8 6.00 0.001 16384 0.986999 261.191 0.472161
COST 4096 2048 2 8 6.00 0.001 16384 1.000000 268.093 1.000000
COST 4096 256 2 8 6.00 0.001 512 0.787575 171.100 0.512656
COST 4096 512 2 8 6.00 0.001 512 0.930638 232.707 0.221940
COST 4096 1024 2 8 6.00 0.001 512 0.986999 261.191 0.465311
COST 4096 2048 2 8 6.00 0.001 512 1.000000 268.093 1.000000
COST 4096 256 2 8 6.00 0.01 16384 0.556281 200.726 2.789481
COST 4096 512 2 8 6.00 0.01 16384 0.739362 324.982 1.332748
COST 4096 1024 2 8 6.00 0.01 16384 0.884695 453.368 0.636404
COST 4096 2048 2 8 6.00 0.01 16384 1.000000 574.609 1.000000
COST 4096 256 2 8 6.00 0.01 512 0.556281 200.726 1.970822
COST 4096 512 2 8 6.00 0.01 512 0.739362 324.982 0.861199
COST 4096 1024 2 8 6.00 0.01 512 0.884695 453.368 0.553829
COST 4096 2048 2 8 6.00 0.01 512 1.000000 574.609 1.000000
COST 4096 256 2 8 6.00 0.01 16384 0.694993 186.575 1.021785
COST 4096 512 2 8 6.00 0.01 16384 0.845498 265.998 0.398483
COST 4096 1024 2 8 6.00 0.01 16384 0.940306 326.617 0.482852
COST 4096 2048 2 8 6.00 0.01 16384 1.000000 368.874 1.000000
COST 4096 256 2 8 6.00 0.01 512 0.694993 186.575 0.581785
COST 4096 512 2 8 6.00 0.01 512 0.845498 265.998 0.266749
COST 4096 1024 2 8 6.00 0.01 512 0.940306 326.617 0.457530
COST 4096 2048 2 8 6.00 0.01 512 1.000000 368.874 1.000000
COST 4096 256 2 8 6.00 0.01 16384 0.805405 170.469 0.227360
COST 4096 512 2 8 6.00 0.01 16384 0.916625 217.578 0.241366
COST 4096 1024 2 8 6.00 0.01 16384 0.972220 244.326 0.471318
COST 4096 2048 2 8 6.00 0.01 16384 1.000000 258.429 1.000000
COST 4096 256 2 8 6.00 0.01 512 0.805405 170.469 0.139913
COST 4096 512 2 8 6.00 0.01 512 0.916625 217.578 0.207836
COST 4096 1024 2 8 6.00 0.01 512 0.972220 244.326 0.460220
COST 4096 2048 2 8 6.00 0.01 512 1.000000 258.429 1.000000
COST 4096 256 2 8 6.00 0.01 16384 0.883249 154.389 0.107020
COST 4096 512 2 8 6.00 0.01 16384 0.958380 180.803 0.225079
COST 4096 1024 2 8 6.00 0.01 16384 0.988182 192.142 0.477017
COST 4096 2048 2 8 6.00 0.01 16384 1.000000 196.759 1.000000
COST 4096 256 2 8 6.00 0.01 512 0.883249 154.389 0.092850
COST 4096 512 2 8 6.00 0.01 512 0.958380 180.803 0.193182
COST 4096 1024 2 8 6.00 0.01 512 0.988182 192.142 0.469857
COST 4096 2048 2 8 6.00 0.01 512 1.000000 196.759 1.000000
COST 4096 256 2 8 6.00 0.01 16384 0.787575 171.100 0.233079
COST 4096 512 2 8 6.00 0.01 16384 0.930638 232.707 0.237204
COST 4096 1024 2 8 6.00 0.01 16384 0.986999 261.191 0.478544
COST 4096 2048 2 8 6.00 0.01 16384 1.000000 268.093 1.000000
COST 4096 256 2 8 6.00 0.01 512 0.787575 171.100 0.188521
COST 4096 512 2 8 6.00 0.01 512 0.930638 232.707 0.193941
COST 4096 1024 2 8 6.00 0.01 512 0.986999 261.191 0.465397
COST 4096 2048 2 8 6.00 0.01 512 1.000000 268.093 1.000000
COST 4096 256 2 8 6.50 0.0001 16384 0.556281 200.726 2.631462
COST 4096 512 2 8 6.50 0.0001 16384 0.739362 324.982 2.560259
COST 4096 1024 2 8 6.50 0.0001 16384 0.884695 453.368 1.338905
COST 4096 2048 2 8 6.50 0.0001 16384 1.000000 574.609 1.000000
COST 4096 256 2 8 6.50 0.0001 512 0.556281 200.726 2.147118
COST 4096 512 2 8 6.50 0.0001 512 0.739362 324.982 2.059958
COST 4096 1024 2 8 6.50 0.0001 512 0.884695 453.368 1.046619
COST 4096 2048 2 8 6.50 0.0001 512 1.000000 574.609 1.000000
COST 4096 256 2 8 6.50 0.0001 16384 0.694993 186.575 2.486962
COST 4096 512 2 8 6.50 0.0001 16384 0.845498 265.998 0.850790
COST 4096 1024 2 8 6.50 0.0001 16384 0.940306 326.617 0.533915
COST 4096 2048 2 8 6.50 0.0001 16384 1.000000 368.874 1.000000
COST 4096 256 2 8 6.50 0.0001 512 0.694993 186.575 1.685112
COST 4096 512 2 8 6.50 0.0001 512 0.845498 265.998 0.501896
COST 4096 1024 2 8 6.50 0.0001 512 0.940306 326.617 0.491309
COST 4096 2048 2 8 6.50 0.0001 512 1.000000 368.874 1.000000
COST 4096 256 2 8 6.50 0.0001 16384 0.805405 170.469 0.716045
COST 4096 512 2 8 6.50 0.0001 16384 0.916625 217.578 0.283330
COST 4096 1024 2 8 6.50 0.0001 16384 0.972220 244.326 0.463927
COST 4096 2048 2 8 6.50 0.0001 16384 1.000000 258.429 1.000000
COST 4096 256 2 8 6.50 0.0001 512 0.805405 170.469 0.417316
COST 4096 512 2 8 6.50 0.0001 512 0.916625 217.578 0.216981
COST 4096 1024 2 8 6.50 0.0001 512 0.972220 244.326 0.460262
COST 4096 2048 2 8 6.50 0.0001 512 1.000000 258.429 1.000000
COST 4096 256 2 8 6.50 0.0001 16384 0.883249 154.389 0.185035
COST 4096 512 2 8 6.50 0.0001 16384 0.958380 180.803 0.220519
COST 4096 1024 2 8 6.50 0.0001 16384 0.988182 192.142 0.464444
COST 4096 2048 2 8 6.50 0.0001 16384 1.000000 196.759 1.000000
COST 4096 256 2 8 6.50 0.0001 512 0.883249 154.389 0.138004
COST 4096 512 2 8 6.50 0.0001 512 0.958380 180.803 0.199725
COST 4096 1024 2 8 6.50 0.0001 512 0.988182 192.142 0.467409
COST 4096 2048 2 8 6.50 0.0001 512 1.000000 196.759 1.000000
COST 4096 256 2 8 6.50 0.0001 16384 0.787575 171.100 0.657326
COST 4096 512 2 8 6.50 0.0001 16384 0.930638 232.707 0.278440
COST 4096 1024 2 8 6.50 0.0001 16384 0.986999 261.191 0.474781
COST 4096 2048 2 8 6.50 0.0001 16384 1.000000 268.093 1.000000
COST 4096 256 2 8 6.50 0.0001 512 0.787575 171.100 0.460795
COST 4096 512 2 8 6.50 0.0001 512 0.930638 232.707 0.217266
COST 4096 1024 2 8 6.50 0.0001 512 0.986999 261.191 0.475244
COST 4096 2048 2 8 6.50 0.0001 512 1.000000 268.093 1.000000
COST 4096 256 2 8 6.50 0.001 16384 0.556281 200.726 2.876198
COST 4096 512 2 8 6.50 0.001 16384 0.739362 324.982 1.621760
COST 4096 1024 2 8 6.50 0.001 16384 0.884695 453.368 0.735999
COST 4096 2048 2 8 6.50 0.001 16384 1.000000 574.609 1.000000
COST 4096 256 2 8 6.50 0.001 512 0.556281 200.726 2.195432
COST 4096 512 2 8 6.50 0.001 512 0.739362 324.982 1.112688
COST 4096 1024 2 8 6.50 0.001 512 0.884695 453.368 0.652277
COST 4096 2048 2 8 6.50 0.001 512 1.000000 574.609 1.000000
COST 4096 256 2 8 6.50 0.001 16384 0.694993 186.575 1.316241
COST 4096 512 2 8 6.50 0.001 16384 0.845498 265.998 0.411568
COST 4096 1024 2 8 6.50 0.001 16384 0.940306 326.617 0.477042
COST 4096 2048 2 8 6.50 0.001 16384 1.000000 368.874 1.000000
COST 4096 256 2 8 6.50 0.001 512 0.694993 186.575 0.776929
COST 4096 512 2 8 6.50 0.001 512 0.845498 265.998 0.272655
COST 4096 1024 2 8 6.50 0.001 512 0.940306 326.617 0.465786
COST 4096 2048 2 8 6.50 0.001 512 1.000000 368.874 1.000000
COST 4096 256 2 8 6.50 0.001 16384 0.805405 170.469 0.287949
COST 4096 512 2 8 6.50 0.001 16384 0.916625 217.578 0.242936
COST 4096 1024 2 8 6.50 0.001 16384 0.972220 244.326 0.472423
COST 4096 2048 2 8 6.50 0.001 16384 1.000000 258.429 1.000000
COST 4096 256 2 8 6.50 0.001 512 0.805405 170.469 0.191901
COST 4096 512 2 8 6.50 0.001 512 0.916625 217.578 0.200625
COST 4096 1024 2 8 6.50 0.001 512 0.972220 244.326 0.470147
COST 4096 2048 2 8 6.50 0.001 512 1.000000 258.429 1.000000
COST 4096 256 2 8 6.50 0.001 16384 0.883249 154.389 0.107456
COST 4096 512 2 8 6.50 0.001 16384 0.958380 180.803 0.227023
COST 4096 1024 2 8 6.50 0.001 16384 0.988182 192.142 0.473518
COST 4096 2048 2 8 6.50 0.001 16384 1.000000 196.759 1.000000
COST 4096 256 2 8 6.50 0.001 512 0.883249 154.389 0.093634
COST 4096 512 2 8 6.50 0.001 512 0.958380 180.803 0.196505
COST 4096 1024 2 8 6.50 0.001 512 0.988182 192.142 0.467589
COST 4096 2048 2 8 6.50 0.001 512 1.000000 196.759 1.000000
COST 4096 256 2 8 6.50 0.001 16384 0.787575 171.100 0.266246
COST 4096 512 2 8 6.50 0.001 16384 0.930638 232.707 0.232417
COST 4096 1024 2 8 6.50 0.001 16384 0.986999 261.191 0.461770
COST 4096 2048 2 8 6.50 0.001 16384 1.000000 268.093 1.000000
COST 4096 256 2 8 6.50 0.001 512 0.787575 171.100 0.212429
COST 4096 512 2 8 6.50 0.001 512 0.930638 232.707 0.188781
COST 4096 1024 2 8 6.50 0.001 512 0.986999 261.191 0.456307
COST 4096 2048 2 8 6.50 0.001 512 1.000000 268.093 1.000000
COST 4096 256 2 8 6.50 0.01 16384 0.556281 200.726 1.844667
COST 4096 512 2 8 6.50 0.01 16384 0.739362 324.982 0.567485
COST 4096 1024 2 8 6.50 0.01 16384 0.884695 453.368 0.496769
COST 4096 2048 2 8 6.50 0.01 16384 1.000000 574.609 1.000000
COST 4096 256 2 8 6.50 0.01 512 0.556281 200.726 1.191964
COST 4096 512 2 8 6.50 0.01 512 0.739362 324.982 0.381779
COST 4096 1024 2 8 6.50 0.01 512 0.884695 453.368 0.466168
COST 4096 2048 2 8 6.50 0.01 512 1.000000 574.609 1.000000
COST 4096 256 2 8 6.50 0.01 16384 0.694993 186.575 0.367370
COST 4096 512 2 8 6.50 0.01 16384 0.845498 265.998 0.263959
COST 4096 1024 2 8 6.50 0.01 16384 0.940306 326.617 0.471058
COST 4096 2048 2 8 6.50 0.01 16384 1.000000 368.874 1.000000
COST 4096 256 2 8 6.50 0.01 512 0.694993 186.575 0.237051
COST 4096 512 2 8 6.50 0.01 512 0.845498 265.998 0.209455
COST 4096 1024 2 8 6.50 0.01 512 0.940306 326.617 0.467375
COST 4096 2048 2 8 6.50 0.01 512 1.000000 368.874 1.000000
COST 4096 256 2 8 6.50 0.01 16384 0.805405 170.469 0.105956
COST 4096 512 2 8 6.50 0.01 16384 0.916625 217.578 0.219329
COST 4096 1024 2 8 6.50 0.01 16384 0.972220 244.326 0.469304
COST 4096 2048 2 8 6.50 0.01 16384 1.000000 258.429 1.000000
COST 4096 256 2 8 6.50 0.01 512 0.805405 170.469 0.093249
COST 4096 512 2 8 6.50 0.01 512 0.916625 217.578 0.194477
COST 4096 1024 2 8 6.50 0.01 512 0.972220 244.326 0.462832
COST 4096 2048 2 8 6.50 0.01 512 1.000000 258.429 1.000000
COST 4096 256 2 8 6.50 0.01 16384 0.883249 154.389 0.074949
COST 4096 512 2 8 6.50 0.01 16384 0.958380 180.803 0.219655
COST 4096 1024 2 8 6.50 0.01 16384 0.988182 192.142 0.458520
COST 4096 2048 2 8 6.50 0.01 16384 1.000000 196.759 1.000000
COST 4096 256 2 8 6.50 0.01 512 0.883249 154.389 0.080935
COST 4096 512 2 8 6.50 0.01 512 0.958380 180.803 0.195368
COST 4096 1024 2 8 6.50 0.01 512 0.988182 192.142 0.466466
COST 4096 2048 2 8 6.50 0.01 512 1.000000 196.759 1.000000
COST 4096 256 2 8 6.50 0.01 16384 0.787575 171.100 0.107226
COST 4096 512 2 8 6.50 0.01 16384 0.930638 232.707 0.225179
COST 4096 1024 2 8 6.50 0.01 16384 0.986999 261.191 0.476651
COST 4096 2048 2 8 6.50 0.01 16384 1.000000 268.093 1.000000
COST 4096 256 2 8 6.50 0.01 512 0.787575 171.100 0.096689
COST 4096 512 2 8 6.50 0.01 512 0.930638 232.707 0.181475
COST 4096 1024 2 8 6.50 0.01 512 0.986999 261.191 0.459586
COST 4096 2048 2 8 6.50 0.01 512 1.000000 268.093 1.000000
COST 65536 1024 2 8 5.00 0.0001 512 0.101302 580.541 0.715232
COST 65536 2048 2 8 5.00 0.0001 512 0.330474 1566.336 0.732725
COST 65536 4096 2 8 5.00 0.0001 512 0.556802 3216.549 0.767316
COST 65536 8192 2 8 5.00 0.0001 512 0.739552 5202.429 0.794053
COST 65536 16384 2 8 5.00 0.0001 512 0.884751 7255.222 0.851130
COST 65536 32768 2 8 5.00 0.0001 512 1.000000 9194.355 1.000000
COST 65536 1024 2 8 5.00 0.0001 512 0.165385 624.216 0.709357
COST 65536 2048 2 8 5.00 0.0001 512 0.461344 1609.558 0.761091
COST 65536 4096 2 8 5.00 0.0001 512 0.695477 2988.843 0.753282
COST 65536 8192 2 8 5.00 0.0001 512 0.845641 4257.453 0.797036
COST 65536 16384 2 8 5.00 0.0001 512 0.940341 5226.412 0.865052
COST 65536 32768 2 8 5.00 0.0001 512 1.000000 5902.169 1.000000
COST 65536 1024 2 8 5.00 0.0001 512 0.244563 673.187 0.742339
COST 65536 2048 2 8 5.00 0.0001 512 0.588090 1638.224 0.750546
COST 65536 4096 2 8 5.00 0.0001 512 0.805806 2730.001 0.783005
COST 65536 8192 2 8 5.00 0.0001 512 0.916720 3481.998 0.817910
COST 65536 16384 2 8 5.00 0.0001 512 0.972240 3909.418 0.877925
COST 65536 32768 2 8 5.00 0.0001 512 1.000000 4134.919 1.000000
COST 65536 1024 2 8 5.00 0.0001 512 0.334013 728.024 1.069923
COST 65536 2048 2 8 5.00 0.0001 512 0.698486 1650.915 1.086951
COST 65536 4096 2 8 5.00 0.0001 512 0.883550 2471.828 1.141987
COST 65536 8192 2 8 5.00 0.0001 512 0.958438 2893.214 1.202698
COST 65536 16384 2 8 5.00 0.0001 512 0.988192 3074.351 1.105648
COST 65536 32768 2 8 5.00 0.0001 512 1.000000 3148.158 1.000000
COST 65536 1024 2 8 5.00 0.001 512 0.101302 580.541 0.711462
COST 65536 2048 2 8 5.00 0.001 512 0.330474 1566.336 0.725840
COST 65536 4096 2 8 5.00 0.001 512 0.556802 3216.549 0.747690
COST 65536 8192 2 8 5.00 0.001 512 0.739552 5202.429 0.780766
COST 65536 16384 2 8 5.00 0.001 512 0.884751 7255.222 0.868645
COST 65536 32768 2 8 5.00 0.001 512 1.000000 9194.355 1.000000
COST 65536 1024 2 8 5.00 0.001 512 0.165385 624.216 0.741212
COST 65536 2048 2 8 5.00 0.001 512 0.461344 1609.558 0.748736
COST 65536 4096 2 8 5.00 0.001 512 0.695477 2988.843 0.773425
COST 65536 8192 2 8 5.00 0.001 512 0.845641 4257.453 0.809374
COST 65536 16384 2 8 5.00 0.001 512 0.940341 5226.412 0.862457
COST 65536 32768 2 8 5.00 0.001 512 1.000000 5902.169 1.000000
COST 65536 1024 2 8 5.00 0.001 512 0.244563 673.187 0.873363
COST 65536 2048 2 8 5.00 0.001 512 0.588090 1638.224 0.884550
COST 65536 4096 2 8 5.00 0.001 512 0.805806 2730.001 0.903187
COST 65536 8192 2 8 5.00 0.001 512 0.916720 3481.998 0.960585
COST 65536 16384 2 8 5.00 0.001 512 0.972240 3909.418 1.012090
COST 65536 32768 2 8 5.00 0.001 512 1.000000 4134.919 1.000000
COST 65536 1024 2 8 5.00 0.001 512 0.334013 728.024 1.407965
COST 65536 2048 2 8 5.00 0.001 512 0.698486 1650.915 1.416041
COST 65536 4096 2 8 5.00 0.001 512 0.883550 2471.828 1.434863
COST 65536 8192 2 8 5.00 0.001 512 0.958438 2893.214 1.524720
COST 65536 16384 2 8 5.00 0.001 512 0.988192 3074.351 1.168101
COST 65536 32768 2 8 5.00 0.001 512 1.000000 3148.158 1.000000
COST 65536 1024 2 8 5.00 0.01 512 0.101302 580.541 0.698078
COST 65536 2048 2 8 5.00 0.01 512 0.330474 1566.336 0.715702
COST 65536 4096 2 8 5.00 0.01 512 0.556802 3216.549 0.721899
COST 65536 8192 2 8 5.00 0.01 512 0.739552 5202.429 0.768638
COST 65536 16384 2 8 5.00 0.01 512 0.884751 7255.222 0.819504
COST 65536 32768 2 8 5.00 0.01 512 1.000000 9194.355 1.000000
COST 65536 1024 2 8 5.00 0.01 512 0.165385 624.216 0.817506
COST 65536 2048 2 8 5.00 0.01 512 0.461344 1609.558 0.839912
COST 65536 4096 2 8 5.00 0.01 512 0.695477 2988.843 0.859841
COST 65536 8192 2 8 5.00 0.01 512 0.845641 4257.453 0.898116
COST 65536 16384 2 8 5.00 0.01 512 0.940341 5226.412 0.956748
COST 65536 32768 2 8 5.00 0.01 512 1.000000 5902.169 1.000000
COST 65536 1024 2 8 5.00 0.01 512 0.244563 673.187 1.264879
COST 65536 2048 2 8 5.00 0.01 512 0.588090 1638.224 1.259027
COST 65536 4096 2 8 5.00 0.01 512 0.805806 2730.001 1.303833
COST 65536 8192 2 8 5.00 0.01 512 0.916720 3481.998 1.363326
COST 65536 16384 2 8 5.00 0.01 512 0.972240 3909.418 1.111969
COST 65536 32768 2 8 5.00 0.01 512 1.000000 4134.919 1.000000
COST 65536 1024 2 8 5.00 0.01 512 0.334013 728.024 1.789033
COST 65536 2048 2 8 5.00 0.01 512 0.698486 1650.915 1.786289
COST 65536 4096 2 8 5.00 0.01 512 0.883550 2471.828 1.748287
COST 65536 8192 2 8 5.00 0.01 512 0.958438 2893.214 1.293925
COST 65536 16384 2 8 5.00 0.01 512 0.988192 3074.351 0.830619
COST 65536 32768 2 8 5.00 0.01 512 1.000000 3148.158 1.000000
COST 65536 1024 2 8 5.50 0.0001 512 0.101302 580.541 0.737393
COST 65536 2048 2 8 5.50 0.0001 512 0.330474 1566.336 0.733376
COST 65536 4096 2 8 5.50 0.0001 512 0.556802 3216.549 0.740299
COST 65536 8192 2 8 5.50 0.0001 512 0.739552 5202.429 0.780012
COST 65536 16384 2 8 5.50 0.0001 512 0.884751 7255.222 0.849865
COST 65536 32768 2 8 5.50 0.0001 512 1.000000 9194.355 1.000000
COST 65536 1024 2 8 5.50 0.0001 512 0.165385 624.216 0.757391
COST 65536 2048 2 8 5.50 0.0001 512 0.461344 1609.558 0.775584
COST 65536 4096 2 8 5.50 0.0001 512 0.695477 2988.843 0.795961
COST 65536 8192 2 8 5.50 0.0001 512 0.845641 4257.453 0.817543
COST 65536 16384 2 8 5.50 0.0001 512 0.940341 5226.412 0.920630
COST 65536 32768 2 8 5.50 0.0001 512 1.000000 5902.169 1.000000
COST 65536 1024 2 8 5.50 0.0001 512 0.244563 673.187 1.388763
COST 65536 2048 2 8 5.50 0.0001 512 0.588090 1638.224 1.432792
COST 65536 4096 2 8 5.50 0.0001 512 0.805806 2730.001 1.417599
COST 65536 8192 2 8 5.50 0.0001 512 0.916720 3481.998 1.450746
COST 65536 16384 2 8 5.50 0.0001 512 0.972240 3909.418 1.399016
COST 65536 32768 2 8 5.50 0.0001 512 1.000000 4134.919 1.000000
COST 65536 1024 2 8 5.50 0.0001 512 0.334013 728.024 2.295264
COST 65536 2048 2 8 5.50 0.0001 512 0.698486 1650.915 2.349475
COST 65536 4096 2 8 5.50 0.0001 512 0.883550 2471.828 2.433147
COST 65536 8192 2 8 5.50 0.0001 512 0.958438 2893.214 2.113051
COST 65536 16384 2 8 5.50 0.0001 512 0.988192 3074.351 1.040897
COST 65536 32768 2 8 5.50 0.0001 512 1.000000 3148.158 1.000000
COST 65536 1024 2 8 5.50 0.001 512 0.101302 580.541 0.702075
COST 65536 2048 2 8 5.50 0.001 512 0.330474 1566.336 0.725244
COST 65536 4096 2 8 5.50 0.001 512 0.556802 3216.549 0.728582
COST 65536 8192 2 8 5.50 0.001 512 0.739552 5202.429 0.792453
COST 65536 16384 2 8 5.50 0.001 512 0.884751 7255.222 0.831151
COST 65536 32768 2 8 5.50 0.001 512 1.000000 9194.355 1.000000
COST 65536 1024 2 8 5.50 0.001 512 0.165385 624.216 0.974835
COST 65536 2048 2 8 5.50 0.001 512 0.461344 1609.558 0.998023
COST 65536 4096 2 8 5.50 0.001 512 0.695477 2988.843 1.019300
COST 65536 8192 2 8 5.50 0.001 512 0.845641 4257.453 1.041627
COST 65536 16384 2 8 5.50 0.001 512 0.940341 5226.412 1.135917
COST 65536 32768 2 8 5.50 0.001 512 1.000000 5902.169 1.000000
COST 65536 1024 2 8 5.50 0.001 512 0.244563 673.187 1.877223
COST 65536 2048 2 8 5.50 0.001 512 0.588090 1638.224 1.911546
COST 65536 4096 2 8 5.50 0.001 512 0.805806 2730.001 1.918152
COST 65536 8192 2 8 5.50 0.001 512 0.916720 3481.998 2.035669
COST 65536 16384 2 8 5.50 0.001 512 0.972240 3909.418 1.243921
COST 65536 32768 2 8 5.50 0.001 512 1.000000 4134.919 1.000000
COST 65536 1024 2 8 5.50 0.001 512 0.334013 728.024 2.444523
COST 65536 2048 2 8 5.50 0.001 512 0.698486 1650.915 2.468926
COST 65536 4096 2 8 5.50 0.001 512 0.883550 2471.828 2.393636
COST 65536 8192 2 8 5.50 0.001 512 0.958438 2893.214 1.331665
COST 65536 16384 2 8 5.50 0.001 512 0.988192 3074.351 0.714761
COST 65536 32768 2 8 5.50 0.001 512 1.000000 3148.158 1.000000
COST 65536 1024 2 8 5.50 0.01 512 0.101302 580.541 0.765028
COST 65536 2048 2 8 5.50 0.01 512 0.330474 1566.336 0.769564
COST 65536 4096 2 8 5.50 0.01 512 0.556802 3216.549 0.790869
COST 65536 8192 2 8 5.50 0.01 512 0.739552 5202.429 0.838693
COST 65536 16384 2 8 5.50 0.01 512 0.884751 7255.222 0.891165
COST 65536 32768 2 8 5.50 0.01 512 1.000000 9194.355 1.000000
COST 65536 1024 2 8 5.50 0.01 512 0.165385 624.216 1.612821
COST 65536 2048 2 8 5.50 0.01 512 0.461344 1609.558 1.752910
COST 65536 4096 2 8 5.50 0.01 512 0.695477 2988.843 1.765966
COST 65536 8192 2 8 5.50 0.01 512 0.845641 4257.453 1.780866
COST 65536 16384 2 8 5.50 0.01 512 0.940341 5226.412 1.245931
COST 65536 32768 2 8 5.50 0.01 512 1.000000 5902.169 1.000000
COST 65536 1024 2 8 5.50 0.01 512 0.244563 673.187 2.509339
COST 65536 2048 2 8 5.50 0.01 512 0.588090 1638.224 2.552034
COST 65536 4096 2 8 5.50 0.01 512 0.805806 2730.001 2.446525
COST 65536 8192 2 8 5.50 0.01 512 0.916720 3481.998 1.614654
COST 65536 16384 2 8 5.50 0.01 512 0.972240 3909.418 0.749155
COST 65536 32768 2 8 5.50 0.01 512 1.000000 4134.919 1.000000
COST 65536 1024 2 8 5.50 0.01 512 0.334013 728.024 2.454466
COST 65536 2048 2 8 5.50 0.01 512 0.698486 1650.915 2.487916
COST 65536 4096 2 8 5.50 0.01 512 0.883550 2471.828 1.525825
COST 65536 8192 2 8 5.50 0.01 512 0.958438 2893.214 0.538060
COST 65536 16384 2 8 5.50 0.01 512 0.988192 3074.351 0.496784
COST 65536 32768 2 8 5.50 0.01 512 1.000000 3148.158 1.000000
COST 65536 1024 2 8 6.00 0.0001 512 0.101302 580.541 0.721511
COST 65536 2048 2 8 6.00 0.0001 512 0.330474 1566.336 0.755348
COST 65536 4096 2 8 6.00 0.0001 512 0.556802 3216.549 0.775173
COST 65536 8192 2 8 6.00 0.0001 512 0.739552 5202.429 0.806130
COST 65536 16384 2 8 6.00 0.0001 512 0.884751 7255.222 0.880227
COST 65536 32768 2 8 6.00 0.0001 512 1.000000 9194.355 1.000000
COST 65536 1024 2 8 6.00 0.0001 512 0.165385 624.216 1.337301
COST 65536 2048 2 8 6.00 0.0001 512 0.461344 1609.558 1.387736
COST 65536 4096 2 8 6.00 0.0001 512 0.695477 2988.843 1.389169
COST 65536 8192 2 8 6.00 0.0001 512 0.845641 4257.453 1.435034
COST 65536 16384 2 8 6.00 0.0001 512 0.940341 5226.412 1.480478
COST 65536 32768 2 8 6.00 0.0001 512 1.000000 5902.169 1.000000
COST 65536 1024 2 8 6.00 0.0001 512 0.244563 673.187 2.360878
COST 65536 2048 2 8 6.00 0.0001 512 0.588090 1638.224 2.415864
COST 65536 4096 2 8 6.00 0.0001 512 0.805806 2730.001 2.440354
COST 65536 8192 2 8 6.00 0.0001 512 0.916720 3481.998 2.201653
COST 65536 16384 2 8 6.00 0.0001 512 0.972240 3909.418 1.004033
COST 65536 32768 2 8 6.00 0.0001 512 1.000000 4134.919 1.000000
COST 65536 1024 2 8 6.00 0.0001 512 0.334013 728.024 2.582972
COST 65536 2048 2 8 6.00 0.0001 512 0.698486 1650.915 2.641186
COST 65536 4096 2 8 6.00 0.0001 512 0.883550 2471.828 2.519541
COST 65536 8192 2 8 6.00 0.0001 512 0.958438 2893.214 0.815678
COST 65536 16384 2 8 6.00 0.0001 512 0.988192 3074.351 0.528703
COST 65536 32768 2 8 6.00 0.0001 512 1.000000 3148.158 1.000000
COST 65536 1024 2 8 6.00 0.001 512 0.101302 580.541 0.803340
COST 65536 2048 2 8 6.00 0.001 512 0.330474 1566.336 0.819762
COST 65536 4096 2 8 6.00 0.001 512 0.556802 3216.549 0.867170
COST 65536 8192 2 8 6.00 0.001 512 0.739552 5202.429 0.873851
COST 65536 16384 2 8 6.00 0.001 512 0.884751 7255.222 0.973581
COST 65536 32768 2 8 6.00 0.001 512 1.000000 9194.355 1.000000
COST 65536 1024 2 8 6.00 0.001 512 0.165385 624.216 1.927717
COST 65536 2048 2 8 6.00 0.001 512 0.461344 1609.558 1.970504
COST 65536 4096 2 8 6.00 0.001 512 0.695477 2988.843 2.004743
COST 65536 8192 2 8 6.00 0.001 512 0.845641 4257.453 2.118184
COST 65536 16384 2 8 6.00 0.001 512 0.940341 5226.412 1.385315
COST 65536 32768 2 8 6.00 0.001 512 1.000000 5902.169 1.000000
COST 65536 1024 2 8 6.00 0.001 512 0.244563 673.187 2.446247
COST 65536 2048 2 8 6.00 0.001 512 0.588090 1638.224 2.511744
COST 65536 4096 2 8 6.00 0.001 512 0.805806 2730.001 2.563336
COST 65536 8192 2 8 6.00 0.001 512 0.916720 3481.998 1.265431
COST 65536 16384 2 8 6.00 0.001 512 0.972240 3909.418 0.569145
COST 65536 32768 2 8 6.00 0.001 512 1.000000 4134.919 1.000000
COST 65536 1024 2 8 6.00 0.001 512 0.334013 728.024 2.479197
COST 65536 2048 2 8 6.00 0.001 512 0.698486 1650.915 2.457155
COST 65536 4096 2 8 6.00 0.001 512 0.883550 2471.828 1.526458
COST 65536 8192 2 8 6.00 0.001 512 0.958438 2893.214 0.405435
COST 65536 16384 2 8 6.00 0.001 512 0.988192 3074.351 0.436745
COST 65536 32768 2 8 6.00 0.001 512 1.000000 3148.158 1.000000
COST 65536 1024 2 8 6.00 0.01 512 0.101302 580.541 1.451656
COST 65536 2048 2 8 6.00 0.01 512 0.330474 1566.336 1.510131
COST 65536 4096 2 8 6.00 0.01 512 0.556802 3216.549 1.582622
COST 65536 8192 2 8 6.00 0.01 512 0.739552 5202.429 1.646249
COST 65536 16384 2 8 6.00 0.01 512 0.884751 7255.222 1.314336
COST 65536 32768 2 8 6.00 0.01 512 1.000000 9194.355 1.000000
COST 65536 1024 2 8 6.00 0.01 512 0.165385 624.216 2.438969
COST 65536 2048 2 8 6.00 0.01 512 0.461344 1609.558 2.534805
COST 65536 4096 2 8 6.00 0.01 512 0.695477 2988.843 2.536733
COST 65536 8192 2 8 6.00 0.01 512 0.845641 4257.453 1.854908
COST 65536 16384 2 8 6.00 0.01 512 0.940341 5226.412 0.765354
COST 65536 32768 2 8 6.00 0.01 512 1.000000 5902.169 1.000000
COST 65536 1024 2 8 6.00 0.01 512 0.244563 673.187 2.442527
COST 65536 2048 2 8 6.00 0.01 512 0.588090 1638.224 2.585155
COST 65536 4096 2 8 6.00 0.01 512 0.805806 2730.001 1.628630
COST 65536 8192 2 8 6.00 0.01 512 0.916720 3481.998 0.477966
COST 65536 16384 2 8 6.00 0.01 512 0.972240 3909.418 0.455917
COST 65536 32768 2 8 6.00 0.01 512 1.000000 4134.919 1.000000
COST 65536 1024 2 8 6.00 0.01 512 0.334013 728.024 2.546997
COST 65536 2048 2 8 6.00 0.01 512 0.698486 1650.915 2.443954
COST 65536 4096 2 8 6.00 0.01 512 0.883550 2471.828 0.497596
COST 65536 8192 2 8 6.00 0.01 512 0.958438 2893.214 0.240279
COST 65536 16384 2 8 6.00 0.01 512 0.988192 3074.351 0.430972
COST 65536 32768 2 8 6.00 0.01 512 1.000000 3148.158 1.000000
COST 65536 1024 2 8 6.50 0.0001 512 0.101302 580.541 0.988680
COST 65536 2048 2 8 6.50 0.0001 512 0.330474 1566.336 1.018892
COST 65536 4096 2 8 6.50 0.0001 512 0.556802 3216.549 1.025020
COST 65536 8192 2 8 6.50 0.0001 512 0.739552 5202.429 1.096282
COST 65536 16384 2 8 6.50 0.0001 512 0.884751 7255.222 1.196605
COST 65536 32768 2 8 6.50 0.0001 512 1.000000 9194.355 1.000000
COST 65536 1024 2 8 6.50 0.0001 512 0.165385 624.216 2.363852
COST 65536 2048 2 8 6.50 0.0001 512 0.461344 1609.558 2.364024
COST 65536 4096 2 8 6.50 0.0001 512 0.695477 2988.843 2.382247
COST 65536 8192 2 8 6.50 0.0001 512 0.845641 4257.453 2.455872
COST 65536 16384 2 8 6.50 0.0001 512 0.940341 5226.412 1.430591
COST 65536 32768 2 8 6.50 0.0001 512 1.000000 5902.169 1.000000
COST 65536 1024 2 8 6.50 0.0001 512 0.244563 673.187 2.470178
COST 65536 2048 2 8 6.50 0.0001 512 0.588090 1638.224 2.467573
COST 65536 4096 2 8 6.50 0.0001 512 0.805806 2730.001 2.548031
COST 65536 8192 2 8 6.50 0.0001 512 0.916720 3481.998 0.989757
COST 65536 16384 2 8 6.50 0.0001 512 0.972240 3909.418 0.471957
COST 65536 32768 2 8 6.50 0.0001 512 1.000000 4134.919 1.000000
COST 65536 1024 2 8 6.50 0.0001 512 0.334013 728.024 2.491935
COST 65536 2048 2 8 6.50 0.0001 512 0.698486 1650.915 2.519718
COST 65536 4096 2 8 6.50 0.0001 512 0.883550 2471.828 1.243793
COST 65536 8192 2 8 6.50 0.0001 512 0.958438 2893.214 0.306800
COST 65536 16384 2 8 6.50 0.0001 512 0.988192 3074.351 0.426612
COST 65536 32768 2 8 6.50 0.0001 512 1.000000 3148.158 1.000000
COST 65536 1024 2 8 6.50 0.001 512 0.101302 580.541 1.567868
COST 65536 2048 2 8 6.50 0.001 512 0.330474 1566.336 1.663784
COST 65536 4096 2 8 6.50 0.001 512 0.556802 3216.549 1.668900
COST 65536 8192 2 8 6.50 0.001 512 0.739552 5202.429 1.750623
COST 65536 16384 2 8 6.50 0.001 512 0.884751 7255.222 1.672257
COST 65536 32768 2 8 6.50 0.001 512 1.000000 9194.355 1.000000
COST 65536 1024 2 8 6.50 0.001 512 0.165385 624.216 2.589965
COST 65536 2048 2 8 6.50 0.001 512 0.461344 1609.558 2.639845
COST 65536 4096 2 8 6.50 0.001 512 0.695477 2988.843 2.633781
COST 65536 8192 2 8 6.50 0.001 512 0.845641 4257.453 2.060776
COST 65536 16384 2 8 6.50 0.001 512 0.940341 5226.412 0.736305
COST 65536 32768 2 8 6.50 0.001 512 1.000000 5902.169 1.000000
COST 65536 1024 2 8 6.50 0.001 512 0.244563 673.187 2.531393
COST 65536 2048 2 8 6.50 0.001 512 0.588090 1638.224 2.587797
COST 65536 4096 2 8 6.50 0.001 512 0.805806 2730.001 2.010916
COST 65536 8192 2 8 6.50 0.001 512 0.916720 3481.998 0.440606
COST 65536 16384 2 8 6.50 0.001 512 0.972240 3909.418 0.446210
COST 65536 32768 2 8 6.50 0.001 512 1.000000 4134.919 1.000000
COST 65536 1024 2 8 6.50 0.001 512 0.334013 728.024 2.486318
COST 65536 2048 2 8 6.50 0.001 512 0.698486 1650.915 2.536846
COST 65536 4096 2 8 6.50 0.001 512 0.883550 2471.828 0.489228
COST 65536 8192 2 8 6.50 0.001 512 0.958438 2893.214 0.233588
COST 65536 16384 2 8 6.50 0.001 512 0.988192 3074.351 0.432579
COST 65536 32768 2 8 6.50 0.001 512 1.000000 3148.158 1.000000
COST 65536 1024 2 8 6.50 0.01 512 0.101302 580.541 2.422718
COST 65536 2048 2 8 6.50 0.01 512 0.330474 1566.336 2.493890
COST 65536 4096 2 8 6.50 0.01 512 0.556802 3216.549 2.507174
COST 65536 8192 2 8 6.50 0.01 512 0.739552 5202.429 2.404294
COST 65536 16384 2 8 6.50 0.01 512 0.884751 7255.222 1.031987
COST 65536 32768 2 8 6.50 0.01 512 1.000000 9194.355 1.000000
COST 65536 1024 2 8 6.50 0.01 512 0.165385 624.216 2.695574
COST 65536 2048 2 8 6.50 0.01 512 0.461344 1609.558 2.687345
COST 65536 4096 2 8 6.50 0.01 512 0.695477 2988.843 2.281850
COST 65536 8192 2 8 6.50 0.01 512 0.845641 4257.453 0.692450
COST 65536 16384 2 8 6.50 0.01 512 0.940341 5226.412 0.484011
COST 65536 32768 2 8 6.50 0.01 512 1.000000 5902.169 1.000000
COST 65536 1024 2 8 6.50 0.01 512 0.244563 673.187 2.575436
COST 65536 2048 2 8 6.50 0.01 512 0.588090 1638.224 2.510297
COST 65536 4096 2 8 6.50 0.01 512 0.805806 2730.001 0.508675
COST 65536 8192 2 8 6.50 0.01 512 0.916720 3481.998 0.273115
COST 65536 16384 2 8 6.50 0.01 512 0.972240 3909.418 0.462553
COST 65536 32768 2 8 6.50 0.01 512 1.000000 4134.919 1.000000
COST 65536 1024 2 8 6.50 0.01 512 0.334013 728.024 2.532790
COST 65536 2048 2 8 6.50 0.01 512 0.698486 1650.915 1.484764
COST 65536 4096 2 8 6.50 0.01 512 0.883550 2471.828 0.206138
COST 65536 8192 2 8 6.50 0.01 512 0.958438 2893.214 0.233321
COST 65536 16384 2 8 6.50 0.01 512 0.988192 3074.351 0.445137
COST 65536 32768 2 8 6.50 0.01 512 1.000000 3148.158 1.000000
COST 8192 256 2 8 5.00 0.0001 512 0.329874 195.369 0.700966
COST 8192 512 2 8 5.00 0.0001 512 0.556559 401.781 0.744065
COST 8192 1024 2 8 5.00 0.0001 512 0.739463 650.145 0.770030
COST 8192 2048 2 8 5.00 0.0001 512 0.884725 906.825 0.843591
COST 8192 4096 2 8 5.00 0.0001 512 1.000000 1149.259 1.000000
COST 8192 256 2 8 5.00 0.0001 512 0.460649 200.798 0.881146
COST 8192 512 2 8 5.00 0.0001 512 0.695251 373.393 0.902978
COST 8192 1024 2 8 5.00 0.0001 512 0.845574 532.095 0.928304
COST 8192 2048 2 8 5.00 0.0001 512 0.940325 653.270 0.987684
COST 8192 4096 2 8 5.00 0.0001 512 1.000000 737.761 1.000000
COST 8192 256 2 8 5.00 0.0001 512 0.587370 204.420 1.602659
COST 8192 512 2 8 5.00 0.0001 512 0.805619 341.105 1.688715
COST 8192 1024 2 8 5.00 0.0001 512 0.916676 435.206 1.595489
COST 8192 2048 2 8 5.00 0.0001 512 0.972231 488.665 1.157141
COST 8192 4096 2 8 5.00 0.0001 512 1.000000 516.862 1.000000
COST 8192 256 2 8 5.00 0.0001 512 0.697808 206.055 2.389671
COST 8192 512 2 8 5.00 0.0001 512 0.883410 308.885 2.298661
COST 8192 1024 2 8 5.00 0.0001 512 0.958411 361.631 1.353295
COST 8192 2048 2 8 5.00 0.0001 512 0.988187 384.289 0.866907
COST 8192 4096 2 8 5.00 0.0001 512 1.000000 393.519 1.000000
COST 8192 256 2 8 5.00 0.001 512 0.329874 195.369 0.766635
COST 8192 512 2 8 5.00 0.001 512 0.556559 401.781 0.761617
COST 8192 1024 2 8 5.00 0.001 512 0.739463 650.145 0.813023
COST 8192 2048 2 8 5.00 0.001 512 0.884725 906.825 0.884205
COST 8192 4096 2 8 5.00 0.001 512 1.000000 1149.259 1.000000
COST 8192 256 2 8 5.00 0.001 512 0.460649 200.798 1.167528
COST 8192 512 2 8 5.00 0.001 512 0.695251 373.393 1.173406
COST 8192 1024 2 8 5.00 0.001 512 0.845574 532.095 1.209985
COST 8192 2048 2 8 5.00 0.001 512 0.940325 653.270 1.117357
COST 8192 4096 2 8 5.00 0.001 512 1.000000 737.761 1.000000
COST 8192 256 2 8 5.00 0.001 512 0.587370 204.420 2.068931
COST 8192 512 2 8 5.00 0.001 512 0.805619 341.105 2.145409
COST 8192 1024 2 8 5.00 0.001 512 0.916676 435.206 1.521674
COST 8192 2048 2 8 5.00 0.001 512 0.972231 488.665 0.956975
COST 8192 4096 2 8 5.00 0.001 512 1.000000 516.862 1.000000
COST 8192 256 2 8 5.00 0.001 512 0.697808 206.055 2.493588
COST 8192 512 2 8 5.00 0.001 512 0.883410 308.885 1.857873
COST 8192 1024 2 8 5.00 0.001 512 0.958411 361.631 0.949781
COST 8192 2048 2 8 5.00 0.001 512 0.988187 384.289 0.633303
COST 8192 4096 2 8 5.00 0.001 512 1.000000 393.519 1.000000
COST 8192 256 2 8 5.00 0.01 512 0.329874 195.369 1.022241
COST 8192 512 2 8 5.00 0.01 512 0.556559 401.781 1.017844
COST 8192 1024 2 8 5.00 0.01 512 0.739463 650.145 1.099013
COST 8192 2048 2 8 5.00 0.01 512 0.884725 906.825 1.043771
COST 8192 4096 2 8 5.00 0.01 512 1.000000 1149.259 1.000000
COST 8192 256 2 8 5.00 0.01 512 0.460649 200.798 1.781981
COST 8192 512 2 8 5.00 0.01 512 0.695251 373.393 1.851321
COST 8192 1024 2 8 5.00 0.01 512 0.845574 532.095 1.662916
COST 8192 2048 2 8 5.00 0.01 512 0.940325 653.270 0.911644
COST 8192 4096 2 8 5.00 0.01 512 1.000000 737.761 1.000000
COST 8192 256 2 8 5.00 0.01 512 0.587370 204.420 2.438838
COST 8192 512 2 8 5.00 0.01 512 0.805619 341.105 1.772342
COST 8192 1024 2 8 5.00 0.01 512 0.916676 435.206 0.913894
COST 8192 2048 2 8 5.00 0.01 512 0.972231 488.665 0.702423
COST 8192 4096 2 8 5.00 0.01 512 1.000000 516.862 1.000000
COST 8192 256 2 8 5.00 0.01 512 0.697808 206.055 2.447336
COST 8192 512 2 8 5.00 0.01 512 0.883410 308.885 0.946696
COST 8192 1024 2 8 5.00 0.01 512 0.958411 361.631 0.383190
COST 8192 2048 2 8 5.00 0.01 512 0.988187 384.289 0.469853
COST 8192 4096 2 8 5.00 0.01 512 1.000000 393.519 1.000000
COST 8192 256 2 8 5.50 0.0001 512 0.329874 195.369 0.800845
COST 8192 512 2 8 5.50 0.0001 512 0.556559 401.781 0.810264
COST 8192 1024 2 8 5.50 0.0001 512 0.739463 650.145 0.840695
COST 8192 2048 2 8 5.50 0.0001 512 0.884725 906.825 0.903467
COST 8192 4096 2 8 5.50 0.0001 512 1.000000 1149.259 1.000000
COST 8192 256 2 8 5.50 0.0001 512 0.460649 200.798 1.646599
COST 8192 512 2 8 5.50 0.0001 512 0.695251 373.393 1.646582
COST 8192 1024 2 8 5.50 0.0001 512 0.845574 532.095 1.738070
COST 8192 2048 2 8 5.50 0.0001 512 0.940325 653.270 1.350778
COST 8192 4096 2 8 5.50 0.0001 512 1.000000 737.761 1.000000
COST 8192 256 2 8 5.50 0.0001 512 0.587370 204.420 2.510262
COST 8192 512 2 8 5.50 0.0001 512 0.805619 341.105 2.533206
COST 8192 1024 2 8 5.50 0.0001 512 0.916676 435.206 1.590663
COST 8192 2048 2 8 5.50 0.0001 512 0.972231 488.665 0.845183
COST 8192 4096 2 8 5.50 0.0001 512 1.000000 516.862 1.000000
COST 8192 256 2 8 5.50 0.0001 512 0.697808 206.055 2.845960
COST 8192 512 2 8 5.50 0.0001 512 0.883410 308.885 1.821220
COST 8192 1024 2 8 5.50 0.0001 512 0.958411 361.631 0.574751
COST 8192 2048 2 8 5.50 0.0001 512 0.988187 384.289 0.492215
COST 8192 4096 2 8 5.50 0.0001 512 1.000000 393.519 1.000000
COST 8192 256 2 8 5.50 0.001 512 0.329874 195.369 1.024646
COST 8192 512 2 8 5.50 0.001 512 0.556559 401.781 1.031941
COST 8192 1024 2 8 5.50 0.001 512 0.739463 650.145 1.088596
COST 8192 2048 2 8 5.50 0.001 512 0.884725 906.825 1.105427
COST 8192 4096 2 8 5.50 0.001 512 1.000000 1149.259 1.000000
COST 8192 256 2 8 5.50 0.001 512 0.460649 200.798 2.016748
COST 8192 512 2 8 5.50 0.001 512 0.695251 373.393 1.999401
COST 8192 1024 2 8 5.50 0.001 512 0.845574 532.095 1.740749
COST 8192 2048 2 8 5.50 0.001 512 0.940325 653.270 0.949911
COST 8192 4096 2 8 5.50 0.001 512 1.000000 737.761 1.000000
COST 8192 256 2 8 5.50 0.001 512 0.587370 204.420 2.547946
COST 8192 512 2 8 5.50 0.001 512 0.805619 341.105 2.062457
COST 8192 1024 2 8 5.50 0.001 512 0.916676 435.206 0.854550
COST 8192 2048 2 8 5.50 0.001 512 0.972231 488.665 0.572700
COST 8192 4096 2 8 5.50 0.001 512 1.000000 516.862 1.000000
COST 8192 256 2 8 5.50 0.001 512 0.697808 206.055 2.598578
COST 8192 512 2 8 5.50 0.001 512 0.883410 308.885 0.945716
COST 8192 1024 2 8 5.50 0.001 512 0.958411 361.631 0.324173
COST 8192 2048 2 8 5.50 0.001 512 0.988187 384.289 0.476242
COST 8192 4096 2 8 5.50 0.001 512 1.000000 393.519 1.000000
COST 8192 256 2 8 5.50 0.01 512 0.329874 195.369 1.751921
COST 8192 512 2 8 5.50 0.01 512 0.556559 401.781 1.755951
COST 8192 1024 2 8 5.50 0.01 512 0.739463 650.145 1.652842
COST 8192 2048 2 8 5.50 0.01 512 0.884725 906.825 1.044625
COST 8192 4096 2 8 5.50 0.01 512 1.000000 1149.259 1.000000
COST 8192 256 2 8 5.50 0.01 512 0.460649 200.798 2.501685
COST 8192 512 2 8 5.50 0.01 512 0.695251 373.393 2.117598
COST 8192 1024 2 8 5.50 0.01 512 0.845574 532.095 1.070782
COST 8192 2048 2 8 5.50 0.01 512 0.940325 653.270 0.664606
COST 8192 4096 2 8 5.50 0.01 512 1.000000 737.761 1.000000
COST 8192 256 2 8 5.50 0.01 512 0.587370 204.420 2.667908
COST 8192 512 2 8 5.50 0.01 512 0.805619 341.105 0.897862
COST 8192 1024 2 8 5.50 0.01 512 0.916676 435.206 0.350858
COST 8192 2048 2 8 5.50 0.01 512 0.972231 488.665 0.482992
COST 8192 4096 2 8 5.50 0.01 512 1.000000 516.862 1.000000
COST 8192 256 2 8 5.50 0.01 512 0.697808 206.055 1.696184
COST 8192 512 2 8 5.50 0.01 512 0.883410 308.885 0.276907
COST 8192 1024 2 8 5.50 0.01 512 0.958411 361.631 0.253223
COST 8192 2048 2 8 5.50 0.01 512 0.988187 384.289 0.477266
COST 8192 4096 2 8 5.50 0.01 512 1.000000 393.519 1.000000
COST 8192 256 2 8 6.00 0.0001 512 0.329874 195.369 1.254666
COST 8192 512 2 8 6.00 0.0001 512 0.556559 401.781 1.289866
COST 8192 1024 2 8 6.00 0.0001 512 0.739463 650.145 1.362532
COST 8192 2048 2 8 6.00 0.0001 512 0.884725 906.825 1.318741
COST 8192 4096 2 8 6.00 0.0001 512 1.000000 1149.259 1.000000
COST 8192 256 2 8 6.00 0.0001 512 0.460649 200.798 2.273889
COST 8192 512 2 8 6.00 0.0001 512 0.695251 373.393 2.373356
COST 8192 1024 2 8 6.00 0.0001 512 0.845574 532.095 1.957600
COST 8192 2048 2 8 6.00 0.0001 512 0.940325 653.270 0.931956
COST 8192 4096 2 8 6.00 0.0001 512 1.000000 737.761 1.000000
COST 8192 256 2 8 6.00 0.0001 512 0.587370 204.420 2.889649
COST 8192 512 2 8 6.00 0.0001 512 0.805619 341.105 2.117968
COST 8192 1024 2 8 6.00 0.0001 512 0.916676 435.206 0.726077
COST 8192 2048 2 8 6.00 0.0001 512 0.972231 488.665 0.547190
COST 8192 4096 2 8 6.00 0.0001 512 1.000000 516.862 1.000000
COST 8192 256 2 8 6.00 0.0001 512 0.697808 206.055 2.759142
COST 8192 512 2 8 6.00 0.0001 512 0.883410 308.885 0.807124
COST 8192 1024 2 8 6.00 0.0001 512 0.958411 361.631 0.260076
COST 8192 2048 2 8 6.00 0.0001 512 0.988187 384.289 0.475046
COST 8192 4096 2 8 6.00 0.0001 512 1.000000 393.519 1.000000
COST 8192 256 2 8 6.00 0.001 512 0.329874 195.369 1.758058
COST 8192 512 2 8 6.00 0.001 512 0.556559 401.781 1.753562
COST 8192 1024 2 8 6.00 0.001 512 0.739463 650.145 1.813120
COST 8192 2048 2 8 6.00 0.001 512 0.884725 906.825 1.233456
COST 8192 4096 2 8 6.00 0.001 512 1.000000 1149.259 1.000000
COST 8192 256 2 8 6.00 0.001 512 0.460649 200.798 2.573507
COST 8192 512 2 8 6.00 0.001 512 0.695251 373.393 2.423831
COST 8192 1024 2 8 6.00 0.001 512 0.845574 532.095 1.183741
COST 8192 2048 2 8 6.00 0.001 512 0.940325 653.270 0.670161
COST 8192 4096 2 8 6.00 0.001 512 1.000000 737.761 1.000000
COST 8192 256 2 8 6.00 0.001 512 0.587370 204.420 2.897164
COST 8192 512 2 8 6.00 0.001 512 0.805619 341.105 1.158793
COST 8192 1024 2 8 6.00 0.001 512 0.916676 435.206 0.319657
COST 8192 2048 2 8 6.00 0.001 512 0.972231 488.665 0.489754
COST 8192 4096 2 8 6.00 0.001 512 1.000000 516.862 1.000000
COST 8192 256 2 8 6.00 0.001 512 0.697808 206.055 2.111904
COST 8192 512 2 8 6.00 0.001 512 0.883410 308.885 0.268097
COST 8192 1024 2 8 6.00 0.001 512 0.958411 361.631 0.230109
COST 8192 2048 2 8 6.00 0.001 512 0.988187 384.289 0.472439
COST 8192 4096 2 8 6.00 0.001 512 1.000000 393.519 1.000000
COST 8192 256 2 8 6.00 0.01 512 0.329874 195.369 2.350384
COST 8192 512 2 8 6.00 0.01 512 0.556559 401.781 2.424652
COST 8192 1024 2 8 6.00 0.01 512 0.739463 650.145 1.547351
COST 8192 2048 2 8 6.00 0.01 512 0.884725 906.825 0.732434
COST 8192 4096 2 8 6.00 0.01 512 1.000000 1149.259 1.000000
COST 8192 256 2 8 6.00 0.01 512 0.460649 200.798 2.880691
COST 8192 512 2 8 6.00 0.01 512 0.695251 373.393 1.379980
COST 8192 1024 2 8 6.00 0.01 512 0.845574 532.095 0.459524
COST 8192 2048 2 8 6.00 0.01 512 0.940325 653.270 0.511808
COST 8192 4096 2 8 6.00 0.01 512 1.000000 737.761 1.000000
COST 8192 256 2 8 6.00 0.01 512 0.587370 204.420 1.928837
COST 8192 512 2 8 6.00 0.01 512 0.805619 341.105 0.293922
COST 8192 1024 2 8 6.00 0.01 512 0.916676 435.206 0.234769
COST 8192 2048 2 8 6.00 0.01 512 0.972231 488.665 0.471224
COST 8192 4096 2 8 6.00 0.01 512 1.000000 516.862 1.000000
COST 8192 256 2 8 6.00 0.01 512 0.697808 206.055 0.667278
COST 8192 512 2 8 6.00 0.01 512 0.883410 308.885 0.113608
COST 8192 1024 2 8 6.00 0.01 512 0.958411 361.631 0.212550
COST 8192 2048 2 8 6.00 0.01 512 0.988187 384.289 0.451142
COST 8192 4096 2 8 6.00 0.01 512 1.000000 393.519 1.000000
COST 8192 256 2 8 6.50 0.0001 512 0.329874 195.369 1.964737
COST 8192 512 2 8 6.50 0.0001 512 0.556559 401.781 2.038023
COST 8192 1024 2 8 6.50 0.0001 512 0.739463 650.145 2.068680
COST 8192 2048 2 8 6.50 0.0001 512 0.884725 906.825 1.377340
COST 8192 4096 2 8 6.50 0.0001 512 1.000000 1149.259 1.000000
COST 8192 256 2 8 6.50 0.0001 512 0.460649 200.798 2.718027
COST 8192 512 2 8 6.50 0.0001 512 0.695251 373.393 2.696002
COST 8192 1024 2 8 6.50 0.0001 512 0.845574 532.095 1.107640
COST 8192 2048 2 8 6.50 0.0001 512 0.940325 653.270 0.644697
COST 8192 4096 2 8 6.50 0.0001 512 1.000000 737.761 1.000000
COST 8192 256 2 8 6.50 0.0001 512 0.587370 204.420 2.766897
COST 8192 512 2 8 6.50 0.0001 512 0.805619 341.105 1.013740
COST 8192 1024 2 8 6.50 0.0001 512 0.916676 435.206 0.293318
COST 8192 2048 2 8 6.50 0.0001 512 0.972231 488.665 0.473090
COST 8192 4096 2 8 6.50 0.0001 512 1.000000 516.862 1.000000
COST 8192 256 2 8 6.50 0.0001 512 0.697808 206.055 2.079873
COST 8192 512 2 8 6.50 0.0001 512 0.883410 308.885 0.205095
COST 8192 1024 2 8 6.50 0.0001 512 0.958411 361.631 0.220419
COST 8192 2048 2 8 6.50 0.0001 512 0.988187 384.289 0.451471
COST 8192 4096 2 8 6.50 0.0001 512 1.000000 393.519 1.000000
COST 8192 256 2 8 6.50 0.001 512 0.329874 195.369 2.400564
COST 8192 512 2 8 6.50 0.001 512 0.556559 401.781 2.453302
COST 8192 1024 2 8 6.50 0.001 512 0.739463 650.145 1.878516
COST 8192 2048 2 8 6.50 0.001 512 0.884725 906.825 0.859068
COST 8192 4096 2 8 6.50 0.001 512 1.000000 1149.259 1.000000
COST 8192 256 2 8 6.50 0.001 512 0.460649 200.798 2.917982
COST 8192 512 2 8 6.50 0.001 512 0.695251 373.393 1.784560
COST 8192 1024 2 8 6.50 0.001 512 0.845574 532.095 0.497117
COST 8192 2048 2 8 6.50 0.001 512 0.940325 653.270 0.498910
COST 8192 4096 2 8 6.50 0.001 512 1.000000 737.761 1.000000
COST 8192 256 2 8 6.50 0.001 512 0.587370 204.420 2.580050
COST 8192 512 2 8 6.50 0.001 512 0.805619 341.105 0.455956
COST 8192 1024 2 8 6.50 0.001 512 0.916676 435.206 0.232732
COST 8192 2048 2 8 6.50 0.001 512 0.972231 488.665 0.453502
COST 8192 4096 2 8 6.50 0.001 512 1.000000 516.862 1.000000
COST 8192 256 2 8 6.50 0.001 512 0.697808 206.055 0.994208
COST 8192 512 2 8 6.50 0.001 512 0.883410 308.885 0.115347
COST 8192 1024 2 8 6.50 0.001 512 0.958411 361.631 0.211004
COST 8192 2048 2 8 6.50 0.001 512 0.988187 384.289 0.466494
COST 8192 4096 2 8 6.50 0.001 512 1.000000 393.519 1.000000
COST 8192 256 2 8 6.50 0.01 512 0.329874 195.369 2.903541
COST 8192 512 2 8 6.50 0.01 512 0.556559 401.781 2.371417
COST 8192 1024 2 8 6.50 0.01 512 0.739463 650.145 0.808016
COST 8192 2048 2 8 6.50 0.01 512 0.884725 906.825 0.645117
COST 8192 4096 2 8 6.50 0.01 512 1.000000 1149.259 1.000000
COST 8192 256 2 8 6.50 0.01 512 0.460649 200.798 2.898253
COST 8192 512 2 8 6.50 0.01 512 0.695251 373.393 0.560804
COST 8192 1024 2 8 6.50 0.01 512 0.845574 532.095 0.279251
COST 8192 2048 2 8 6.50 0.01 512 0.940325 653.270 0.523664
COST 8192 4096 2 8 6.50 0.01 512 1.000000 737.761 1.000000
COST 8192 256 2 8 6.50 0.01 512 0.587370 204.420 1.020049
COST 8192 512 2 8 6.50 0.01 512 0.805619 341.105 0.112583
COST 8192 1024 2 8 6.50 0.01 512 0.916676 435.206 0.217310
COST 8192 2048 2 8 6.50 0.01 512 0.972231 488.665 0.469224
COST 8192 4096 2 8 6.50 0.01 512 1.000000 516.862 1.000000
COST 8192 256 2 8 6.50 0.01 512 0.697808 206.055 0.235765
COST 8192 512 2 8 6.50 0.01 512 0.883410 308.885 0.092580
COST 8192 1024 2 8 6.50 0.01 512 0.958411 361.631 0.207347
COST 8192 2048 2 8 6.50 0.01 512 0.988187 384.289 0.461681
COST 8192 4096 2 8 6.50 0.01 512 1.000000 393.519 1.000000
