# matchedfilter CPU COST table -- FDR and batch-aware relative costs
# format cost-fd-pairs-v1
# cpu     13th Gen Intel(R) Core(TM) i5-13500H
# commit  unknown
# Warm public-API cost relative to the widest band for this profile and shape.
# The reference-profile gate model computes accuracy independently.
# U=2 and K=8 are retained as configuration metadata; taps are inert.
# COST n band U K snr fd pairs f beff relative_cost
COST 1024 256 2 8 5.00 0.0001 512 0.884518 113.275 0.785094
COST 1024 512 2 8 5.00 0.0001 512 1.000000 143.622 1.000000
COST 1024 256 2 8 5.00 0.0001 512 0.940195 81.628 0.713775
COST 1024 512 2 8 5.00 0.0001 512 1.000000 92.210 1.000000
COST 1024 256 2 8 5.00 0.0001 512 0.972159 61.071 0.384904
COST 1024 512 2 8 5.00 0.0001 512 1.000000 64.605 1.000000
COST 1024 256 2 8 5.00 0.0001 512 0.988151 48.031 0.316806
COST 1024 512 2 8 5.00 0.0001 512 1.000000 49.188 1.000000
COST 1024 256 2 8 5.00 0.001 512 0.884518 113.275 0.811322
COST 1024 512 2 8 5.00 0.001 512 1.000000 143.622 1.000000
COST 1024 256 2 8 5.00 0.001 512 0.940195 81.628 0.498704
COST 1024 512 2 8 5.00 0.001 512 1.000000 92.210 1.000000
COST 1024 256 2 8 5.00 0.001 512 0.972159 61.071 0.345325
COST 1024 512 2 8 5.00 0.001 512 1.000000 64.605 1.000000
COST 1024 256 2 8 5.00 0.001 512 0.988151 48.031 0.290677
COST 1024 512 2 8 5.00 0.001 512 1.000000 49.188 1.000000
COST 1024 256 2 8 5.00 0.01 512 0.884518 113.275 0.526918
COST 1024 512 2 8 5.00 0.01 512 1.000000 143.622 1.000000
COST 1024 256 2 8 5.00 0.01 512 0.940195 81.628 0.336467
COST 1024 512 2 8 5.00 0.01 512 1.000000 92.210 1.000000
COST 1024 256 2 8 5.00 0.01 512 0.972159 61.071 0.296470
COST 1024 512 2 8 5.00 0.01 512 1.000000 64.605 1.000000
COST 1024 256 2 8 5.00 0.01 512 0.988151 48.031 0.247761
COST 1024 512 2 8 5.00 0.01 512 1.000000 49.188 1.000000
COST 1024 256 2 8 5.50 0.0001 512 0.884518 113.275 0.766291
COST 1024 512 2 8 5.50 0.0001 512 1.000000 143.622 1.000000
COST 1024 256 2 8 5.50 0.0001 512 0.940195 81.628 0.449123
COST 1024 512 2 8 5.50 0.0001 512 1.000000 92.210 1.000000
COST 1024 256 2 8 5.50 0.0001 512 0.972159 61.071 0.323012
COST 1024 512 2 8 5.50 0.0001 512 1.000000 64.605 1.000000
COST 1024 256 2 8 5.50 0.0001 512 0.988151 48.031 0.292089
COST 1024 512 2 8 5.50 0.0001 512 1.000000 49.188 1.000000
COST 1024 256 2 8 5.50 0.001 512 0.884518 113.275 0.667965
COST 1024 512 2 8 5.50 0.001 512 1.000000 143.622 1.000000
COST 1024 256 2 8 5.50 0.001 512 0.940195 81.628 0.340867
COST 1024 512 2 8 5.50 0.001 512 1.000000 92.210 1.000000
COST 1024 256 2 8 5.50 0.001 512 0.972159 61.071 0.301145
COST 1024 512 2 8 5.50 0.001 512 1.000000 64.605 1.000000
COST 1024 256 2 8 5.50 0.001 512 0.988151 48.031 0.280023
COST 1024 512 2 8 5.50 0.001 512 1.000000 49.188 1.000000
COST 1024 256 2 8 5.50 0.01 512 0.884518 113.275 0.366493
COST 1024 512 2 8 5.50 0.01 512 1.000000 143.622 1.000000
COST 1024 256 2 8 5.50 0.01 512 0.940195 81.628 0.296464
COST 1024 512 2 8 5.50 0.01 512 1.000000 92.210 1.000000
COST 1024 256 2 8 5.50 0.01 512 0.972159 61.071 0.280213
COST 1024 512 2 8 5.50 0.01 512 1.000000 64.605 1.000000
COST 1024 256 2 8 5.50 0.01 512 0.988151 48.031 0.266795
COST 1024 512 2 8 5.50 0.01 512 1.000000 49.188 1.000000
COST 1024 256 2 8 6.00 0.0001 512 0.884518 113.275 0.632097
COST 1024 512 2 8 6.00 0.0001 512 1.000000 143.622 1.000000
COST 1024 256 2 8 6.00 0.0001 512 0.940195 81.628 0.316978
COST 1024 512 2 8 6.00 0.0001 512 1.000000 92.210 1.000000
COST 1024 256 2 8 6.00 0.0001 512 0.972159 61.071 0.271241
COST 1024 512 2 8 6.00 0.0001 512 1.000000 64.605 1.000000
COST 1024 256 2 8 6.00 0.0001 512 0.988151 48.031 0.263748
COST 1024 512 2 8 6.00 0.0001 512 1.000000 49.188 1.000000
COST 1024 256 2 8 6.00 0.001 512 0.884518 113.275 0.417479
COST 1024 512 2 8 6.00 0.001 512 1.000000 143.622 1.000000
COST 1024 256 2 8 6.00 0.001 512 0.940195 81.628 0.282683
COST 1024 512 2 8 6.00 0.001 512 1.000000 92.210 1.000000
COST 1024 256 2 8 6.00 0.001 512 0.972159 61.071 0.273313
COST 1024 512 2 8 6.00 0.001 512 1.000000 64.605 1.000000
COST 1024 256 2 8 6.00 0.001 512 0.988151 48.031 0.264119
COST 1024 512 2 8 6.00 0.001 512 1.000000 49.188 1.000000
COST 1024 256 2 8 6.00 0.01 512 0.884518 113.275 0.254002
COST 1024 512 2 8 6.00 0.01 512 1.000000 143.622 1.000000
COST 1024 256 2 8 6.00 0.01 512 0.940195 81.628 0.235425
COST 1024 512 2 8 6.00 0.01 512 1.000000 92.210 1.000000
COST 1024 256 2 8 6.00 0.01 512 0.972159 61.071 0.270618
COST 1024 512 2 8 6.00 0.01 512 1.000000 64.605 1.000000
COST 1024 256 2 8 6.00 0.01 512 0.988151 48.031 0.262029
COST 1024 512 2 8 6.00 0.01 512 1.000000 49.188 1.000000
COST 1024 256 2 8 6.50 0.0001 512 0.884518 113.275 0.430142
COST 1024 512 2 8 6.50 0.0001 512 1.000000 143.622 1.000000
COST 1024 256 2 8 6.50 0.0001 512 0.940195 81.628 0.279224
COST 1024 512 2 8 6.50 0.0001 512 1.000000 92.210 1.000000
COST 1024 256 2 8 6.50 0.0001 512 0.972159 61.071 0.261912
COST 1024 512 2 8 6.50 0.0001 512 1.000000 64.605 1.000000
COST 1024 256 2 8 6.50 0.0001 512 0.988151 48.031 0.262161
COST 1024 512 2 8 6.50 0.0001 512 1.000000 49.188 1.000000
COST 1024 256 2 8 6.50 0.001 512 0.884518 113.275 0.303536
COST 1024 512 2 8 6.50 0.001 512 1.000000 143.622 1.000000
COST 1024 256 2 8 6.50 0.001 512 0.940195 81.628 0.269181
COST 1024 512 2 8 6.50 0.001 512 1.000000 92.210 1.000000
COST 1024 256 2 8 6.50 0.001 512 0.972159 61.071 0.264560
COST 1024 512 2 8 6.50 0.001 512 1.000000 64.605 1.000000
COST 1024 256 2 8 6.50 0.001 512 0.988151 48.031 0.271227
COST 1024 512 2 8 6.50 0.001 512 1.000000 49.188 1.000000
COST 1024 256 2 8 6.50 0.01 512 0.884518 113.275 0.271252
COST 1024 512 2 8 6.50 0.01 512 1.000000 143.622 1.000000
COST 1024 256 2 8 6.50 0.01 512 0.940195 81.628 0.258293
COST 1024 512 2 8 6.50 0.01 512 1.000000 92.210 1.000000
COST 1024 256 2 8 6.50 0.01 512 0.972159 61.071 0.264862
COST 1024 512 2 8 6.50 0.01 512 1.000000 64.605 1.000000
COST 1024 256 2 8 6.50 0.01 512 0.988151 48.031 0.265010
COST 1024 512 2 8 6.50 0.01 512 1.000000 49.188 1.000000
COST 131072 2048 2 8 5.00 0.0001 512 0.101363 1161.495 0.729075
COST 131072 4096 2 8 5.00 0.0001 512 0.330517 3133.156 0.752121
COST 131072 8192 2 8 5.00 0.0001 512 0.556820 6433.428 0.770351
COST 131072 16384 2 8 5.00 0.0001 512 0.739558 10405.039 0.796014
COST 131072 32768 2 8 5.00 0.0001 512 0.884753 14510.533 0.854343
COST 131072 65536 2 8 5.00 0.0001 512 1.000000 18388.750 1.000000
COST 131072 2048 2 8 5.00 0.0001 512 0.165475 1248.868 0.746328
COST 131072 4096 2 8 5.00 0.0001 512 0.461394 3219.569 0.732171
COST 131072 8192 2 8 5.00 0.0001 512 0.695493 5977.928 0.768047
COST 131072 16384 2 8 5.00 0.0001 512 0.845646 8515.006 0.801398
COST 131072 32768 2 8 5.00 0.0001 512 0.940342 10452.859 0.870467
COST 131072 65536 2 8 5.00 0.0001 512 1.000000 11804.351 1.000000
COST 131072 2048 2 8 5.00 0.0001 512 0.244680 1346.831 0.744113
COST 131072 4096 2 8 5.00 0.0001 512 0.588141 3276.857 0.730355
COST 131072 8192 2 8 5.00 0.0001 512 0.805819 5460.169 0.760789
COST 131072 16384 2 8 5.00 0.0001 512 0.916724 6964.047 0.782224
COST 131072 32768 2 8 5.00 0.0001 512 0.972240 7818.850 0.859667
COST 131072 65536 2 8 5.00 0.0001 512 1.000000 8269.841 1.000000
COST 131072 2048 2 8 5.00 0.0001 512 0.334152 1456.527 0.886146
COST 131072 4096 2 8 5.00 0.0001 512 0.698534 3302.182 0.904757
COST 131072 8192 2 8 5.00 0.0001 512 0.883560 4943.763 0.979051
COST 131072 16384 2 8 5.00 0.0001 512 0.958440 5786.452 0.954347
COST 131072 32768 2 8 5.00 0.0001 512 0.988192 6148.706 1.031175
COST 131072 65536 2 8 5.00 0.0001 512 1.000000 6296.317 1.000000
COST 131072 2048 2 8 5.00 0.001 512 0.101363 1161.495 0.692284
COST 131072 4096 2 8 5.00 0.001 512 0.330517 3133.156 0.714012
COST 131072 8192 2 8 5.00 0.001 512 0.556820 6433.428 0.735842
COST 131072 16384 2 8 5.00 0.001 512 0.739558 10405.039 0.758356
COST 131072 32768 2 8 5.00 0.001 512 0.884753 14510.533 0.835379
COST 131072 65536 2 8 5.00 0.001 512 1.000000 18388.750 1.000000
COST 131072 2048 2 8 5.00 0.001 512 0.165475 1248.868 0.714032
COST 131072 4096 2 8 5.00 0.001 512 0.461394 3219.569 0.761519
COST 131072 8192 2 8 5.00 0.001 512 0.695493 5977.928 0.738919
COST 131072 16384 2 8 5.00 0.001 512 0.845646 8515.006 0.787751
COST 131072 32768 2 8 5.00 0.001 512 0.940342 10452.859 0.848716
COST 131072 65536 2 8 5.00 0.001 512 1.000000 11804.351 1.000000
COST 131072 2048 2 8 5.00 0.001 512 0.244680 1346.831 0.783524
COST 131072 4096 2 8 5.00 0.001 512 0.588141 3276.857 0.766660
COST 131072 8192 2 8 5.00 0.001 512 0.805819 5460.169 0.804418
COST 131072 16384 2 8 5.00 0.001 512 0.916724 6964.047 0.837133
COST 131072 32768 2 8 5.00 0.001 512 0.972240 7818.850 0.908646
COST 131072 65536 2 8 5.00 0.001 512 1.000000 8269.841 1.000000
COST 131072 2048 2 8 5.00 0.001 512 0.334152 1456.527 1.066464
COST 131072 4096 2 8 5.00 0.001 512 0.698534 3302.182 1.104580
COST 131072 8192 2 8 5.00 0.001 512 0.883560 4943.763 1.096488
COST 131072 16384 2 8 5.00 0.001 512 0.958440 5786.452 1.131129
COST 131072 32768 2 8 5.00 0.001 512 0.988192 6148.706 1.088313
COST 131072 65536 2 8 5.00 0.001 512 1.000000 6296.317 1.000000
COST 131072 2048 2 8 5.00 0.01 512 0.101363 1161.495 0.738507
COST 131072 4096 2 8 5.00 0.01 512 0.330517 3133.156 0.766409
COST 131072 8192 2 8 5.00 0.01 512 0.556820 6433.428 0.782837
COST 131072 16384 2 8 5.00 0.01 512 0.739558 10405.039 0.815698
COST 131072 32768 2 8 5.00 0.01 512 0.884753 14510.533 0.860733
COST 131072 65536 2 8 5.00 0.01 512 1.000000 18388.750 1.000000
COST 131072 2048 2 8 5.00 0.01 512 0.165475 1248.868 0.738406
COST 131072 4096 2 8 5.00 0.01 512 0.461394 3219.569 0.738064
COST 131072 8192 2 8 5.00 0.01 512 0.695493 5977.928 0.773895
COST 131072 16384 2 8 5.00 0.01 512 0.845646 8515.006 0.794977
COST 131072 32768 2 8 5.00 0.01 512 0.940342 10452.859 0.875927
COST 131072 65536 2 8 5.00 0.01 512 1.000000 11804.351 1.000000
COST 131072 2048 2 8 5.00 0.01 512 0.244680 1346.831 1.081423
COST 131072 4096 2 8 5.00 0.01 512 0.588141 3276.857 1.061434
COST 131072 8192 2 8 5.00 0.01 512 0.805819 5460.169 1.105279
COST 131072 16384 2 8 5.00 0.01 512 0.916724 6964.047 1.121783
COST 131072 32768 2 8 5.00 0.01 512 0.972240 7818.850 1.103610
COST 131072 65536 2 8 5.00 0.01 512 1.000000 8269.841 1.000000
COST 131072 2048 2 8 5.00 0.01 512 0.334152 1456.527 1.442056
COST 131072 4096 2 8 5.00 0.01 512 0.698534 3302.182 1.500929
COST 131072 8192 2 8 5.00 0.01 512 0.883560 4943.763 1.468588
COST 131072 16384 2 8 5.00 0.01 512 0.958440 5786.452 1.324941
COST 131072 32768 2 8 5.00 0.01 512 0.988192 6148.706 0.968303
COST 131072 65536 2 8 5.00 0.01 512 1.000000 6296.317 1.000000
COST 131072 2048 2 8 5.50 0.0001 512 0.101363 1161.495 0.730477
COST 131072 4096 2 8 5.50 0.0001 512 0.330517 3133.156 0.727167
COST 131072 8192 2 8 5.50 0.0001 512 0.556820 6433.428 0.746656
COST 131072 16384 2 8 5.50 0.0001 512 0.739558 10405.039 0.783126
COST 131072 32768 2 8 5.50 0.0001 512 0.884753 14510.533 0.850975
COST 131072 65536 2 8 5.50 0.0001 512 1.000000 18388.750 1.000000
COST 131072 2048 2 8 5.50 0.0001 512 0.165475 1248.868 0.738307
COST 131072 4096 2 8 5.50 0.0001 512 0.461394 3219.569 0.771246
COST 131072 8192 2 8 5.50 0.0001 512 0.695493 5977.928 0.780365
COST 131072 16384 2 8 5.50 0.0001 512 0.845646 8515.006 0.798036
COST 131072 32768 2 8 5.50 0.0001 512 0.940342 10452.859 0.851740
COST 131072 65536 2 8 5.50 0.0001 512 1.000000 11804.351 1.000000
COST 131072 2048 2 8 5.50 0.0001 512 0.244680 1346.831 0.997798
COST 131072 4096 2 8 5.50 0.0001 512 0.588141 3276.857 1.005455
COST 131072 8192 2 8 5.50 0.0001 512 0.805819 5460.169 1.024234
COST 131072 16384 2 8 5.50 0.0001 512 0.916724 6964.047 1.091048
COST 131072 32768 2 8 5.50 0.0001 512 0.972240 7818.850 1.151779
COST 131072 65536 2 8 5.50 0.0001 512 1.000000 8269.841 1.000000
COST 131072 2048 2 8 5.50 0.0001 512 0.334152 1456.527 1.827530
COST 131072 4096 2 8 5.50 0.0001 512 0.698534 3302.182 1.917316
COST 131072 8192 2 8 5.50 0.0001 512 0.883560 4943.763 2.001469
COST 131072 16384 2 8 5.50 0.0001 512 0.958440 5786.452 1.957533
COST 131072 32768 2 8 5.50 0.0001 512 0.988192 6148.706 1.180668
COST 131072 65536 2 8 5.50 0.0001 512 1.000000 6296.317 1.000000
COST 131072 2048 2 8 5.50 0.001 512 0.101363 1161.495 0.745082
COST 131072 4096 2 8 5.50 0.001 512 0.330517 3133.156 0.778735
COST 131072 8192 2 8 5.50 0.001 512 0.556820 6433.428 0.764440
COST 131072 16384 2 8 5.50 0.001 512 0.739558 10405.039 0.787814
COST 131072 32768 2 8 5.50 0.001 512 0.884753 14510.533 0.868879
COST 131072 65536 2 8 5.50 0.001 512 1.000000 18388.750 1.000000
COST 131072 2048 2 8 5.50 0.001 512 0.165475 1248.868 0.790833
COST 131072 4096 2 8 5.50 0.001 512 0.461394 3219.569 0.801763
COST 131072 8192 2 8 5.50 0.001 512 0.695493 5977.928 0.827425
COST 131072 16384 2 8 5.50 0.001 512 0.845646 8515.006 0.838206
COST 131072 32768 2 8 5.50 0.001 512 0.940342 10452.859 0.894572
COST 131072 65536 2 8 5.50 0.001 512 1.000000 11804.351 1.000000
COST 131072 2048 2 8 5.50 0.001 512 0.244680 1346.831 1.414205
COST 131072 4096 2 8 5.50 0.001 512 0.588141 3276.857 1.396966
COST 131072 8192 2 8 5.50 0.001 512 0.805819 5460.169 1.434282
COST 131072 16384 2 8 5.50 0.001 512 0.916724 6964.047 1.481639
COST 131072 32768 2 8 5.50 0.001 512 0.972240 7818.850 1.192175
COST 131072 65536 2 8 5.50 0.001 512 1.000000 8269.841 1.000000
COST 131072 2048 2 8 5.50 0.001 512 0.334152 1456.527 1.988906
COST 131072 4096 2 8 5.50 0.001 512 0.698534 3302.182 1.997575
COST 131072 8192 2 8 5.50 0.001 512 0.883560 4943.763 2.022485
COST 131072 16384 2 8 5.50 0.001 512 0.958440 5786.452 1.553523
COST 131072 32768 2 8 5.50 0.001 512 0.988192 6148.706 0.768897
COST 131072 65536 2 8 5.50 0.001 512 1.000000 6296.317 1.000000
COST 131072 2048 2 8 5.50 0.01 512 0.101363 1161.495 0.732263
COST 131072 4096 2 8 5.50 0.01 512 0.330517 3133.156 0.770586
COST 131072 8192 2 8 5.50 0.01 512 0.556820 6433.428 0.796760
COST 131072 16384 2 8 5.50 0.01 512 0.739558 10405.039 0.813365
COST 131072 32768 2 8 5.50 0.01 512 0.884753 14510.533 0.878991
COST 131072 65536 2 8 5.50 0.01 512 1.000000 18388.750 1.000000
COST 131072 2048 2 8 5.50 0.01 512 0.165475 1248.868 1.182360
COST 131072 4096 2 8 5.50 0.01 512 0.461394 3219.569 1.225454
COST 131072 8192 2 8 5.50 0.01 512 0.695493 5977.928 1.241092
COST 131072 16384 2 8 5.50 0.01 512 0.845646 8515.006 1.304902
COST 131072 32768 2 8 5.50 0.01 512 0.940342 10452.859 1.130728
COST 131072 65536 2 8 5.50 0.01 512 1.000000 11804.351 1.000000
COST 131072 2048 2 8 5.50 0.01 512 0.244680 1346.831 2.034040
COST 131072 4096 2 8 5.50 0.01 512 0.588141 3276.857 2.102269
COST 131072 8192 2 8 5.50 0.01 512 0.805819 5460.169 2.074629
COST 131072 16384 2 8 5.50 0.01 512 0.916724 6964.047 1.680774
COST 131072 32768 2 8 5.50 0.01 512 0.972240 7818.850 0.803465
COST 131072 65536 2 8 5.50 0.01 512 1.000000 8269.841 1.000000
COST 131072 2048 2 8 5.50 0.01 512 0.334152 1456.527 2.268625
COST 131072 4096 2 8 5.50 0.01 512 0.698534 3302.182 2.233981
COST 131072 8192 2 8 5.50 0.01 512 0.883560 4943.763 1.966298
COST 131072 16384 2 8 5.50 0.01 512 0.958440 5786.452 0.804534
COST 131072 32768 2 8 5.50 0.01 512 0.988192 6148.706 0.562672
COST 131072 65536 2 8 5.50 0.01 512 1.000000 6296.317 1.000000
COST 131072 2048 2 8 6.00 0.0001 512 0.101363 1161.495 0.730878
COST 131072 4096 2 8 6.00 0.0001 512 0.330517 3133.156 0.753710
COST 131072 8192 2 8 6.00 0.0001 512 0.556820 6433.428 0.766351
COST 131072 16384 2 8 6.00 0.0001 512 0.739558 10405.039 0.793487
COST 131072 32768 2 8 6.00 0.0001 512 0.884753 14510.533 0.861591
COST 131072 65536 2 8 6.00 0.0001 512 1.000000 18388.750 1.000000
COST 131072 2048 2 8 6.00 0.0001 512 0.165475 1248.868 1.005688
COST 131072 4096 2 8 6.00 0.0001 512 0.461394 3219.569 1.001620
COST 131072 8192 2 8 6.00 0.0001 512 0.695493 5977.928 1.073400
COST 131072 16384 2 8 6.00 0.0001 512 0.845646 8515.006 1.057667
COST 131072 32768 2 8 6.00 0.0001 512 0.940342 10452.859 1.146158
COST 131072 65536 2 8 6.00 0.0001 512 1.000000 11804.351 1.000000
COST 131072 2048 2 8 6.00 0.0001 512 0.244680 1346.831 1.998985
COST 131072 4096 2 8 6.00 0.0001 512 0.588141 3276.857 2.040193
COST 131072 8192 2 8 6.00 0.0001 512 0.805819 5460.169 2.051360
COST 131072 16384 2 8 6.00 0.0001 512 0.916724 6964.047 2.170100
COST 131072 32768 2 8 6.00 0.0001 512 0.972240 7818.850 1.177166
COST 131072 65536 2 8 6.00 0.0001 512 1.000000 8269.841 1.000000
COST 131072 2048 2 8 6.00 0.0001 512 0.334152 1456.527 2.496071
COST 131072 4096 2 8 6.00 0.0001 512 0.698534 3302.182 2.515655
COST 131072 8192 2 8 6.00 0.0001 512 0.883560 4943.763 2.615579
COST 131072 16384 2 8 6.00 0.0001 512 0.958440 5786.452 1.321152
COST 131072 32768 2 8 6.00 0.0001 512 0.988192 6148.706 0.586385
COST 131072 65536 2 8 6.00 0.0001 512 1.000000 6296.317 1.000000
COST 131072 2048 2 8 6.00 0.001 512 0.101363 1161.495 0.746900
COST 131072 4096 2 8 6.00 0.001 512 0.330517 3133.156 0.784660
COST 131072 8192 2 8 6.00 0.001 512 0.556820 6433.428 0.775038
COST 131072 16384 2 8 6.00 0.001 512 0.739558 10405.039 0.802225
COST 131072 32768 2 8 6.00 0.001 512 0.884753 14510.533 0.861130
COST 131072 65536 2 8 6.00 0.001 512 1.000000 18388.750 1.000000
COST 131072 2048 2 8 6.00 0.001 512 0.165475 1248.868 1.453352
COST 131072 4096 2 8 6.00 0.001 512 0.461394 3219.569 1.479964
COST 131072 8192 2 8 6.00 0.001 512 0.695493 5977.928 1.611510
COST 131072 16384 2 8 6.00 0.001 512 0.845646 8515.006 1.571654
COST 131072 32768 2 8 6.00 0.001 512 0.940342 10452.859 1.372856
COST 131072 65536 2 8 6.00 0.001 512 1.000000 11804.351 1.000000
COST 131072 2048 2 8 6.00 0.001 512 0.244680 1346.831 2.428198
COST 131072 4096 2 8 6.00 0.001 512 0.588141 3276.857 2.392468
COST 131072 8192 2 8 6.00 0.001 512 0.805819 5460.169 2.474676
COST 131072 16384 2 8 6.00 0.001 512 0.916724 6964.047 1.685059
COST 131072 32768 2 8 6.00 0.001 512 0.972240 7818.850 0.732539
COST 131072 65536 2 8 6.00 0.001 512 1.000000 8269.841 1.000000
COST 131072 2048 2 8 6.00 0.001 512 0.334152 1456.527 2.506100
COST 131072 4096 2 8 6.00 0.001 512 0.698534 3302.182 2.466159
COST 131072 8192 2 8 6.00 0.001 512 0.883560 4943.763 2.151037
COST 131072 16384 2 8 6.00 0.001 512 0.958440 5786.452 0.524759
COST 131072 32768 2 8 6.00 0.001 512 0.988192 6148.706 0.486263
COST 131072 65536 2 8 6.00 0.001 512 1.000000 6296.317 1.000000
COST 131072 2048 2 8 6.00 0.01 512 0.101363 1161.495 1.142598
COST 131072 4096 2 8 6.00 0.01 512 0.330517 3133.156 1.156386
COST 131072 8192 2 8 6.00 0.01 512 0.556820 6433.428 1.175995
COST 131072 16384 2 8 6.00 0.01 512 0.739558 10405.039 1.225644
COST 131072 32768 2 8 6.00 0.01 512 0.884753 14510.533 1.259490
COST 131072 65536 2 8 6.00 0.01 512 1.000000 18388.750 1.000000
COST 131072 2048 2 8 6.00 0.01 512 0.165475 1248.868 2.165064
COST 131072 4096 2 8 6.00 0.01 512 0.461394 3219.569 2.245897
COST 131072 8192 2 8 6.00 0.01 512 0.695493 5977.928 2.269153
COST 131072 16384 2 8 6.00 0.01 512 0.845646 8515.006 2.136943
COST 131072 32768 2 8 6.00 0.01 512 0.940342 10452.859 0.830895
COST 131072 65536 2 8 6.00 0.01 512 1.000000 11804.351 1.000000
COST 131072 2048 2 8 6.00 0.01 512 0.244680 1346.831 2.493358
COST 131072 4096 2 8 6.00 0.01 512 0.588141 3276.857 2.506638
COST 131072 8192 2 8 6.00 0.01 512 0.805819 5460.169 2.113032
COST 131072 16384 2 8 6.00 0.01 512 0.916724 6964.047 0.701115
COST 131072 32768 2 8 6.00 0.01 512 0.972240 7818.850 0.483827
COST 131072 65536 2 8 6.00 0.01 512 1.000000 8269.841 1.000000
COST 131072 2048 2 8 6.00 0.01 512 0.334152 1456.527 2.465553
COST 131072 4096 2 8 6.00 0.01 512 0.698534 3302.182 2.497800
COST 131072 8192 2 8 6.00 0.01 512 0.883560 4943.763 0.831342
COST 131072 16384 2 8 6.00 0.01 512 0.958440 5786.452 0.281959
COST 131072 32768 2 8 6.00 0.01 512 0.988192 6148.706 0.451306
COST 131072 65536 2 8 6.00 0.01 512 1.000000 6296.317 1.000000
COST 131072 2048 2 8 6.50 0.0001 512 0.101363 1161.495 0.797972
COST 131072 4096 2 8 6.50 0.0001 512 0.330517 3133.156 0.825225
COST 131072 8192 2 8 6.50 0.0001 512 0.556820 6433.428 0.828056
COST 131072 16384 2 8 6.50 0.0001 512 0.739558 10405.039 0.868708
COST 131072 32768 2 8 6.50 0.0001 512 0.884753 14510.533 0.938213
COST 131072 65536 2 8 6.50 0.0001 512 1.000000 18388.750 1.000000
COST 131072 2048 2 8 6.50 0.0001 512 0.165475 1248.868 1.979083
COST 131072 4096 2 8 6.50 0.0001 512 0.461394 3219.569 2.003783
COST 131072 8192 2 8 6.50 0.0001 512 0.695493 5977.928 2.077927
COST 131072 16384 2 8 6.50 0.0001 512 0.845646 8515.006 2.123411
COST 131072 32768 2 8 6.50 0.0001 512 0.940342 10452.859 1.530710
COST 131072 65536 2 8 6.50 0.0001 512 1.000000 11804.351 1.000000
COST 131072 2048 2 8 6.50 0.0001 512 0.244680 1346.831 2.597230
COST 131072 4096 2 8 6.50 0.0001 512 0.588141 3276.857 2.648567
COST 131072 8192 2 8 6.50 0.0001 512 0.805819 5460.169 2.656334
COST 131072 16384 2 8 6.50 0.0001 512 0.916724 6964.047 1.593745
COST 131072 32768 2 8 6.50 0.0001 512 0.972240 7818.850 0.599795
COST 131072 65536 2 8 6.50 0.0001 512 1.000000 8269.841 1.000000
COST 131072 2048 2 8 6.50 0.0001 512 0.334152 1456.527 2.528925
COST 131072 4096 2 8 6.50 0.0001 512 0.698534 3302.182 2.561762
COST 131072 8192 2 8 6.50 0.0001 512 0.883560 4943.763 1.838380
COST 131072 16384 2 8 6.50 0.0001 512 0.958440 5786.452 0.378988
COST 131072 32768 2 8 6.50 0.0001 512 0.988192 6148.706 0.430397
COST 131072 65536 2 8 6.50 0.0001 512 1.000000 6296.317 1.000000
COST 131072 2048 2 8 6.50 0.001 512 0.101363 1161.495 1.190952
COST 131072 4096 2 8 6.50 0.001 512 0.330517 3133.156 1.181121
COST 131072 8192 2 8 6.50 0.001 512 0.556820 6433.428 1.191214
COST 131072 16384 2 8 6.50 0.001 512 0.739558 10405.039 1.238626
COST 131072 32768 2 8 6.50 0.001 512 0.884753 14510.533 1.316108
COST 131072 65536 2 8 6.50 0.001 512 1.000000 18388.750 1.000000
COST 131072 2048 2 8 6.50 0.001 512 0.165475 1248.868 2.535933
COST 131072 4096 2 8 6.50 0.001 512 0.461394 3219.569 2.502178
COST 131072 8192 2 8 6.50 0.001 512 0.695493 5977.928 2.536080
COST 131072 16384 2 8 6.50 0.001 512 0.845646 8515.006 2.329670
COST 131072 32768 2 8 6.50 0.001 512 0.940342 10452.859 0.864990
COST 131072 65536 2 8 6.50 0.001 512 1.000000 11804.351 1.000000
COST 131072 2048 2 8 6.50 0.001 512 0.244680 1346.831 2.616722
COST 131072 4096 2 8 6.50 0.001 512 0.588141 3276.857 2.713927
COST 131072 8192 2 8 6.50 0.001 512 0.805819 5460.169 2.492832
COST 131072 16384 2 8 6.50 0.001 512 0.916724 6964.047 0.608178
COST 131072 32768 2 8 6.50 0.001 512 0.972240 7818.850 0.479648
COST 131072 65536 2 8 6.50 0.001 512 1.000000 8269.841 1.000000
COST 131072 2048 2 8 6.50 0.001 512 0.334152 1456.527 2.750862
COST 131072 4096 2 8 6.50 0.001 512 0.698534 3302.182 2.577825
COST 131072 8192 2 8 6.50 0.001 512 0.883560 4943.763 0.927289
COST 131072 16384 2 8 6.50 0.001 512 0.958440 5786.452 0.260353
COST 131072 32768 2 8 6.50 0.001 512 0.988192 6148.706 0.466557
COST 131072 65536 2 8 6.50 0.001 512 1.000000 6296.317 1.000000
COST 131072 2048 2 8 6.50 0.01 512 0.101363 1161.495 2.073029
COST 131072 4096 2 8 6.50 0.01 512 0.330517 3133.156 2.112087
COST 131072 8192 2 8 6.50 0.01 512 0.556820 6433.428 2.097565
COST 131072 16384 2 8 6.50 0.01 512 0.739558 10405.039 2.163405
COST 131072 32768 2 8 6.50 0.01 512 0.884753 14510.533 1.169216
COST 131072 65536 2 8 6.50 0.01 512 1.000000 18388.750 1.000000
COST 131072 2048 2 8 6.50 0.01 512 0.165475 1248.868 2.676156
COST 131072 4096 2 8 6.50 0.01 512 0.461394 3219.569 2.651305
COST 131072 8192 2 8 6.50 0.01 512 0.695493 5977.928 2.695466
COST 131072 16384 2 8 6.50 0.01 512 0.845646 8515.006 1.100921
COST 131072 32768 2 8 6.50 0.01 512 0.940342 10452.859 0.514853
COST 131072 65536 2 8 6.50 0.01 512 1.000000 11804.351 1.000000
COST 131072 2048 2 8 6.50 0.01 512 0.244680 1346.831 2.550484
COST 131072 4096 2 8 6.50 0.01 512 0.588141 3276.857 2.681777
COST 131072 8192 2 8 6.50 0.01 512 0.805819 5460.169 0.899294
COST 131072 16384 2 8 6.50 0.01 512 0.916724 6964.047 0.273117
COST 131072 32768 2 8 6.50 0.01 512 0.972240 7818.850 0.461353
COST 131072 65536 2 8 6.50 0.01 512 1.000000 8269.841 1.000000
COST 131072 2048 2 8 6.50 0.01 512 0.334152 1456.527 2.498099
COST 131072 4096 2 8 6.50 0.01 512 0.698534 3302.182 1.900331
COST 131072 8192 2 8 6.50 0.01 512 0.883560 4943.763 0.230998
COST 131072 16384 2 8 6.50 0.01 512 0.958440 5786.452 0.203171
COST 131072 32768 2 8 6.50 0.01 512 0.988192 6148.706 0.421378
COST 131072 65536 2 8 6.50 0.01 512 1.000000 6296.317 1.000000
COST 16384 256 2 8 5.00 0.0001 512 0.100931 144.827 0.605779
COST 16384 512 2 8 5.00 0.0001 512 0.330217 391.221 0.616841
COST 16384 1024 2 8 5.00 0.0001 512 0.556698 803.890 0.634150
COST 16384 2048 2 8 5.00 0.0001 512 0.739514 1300.471 0.668093
COST 16384 4096 2 8 5.00 0.0001 512 0.884740 1813.739 0.793582
COST 16384 8192 2 8 5.00 0.0001 512 1.000000 2298.558 1.000000
COST 16384 256 2 8 5.00 0.0001 512 0.164845 155.728 0.621147
COST 16384 512 2 8 5.00 0.0001 512 0.461047 402.049 0.673393
COST 16384 1024 2 8 5.00 0.0001 512 0.695380 747.028 0.648256
COST 16384 2048 2 8 5.00 0.0001 512 0.845613 1064.289 0.702005
COST 16384 4096 2 8 5.00 0.0001 512 0.940334 1306.576 0.779521
COST 16384 8192 2 8 5.00 0.0001 512 1.000000 1475.533 1.000000
COST 16384 256 2 8 5.00 0.0001 512 0.243860 167.954 1.027183
COST 16384 512 2 8 5.00 0.0001 512 0.587781 409.249 1.063909
COST 16384 1024 2 8 5.00 0.0001 512 0.805726 682.375 1.078967
COST 16384 2048 2 8 5.00 0.0001 512 0.916701 870.462 1.146094
COST 16384 4096 2 8 5.00 0.0001 512 0.972236 977.344 1.170031
COST 16384 8192 2 8 5.00 0.0001 512 1.000000 1033.727 1.000000
COST 16384 256 2 8 5.00 0.0001 512 0.333179 181.648 1.623944
COST 16384 512 2 8 5.00 0.0001 512 0.698196 412.464 1.731631
COST 16384 1024 2 8 5.00 0.0001 512 0.883490 617.877 1.731627
COST 16384 2048 2 8 5.00 0.0001 512 0.958427 723.286 1.514539
COST 16384 4096 2 8 5.00 0.0001 512 0.988190 768.584 0.930727
COST 16384 8192 2 8 5.00 0.0001 512 1.000000 787.039 1.000000
COST 16384 256 2 8 5.00 0.001 512 0.100931 144.827 0.668641
COST 16384 512 2 8 5.00 0.001 512 0.330217 391.221 0.679390
COST 16384 1024 2 8 5.00 0.001 512 0.556698 803.890 0.723323
COST 16384 2048 2 8 5.00 0.001 512 0.739514 1300.471 0.779828
COST 16384 4096 2 8 5.00 0.001 512 0.884740 1813.739 0.857559
COST 16384 8192 2 8 5.00 0.001 512 1.000000 2298.558 1.000000
COST 16384 256 2 8 5.00 0.001 512 0.164845 155.728 0.824648
COST 16384 512 2 8 5.00 0.001 512 0.461047 402.049 0.796580
COST 16384 1024 2 8 5.00 0.001 512 0.695380 747.028 0.800352
COST 16384 2048 2 8 5.00 0.001 512 0.845613 1064.289 0.867839
COST 16384 4096 2 8 5.00 0.001 512 0.940334 1306.576 0.966624
COST 16384 8192 2 8 5.00 0.001 512 1.000000 1475.533 1.000000
COST 16384 256 2 8 5.00 0.001 512 0.243860 167.954 1.444748
COST 16384 512 2 8 5.00 0.001 512 0.587781 409.249 1.456003
COST 16384 1024 2 8 5.00 0.001 512 0.805726 682.375 1.493740
COST 16384 2048 2 8 5.00 0.001 512 0.916701 870.462 1.498853
COST 16384 4096 2 8 5.00 0.001 512 0.972236 977.344 1.129869
COST 16384 8192 2 8 5.00 0.001 512 1.000000 1033.727 1.000000
COST 16384 256 2 8 5.00 0.001 512 0.333179 181.648 1.786154
COST 16384 512 2 8 5.00 0.001 512 0.698196 412.464 1.973843
COST 16384 1024 2 8 5.00 0.001 512 0.883490 617.877 1.735312
COST 16384 2048 2 8 5.00 0.001 512 0.958427 723.286 1.035749
COST 16384 4096 2 8 5.00 0.001 512 0.988190 768.584 0.729716
COST 16384 8192 2 8 5.00 0.001 512 1.000000 787.039 1.000000
COST 16384 256 2 8 5.00 0.01 512 0.100931 144.827 0.698238
COST 16384 512 2 8 5.00 0.01 512 0.330217 391.221 0.712550
COST 16384 1024 2 8 5.00 0.01 512 0.556698 803.890 0.729565
COST 16384 2048 2 8 5.00 0.01 512 0.739514 1300.471 0.805633
COST 16384 4096 2 8 5.00 0.01 512 0.884740 1813.739 0.862915
COST 16384 8192 2 8 5.00 0.01 512 1.000000 2298.558 1.000000
COST 16384 256 2 8 5.00 0.01 512 0.164845 155.728 1.167977
COST 16384 512 2 8 5.00 0.01 512 0.461047 402.049 1.247887
COST 16384 1024 2 8 5.00 0.01 512 0.695380 747.028 1.279671
COST 16384 2048 2 8 5.00 0.01 512 0.845613 1064.289 1.286532
COST 16384 4096 2 8 5.00 0.01 512 0.940334 1306.576 1.001158
COST 16384 8192 2 8 5.00 0.01 512 1.000000 1475.533 1.000000
COST 16384 256 2 8 5.00 0.01 512 0.243860 167.954 1.759095
COST 16384 512 2 8 5.00 0.01 512 0.587781 409.249 1.785661
COST 16384 1024 2 8 5.00 0.01 512 0.805726 682.375 1.805280
COST 16384 2048 2 8 5.00 0.01 512 0.916701 870.462 1.202866
COST 16384 4096 2 8 5.00 0.01 512 0.972236 977.344 0.787579
COST 16384 8192 2 8 5.00 0.01 512 1.000000 1033.727 1.000000
COST 16384 256 2 8 5.00 0.01 512 0.333179 181.648 2.037145
COST 16384 512 2 8 5.00 0.01 512 0.698196 412.464 1.933383
COST 16384 1024 2 8 5.00 0.01 512 0.883490 617.877 1.157850
COST 16384 2048 2 8 5.00 0.01 512 0.958427 723.286 0.539131
COST 16384 4096 2 8 5.00 0.01 512 0.988190 768.584 0.546910
COST 16384 8192 2 8 5.00 0.01 512 1.000000 787.039 1.000000
COST 16384 256 2 8 5.50 0.0001 512 0.100931 144.827 0.687254
COST 16384 512 2 8 5.50 0.0001 512 0.330217 391.221 0.667284
COST 16384 1024 2 8 5.50 0.0001 512 0.556698 803.890 0.684819
COST 16384 2048 2 8 5.50 0.0001 512 0.739514 1300.471 0.730900
COST 16384 4096 2 8 5.50 0.0001 512 0.884740 1813.739 0.863208
COST 16384 8192 2 8 5.50 0.0001 512 1.000000 2298.558 1.000000
COST 16384 256 2 8 5.50 0.0001 512 0.164845 155.728 1.014658
COST 16384 512 2 8 5.50 0.0001 512 0.461047 402.049 1.079868
COST 16384 1024 2 8 5.50 0.0001 512 0.695380 747.028 1.056960
COST 16384 2048 2 8 5.50 0.0001 512 0.845613 1064.289 1.119025
COST 16384 4096 2 8 5.50 0.0001 512 0.940334 1306.576 1.195986
COST 16384 8192 2 8 5.50 0.0001 512 1.000000 1475.533 1.000000
COST 16384 256 2 8 5.50 0.0001 512 0.243860 167.954 1.784006
COST 16384 512 2 8 5.50 0.0001 512 0.587781 409.249 1.802390
COST 16384 1024 2 8 5.50 0.0001 512 0.805726 682.375 1.821324
COST 16384 2048 2 8 5.50 0.0001 512 0.916701 870.462 1.704480
COST 16384 4096 2 8 5.50 0.0001 512 0.972236 977.344 0.929321
COST 16384 8192 2 8 5.50 0.0001 512 1.000000 1033.727 1.000000
COST 16384 256 2 8 5.50 0.0001 512 0.333179 181.648 1.980547
COST 16384 512 2 8 5.50 0.0001 512 0.698196 412.464 2.023414
COST 16384 1024 2 8 5.50 0.0001 512 0.883490 617.877 1.857430
COST 16384 2048 2 8 5.50 0.0001 512 0.958427 723.286 0.739258
COST 16384 4096 2 8 5.50 0.0001 512 0.988190 768.584 0.555989
COST 16384 8192 2 8 5.50 0.0001 512 1.000000 787.039 1.000000
COST 16384 256 2 8 5.50 0.001 512 0.100931 144.827 0.712804
COST 16384 512 2 8 5.50 0.001 512 0.330217 391.221 0.734330
COST 16384 1024 2 8 5.50 0.001 512 0.556698 803.890 0.747085
COST 16384 2048 2 8 5.50 0.001 512 0.739514 1300.471 0.805195
COST 16384 4096 2 8 5.50 0.001 512 0.884740 1813.739 0.888420
COST 16384 8192 2 8 5.50 0.001 512 1.000000 2298.558 1.000000
COST 16384 256 2 8 5.50 0.001 512 0.164845 155.728 1.404748
COST 16384 512 2 8 5.50 0.001 512 0.461047 402.049 1.503147
COST 16384 1024 2 8 5.50 0.001 512 0.695380 747.028 1.476116
COST 16384 2048 2 8 5.50 0.001 512 0.845613 1064.289 1.591361
COST 16384 4096 2 8 5.50 0.001 512 0.940334 1306.576 1.120296
COST 16384 8192 2 8 5.50 0.001 512 1.000000 1475.533 1.000000
COST 16384 256 2 8 5.50 0.001 512 0.243860 167.954 2.043458
COST 16384 512 2 8 5.50 0.001 512 0.587781 409.249 1.980194
COST 16384 1024 2 8 5.50 0.001 512 0.805726 682.375 2.002067
COST 16384 2048 2 8 5.50 0.001 512 0.916701 870.462 1.099695
COST 16384 4096 2 8 5.50 0.001 512 0.972236 977.344 0.665501
COST 16384 8192 2 8 5.50 0.001 512 1.000000 1033.727 1.000000
COST 16384 256 2 8 5.50 0.001 512 0.333179 181.648 2.061039
COST 16384 512 2 8 5.50 0.001 512 0.698196 412.464 2.075244
COST 16384 1024 2 8 5.50 0.001 512 0.883490 617.877 1.178031
COST 16384 2048 2 8 5.50 0.001 512 0.958427 723.286 0.456501
COST 16384 4096 2 8 5.50 0.001 512 0.988190 768.584 0.509162
COST 16384 8192 2 8 5.50 0.001 512 1.000000 787.039 1.000000
COST 16384 256 2 8 5.50 0.01 512 0.100931 144.827 1.197054
COST 16384 512 2 8 5.50 0.01 512 0.330217 391.221 1.152382
COST 16384 1024 2 8 5.50 0.01 512 0.556698 803.890 1.256565
COST 16384 2048 2 8 5.50 0.01 512 0.739514 1300.471 1.250084
COST 16384 4096 2 8 5.50 0.01 512 0.884740 1813.739 1.076593
COST 16384 8192 2 8 5.50 0.01 512 1.000000 2298.558 1.000000
COST 16384 256 2 8 5.50 0.01 512 0.164845 155.728 1.874046
COST 16384 512 2 8 5.50 0.01 512 0.461047 402.049 2.018607
COST 16384 1024 2 8 5.50 0.01 512 0.695380 747.028 2.042237
COST 16384 2048 2 8 5.50 0.01 512 0.845613 1064.289 1.414524
COST 16384 4096 2 8 5.50 0.01 512 0.940334 1306.576 0.747680
COST 16384 8192 2 8 5.50 0.01 512 1.000000 1475.533 1.000000
COST 16384 256 2 8 5.50 0.01 512 0.243860 167.954 2.149409
COST 16384 512 2 8 5.50 0.01 512 0.587781 409.249 2.114002
COST 16384 1024 2 8 5.50 0.01 512 0.805726 682.375 1.194215
COST 16384 2048 2 8 5.50 0.01 512 0.916701 870.462 0.504302
COST 16384 4096 2 8 5.50 0.01 512 0.972236 977.344 0.508763
COST 16384 8192 2 8 5.50 0.01 512 1.000000 1033.727 1.000000
COST 16384 256 2 8 5.50 0.01 512 0.333179 181.648 2.035966
COST 16384 512 2 8 5.50 0.01 512 0.698196 412.464 1.648772
COST 16384 1024 2 8 5.50 0.01 512 0.883490 617.877 0.338799
COST 16384 2048 2 8 5.50 0.01 512 0.958427 723.286 0.245647
COST 16384 4096 2 8 5.50 0.01 512 0.988190 768.584 0.482244
COST 16384 8192 2 8 5.50 0.01 512 1.000000 787.039 1.000000
COST 16384 256 2 8 6.00 0.0001 512 0.100931 144.827 0.829601
COST 16384 512 2 8 6.00 0.0001 512 0.330217 391.221 0.845618
COST 16384 1024 2 8 6.00 0.0001 512 0.556698 803.890 0.875942
COST 16384 2048 2 8 6.00 0.0001 512 0.739514 1300.471 0.945745
COST 16384 4096 2 8 6.00 0.0001 512 0.884740 1813.739 1.080337
COST 16384 8192 2 8 6.00 0.0001 512 1.000000 2298.558 1.000000
COST 16384 256 2 8 6.00 0.0001 512 0.164845 155.728 1.753995
COST 16384 512 2 8 6.00 0.0001 512 0.461047 402.049 1.829797
COST 16384 1024 2 8 6.00 0.0001 512 0.695380 747.028 1.925617
COST 16384 2048 2 8 6.00 0.0001 512 0.845613 1064.289 1.979220
COST 16384 4096 2 8 6.00 0.0001 512 0.940334 1306.576 1.239459
COST 16384 8192 2 8 6.00 0.0001 512 1.000000 1475.533 1.000000
COST 16384 256 2 8 6.00 0.0001 512 0.243860 167.954 1.986544
COST 16384 512 2 8 6.00 0.0001 512 0.587781 409.249 2.034237
COST 16384 1024 2 8 6.00 0.0001 512 0.805726 682.375 2.007281
COST 16384 2048 2 8 6.00 0.0001 512 0.916701 870.462 0.822612
COST 16384 4096 2 8 6.00 0.0001 512 0.972236 977.344 0.529247
COST 16384 8192 2 8 6.00 0.0001 512 1.000000 1033.727 1.000000
COST 16384 256 2 8 6.00 0.0001 512 0.333179 181.648 2.029656
COST 16384 512 2 8 6.00 0.0001 512 0.698196 412.464 2.036638
COST 16384 1024 2 8 6.00 0.0001 512 0.883490 617.877 0.946319
COST 16384 2048 2 8 6.00 0.0001 512 0.958427 723.286 0.306166
COST 16384 4096 2 8 6.00 0.0001 512 0.988190 768.584 0.477230
COST 16384 8192 2 8 6.00 0.0001 512 1.000000 787.039 1.000000
COST 16384 256 2 8 6.00 0.001 512 0.100931 144.827 1.145769
COST 16384 512 2 8 6.00 0.001 512 0.330217 391.221 1.150993
COST 16384 1024 2 8 6.00 0.001 512 0.556698 803.890 1.194622
COST 16384 2048 2 8 6.00 0.001 512 0.739514 1300.471 1.251046
COST 16384 4096 2 8 6.00 0.001 512 0.884740 1813.739 1.286576
COST 16384 8192 2 8 6.00 0.001 512 1.000000 2298.558 1.000000
COST 16384 256 2 8 6.00 0.001 512 0.164845 155.728 2.035399
COST 16384 512 2 8 6.00 0.001 512 0.461047 402.049 2.040290
COST 16384 1024 2 8 6.00 0.001 512 0.695380 747.028 2.112607
COST 16384 2048 2 8 6.00 0.001 512 0.845613 1064.289 1.543563
COST 16384 4096 2 8 6.00 0.001 512 0.940334 1306.576 0.750438
COST 16384 8192 2 8 6.00 0.001 512 1.000000 1475.533 1.000000
COST 16384 256 2 8 6.00 0.001 512 0.243860 167.954 2.063241
COST 16384 512 2 8 6.00 0.001 512 0.587781 409.249 2.066454
COST 16384 1024 2 8 6.00 0.001 512 0.805726 682.375 1.429825
COST 16384 2048 2 8 6.00 0.001 512 0.916701 870.462 0.440551
COST 16384 4096 2 8 6.00 0.001 512 0.972236 977.344 0.490496
COST 16384 8192 2 8 6.00 0.001 512 1.000000 1033.727 1.000000
COST 16384 256 2 8 6.00 0.001 512 0.333179 181.648 2.036842
COST 16384 512 2 8 6.00 0.001 512 0.698196 412.464 1.933646
COST 16384 1024 2 8 6.00 0.001 512 0.883490 617.877 0.326725
COST 16384 2048 2 8 6.00 0.001 512 0.958427 723.286 0.231508
COST 16384 4096 2 8 6.00 0.001 512 0.988190 768.584 0.483892
COST 16384 8192 2 8 6.00 0.001 512 1.000000 787.039 1.000000
COST 16384 256 2 8 6.00 0.01 512 0.100931 144.827 1.890678
COST 16384 512 2 8 6.00 0.01 512 0.330217 391.221 1.845217
COST 16384 1024 2 8 6.00 0.01 512 0.556698 803.890 1.866324
COST 16384 2048 2 8 6.00 0.01 512 0.739514 1300.471 1.743186
COST 16384 4096 2 8 6.00 0.01 512 0.884740 1813.739 0.877738
COST 16384 8192 2 8 6.00 0.01 512 1.000000 2298.558 1.000000
COST 16384 256 2 8 6.00 0.01 512 0.164845 155.728 2.042940
COST 16384 512 2 8 6.00 0.01 512 0.461047 402.049 2.143074
COST 16384 1024 2 8 6.00 0.01 512 0.695380 747.028 1.622378
COST 16384 2048 2 8 6.00 0.01 512 0.845613 1064.289 0.638162
COST 16384 4096 2 8 6.00 0.01 512 0.940334 1306.576 0.507107
COST 16384 8192 2 8 6.00 0.01 512 1.000000 1475.533 1.000000
COST 16384 256 2 8 6.00 0.01 512 0.243860 167.954 1.938175
COST 16384 512 2 8 6.00 0.01 512 0.587781 409.249 1.892075
COST 16384 1024 2 8 6.00 0.01 512 0.805726 682.375 0.355128
COST 16384 2048 2 8 6.00 0.01 512 0.916701 870.462 0.243521
COST 16384 4096 2 8 6.00 0.01 512 0.972236 977.344 0.460056
COST 16384 8192 2 8 6.00 0.01 512 1.000000 1033.727 1.000000
COST 16384 256 2 8 6.00 0.01 512 0.333179 181.648 2.145886
COST 16384 512 2 8 6.00 0.01 512 0.698196 412.464 0.825615
COST 16384 1024 2 8 6.00 0.01 512 0.883490 617.877 0.124501
COST 16384 2048 2 8 6.00 0.01 512 0.958427 723.286 0.222632
COST 16384 4096 2 8 6.00 0.01 512 0.988190 768.584 0.482303
COST 16384 8192 2 8 6.00 0.01 512 1.000000 787.039 1.000000
COST 16384 256 2 8 6.50 0.0001 512 0.100931 144.827 1.485823
COST 16384 512 2 8 6.50 0.0001 512 0.330217 391.221 1.500042
COST 16384 1024 2 8 6.50 0.0001 512 0.556698 803.890 1.565518
COST 16384 2048 2 8 6.50 0.0001 512 0.739514 1300.471 1.560762
COST 16384 4096 2 8 6.50 0.0001 512 0.884740 1813.739 1.605449
COST 16384 8192 2 8 6.50 0.0001 512 1.000000 2298.558 1.000000
COST 16384 256 2 8 6.50 0.0001 512 0.164845 155.728 2.007642
COST 16384 512 2 8 6.50 0.0001 512 0.461047 402.049 2.076958
COST 16384 1024 2 8 6.50 0.0001 512 0.695380 747.028 2.080988
COST 16384 2048 2 8 6.50 0.0001 512 0.845613 1064.289 1.501791
COST 16384 4096 2 8 6.50 0.0001 512 0.940334 1306.576 0.669764
COST 16384 8192 2 8 6.50 0.0001 512 1.000000 1475.533 1.000000
COST 16384 256 2 8 6.50 0.0001 512 0.243860 167.954 2.049631
COST 16384 512 2 8 6.50 0.0001 512 0.587781 409.249 2.145569
COST 16384 1024 2 8 6.50 0.0001 512 0.805726 682.375 1.307524
COST 16384 2048 2 8 6.50 0.0001 512 0.916701 870.462 0.372813
COST 16384 4096 2 8 6.50 0.0001 512 0.972236 977.344 0.497843
COST 16384 8192 2 8 6.50 0.0001 512 1.000000 1033.727 1.000000
COST 16384 256 2 8 6.50 0.0001 512 0.333179 181.648 2.062716
COST 16384 512 2 8 6.50 0.0001 512 0.698196 412.464 1.940574
COST 16384 1024 2 8 6.50 0.0001 512 0.883490 617.877 0.268236
COST 16384 2048 2 8 6.50 0.0001 512 0.958427 723.286 0.225212
COST 16384 4096 2 8 6.50 0.0001 512 0.988190 768.584 0.477738
COST 16384 8192 2 8 6.50 0.0001 512 1.000000 787.039 1.000000
COST 16384 256 2 8 6.50 0.001 512 0.100931 144.827 1.821419
COST 16384 512 2 8 6.50 0.001 512 0.330217 391.221 2.028259
COST 16384 1024 2 8 6.50 0.001 512 0.556698 803.890 1.986894
COST 16384 2048 2 8 6.50 0.001 512 0.739514 1300.471 1.951936
COST 16384 4096 2 8 6.50 0.001 512 0.884740 1813.739 1.113526
COST 16384 8192 2 8 6.50 0.001 512 1.000000 2298.558 1.000000
COST 16384 256 2 8 6.50 0.001 512 0.164845 155.728 2.037409
COST 16384 512 2 8 6.50 0.001 512 0.461047 402.049 2.093358
COST 16384 1024 2 8 6.50 0.001 512 0.695380 747.028 1.994145
COST 16384 2048 2 8 6.50 0.001 512 0.845613 1064.289 0.685438
COST 16384 4096 2 8 6.50 0.001 512 0.940334 1306.576 0.530347
COST 16384 8192 2 8 6.50 0.001 512 1.000000 1475.533 1.000000
COST 16384 256 2 8 6.50 0.001 512 0.243860 167.954 2.051986
COST 16384 512 2 8 6.50 0.001 512 0.587781 409.249 2.171874
COST 16384 1024 2 8 6.50 0.001 512 0.805726 682.375 0.535985
COST 16384 2048 2 8 6.50 0.001 512 0.916701 870.462 0.229084
COST 16384 4096 2 8 6.50 0.001 512 0.972236 977.344 0.491040
COST 16384 8192 2 8 6.50 0.001 512 1.000000 1033.727 1.000000
COST 16384 256 2 8 6.50 0.001 512 0.333179 181.648 2.036797
COST 16384 512 2 8 6.50 0.001 512 0.698196 412.464 1.149542
COST 16384 1024 2 8 6.50 0.001 512 0.883490 617.877 0.121357
COST 16384 2048 2 8 6.50 0.001 512 0.958427 723.286 0.220815
COST 16384 4096 2 8 6.50 0.001 512 0.988190 768.584 0.489438
COST 16384 8192 2 8 6.50 0.001 512 1.000000 787.039 1.000000
COST 16384 256 2 8 6.50 0.01 512 0.100931 144.827 2.134357
COST 16384 512 2 8 6.50 0.01 512 0.330217 391.221 2.047843
COST 16384 1024 2 8 6.50 0.01 512 0.556698 803.890 2.341528
COST 16384 2048 2 8 6.50 0.01 512 0.739514 1300.471 1.078866
COST 16384 4096 2 8 6.50 0.01 512 0.884740 1813.739 0.561051
COST 16384 8192 2 8 6.50 0.01 512 1.000000 2298.558 1.000000
COST 16384 256 2 8 6.50 0.01 512 0.164845 155.728 2.047816
COST 16384 512 2 8 6.50 0.01 512 0.461047 402.049 2.100026
COST 16384 1024 2 8 6.50 0.01 512 0.695380 747.028 0.711088
COST 16384 2048 2 8 6.50 0.01 512 0.845613 1064.289 0.302633
COST 16384 4096 2 8 6.50 0.01 512 0.940334 1306.576 0.476301
COST 16384 8192 2 8 6.50 0.01 512 1.000000 1475.533 1.000000
COST 16384 256 2 8 6.50 0.01 512 0.243860 167.954 2.259488
COST 16384 512 2 8 6.50 0.01 512 0.587781 409.249 1.118555
COST 16384 1024 2 8 6.50 0.01 512 0.805726 682.375 0.137073
COST 16384 2048 2 8 6.50 0.01 512 0.916701 870.462 0.217841
COST 16384 4096 2 8 6.50 0.01 512 0.972236 977.344 0.482446
COST 16384 8192 2 8 6.50 0.01 512 1.000000 1033.727 1.000000
COST 16384 256 2 8 6.50 0.01 512 0.333179 181.648 2.034348
COST 16384 512 2 8 6.50 0.01 512 0.698196 412.464 0.315905
COST 16384 1024 2 8 6.50 0.01 512 0.883490 617.877 0.075133
COST 16384 2048 2 8 6.50 0.01 512 0.958427 723.286 0.225590
COST 16384 4096 2 8 6.50 0.01 512 0.988190 768.584 0.477582
COST 16384 8192 2 8 6.50 0.01 512 1.000000 787.039 1.000000
COST 2048 256 2 8 5.00 0.0001 512 0.739159 162.400 0.854630
COST 2048 512 2 8 5.00 0.0001 512 0.884636 226.640 0.974206
COST 2048 1024 2 8 5.00 0.0001 512 1.000000 287.284 1.000000
COST 2048 256 2 8 5.00 0.0001 512 0.845345 132.949 1.618529
COST 2048 512 2 8 5.00 0.0001 512 0.940269 163.291 1.458174
COST 2048 1024 2 8 5.00 0.0001 512 1.000000 184.431 1.000000
COST 2048 256 2 8 5.00 0.0001 512 0.916522 108.764 1.715349
COST 2048 512 2 8 5.00 0.0001 512 0.972200 122.156 1.130069
COST 2048 1024 2 8 5.00 0.0001 512 1.000000 129.213 1.000000
COST 2048 256 2 8 5.00 0.0001 512 0.958318 90.389 0.666043
COST 2048 512 2 8 5.00 0.0001 512 0.988172 96.068 0.774175
COST 2048 1024 2 8 5.00 0.0001 512 1.000000 98.379 1.000000
COST 2048 256 2 8 5.00 0.001 512 0.739159 162.400 1.108945
COST 2048 512 2 8 5.00 0.001 512 0.884636 226.640 1.194673
COST 2048 1024 2 8 5.00 0.001 512 1.000000 287.284 1.000000
COST 2048 256 2 8 5.00 0.001 512 0.845345 132.949 1.631204
COST 2048 512 2 8 5.00 0.001 512 0.940269 163.291 1.126847
COST 2048 1024 2 8 5.00 0.001 512 1.000000 184.431 1.000000
COST 2048 256 2 8 5.00 0.001 512 0.916522 108.764 0.891320
COST 2048 512 2 8 5.00 0.001 512 0.972200 122.156 0.815680
COST 2048 1024 2 8 5.00 0.001 512 1.000000 129.213 1.000000
COST 2048 256 2 8 5.00 0.001 512 0.958318 90.389 0.396908
COST 2048 512 2 8 5.00 0.001 512 0.988172 96.068 0.697243
COST 2048 1024 2 8 5.00 0.001 512 1.000000 98.379 1.000000
COST 2048 256 2 8 5.00 0.01 512 0.739159 162.400 1.581978
COST 2048 512 2 8 5.00 0.01 512 0.884636 226.640 1.111853
COST 2048 1024 2 8 5.00 0.01 512 1.000000 287.284 1.000000
COST 2048 256 2 8 5.00 0.01 512 0.845345 132.949 1.145589
COST 2048 512 2 8 5.00 0.01 512 0.940269 163.291 0.919175
COST 2048 1024 2 8 5.00 0.01 512 1.000000 184.431 1.000000
COST 2048 256 2 8 5.00 0.01 512 0.916522 108.764 0.439337
COST 2048 512 2 8 5.00 0.01 512 0.972200 122.156 0.717870
COST 2048 1024 2 8 5.00 0.01 512 1.000000 129.213 1.000000
COST 2048 256 2 8 5.00 0.01 512 0.958318 90.389 0.214153
COST 2048 512 2 8 5.00 0.01 512 0.988172 96.068 0.675507
COST 2048 1024 2 8 5.00 0.01 512 1.000000 98.379 1.000000
COST 2048 256 2 8 5.50 0.0001 512 0.739159 162.400 1.370619
COST 2048 512 2 8 5.50 0.0001 512 0.884636 226.640 1.438801
COST 2048 1024 2 8 5.50 0.0001 512 1.000000 287.284 1.000000
COST 2048 256 2 8 5.50 0.0001 512 0.845345 132.949 1.972994
COST 2048 512 2 8 5.50 0.0001 512 0.940269 163.291 1.283985
COST 2048 1024 2 8 5.50 0.0001 512 1.000000 184.431 1.000000
COST 2048 256 2 8 5.50 0.0001 512 0.916522 108.764 0.726551
COST 2048 512 2 8 5.50 0.0001 512 0.972200 122.156 0.741319
COST 2048 1024 2 8 5.50 0.0001 512 1.000000 129.213 1.000000
COST 2048 256 2 8 5.50 0.0001 512 0.958318 90.389 0.234139
COST 2048 512 2 8 5.50 0.0001 512 0.988172 96.068 0.704057
COST 2048 1024 2 8 5.50 0.0001 512 1.000000 98.379 1.000000
COST 2048 256 2 8 5.50 0.001 512 0.739159 162.400 1.772487
COST 2048 512 2 8 5.50 0.001 512 0.884636 226.640 1.381510
COST 2048 1024 2 8 5.50 0.001 512 1.000000 287.284 1.000000
COST 2048 256 2 8 5.50 0.001 512 0.845345 132.949 1.167219
COST 2048 512 2 8 5.50 0.001 512 0.940269 163.291 0.846959
COST 2048 1024 2 8 5.50 0.001 512 1.000000 184.431 1.000000
COST 2048 256 2 8 5.50 0.001 512 0.916522 108.764 0.397113
COST 2048 512 2 8 5.50 0.001 512 0.972200 122.156 0.723601
COST 2048 1024 2 8 5.50 0.001 512 1.000000 129.213 1.000000
COST 2048 256 2 8 5.50 0.001 512 0.958318 90.389 0.204627
COST 2048 512 2 8 5.50 0.001 512 0.988172 96.068 0.678599
COST 2048 1024 2 8 5.50 0.001 512 1.000000 98.379 1.000000
COST 2048 256 2 8 5.50 0.01 512 0.739159 162.400 1.413200
COST 2048 512 2 8 5.50 0.01 512 0.884636 226.640 0.894179
COST 2048 1024 2 8 5.50 0.01 512 1.000000 287.284 1.000000
COST 2048 256 2 8 5.50 0.01 512 0.845345 132.949 0.490054
COST 2048 512 2 8 5.50 0.01 512 0.940269 163.291 0.729792
COST 2048 1024 2 8 5.50 0.01 512 1.000000 184.431 1.000000
COST 2048 256 2 8 5.50 0.01 512 0.916522 108.764 0.220048
COST 2048 512 2 8 5.50 0.01 512 0.972200 122.156 0.711555
COST 2048 1024 2 8 5.50 0.01 512 1.000000 129.213 1.000000
COST 2048 256 2 8 5.50 0.01 512 0.958318 90.389 0.187978
COST 2048 512 2 8 5.50 0.01 512 0.988172 96.068 0.695480
COST 2048 1024 2 8 5.50 0.01 512 1.000000 98.379 1.000000
COST 2048 256 2 8 6.00 0.0001 512 0.739159 162.400 2.205095
COST 2048 512 2 8 6.00 0.0001 512 0.884636 226.640 1.691566
COST 2048 1024 2 8 6.00 0.0001 512 1.000000 287.284 1.000000
COST 2048 256 2 8 6.00 0.0001 512 0.845345 132.949 1.155064
COST 2048 512 2 8 6.00 0.0001 512 0.940269 163.291 0.858807
COST 2048 1024 2 8 6.00 0.0001 512 1.000000 184.431 1.000000
COST 2048 256 2 8 6.00 0.0001 512 0.916522 108.764 0.318795
COST 2048 512 2 8 6.00 0.0001 512 0.972200 122.156 0.674189
COST 2048 1024 2 8 6.00 0.0001 512 1.000000 129.213 1.000000
COST 2048 256 2 8 6.00 0.0001 512 0.958318 90.389 0.192841
COST 2048 512 2 8 6.00 0.0001 512 0.988172 96.068 0.689671
COST 2048 1024 2 8 6.00 0.0001 512 1.000000 98.379 1.000000
COST 2048 256 2 8 6.00 0.001 512 0.739159 162.400 1.684966
COST 2048 512 2 8 6.00 0.001 512 0.884636 226.640 1.107553
COST 2048 1024 2 8 6.00 0.001 512 1.000000 287.284 1.000000
COST 2048 256 2 8 6.00 0.001 512 0.845345 132.949 0.520126
COST 2048 512 2 8 6.00 0.001 512 0.940269 163.291 0.712533
COST 2048 1024 2 8 6.00 0.001 512 1.000000 184.431 1.000000
COST 2048 256 2 8 6.00 0.001 512 0.916522 108.764 0.208022
COST 2048 512 2 8 6.00 0.001 512 0.972200 122.156 0.681944
COST 2048 1024 2 8 6.00 0.001 512 1.000000 129.213 1.000000
COST 2048 256 2 8 6.00 0.001 512 0.958318 90.389 0.190407
COST 2048 512 2 8 6.00 0.001 512 0.988172 96.068 0.722920
COST 2048 1024 2 8 6.00 0.001 512 1.000000 98.379 1.000000
COST 2048 256 2 8 6.00 0.01 512 0.739159 162.400 0.723117
COST 2048 512 2 8 6.00 0.01 512 0.884636 226.640 0.760074
COST 2048 1024 2 8 6.00 0.01 512 1.000000 287.284 1.000000
COST 2048 256 2 8 6.00 0.01 512 0.845345 132.949 0.251641
COST 2048 512 2 8 6.00 0.01 512 0.940269 163.291 0.670580
COST 2048 1024 2 8 6.00 0.01 512 1.000000 184.431 1.000000
COST 2048 256 2 8 6.00 0.01 512 0.916522 108.764 0.183853
COST 2048 512 2 8 6.00 0.01 512 0.972200 122.156 0.685576
COST 2048 1024 2 8 6.00 0.01 512 1.000000 129.213 1.000000
COST 2048 256 2 8 6.00 0.01 512 0.958318 90.389 0.185781
COST 2048 512 2 8 6.00 0.01 512 0.988172 96.068 0.691089
COST 2048 1024 2 8 6.00 0.01 512 1.000000 98.379 1.000000
COST 2048 256 2 8 6.50 0.0001 512 0.739159 162.400 1.933375
COST 2048 512 2 8 6.50 0.0001 512 0.884636 226.640 1.143702
COST 2048 1024 2 8 6.50 0.0001 512 1.000000 287.284 1.000000
COST 2048 256 2 8 6.50 0.0001 512 0.845345 132.949 0.492226
COST 2048 512 2 8 6.50 0.0001 512 0.940269 163.291 0.711946
COST 2048 1024 2 8 6.50 0.0001 512 1.000000 184.431 1.000000
COST 2048 256 2 8 6.50 0.0001 512 0.916522 108.764 0.188167
COST 2048 512 2 8 6.50 0.0001 512 0.972200 122.156 0.680058
COST 2048 1024 2 8 6.50 0.0001 512 1.000000 129.213 1.000000
COST 2048 256 2 8 6.50 0.0001 512 0.958318 90.389 0.180683
COST 2048 512 2 8 6.50 0.0001 512 0.988172 96.068 0.647180
COST 2048 1024 2 8 6.50 0.0001 512 1.000000 98.379 1.000000
COST 2048 256 2 8 6.50 0.001 512 0.739159 162.400 0.964505
COST 2048 512 2 8 6.50 0.001 512 0.884636 226.640 0.820687
COST 2048 1024 2 8 6.50 0.001 512 1.000000 287.284 1.000000
COST 2048 256 2 8 6.50 0.001 512 0.845345 132.949 0.269735
COST 2048 512 2 8 6.50 0.001 512 0.940269 163.291 0.659544
COST 2048 1024 2 8 6.50 0.001 512 1.000000 184.431 1.000000
COST 2048 256 2 8 6.50 0.001 512 0.916522 108.764 0.182661
COST 2048 512 2 8 6.50 0.001 512 0.972200 122.156 0.666170
COST 2048 1024 2 8 6.50 0.001 512 1.000000 129.213 1.000000
COST 2048 256 2 8 6.50 0.001 512 0.958318 90.389 0.189582
COST 2048 512 2 8 6.50 0.001 512 0.988172 96.068 0.689233
COST 2048 1024 2 8 6.50 0.001 512 1.000000 98.379 1.000000
COST 2048 256 2 8 6.50 0.01 512 0.739159 162.400 0.357891
COST 2048 512 2 8 6.50 0.01 512 0.884636 226.640 0.696039
COST 2048 1024 2 8 6.50 0.01 512 1.000000 287.284 1.000000
COST 2048 256 2 8 6.50 0.01 512 0.845345 132.949 0.182626
COST 2048 512 2 8 6.50 0.01 512 0.940269 163.291 0.664516
COST 2048 1024 2 8 6.50 0.01 512 1.000000 184.431 1.000000
COST 2048 256 2 8 6.50 0.01 512 0.916522 108.764 0.184244
COST 2048 512 2 8 6.50 0.01 512 0.972200 122.156 0.673760
COST 2048 1024 2 8 6.50 0.01 512 1.000000 129.213 1.000000
COST 2048 256 2 8 6.50 0.01 512 0.958318 90.389 0.191673
COST 2048 512 2 8 6.50 0.01 512 0.988172 96.068 0.690494
COST 2048 1024 2 8 6.50 0.01 512 1.000000 98.379 1.000000
COST 262144 4096 2 8 5.00 0.0001 512 0.101394 2323.402 0.701214
COST 262144 8192 2 8 5.00 0.0001 512 0.330538 6266.795 0.727923
COST 262144 16384 2 8 5.00 0.0001 512 0.556828 12867.185 0.746049
COST 262144 32768 2 8 5.00 0.0001 512 0.739561 20810.259 0.754352
COST 262144 65536 2 8 5.00 0.0001 512 0.884754 29021.154 0.833253
COST 262144 131072 2 8 5.00 0.0001 512 1.000000 36777.540 1.000000
COST 262144 4096 2 8 5.00 0.0001 512 0.165520 2498.171 0.733922
COST 262144 8192 2 8 5.00 0.0001 512 0.461419 6439.591 0.726914
COST 262144 16384 2 8 5.00 0.0001 512 0.695501 11956.100 0.765933
COST 262144 32768 2 8 5.00 0.0001 512 0.845648 17030.111 0.777419
COST 262144 65536 2 8 5.00 0.0001 512 0.940343 20905.755 0.893146
COST 262144 131072 2 8 5.00 0.0001 512 1.000000 23608.714 1.000000
COST 262144 4096 2 8 5.00 0.0001 512 0.244739 2694.120 0.695594
COST 262144 8192 2 8 5.00 0.0001 512 0.588167 6554.123 0.714960
COST 262144 16384 2 8 5.00 0.0001 512 0.805826 10920.503 0.739752
COST 262144 32768 2 8 5.00 0.0001 512 0.916725 13928.144 0.782393
COST 262144 65536 2 8 5.00 0.0001 512 0.972241 15637.714 0.838162
COST 262144 131072 2 8 5.00 0.0001 512 1.000000 16539.686 1.000000
COST 262144 4096 2 8 5.00 0.0001 512 0.334221 2913.531 0.763266
COST 262144 8192 2 8 5.00 0.0001 512 0.698559 6604.717 0.745682
COST 262144 16384 2 8 5.00 0.0001 512 0.883565 9887.633 0.763543
COST 262144 32768 2 8 5.00 0.0001 512 0.958441 11572.928 0.803641
COST 262144 65536 2 8 5.00 0.0001 512 0.988192 12297.418 0.860007
COST 262144 131072 2 8 5.00 0.0001 512 1.000000 12592.634 1.000000
COST 262144 4096 2 8 5.00 0.001 512 0.101394 2323.402 0.720646
COST 262144 8192 2 8 5.00 0.001 512 0.330538 6266.795 0.704261
COST 262144 16384 2 8 5.00 0.001 512 0.556828 12867.185 0.747048
COST 262144 32768 2 8 5.00 0.001 512 0.739561 20810.259 0.791416
COST 262144 65536 2 8 5.00 0.001 512 0.884754 29021.154 0.874392
COST 262144 131072 2 8 5.00 0.001 512 1.000000 36777.540 1.000000
COST 262144 4096 2 8 5.00 0.001 512 0.165520 2498.171 0.693914
COST 262144 8192 2 8 5.00 0.001 512 0.461419 6439.591 0.712160
COST 262144 16384 2 8 5.00 0.001 512 0.695501 11956.100 0.722784
COST 262144 32768 2 8 5.00 0.001 512 0.845648 17030.111 0.759477
COST 262144 65536 2 8 5.00 0.001 512 0.940343 20905.755 0.903207
COST 262144 131072 2 8 5.00 0.001 512 1.000000 23608.714 1.000000
COST 262144 4096 2 8 5.00 0.001 512 0.244739 2694.120 0.720799
COST 262144 8192 2 8 5.00 0.001 512 0.588167 6554.123 0.752477
COST 262144 16384 2 8 5.00 0.001 512 0.805826 10920.503 0.742207
COST 262144 32768 2 8 5.00 0.001 512 0.916725 13928.144 0.776464
COST 262144 65536 2 8 5.00 0.001 512 0.972241 15637.714 0.852801
COST 262144 131072 2 8 5.00 0.001 512 1.000000 16539.686 1.000000
COST 262144 4096 2 8 5.00 0.001 512 0.334221 2913.531 0.843468
COST 262144 8192 2 8 5.00 0.001 512 0.698559 6604.717 0.850722
COST 262144 16384 2 8 5.00 0.001 512 0.883565 9887.633 0.862313
COST 262144 32768 2 8 5.00 0.001 512 0.958441 11572.928 0.924325
COST 262144 65536 2 8 5.00 0.001 512 0.988192 12297.418 0.957518
COST 262144 131072 2 8 5.00 0.001 512 1.000000 12592.634 1.000000
COST 262144 4096 2 8 5.00 0.01 512 0.101394 2323.402 0.703435
COST 262144 8192 2 8 5.00 0.01 512 0.330538 6266.795 0.749990
COST 262144 16384 2 8 5.00 0.01 512 0.556828 12867.185 0.758656
COST 262144 32768 2 8 5.00 0.01 512 0.739561 20810.259 0.785036
COST 262144 65536 2 8 5.00 0.01 512 0.884754 29021.154 0.842396
COST 262144 131072 2 8 5.00 0.01 512 1.000000 36777.540 1.000000
COST 262144 4096 2 8 5.00 0.01 512 0.165520 2498.171 0.719825
COST 262144 8192 2 8 5.00 0.01 512 0.461419 6439.591 0.770274
COST 262144 16384 2 8 5.00 0.01 512 0.695501 11956.100 0.728070
COST 262144 32768 2 8 5.00 0.01 512 0.845648 17030.111 0.763291
COST 262144 65536 2 8 5.00 0.01 512 0.940343 20905.755 0.866588
COST 262144 131072 2 8 5.00 0.01 512 1.000000 23608.714 1.000000
COST 262144 4096 2 8 5.00 0.01 512 0.244739 2694.120 0.772800
COST 262144 8192 2 8 5.00 0.01 512 0.588167 6554.123 0.815700
COST 262144 16384 2 8 5.00 0.01 512 0.805826 10920.503 0.836900
COST 262144 32768 2 8 5.00 0.01 512 0.916725 13928.144 0.866165
COST 262144 65536 2 8 5.00 0.01 512 0.972241 15637.714 0.921519
COST 262144 131072 2 8 5.00 0.01 512 1.000000 16539.686 1.000000
COST 262144 4096 2 8 5.00 0.01 512 0.334221 2913.531 1.101760
COST 262144 8192 2 8 5.00 0.01 512 0.698559 6604.717 1.108605
COST 262144 16384 2 8 5.00 0.01 512 0.883565 9887.633 1.122506
COST 262144 32768 2 8 5.00 0.01 512 0.958441 11572.928 1.152695
COST 262144 65536 2 8 5.00 0.01 512 0.988192 12297.418 0.976478
COST 262144 131072 2 8 5.00 0.01 512 1.000000 12592.634 1.000000
COST 262144 4096 2 8 5.50 0.0001 512 0.101394 2323.402 0.707144
COST 262144 8192 2 8 5.50 0.0001 512 0.330538 6266.795 0.727876
COST 262144 16384 2 8 5.50 0.0001 512 0.556828 12867.185 0.726917
COST 262144 32768 2 8 5.50 0.0001 512 0.739561 20810.259 0.781332
COST 262144 65536 2 8 5.50 0.0001 512 0.884754 29021.154 0.842313
COST 262144 131072 2 8 5.50 0.0001 512 1.000000 36777.540 1.000000
COST 262144 4096 2 8 5.50 0.0001 512 0.165520 2498.171 0.718074
COST 262144 8192 2 8 5.50 0.0001 512 0.461419 6439.591 0.718375
COST 262144 16384 2 8 5.50 0.0001 512 0.695501 11956.100 0.729125
COST 262144 32768 2 8 5.50 0.0001 512 0.845648 17030.111 0.753549
COST 262144 65536 2 8 5.50 0.0001 512 0.940343 20905.755 0.850017
COST 262144 131072 2 8 5.50 0.0001 512 1.000000 23608.714 1.000000
COST 262144 4096 2 8 5.50 0.0001 512 0.244739 2694.120 0.785230
COST 262144 8192 2 8 5.50 0.0001 512 0.588167 6554.123 0.798572
COST 262144 16384 2 8 5.50 0.0001 512 0.805826 10920.503 0.809792
COST 262144 32768 2 8 5.50 0.0001 512 0.916725 13928.144 0.833305
COST 262144 65536 2 8 5.50 0.0001 512 0.972241 15637.714 0.927338
COST 262144 131072 2 8 5.50 0.0001 512 1.000000 16539.686 1.000000
COST 262144 4096 2 8 5.50 0.0001 512 0.334221 2913.531 1.527143
COST 262144 8192 2 8 5.50 0.0001 512 0.698559 6604.717 1.494540
COST 262144 16384 2 8 5.50 0.0001 512 0.883565 9887.633 1.542204
COST 262144 32768 2 8 5.50 0.0001 512 0.958441 11572.928 1.605424
COST 262144 65536 2 8 5.50 0.0001 512 0.988192 12297.418 1.271478
COST 262144 131072 2 8 5.50 0.0001 512 1.000000 12592.634 1.000000
COST 262144 4096 2 8 5.50 0.001 512 0.101394 2323.402 0.717147
COST 262144 8192 2 8 5.50 0.001 512 0.330538 6266.795 0.723683
COST 262144 16384 2 8 5.50 0.001 512 0.556828 12867.185 0.728205
COST 262144 32768 2 8 5.50 0.001 512 0.739561 20810.259 0.797113
COST 262144 65536 2 8 5.50 0.001 512 0.884754 29021.154 0.852383
COST 262144 131072 2 8 5.50 0.001 512 1.000000 36777.540 1.000000
COST 262144 4096 2 8 5.50 0.001 512 0.165520 2498.171 0.684880
COST 262144 8192 2 8 5.50 0.001 512 0.461419 6439.591 0.711678
COST 262144 16384 2 8 5.50 0.001 512 0.695501 11956.100 0.766232
COST 262144 32768 2 8 5.50 0.001 512 0.845648 17030.111 0.752206
COST 262144 65536 2 8 5.50 0.001 512 0.940343 20905.755 0.836470
COST 262144 131072 2 8 5.50 0.001 512 1.000000 23608.714 1.000000
COST 262144 4096 2 8 5.50 0.001 512 0.244739 2694.120 1.100241
COST 262144 8192 2 8 5.50 0.001 512 0.588167 6554.123 1.148391
COST 262144 16384 2 8 5.50 0.001 512 0.805826 10920.503 1.133310
COST 262144 32768 2 8 5.50 0.001 512 0.916725 13928.144 1.171514
COST 262144 65536 2 8 5.50 0.001 512 0.972241 15637.714 1.194427
COST 262144 131072 2 8 5.50 0.001 512 1.000000 16539.686 1.000000
COST 262144 4096 2 8 5.50 0.001 512 0.334221 2913.531 1.782178
COST 262144 8192 2 8 5.50 0.001 512 0.698559 6604.717 1.794872
COST 262144 16384 2 8 5.50 0.001 512 0.883565 9887.633 1.846218
COST 262144 32768 2 8 5.50 0.001 512 0.958441 11572.928 1.704408
COST 262144 65536 2 8 5.50 0.001 512 0.988192 12297.418 0.955362
COST 262144 131072 2 8 5.50 0.001 512 1.000000 12592.634 1.000000
COST 262144 4096 2 8 5.50 0.01 512 0.101394 2323.402 0.696386
COST 262144 8192 2 8 5.50 0.01 512 0.330538 6266.795 0.702825
COST 262144 16384 2 8 5.50 0.01 512 0.556828 12867.185 0.724020
COST 262144 32768 2 8 5.50 0.01 512 0.739561 20810.259 0.765630
COST 262144 65536 2 8 5.50 0.01 512 0.884754 29021.154 0.833127
COST 262144 131072 2 8 5.50 0.01 512 1.000000 36777.540 1.000000
COST 262144 4096 2 8 5.50 0.01 512 0.165520 2498.171 0.902459
COST 262144 8192 2 8 5.50 0.01 512 0.461419 6439.591 0.910232
COST 262144 16384 2 8 5.50 0.01 512 0.695501 11956.100 0.950192
COST 262144 32768 2 8 5.50 0.01 512 0.845648 17030.111 0.984286
COST 262144 65536 2 8 5.50 0.01 512 0.940343 20905.755 1.062409
COST 262144 131072 2 8 5.50 0.01 512 1.000000 23608.714 1.000000
COST 262144 4096 2 8 5.50 0.01 512 0.244739 2694.120 1.785515
COST 262144 8192 2 8 5.50 0.01 512 0.588167 6554.123 1.737234
COST 262144 16384 2 8 5.50 0.01 512 0.805826 10920.503 1.748006
COST 262144 32768 2 8 5.50 0.01 512 0.916725 13928.144 1.749821
COST 262144 65536 2 8 5.50 0.01 512 0.972241 15637.714 1.061998
COST 262144 131072 2 8 5.50 0.01 512 1.000000 16539.686 1.000000
COST 262144 4096 2 8 5.50 0.01 512 0.334221 2913.531 2.197413
COST 262144 8192 2 8 5.50 0.01 512 0.698559 6604.717 2.288598
COST 262144 16384 2 8 5.50 0.01 512 0.883565 9887.633 2.191563
COST 262144 32768 2 8 5.50 0.01 512 0.958441 11572.928 1.085059
COST 262144 65536 2 8 5.50 0.01 512 0.988192 12297.418 0.652453
COST 262144 131072 2 8 5.50 0.01 512 1.000000 12592.634 1.000000
COST 262144 4096 2 8 6.00 0.0001 512 0.101394 2323.402 0.688655
COST 262144 8192 2 8 6.00 0.0001 512 0.330538 6266.795 0.725012
COST 262144 16384 2 8 6.00 0.0001 512 0.556828 12867.185 0.733150
COST 262144 32768 2 8 6.00 0.0001 512 0.739561 20810.259 0.770986
COST 262144 65536 2 8 6.00 0.0001 512 0.884754 29021.154 0.831312
COST 262144 131072 2 8 6.00 0.0001 512 1.000000 36777.540 1.000000
COST 262144 4096 2 8 6.00 0.0001 512 0.165520 2498.171 0.828136
COST 262144 8192 2 8 6.00 0.0001 512 0.461419 6439.591 0.831896
COST 262144 16384 2 8 6.00 0.0001 512 0.695501 11956.100 0.866926
COST 262144 32768 2 8 6.00 0.0001 512 0.845648 17030.111 0.882809
COST 262144 65536 2 8 6.00 0.0001 512 0.940343 20905.755 0.975388
COST 262144 131072 2 8 6.00 0.0001 512 1.000000 23608.714 1.000000
COST 262144 4096 2 8 6.00 0.0001 512 0.244739 2694.120 1.671506
COST 262144 8192 2 8 6.00 0.0001 512 0.588167 6554.123 1.699777
COST 262144 16384 2 8 6.00 0.0001 512 0.805826 10920.503 1.717217
COST 262144 32768 2 8 6.00 0.0001 512 0.916725 13928.144 1.793881
COST 262144 65536 2 8 6.00 0.0001 512 0.972241 15637.714 1.385256
COST 262144 131072 2 8 6.00 0.0001 512 1.000000 16539.686 1.000000
COST 262144 4096 2 8 6.00 0.0001 512 0.334221 2913.531 2.116489
COST 262144 8192 2 8 6.00 0.0001 512 0.698559 6604.717 2.147154
COST 262144 16384 2 8 6.00 0.0001 512 0.883565 9887.633 2.131387
COST 262144 32768 2 8 6.00 0.0001 512 0.958441 11572.928 1.428725
COST 262144 65536 2 8 6.00 0.0001 512 0.988192 12297.418 0.634842
COST 262144 131072 2 8 6.00 0.0001 512 1.000000 12592.634 1.000000
COST 262144 4096 2 8 6.00 0.001 512 0.101394 2323.402 0.720897
COST 262144 8192 2 8 6.00 0.001 512 0.330538 6266.795 0.721323
COST 262144 16384 2 8 6.00 0.001 512 0.556828 12867.185 0.762277
COST 262144 32768 2 8 6.00 0.001 512 0.739561 20810.259 0.789350
COST 262144 65536 2 8 6.00 0.001 512 0.884754 29021.154 0.866683
COST 262144 131072 2 8 6.00 0.001 512 1.000000 36777.540 1.000000
COST 262144 4096 2 8 6.00 0.001 512 0.165520 2498.171 1.100353
COST 262144 8192 2 8 6.00 0.001 512 0.461419 6439.591 1.151020
COST 262144 16384 2 8 6.00 0.001 512 0.695501 11956.100 1.194461
COST 262144 32768 2 8 6.00 0.001 512 0.845648 17030.111 1.217710
COST 262144 65536 2 8 6.00 0.001 512 0.940343 20905.755 1.303452
COST 262144 131072 2 8 6.00 0.001 512 1.000000 23608.714 1.000000
COST 262144 4096 2 8 6.00 0.001 512 0.244739 2694.120 1.942905
COST 262144 8192 2 8 6.00 0.001 512 0.588167 6554.123 2.023641
COST 262144 16384 2 8 6.00 0.001 512 0.805826 10920.503 2.006143
COST 262144 32768 2 8 6.00 0.001 512 0.916725 13928.144 1.845478
COST 262144 65536 2 8 6.00 0.001 512 0.972241 15637.714 0.892590
COST 262144 131072 2 8 6.00 0.001 512 1.000000 16539.686 1.000000
COST 262144 4096 2 8 6.00 0.001 512 0.334221 2913.531 2.091314
COST 262144 8192 2 8 6.00 0.001 512 0.698559 6604.717 2.172513
COST 262144 16384 2 8 6.00 0.001 512 0.883565 9887.633 2.146725
COST 262144 32768 2 8 6.00 0.001 512 0.958441 11572.928 0.715155
COST 262144 65536 2 8 6.00 0.001 512 0.988192 12297.418 0.532649
COST 262144 131072 2 8 6.00 0.001 512 1.000000 12592.634 1.000000
COST 262144 4096 2 8 6.00 0.01 512 0.101394 2323.402 0.898422
COST 262144 8192 2 8 6.00 0.01 512 0.330538 6266.795 0.858706
COST 262144 16384 2 8 6.00 0.01 512 0.556828 12867.185 0.930781
COST 262144 32768 2 8 6.00 0.01 512 0.739561 20810.259 0.985824
COST 262144 65536 2 8 6.00 0.01 512 0.884754 29021.154 1.023907
COST 262144 131072 2 8 6.00 0.01 512 1.000000 36777.540 1.000000
COST 262144 4096 2 8 6.00 0.01 512 0.165520 2498.171 1.893940
COST 262144 8192 2 8 6.00 0.01 512 0.461419 6439.591 1.940165
COST 262144 16384 2 8 6.00 0.01 512 0.695501 11956.100 2.035513
COST 262144 32768 2 8 6.00 0.01 512 0.845648 17030.111 2.018247
COST 262144 65536 2 8 6.00 0.01 512 0.940343 20905.755 1.172274
COST 262144 131072 2 8 6.00 0.01 512 1.000000 23608.714 1.000000
COST 262144 4096 2 8 6.00 0.01 512 0.244739 2694.120 2.378732
COST 262144 8192 2 8 6.00 0.01 512 0.588167 6554.123 2.429515
COST 262144 16384 2 8 6.00 0.01 512 0.805826 10920.503 2.362356
COST 262144 32768 2 8 6.00 0.01 512 0.916725 13928.144 0.969656
COST 262144 65536 2 8 6.00 0.01 512 0.972241 15637.714 0.540461
COST 262144 131072 2 8 6.00 0.01 512 1.000000 16539.686 1.000000
COST 262144 4096 2 8 6.00 0.01 512 0.334221 2913.531 2.358215
COST 262144 8192 2 8 6.00 0.01 512 0.698559 6604.717 2.369117
COST 262144 16384 2 8 6.00 0.01 512 0.883565 9887.633 1.165450
COST 262144 32768 2 8 6.00 0.01 512 0.958441 11572.928 0.348972
COST 262144 65536 2 8 6.00 0.01 512 0.988192 12297.418 0.447990
COST 262144 131072 2 8 6.00 0.01 512 1.000000 12592.634 1.000000
COST 262144 4096 2 8 6.50 0.0001 512 0.101394 2323.402 0.744754
COST 262144 8192 2 8 6.50 0.0001 512 0.330538 6266.795 0.762983
COST 262144 16384 2 8 6.50 0.0001 512 0.556828 12867.185 0.779896
COST 262144 32768 2 8 6.50 0.0001 512 0.739561 20810.259 0.776043
COST 262144 65536 2 8 6.50 0.0001 512 0.884754 29021.154 0.851252
COST 262144 131072 2 8 6.50 0.0001 512 1.000000 36777.540 1.000000
COST 262144 4096 2 8 6.50 0.0001 512 0.165520 2498.171 1.579168
COST 262144 8192 2 8 6.50 0.0001 512 0.461419 6439.591 1.581052
COST 262144 16384 2 8 6.50 0.0001 512 0.695501 11956.100 1.647535
COST 262144 32768 2 8 6.50 0.0001 512 0.845648 17030.111 1.765974
COST 262144 65536 2 8 6.50 0.0001 512 0.940343 20905.755 1.675302
COST 262144 131072 2 8 6.50 0.0001 512 1.000000 23608.714 1.000000
COST 262144 4096 2 8 6.50 0.0001 512 0.244739 2694.120 2.361477
COST 262144 8192 2 8 6.50 0.0001 512 0.588167 6554.123 2.365117
COST 262144 16384 2 8 6.50 0.0001 512 0.805826 10920.503 2.379523
COST 262144 32768 2 8 6.50 0.0001 512 0.916725 13928.144 1.953762
COST 262144 65536 2 8 6.50 0.0001 512 0.972241 15637.714 0.710552
COST 262144 131072 2 8 6.50 0.0001 512 1.000000 16539.686 1.000000
COST 262144 4096 2 8 6.50 0.0001 512 0.334221 2913.531 2.255613
COST 262144 8192 2 8 6.50 0.0001 512 0.698559 6604.717 2.301498
COST 262144 16384 2 8 6.50 0.0001 512 0.883565 9887.633 2.099219
COST 262144 32768 2 8 6.50 0.0001 512 0.958441 11572.928 0.457400
COST 262144 65536 2 8 6.50 0.0001 512 0.988192 12297.418 0.456709
COST 262144 131072 2 8 6.50 0.0001 512 1.000000 12592.634 1.000000
COST 262144 4096 2 8 6.50 0.001 512 0.101394 2323.402 0.850495
COST 262144 8192 2 8 6.50 0.001 512 0.330538 6266.795 0.883199
COST 262144 16384 2 8 6.50 0.001 512 0.556828 12867.185 0.906686
COST 262144 32768 2 8 6.50 0.001 512 0.739561 20810.259 0.928438
COST 262144 65536 2 8 6.50 0.001 512 0.884754 29021.154 1.035146
COST 262144 131072 2 8 6.50 0.001 512 1.000000 36777.540 1.000000
COST 262144 4096 2 8 6.50 0.001 512 0.165520 2498.171 2.157937
COST 262144 8192 2 8 6.50 0.001 512 0.461419 6439.591 2.202283
COST 262144 16384 2 8 6.50 0.001 512 0.695501 11956.100 2.289416
COST 262144 32768 2 8 6.50 0.001 512 0.845648 17030.111 2.432724
COST 262144 65536 2 8 6.50 0.001 512 0.940343 20905.755 1.273070
COST 262144 131072 2 8 6.50 0.001 512 1.000000 23608.714 1.000000
COST 262144 4096 2 8 6.50 0.001 512 0.244739 2694.120 2.320085
COST 262144 8192 2 8 6.50 0.001 512 0.588167 6554.123 2.283711
COST 262144 16384 2 8 6.50 0.001 512 0.805826 10920.503 2.356850
COST 262144 32768 2 8 6.50 0.001 512 0.916725 13928.144 0.802995
COST 262144 65536 2 8 6.50 0.001 512 0.972241 15637.714 0.483931
COST 262144 131072 2 8 6.50 0.001 512 1.000000 16539.686 1.000000
COST 262144 4096 2 8 6.50 0.001 512 0.334221 2913.531 2.362489
COST 262144 8192 2 8 6.50 0.001 512 0.698559 6604.717 2.390137
COST 262144 16384 2 8 6.50 0.001 512 0.883565 9887.633 1.198870
COST 262144 32768 2 8 6.50 0.001 512 0.958441 11572.928 0.282858
COST 262144 65536 2 8 6.50 0.001 512 0.988192 12297.418 0.435189
COST 262144 131072 2 8 6.50 0.001 512 1.000000 12592.634 1.000000
COST 262144 4096 2 8 6.50 0.01 512 0.101394 2323.402 1.648416
COST 262144 8192 2 8 6.50 0.01 512 0.330538 6266.795 1.731785
COST 262144 16384 2 8 6.50 0.01 512 0.556828 12867.185 1.725620
COST 262144 32768 2 8 6.50 0.01 512 0.739561 20810.259 1.807184
COST 262144 65536 2 8 6.50 0.01 512 0.884754 29021.154 1.463677
COST 262144 131072 2 8 6.50 0.01 512 1.000000 36777.540 1.000000
COST 262144 4096 2 8 6.50 0.01 512 0.165520 2498.171 2.360548
COST 262144 8192 2 8 6.50 0.01 512 0.461419 6439.591 2.401972
COST 262144 16384 2 8 6.50 0.01 512 0.695501 11956.100 2.432377
COST 262144 32768 2 8 6.50 0.01 512 0.845648 17030.111 1.594344
COST 262144 65536 2 8 6.50 0.01 512 0.940343 20905.755 0.578366
COST 262144 131072 2 8 6.50 0.01 512 1.000000 23608.714 1.000000
COST 262144 4096 2 8 6.50 0.01 512 0.244739 2694.120 2.287193
COST 262144 8192 2 8 6.50 0.01 512 0.588167 6554.123 2.311407
COST 262144 16384 2 8 6.50 0.01 512 0.805826 10920.503 1.208015
COST 262144 32768 2 8 6.50 0.01 512 0.916725 13928.144 0.308672
COST 262144 65536 2 8 6.50 0.01 512 0.972241 15637.714 0.452750
COST 262144 131072 2 8 6.50 0.01 512 1.000000 16539.686 1.000000
COST 262144 4096 2 8 6.50 0.01 512 0.334221 2913.531 2.293898
COST 262144 8192 2 8 6.50 0.01 512 0.698559 6604.717 2.199728
COST 262144 16384 2 8 6.50 0.01 512 0.883565 9887.633 0.260075
COST 262144 32768 2 8 6.50 0.01 512 0.958441 11572.928 0.198746
COST 262144 65536 2 8 6.50 0.01 512 0.988192 12297.418 0.435311
COST 262144 131072 2 8 6.50 0.01 512 1.000000 12592.634 1.000000
COST 32768 512 2 8 5.00 0.0001 512 0.101178 290.065 0.732194
COST 32768 1024 2 8 5.00 0.0001 512 0.330389 782.926 0.692360
COST 32768 2048 2 8 5.00 0.0001 512 0.556768 1608.110 0.716977
COST 32768 4096 2 8 5.00 0.0001 512 0.739539 2601.124 0.795185
COST 32768 8192 2 8 5.00 0.0001 512 0.884747 3627.567 0.864720
COST 32768 16384 2 8 5.00 0.0001 512 1.000000 4597.157 1.000000
COST 32768 512 2 8 5.00 0.0001 512 0.165205 311.891 0.709316
COST 32768 1024 2 8 5.00 0.0001 512 0.461245 804.552 0.688423
COST 32768 2048 2 8 5.00 0.0001 512 0.695444 1494.300 0.700339
COST 32768 4096 2 8 5.00 0.0001 512 0.845632 2128.677 0.773389
COST 32768 8192 2 8 5.00 0.0001 512 0.940339 2613.188 0.920729
COST 32768 16384 2 8 5.00 0.0001 512 1.000000 2951.079 1.000000
COST 32768 512 2 8 5.00 0.0001 512 0.244329 336.365 0.780905
COST 32768 1024 2 8 5.00 0.0001 512 0.587987 818.907 0.807241
COST 32768 2048 2 8 5.00 0.0001 512 0.805779 1364.917 0.827833
COST 32768 4096 2 8 5.00 0.0001 512 0.916714 1740.974 0.885738
COST 32768 8192 2 8 5.00 0.0001 512 0.972238 1954.702 1.012096
COST 32768 16384 2 8 5.00 0.0001 512 1.000000 2067.458 1.000000
COST 32768 512 2 8 5.00 0.0001 512 0.333735 363.773 1.439727
COST 32768 1024 2 8 5.00 0.0001 512 0.698389 825.281 1.340762
COST 32768 2048 2 8 5.00 0.0001 512 0.883530 1235.861 1.326007
COST 32768 4096 2 8 5.00 0.0001 512 0.958434 1446.595 1.368874
COST 32768 8192 2 8 5.00 0.0001 512 0.988191 1537.173 1.092302
COST 32768 16384 2 8 5.00 0.0001 512 1.000000 1574.078 1.000000
COST 32768 512 2 8 5.00 0.001 512 0.101178 290.065 0.666941
COST 32768 1024 2 8 5.00 0.001 512 0.330389 782.926 0.699337
COST 32768 2048 2 8 5.00 0.001 512 0.556768 1608.110 0.719462
COST 32768 4096 2 8 5.00 0.001 512 0.739539 2601.124 0.747934
COST 32768 8192 2 8 5.00 0.001 512 0.884747 3627.567 0.813398
COST 32768 16384 2 8 5.00 0.001 512 1.000000 4597.157 1.000000
COST 32768 512 2 8 5.00 0.001 512 0.165205 311.891 0.764432
COST 32768 1024 2 8 5.00 0.001 512 0.461245 804.552 0.750201
COST 32768 2048 2 8 5.00 0.001 512 0.695444 1494.300 0.751525
COST 32768 4096 2 8 5.00 0.001 512 0.845632 2128.677 0.782387
COST 32768 8192 2 8 5.00 0.001 512 0.940339 2613.188 0.856818
COST 32768 16384 2 8 5.00 0.001 512 1.000000 2951.079 1.000000
COST 32768 512 2 8 5.00 0.001 512 0.244329 336.365 1.005713
COST 32768 1024 2 8 5.00 0.001 512 0.587987 818.907 1.048632
COST 32768 2048 2 8 5.00 0.001 512 0.805779 1364.917 1.000549
COST 32768 4096 2 8 5.00 0.001 512 0.916714 1740.974 1.066227
COST 32768 8192 2 8 5.00 0.001 512 0.972238 1954.702 1.004792
COST 32768 16384 2 8 5.00 0.001 512 1.000000 2067.458 1.000000
COST 32768 512 2 8 5.00 0.001 512 0.333735 363.773 1.607774
COST 32768 1024 2 8 5.00 0.001 512 0.698389 825.281 1.758273
COST 32768 2048 2 8 5.00 0.001 512 0.883530 1235.861 1.671268
COST 32768 4096 2 8 5.00 0.001 512 0.958434 1446.595 1.421647
COST 32768 8192 2 8 5.00 0.001 512 0.988191 1537.173 0.944061
COST 32768 16384 2 8 5.00 0.001 512 1.000000 1574.078 1.000000
COST 32768 512 2 8 5.00 0.01 512 0.101178 290.065 0.662595
COST 32768 1024 2 8 5.00 0.01 512 0.330389 782.926 0.675796
COST 32768 2048 2 8 5.00 0.01 512 0.556768 1608.110 0.739144
COST 32768 4096 2 8 5.00 0.01 512 0.739539 2601.124 0.752875
COST 32768 8192 2 8 5.00 0.01 512 0.884747 3627.567 0.829370
COST 32768 16384 2 8 5.00 0.01 512 1.000000 4597.157 1.000000
COST 32768 512 2 8 5.00 0.01 512 0.165205 311.891 0.875863
COST 32768 1024 2 8 5.00 0.01 512 0.461245 804.552 0.881227
COST 32768 2048 2 8 5.00 0.01 512 0.695444 1494.300 0.954286
COST 32768 4096 2 8 5.00 0.01 512 0.845632 2128.677 0.954759
COST 32768 8192 2 8 5.00 0.01 512 0.940339 2613.188 0.958155
COST 32768 16384 2 8 5.00 0.01 512 1.000000 2951.079 1.000000
COST 32768 512 2 8 5.00 0.01 512 0.244329 336.365 1.546897
COST 32768 1024 2 8 5.00 0.01 512 0.587987 818.907 1.558733
COST 32768 2048 2 8 5.00 0.01 512 0.805779 1364.917 1.659966
COST 32768 4096 2 8 5.00 0.01 512 0.916714 1740.974 1.438559
COST 32768 8192 2 8 5.00 0.01 512 0.972238 1954.702 1.044731
COST 32768 16384 2 8 5.00 0.01 512 1.000000 2067.458 1.000000
COST 32768 512 2 8 5.00 0.01 512 0.333735 363.773 1.916877
COST 32768 1024 2 8 5.00 0.01 512 0.698389 825.281 1.928653
COST 32768 2048 2 8 5.00 0.01 512 0.883530 1235.861 1.657314
COST 32768 4096 2 8 5.00 0.01 512 0.958434 1446.595 0.947353
COST 32768 8192 2 8 5.00 0.01 512 0.988191 1537.173 0.669076
COST 32768 16384 2 8 5.00 0.01 512 1.000000 1574.078 1.000000
COST 32768 512 2 8 5.50 0.0001 512 0.101178 290.065 0.713834
COST 32768 1024 2 8 5.50 0.0001 512 0.330389 782.926 0.732409
COST 32768 2048 2 8 5.50 0.0001 512 0.556768 1608.110 0.718828
COST 32768 4096 2 8 5.50 0.0001 512 0.739539 2601.124 0.748391
COST 32768 8192 2 8 5.50 0.0001 512 0.884747 3627.567 0.840895
COST 32768 16384 2 8 5.50 0.0001 512 1.000000 4597.157 1.000000
COST 32768 512 2 8 5.50 0.0001 512 0.165205 311.891 0.814336
COST 32768 1024 2 8 5.50 0.0001 512 0.461245 804.552 0.795137
COST 32768 2048 2 8 5.50 0.0001 512 0.695444 1494.300 0.828791
COST 32768 4096 2 8 5.50 0.0001 512 0.845632 2128.677 0.912712
COST 32768 8192 2 8 5.50 0.0001 512 0.940339 2613.188 0.996512
COST 32768 16384 2 8 5.50 0.0001 512 1.000000 2951.079 1.000000
COST 32768 512 2 8 5.50 0.0001 512 0.244329 336.365 1.549450
COST 32768 1024 2 8 5.50 0.0001 512 0.587987 818.907 1.557036
COST 32768 2048 2 8 5.50 0.0001 512 0.805779 1364.917 1.629183
COST 32768 4096 2 8 5.50 0.0001 512 0.916714 1740.974 1.697645
COST 32768 8192 2 8 5.50 0.0001 512 0.972238 1954.702 1.242784
COST 32768 16384 2 8 5.50 0.0001 512 1.000000 2067.458 1.000000
COST 32768 512 2 8 5.50 0.0001 512 0.333735 363.773 2.068702
COST 32768 1024 2 8 5.50 0.0001 512 0.698389 825.281 2.142578
COST 32768 2048 2 8 5.50 0.0001 512 0.883530 1235.861 2.138771
COST 32768 4096 2 8 5.50 0.0001 512 0.958434 1446.595 1.274326
COST 32768 8192 2 8 5.50 0.0001 512 0.988191 1537.173 0.685417
COST 32768 16384 2 8 5.50 0.0001 512 1.000000 1574.078 1.000000
COST 32768 512 2 8 5.50 0.001 512 0.101178 290.065 0.674850
COST 32768 1024 2 8 5.50 0.001 512 0.330389 782.926 0.688387
COST 32768 2048 2 8 5.50 0.001 512 0.556768 1608.110 0.744125
COST 32768 4096 2 8 5.50 0.001 512 0.739539 2601.124 0.755699
COST 32768 8192 2 8 5.50 0.001 512 0.884747 3627.567 0.820000
COST 32768 16384 2 8 5.50 0.001 512 1.000000 4597.157 1.000000
COST 32768 512 2 8 5.50 0.001 512 0.165205 311.891 1.101078
COST 32768 1024 2 8 5.50 0.001 512 0.461245 804.552 1.089622
COST 32768 2048 2 8 5.50 0.001 512 0.695444 1494.300 1.114143
COST 32768 4096 2 8 5.50 0.001 512 0.845632 2128.677 1.216320
COST 32768 8192 2 8 5.50 0.001 512 0.940339 2613.188 1.186232
COST 32768 16384 2 8 5.50 0.001 512 1.000000 2951.079 1.000000
COST 32768 512 2 8 5.50 0.001 512 0.244329 336.365 1.884255
COST 32768 1024 2 8 5.50 0.001 512 0.587987 818.907 1.922450
COST 32768 2048 2 8 5.50 0.001 512 0.805779 1364.917 1.954387
COST 32768 4096 2 8 5.50 0.001 512 0.916714 1740.974 1.609223
COST 32768 8192 2 8 5.50 0.001 512 0.972238 1954.702 0.898673
COST 32768 16384 2 8 5.50 0.001 512 1.000000 2067.458 1.000000
COST 32768 512 2 8 5.50 0.001 512 0.333735 363.773 2.181489
COST 32768 1024 2 8 5.50 0.001 512 0.698389 825.281 2.455602
COST 32768 2048 2 8 5.50 0.001 512 0.883530 1235.861 1.938066
COST 32768 4096 2 8 5.50 0.001 512 0.958434 1446.595 0.750454
COST 32768 8192 2 8 5.50 0.001 512 0.988191 1537.173 0.587878
COST 32768 16384 2 8 5.50 0.001 512 1.000000 1574.078 1.000000
COST 32768 512 2 8 5.50 0.01 512 0.101178 290.065 0.887736
COST 32768 1024 2 8 5.50 0.01 512 0.330389 782.926 0.897622
COST 32768 2048 2 8 5.50 0.01 512 0.556768 1608.110 0.978042
COST 32768 4096 2 8 5.50 0.01 512 0.739539 2601.124 0.994365
COST 32768 8192 2 8 5.50 0.01 512 0.884747 3627.567 1.055100
COST 32768 16384 2 8 5.50 0.01 512 1.000000 4597.157 1.000000
COST 32768 512 2 8 5.50 0.01 512 0.165205 311.891 1.694820
COST 32768 1024 2 8 5.50 0.01 512 0.461245 804.552 1.715894
COST 32768 2048 2 8 5.50 0.01 512 0.695444 1494.300 1.915400
COST 32768 4096 2 8 5.50 0.01 512 0.845632 2128.677 1.788649
COST 32768 8192 2 8 5.50 0.01 512 0.940339 2613.188 0.973839
COST 32768 16384 2 8 5.50 0.01 512 1.000000 2951.079 1.000000
COST 32768 512 2 8 5.50 0.01 512 0.244329 336.365 2.186100
COST 32768 1024 2 8 5.50 0.01 512 0.587987 818.907 2.264823
COST 32768 2048 2 8 5.50 0.01 512 0.805779 1364.917 1.808872
COST 32768 4096 2 8 5.50 0.01 512 0.916714 1740.974 0.823193
COST 32768 8192 2 8 5.50 0.01 512 0.972238 1954.702 0.562093
COST 32768 16384 2 8 5.50 0.01 512 1.000000 2067.458 1.000000
COST 32768 512 2 8 5.50 0.01 512 0.333735 363.773 2.307109
COST 32768 1024 2 8 5.50 0.01 512 0.698389 825.281 2.320384
COST 32768 2048 2 8 5.50 0.01 512 0.883530 1235.861 0.805807
COST 32768 4096 2 8 5.50 0.01 512 0.958434 1446.595 0.370912
COST 32768 8192 2 8 5.50 0.01 512 0.988191 1537.173 0.504064
COST 32768 16384 2 8 5.50 0.01 512 1.000000 1574.078 1.000000
COST 32768 512 2 8 6.00 0.0001 512 0.101178 290.065 0.692001
COST 32768 1024 2 8 6.00 0.0001 512 0.330389 782.926 0.721443
COST 32768 2048 2 8 6.00 0.0001 512 0.556768 1608.110 0.743472
COST 32768 4096 2 8 6.00 0.0001 512 0.739539 2601.124 0.778880
COST 32768 8192 2 8 6.00 0.0001 512 0.884747 3627.567 0.887099
COST 32768 16384 2 8 6.00 0.0001 512 1.000000 4597.157 1.000000
COST 32768 512 2 8 6.00 0.0001 512 0.165205 311.891 1.494500
COST 32768 1024 2 8 6.00 0.0001 512 0.461245 804.552 1.495463
COST 32768 2048 2 8 6.00 0.0001 512 0.695444 1494.300 1.570284
COST 32768 4096 2 8 6.00 0.0001 512 0.845632 2128.677 1.607496
COST 32768 8192 2 8 6.00 0.0001 512 0.940339 2613.188 1.489928
COST 32768 16384 2 8 6.00 0.0001 512 1.000000 2951.079 1.000000
COST 32768 512 2 8 6.00 0.0001 512 0.244329 336.365 2.152147
COST 32768 1024 2 8 6.00 0.0001 512 0.587987 818.907 2.223293
COST 32768 2048 2 8 6.00 0.0001 512 0.805779 1364.917 2.277895
COST 32768 4096 2 8 6.00 0.0001 512 0.916714 1740.974 1.638089
COST 32768 8192 2 8 6.00 0.0001 512 0.972238 1954.702 0.796768
COST 32768 16384 2 8 6.00 0.0001 512 1.000000 2067.458 1.000000
COST 32768 512 2 8 6.00 0.0001 512 0.333735 363.773 2.278731
COST 32768 1024 2 8 6.00 0.0001 512 0.698389 825.281 2.264002
COST 32768 2048 2 8 6.00 0.0001 512 0.883530 1235.861 1.648296
COST 32768 4096 2 8 6.00 0.0001 512 0.958434 1446.595 0.482533
COST 32768 8192 2 8 6.00 0.0001 512 0.988191 1537.173 0.517089
COST 32768 16384 2 8 6.00 0.0001 512 1.000000 1574.078 1.000000
COST 32768 512 2 8 6.00 0.001 512 0.101178 290.065 1.017613
COST 32768 1024 2 8 6.00 0.001 512 0.330389 782.926 0.911090
COST 32768 2048 2 8 6.00 0.001 512 0.556768 1608.110 1.004083
COST 32768 4096 2 8 6.00 0.001 512 0.739539 2601.124 0.997541
COST 32768 8192 2 8 6.00 0.001 512 0.884747 3627.567 1.081873
COST 32768 16384 2 8 6.00 0.001 512 1.000000 4597.157 1.000000
COST 32768 512 2 8 6.00 0.001 512 0.165205 311.891 1.927176
COST 32768 1024 2 8 6.00 0.001 512 0.461245 804.552 1.939574
COST 32768 2048 2 8 6.00 0.001 512 0.695444 1494.300 2.005106
COST 32768 4096 2 8 6.00 0.001 512 0.845632 2128.677 1.977259
COST 32768 8192 2 8 6.00 0.001 512 0.940339 2613.188 1.067245
COST 32768 16384 2 8 6.00 0.001 512 1.000000 2951.079 1.000000
COST 32768 512 2 8 6.00 0.001 512 0.244329 336.365 2.134474
COST 32768 1024 2 8 6.00 0.001 512 0.587987 818.907 2.157337
COST 32768 2048 2 8 6.00 0.001 512 0.805779 1364.917 2.006151
COST 32768 4096 2 8 6.00 0.001 512 0.916714 1740.974 0.738881
COST 32768 8192 2 8 6.00 0.001 512 0.972238 1954.702 0.542652
COST 32768 16384 2 8 6.00 0.001 512 1.000000 2067.458 1.000000
COST 32768 512 2 8 6.00 0.001 512 0.333735 363.773 2.224587
COST 32768 1024 2 8 6.00 0.001 512 0.698389 825.281 2.268156
COST 32768 2048 2 8 6.00 0.001 512 0.883530 1235.861 0.792227
COST 32768 4096 2 8 6.00 0.001 512 0.958434 1446.595 0.327864
COST 32768 8192 2 8 6.00 0.001 512 0.988191 1537.173 0.494684
COST 32768 16384 2 8 6.00 0.001 512 1.000000 1574.078 1.000000
COST 32768 512 2 8 6.00 0.01 512 0.101178 290.065 1.587480
COST 32768 1024 2 8 6.00 0.01 512 0.330389 782.926 1.597774
COST 32768 2048 2 8 6.00 0.01 512 0.556768 1608.110 1.651631
COST 32768 4096 2 8 6.00 0.01 512 0.739539 2601.124 1.773533
COST 32768 8192 2 8 6.00 0.01 512 0.884747 3627.567 1.101411
COST 32768 16384 2 8 6.00 0.01 512 1.000000 4597.157 1.000000
COST 32768 512 2 8 6.00 0.01 512 0.165205 311.891 2.113447
COST 32768 1024 2 8 6.00 0.01 512 0.461245 804.552 2.196697
COST 32768 2048 2 8 6.00 0.01 512 0.695444 1494.300 2.373227
COST 32768 4096 2 8 6.00 0.01 512 0.845632 2128.677 1.110586
COST 32768 8192 2 8 6.00 0.01 512 0.940339 2613.188 0.621513
COST 32768 16384 2 8 6.00 0.01 512 1.000000 2951.079 1.000000
COST 32768 512 2 8 6.00 0.01 512 0.244329 336.365 2.360206
COST 32768 1024 2 8 6.00 0.01 512 0.587987 818.907 2.266428
COST 32768 2048 2 8 6.00 0.01 512 0.805779 1364.917 0.875663
COST 32768 4096 2 8 6.00 0.01 512 0.916714 1740.974 0.344661
COST 32768 8192 2 8 6.00 0.01 512 0.972238 1954.702 0.503796
COST 32768 16384 2 8 6.00 0.01 512 1.000000 2067.458 1.000000
COST 32768 512 2 8 6.00 0.01 512 0.333735 363.773 2.299931
COST 32768 1024 2 8 6.00 0.01 512 0.698389 825.281 1.842987
COST 32768 2048 2 8 6.00 0.01 512 0.883530 1235.861 0.253777
COST 32768 4096 2 8 6.00 0.01 512 0.958434 1446.595 0.252398
COST 32768 8192 2 8 6.00 0.01 512 0.988191 1537.173 0.489907
COST 32768 16384 2 8 6.00 0.01 512 1.000000 1574.078 1.000000
COST 32768 512 2 8 6.50 0.0001 512 0.101178 290.065 1.125889
COST 32768 1024 2 8 6.50 0.0001 512 0.330389 782.926 1.124601
COST 32768 2048 2 8 6.50 0.0001 512 0.556768 1608.110 1.208736
COST 32768 4096 2 8 6.50 0.0001 512 0.739539 2601.124 1.227992
COST 32768 8192 2 8 6.50 0.0001 512 0.884747 3627.567 1.339743
COST 32768 16384 2 8 6.50 0.0001 512 1.000000 4597.157 1.000000
COST 32768 512 2 8 6.50 0.0001 512 0.165205 311.891 2.077128
COST 32768 1024 2 8 6.50 0.0001 512 0.461245 804.552 2.256400
COST 32768 2048 2 8 6.50 0.0001 512 0.695444 1494.300 2.180337
COST 32768 4096 2 8 6.50 0.0001 512 0.845632 2128.677 2.210045
COST 32768 8192 2 8 6.50 0.0001 512 0.940339 2613.188 0.960377
COST 32768 16384 2 8 6.50 0.0001 512 1.000000 2951.079 1.000000
COST 32768 512 2 8 6.50 0.0001 512 0.244329 336.365 2.249552
COST 32768 1024 2 8 6.50 0.0001 512 0.587987 818.907 2.395217
COST 32768 2048 2 8 6.50 0.0001 512 0.805779 1364.917 1.990508
COST 32768 4096 2 8 6.50 0.0001 512 0.916714 1740.974 0.619919
COST 32768 8192 2 8 6.50 0.0001 512 0.972238 1954.702 0.506154
COST 32768 16384 2 8 6.50 0.0001 512 1.000000 2067.458 1.000000
COST 32768 512 2 8 6.50 0.0001 512 0.333735 363.773 2.288191
COST 32768 1024 2 8 6.50 0.0001 512 0.698389 825.281 2.407744
COST 32768 2048 2 8 6.50 0.0001 512 0.883530 1235.861 0.642119
COST 32768 4096 2 8 6.50 0.0001 512 0.958434 1446.595 0.289010
COST 32768 8192 2 8 6.50 0.0001 512 0.988191 1537.173 0.501781
COST 32768 16384 2 8 6.50 0.0001 512 1.000000 1574.078 1.000000
COST 32768 512 2 8 6.50 0.001 512 0.101178 290.065 1.587428
COST 32768 1024 2 8 6.50 0.001 512 0.330389 782.926 1.649181
COST 32768 2048 2 8 6.50 0.001 512 0.556768 1608.110 1.738235
COST 32768 4096 2 8 6.50 0.001 512 0.739539 2601.124 1.744007
COST 32768 8192 2 8 6.50 0.001 512 0.884747 3627.567 1.386422
COST 32768 16384 2 8 6.50 0.001 512 1.000000 4597.157 1.000000
COST 32768 512 2 8 6.50 0.001 512 0.165205 311.891 2.369967
COST 32768 1024 2 8 6.50 0.001 512 0.461245 804.552 2.264134
COST 32768 2048 2 8 6.50 0.001 512 0.695444 1494.300 2.286994
COST 32768 4096 2 8 6.50 0.001 512 0.845632 2128.677 1.246155
COST 32768 8192 2 8 6.50 0.001 512 0.940339 2613.188 0.623124
COST 32768 16384 2 8 6.50 0.001 512 1.000000 2951.079 1.000000
COST 32768 512 2 8 6.50 0.001 512 0.244329 336.365 2.248814
COST 32768 1024 2 8 6.50 0.001 512 0.587987 818.907 2.213705
COST 32768 2048 2 8 6.50 0.001 512 0.805779 1364.917 1.125104
COST 32768 4096 2 8 6.50 0.001 512 0.916714 1740.974 0.285373
COST 32768 8192 2 8 6.50 0.001 512 0.972238 1954.702 0.450373
COST 32768 16384 2 8 6.50 0.001 512 1.000000 2067.458 1.000000
COST 32768 512 2 8 6.50 0.001 512 0.333735 363.773 2.487671
COST 32768 1024 2 8 6.50 0.001 512 0.698389 825.281 2.091415
COST 32768 2048 2 8 6.50 0.001 512 0.883530 1235.861 0.251970
COST 32768 4096 2 8 6.50 0.001 512 0.958434 1446.595 0.240077
COST 32768 8192 2 8 6.50 0.001 512 0.988191 1537.173 0.491720
COST 32768 16384 2 8 6.50 0.001 512 1.000000 1574.078 1.000000
COST 32768 512 2 8 6.50 0.01 512 0.101178 290.065 2.068400
COST 32768 1024 2 8 6.50 0.01 512 0.330389 782.926 2.025178
COST 32768 2048 2 8 6.50 0.01 512 0.556768 1608.110 2.103330
COST 32768 4096 2 8 6.50 0.01 512 0.739539 2601.124 1.793455
COST 32768 8192 2 8 6.50 0.01 512 0.884747 3627.567 0.702853
COST 32768 16384 2 8 6.50 0.01 512 1.000000 4597.157 1.000000
COST 32768 512 2 8 6.50 0.01 512 0.165205 311.891 2.167198
COST 32768 1024 2 8 6.50 0.01 512 0.461245 804.552 2.240494
COST 32768 2048 2 8 6.50 0.01 512 0.695444 1494.300 1.298485
COST 32768 4096 2 8 6.50 0.01 512 0.845632 2128.677 0.409476
COST 32768 8192 2 8 6.50 0.01 512 0.940339 2613.188 0.465685
COST 32768 16384 2 8 6.50 0.01 512 1.000000 2951.079 1.000000
COST 32768 512 2 8 6.50 0.01 512 0.244329 336.365 2.263277
COST 32768 1024 2 8 6.50 0.01 512 0.587987 818.907 1.907224
COST 32768 2048 2 8 6.50 0.01 512 0.805779 1364.917 0.287213
COST 32768 4096 2 8 6.50 0.01 512 0.916714 1740.974 0.231678
COST 32768 8192 2 8 6.50 0.01 512 0.972238 1954.702 0.456950
COST 32768 16384 2 8 6.50 0.01 512 1.000000 2067.458 1.000000
COST 32768 512 2 8 6.50 0.01 512 0.333735 363.773 2.486087
COST 32768 1024 2 8 6.50 0.01 512 0.698389 825.281 0.752785
COST 32768 2048 2 8 6.50 0.01 512 0.883530 1235.861 0.126236
COST 32768 4096 2 8 6.50 0.01 512 0.958434 1446.595 0.239887
COST 32768 8192 2 8 6.50 0.01 512 0.988191 1537.173 0.492070
COST 32768 16384 2 8 6.50 0.01 512 1.000000 1574.078 1.000000
COST 4096 256 2 8 5.00 0.0001 16384 0.556281 200.726 0.700551
COST 4096 512 2 8 5.00 0.0001 16384 0.739362 324.982 0.761688
COST 4096 1024 2 8 5.00 0.0001 16384 0.884695 453.368 0.791336
COST 4096 2048 2 8 5.00 0.0001 16384 1.000000 574.609 1.000000
COST 4096 256 2 8 5.00 0.0001 512 0.556281 200.726 0.705009
COST 4096 512 2 8 5.00 0.0001 512 0.739362 324.982 0.750015
COST 4096 1024 2 8 5.00 0.0001 512 0.884695 453.368 0.804996
COST 4096 2048 2 8 5.00 0.0001 512 1.000000 574.609 1.000000
COST 4096 256 2 8 5.00 0.0001 16384 0.694993 186.575 0.992458
COST 4096 512 2 8 5.00 0.0001 16384 0.845498 265.998 1.065189
COST 4096 1024 2 8 5.00 0.0001 16384 0.940306 326.617 1.090570
COST 4096 2048 2 8 5.00 0.0001 16384 1.000000 368.874 1.000000
COST 4096 256 2 8 5.00 0.0001 512 0.694993 186.575 1.078103
COST 4096 512 2 8 5.00 0.0001 512 0.845498 265.998 1.160258
COST 4096 1024 2 8 5.00 0.0001 512 0.940306 326.617 1.126058
COST 4096 2048 2 8 5.00 0.0001 512 1.000000 368.874 1.000000
COST 4096 256 2 8 5.00 0.0001 16384 0.805405 170.469 1.727595
COST 4096 512 2 8 5.00 0.0001 16384 0.916625 217.578 1.539432
COST 4096 1024 2 8 5.00 0.0001 16384 0.972220 244.326 0.897654
COST 4096 2048 2 8 5.00 0.0001 16384 1.000000 258.429 1.000000
COST 4096 256 2 8 5.00 0.0001 512 0.805405 170.469 1.846383
COST 4096 512 2 8 5.00 0.0001 512 0.916625 217.578 1.606800
COST 4096 1024 2 8 5.00 0.0001 512 0.972220 244.326 0.843240
COST 4096 2048 2 8 5.00 0.0001 512 1.000000 258.429 1.000000
COST 4096 256 2 8 5.00 0.0001 16384 0.883249 154.389 1.791996
COST 4096 512 2 8 5.00 0.0001 16384 0.958380 180.803 0.972513
COST 4096 1024 2 8 5.00 0.0001 16384 0.988182 192.142 0.522151
COST 4096 2048 2 8 5.00 0.0001 16384 1.000000 196.759 1.000000
COST 4096 256 2 8 5.00 0.0001 512 0.883249 154.389 1.740697
COST 4096 512 2 8 5.00 0.0001 512 0.958380 180.803 0.774409
COST 4096 1024 2 8 5.00 0.0001 512 0.988182 192.142 0.471450
COST 4096 2048 2 8 5.00 0.0001 512 1.000000 196.759 1.000000
COST 4096 256 2 8 5.00 0.0001 16384 0.787575 171.100 2.135654
COST 4096 512 2 8 5.00 0.0001 16384 0.930638 232.707 1.831780
COST 4096 1024 2 8 5.00 0.0001 16384 0.986999 261.191 0.818923
COST 4096 2048 2 8 5.00 0.0001 16384 1.000000 268.093 1.000000
COST 4096 256 2 8 5.00 0.0001 512 0.787575 171.100 2.157783
COST 4096 512 2 8 5.00 0.0001 512 0.930638 232.707 1.675221
COST 4096 1024 2 8 5.00 0.0001 512 0.986999 261.191 0.726483
COST 4096 2048 2 8 5.00 0.0001 512 1.000000 268.093 1.000000
COST 4096 256 2 8 5.00 0.001 16384 0.556281 200.726 0.790972
COST 4096 512 2 8 5.00 0.001 16384 0.739362 324.982 0.843566
COST 4096 1024 2 8 5.00 0.001 16384 0.884695 453.368 0.898466
COST 4096 2048 2 8 5.00 0.001 16384 1.000000 574.609 1.000000
COST 4096 256 2 8 5.00 0.001 512 0.556281 200.726 0.788282
COST 4096 512 2 8 5.00 0.001 512 0.739362 324.982 0.841889
COST 4096 1024 2 8 5.00 0.001 512 0.884695 453.368 0.873752
COST 4096 2048 2 8 5.00 0.001 512 1.000000 574.609 1.000000
COST 4096 256 2 8 5.00 0.001 16384 0.694993 186.575 1.362290
COST 4096 512 2 8 5.00 0.001 16384 0.845498 265.998 1.404415
COST 4096 1024 2 8 5.00 0.001 16384 0.940306 326.617 1.021902
COST 4096 2048 2 8 5.00 0.001 16384 1.000000 368.874 1.000000
COST 4096 256 2 8 5.00 0.001 512 0.694993 186.575 1.477969
COST 4096 512 2 8 5.00 0.001 512 0.845498 265.998 1.508488
COST 4096 1024 2 8 5.00 0.001 512 0.940306 326.617 0.973565
COST 4096 2048 2 8 5.00 0.001 512 1.000000 368.874 1.000000
COST 4096 256 2 8 5.00 0.001 16384 0.805405 170.469 1.839189
COST 4096 512 2 8 5.00 0.001 16384 0.916625 217.578 1.188498
COST 4096 1024 2 8 5.00 0.001 16384 0.972220 244.326 0.645758
COST 4096 2048 2 8 5.00 0.001 16384 1.000000 258.429 1.000000
COST 4096 256 2 8 5.00 0.001 512 0.805405 170.469 1.903550
COST 4096 512 2 8 5.00 0.001 512 0.916625 217.578 1.071161
COST 4096 1024 2 8 5.00 0.001 512 0.972220 244.326 0.550363
COST 4096 2048 2 8 5.00 0.001 512 1.000000 258.429 1.000000
COST 4096 256 2 8 5.00 0.001 16384 0.883249 154.389 1.283339
COST 4096 512 2 8 5.00 0.001 16384 0.958380 180.803 0.623251
COST 4096 1024 2 8 5.00 0.001 16384 0.988182 192.142 0.442296
COST 4096 2048 2 8 5.00 0.001 16384 1.000000 196.759 1.000000
COST 4096 256 2 8 5.00 0.001 512 0.883249 154.389 1.068008
COST 4096 512 2 8 5.00 0.001 512 0.958380 180.803 0.477550
COST 4096 1024 2 8 5.00 0.001 512 0.988182 192.142 0.417745
COST 4096 2048 2 8 5.00 0.001 512 1.000000 196.759 1.000000
COST 4096 256 2 8 5.00 0.001 16384 0.787575 171.100 2.073264
COST 4096 512 2 8 5.00 0.001 16384 0.930638 232.707 1.161991
COST 4096 1024 2 8 5.00 0.001 16384 0.986999 261.191 0.565096
COST 4096 2048 2 8 5.00 0.001 16384 1.000000 268.093 1.000000
COST 4096 256 2 8 5.00 0.001 512 0.787575 171.100 1.968283
COST 4096 512 2 8 5.00 0.001 512 0.930638 232.707 0.997568
COST 4096 1024 2 8 5.00 0.001 512 0.986999 261.191 0.480288
COST 4096 2048 2 8 5.00 0.001 512 1.000000 268.093 1.000000
COST 4096 256 2 8 5.00 0.01 16384 0.556281 200.726 1.144945
COST 4096 512 2 8 5.00 0.01 16384 0.739362 324.982 1.253489
COST 4096 1024 2 8 5.00 0.01 16384 0.884695 453.368 0.959998
COST 4096 2048 2 8 5.00 0.01 16384 1.000000 574.609 1.000000
COST 4096 256 2 8 5.00 0.01 512 0.556281 200.726 1.187430
COST 4096 512 2 8 5.00 0.01 512 0.739362 324.982 1.272756
COST 4096 1024 2 8 5.00 0.01 512 0.884695 453.368 0.936397
COST 4096 2048 2 8 5.00 0.01 512 1.000000 574.609 1.000000
COST 4096 256 2 8 5.00 0.01 16384 0.694993 186.575 1.861184
COST 4096 512 2 8 5.00 0.01 16384 0.845498 265.998 1.331867
COST 4096 1024 2 8 5.00 0.01 16384 0.940306 326.617 0.657772
COST 4096 2048 2 8 5.00 0.01 16384 1.000000 368.874 1.000000
COST 4096 256 2 8 5.00 0.01 512 0.694993 186.575 1.826372
COST 4096 512 2 8 5.00 0.01 512 0.845498 265.998 1.263229
COST 4096 1024 2 8 5.00 0.01 512 0.940306 326.617 0.611558
COST 4096 2048 2 8 5.00 0.01 512 1.000000 368.874 1.000000
COST 4096 256 2 8 5.00 0.01 16384 0.805405 170.469 1.199613
COST 4096 512 2 8 5.00 0.01 16384 0.916625 217.578 0.637163
COST 4096 1024 2 8 5.00 0.01 16384 0.972220 244.326 0.444991
COST 4096 2048 2 8 5.00 0.01 16384 1.000000 258.429 1.000000
COST 4096 256 2 8 5.00 0.01 512 0.805405 170.469 1.037530
COST 4096 512 2 8 5.00 0.01 512 0.916625 217.578 0.550884
COST 4096 1024 2 8 5.00 0.01 512 0.972220 244.326 0.418049
COST 4096 2048 2 8 5.00 0.01 512 1.000000 258.429 1.000000
COST 4096 256 2 8 5.00 0.01 16384 0.883249 154.389 0.549749
COST 4096 512 2 8 5.00 0.01 16384 0.958380 180.803 0.364649
COST 4096 1024 2 8 5.00 0.01 16384 0.988182 192.142 0.380484
COST 4096 2048 2 8 5.00 0.01 16384 1.000000 196.759 1.000000
COST 4096 256 2 8 5.00 0.01 512 0.883249 154.389 0.367934
COST 4096 512 2 8 5.00 0.01 512 0.958380 180.803 0.298950
COST 4096 1024 2 8 5.00 0.01 512 0.988182 192.142 0.378402
COST 4096 2048 2 8 5.00 0.01 512 1.000000 196.759 1.000000
COST 4096 256 2 8 5.00 0.01 16384 0.787575 171.100 1.328787
COST 4096 512 2 8 5.00 0.01 16384 0.930638 232.707 0.558121
COST 4096 1024 2 8 5.00 0.01 16384 0.986999 261.191 0.410869
COST 4096 2048 2 8 5.00 0.01 16384 1.000000 268.093 1.000000
COST 4096 256 2 8 5.00 0.01 512 0.787575 171.100 1.075265
COST 4096 512 2 8 5.00 0.01 512 0.930638 232.707 0.477403
COST 4096 1024 2 8 5.00 0.01 512 0.986999 261.191 0.369579
COST 4096 2048 2 8 5.00 0.01 512 1.000000 268.093 1.000000
COST 4096 256 2 8 5.50 0.0001 16384 0.556281 200.726 0.857454
COST 4096 512 2 8 5.50 0.0001 16384 0.739362 324.982 0.927043
COST 4096 1024 2 8 5.50 0.0001 16384 0.884695 453.368 0.972432
COST 4096 2048 2 8 5.50 0.0001 16384 1.000000 574.609 1.000000
COST 4096 256 2 8 5.50 0.0001 512 0.556281 200.726 0.880529
COST 4096 512 2 8 5.50 0.0001 512 0.739362 324.982 0.956866
COST 4096 1024 2 8 5.50 0.0001 512 0.884695 453.368 0.964874
COST 4096 2048 2 8 5.50 0.0001 512 1.000000 574.609 1.000000
COST 4096 256 2 8 5.50 0.0001 16384 0.694993 186.575 1.708768
COST 4096 512 2 8 5.50 0.0001 16384 0.845498 265.998 1.704360
COST 4096 1024 2 8 5.50 0.0001 16384 0.940306 326.617 1.097425
COST 4096 2048 2 8 5.50 0.0001 16384 1.000000 368.874 1.000000
COST 4096 256 2 8 5.50 0.0001 512 0.694993 186.575 1.832494
COST 4096 512 2 8 5.50 0.0001 512 0.845498 265.998 1.810557
COST 4096 1024 2 8 5.50 0.0001 512 0.940306 326.617 0.994284
COST 4096 2048 2 8 5.50 0.0001 512 1.000000 368.874 1.000000
COST 4096 256 2 8 5.50 0.0001 16384 0.805405 170.469 1.966406
COST 4096 512 2 8 5.50 0.0001 16384 0.916625 217.578 1.043407
COST 4096 1024 2 8 5.50 0.0001 16384 0.972220 244.326 0.492520
COST 4096 2048 2 8 5.50 0.0001 16384 1.000000 258.429 1.000000
COST 4096 256 2 8 5.50 0.0001 512 0.805405 170.469 1.926437
COST 4096 512 2 8 5.50 0.0001 512 0.916625 217.578 0.858787
COST 4096 1024 2 8 5.50 0.0001 512 0.972220 244.326 0.451844
COST 4096 2048 2 8 5.50 0.0001 512 1.000000 258.429 1.000000
COST 4096 256 2 8 5.50 0.0001 16384 0.883249 154.389 1.173569
COST 4096 512 2 8 5.50 0.0001 16384 0.958380 180.803 0.472369
COST 4096 1024 2 8 5.50 0.0001 16384 0.988182 192.142 0.351346
COST 4096 2048 2 8 5.50 0.0001 16384 1.000000 196.759 1.000000
COST 4096 256 2 8 5.50 0.0001 512 0.883249 154.389 0.814082
COST 4096 512 2 8 5.50 0.0001 512 0.958380 180.803 0.374917
COST 4096 1024 2 8 5.50 0.0001 512 0.988182 192.142 0.378984
COST 4096 2048 2 8 5.50 0.0001 512 1.000000 196.759 1.000000
COST 4096 256 2 8 5.50 0.0001 16384 0.787575 171.100 2.166438
COST 4096 512 2 8 5.50 0.0001 16384 0.930638 232.707 0.946142
COST 4096 1024 2 8 5.50 0.0001 16384 0.986999 261.191 0.438497
COST 4096 2048 2 8 5.50 0.0001 16384 1.000000 268.093 1.000000
COST 4096 256 2 8 5.50 0.0001 512 0.787575 171.100 1.980551
COST 4096 512 2 8 5.50 0.0001 512 0.930638 232.707 0.858333
COST 4096 1024 2 8 5.50 0.0001 512 0.986999 261.191 0.392527
COST 4096 2048 2 8 5.50 0.0001 512 1.000000 268.093 1.000000
COST 4096 256 2 8 5.50 0.001 16384 0.556281 200.726 1.182629
COST 4096 512 2 8 5.50 0.001 16384 0.739362 324.982 1.272357
COST 4096 1024 2 8 5.50 0.001 16384 0.884695 453.368 1.143360
COST 4096 2048 2 8 5.50 0.001 16384 1.000000 574.609 1.000000
COST 4096 256 2 8 5.50 0.001 512 0.556281 200.726 1.258433
COST 4096 512 2 8 5.50 0.001 512 0.739362 324.982 1.347502
COST 4096 1024 2 8 5.50 0.001 512 0.884695 453.368 1.182465
COST 4096 2048 2 8 5.50 0.001 512 1.000000 574.609 1.000000
COST 4096 256 2 8 5.50 0.001 16384 0.694993 186.575 1.991902
COST 4096 512 2 8 5.50 0.001 16384 0.845498 265.998 1.443655
COST 4096 1024 2 8 5.50 0.001 16384 0.940306 326.617 0.677982
COST 4096 2048 2 8 5.50 0.001 16384 1.000000 368.874 1.000000
COST 4096 256 2 8 5.50 0.001 512 0.694993 186.575 2.089500
COST 4096 512 2 8 5.50 0.001 512 0.845498 265.998 1.364948
COST 4096 1024 2 8 5.50 0.001 512 0.940306 326.617 0.619596
COST 4096 2048 2 8 5.50 0.001 512 1.000000 368.874 1.000000
COST 4096 256 2 8 5.50 0.001 16384 0.805405 170.469 1.426787
COST 4096 512 2 8 5.50 0.001 16384 0.916625 217.578 0.552979
COST 4096 1024 2 8 5.50 0.001 16384 0.972220 244.326 0.397424
COST 4096 2048 2 8 5.50 0.001 16384 1.000000 258.429 1.000000
COST 4096 256 2 8 5.50 0.001 512 0.805405 170.469 1.185441
COST 4096 512 2 8 5.50 0.001 512 0.916625 217.578 0.496818
COST 4096 1024 2 8 5.50 0.001 512 0.972220 244.326 0.369197
COST 4096 2048 2 8 5.50 0.001 512 1.000000 258.429 1.000000
COST 4096 256 2 8 5.50 0.001 16384 0.883249 154.389 0.517082
COST 4096 512 2 8 5.50 0.001 16384 0.958380 180.803 0.306905
COST 4096 1024 2 8 5.50 0.001 16384 0.988182 192.142 0.354993
COST 4096 2048 2 8 5.50 0.001 16384 1.000000 196.759 1.000000
COST 4096 256 2 8 5.50 0.001 512 0.883249 154.389 0.354685
COST 4096 512 2 8 5.50 0.001 512 0.958380 180.803 0.292161
COST 4096 1024 2 8 5.50 0.001 512 0.988182 192.142 0.370532
COST 4096 2048 2 8 5.50 0.001 512 1.000000 196.759 1.000000
COST 4096 256 2 8 5.50 0.001 16384 0.787575 171.100 1.429032
COST 4096 512 2 8 5.50 0.001 16384 0.930638 232.707 0.497262
COST 4096 1024 2 8 5.50 0.001 16384 0.986999 261.191 0.352784
COST 4096 2048 2 8 5.50 0.001 16384 1.000000 268.093 1.000000
COST 4096 256 2 8 5.50 0.001 512 0.787575 171.100 1.176268
COST 4096 512 2 8 5.50 0.001 512 0.930638 232.707 0.446902
COST 4096 1024 2 8 5.50 0.001 512 0.986999 261.191 0.363287
COST 4096 2048 2 8 5.50 0.001 512 1.000000 268.093 1.000000
COST 4096 256 2 8 5.50 0.01 16384 0.556281 200.726 1.883296
COST 4096 512 2 8 5.50 0.01 16384 0.739362 324.982 1.589205
COST 4096 1024 2 8 5.50 0.01 16384 0.884695 453.368 0.751393
COST 4096 2048 2 8 5.50 0.01 16384 1.000000 574.609 1.000000
COST 4096 256 2 8 5.50 0.01 512 0.556281 200.726 1.972043
COST 4096 512 2 8 5.50 0.01 512 0.739362 324.982 1.629203
COST 4096 1024 2 8 5.50 0.01 512 0.884695 453.368 0.750413
COST 4096 2048 2 8 5.50 0.01 512 1.000000 574.609 1.000000
COST 4096 256 2 8 5.50 0.01 16384 0.694993 186.575 1.601584
COST 4096 512 2 8 5.50 0.01 16384 0.845498 265.998 0.733286
COST 4096 1024 2 8 5.50 0.01 16384 0.940306 326.617 0.433207
COST 4096 2048 2 8 5.50 0.01 16384 1.000000 368.874 1.000000
COST 4096 256 2 8 5.50 0.01 512 0.694993 186.575 1.390262
COST 4096 512 2 8 5.50 0.01 512 0.845498 265.998 0.578431
COST 4096 1024 2 8 5.50 0.01 512 0.940306 326.617 0.401629
COST 4096 2048 2 8 5.50 0.01 512 1.000000 368.874 1.000000
COST 4096 256 2 8 5.50 0.01 16384 0.805405 170.469 0.499052
COST 4096 512 2 8 5.50 0.01 16384 0.916625 217.578 0.339950
COST 4096 1024 2 8 5.50 0.01 16384 0.972220 244.326 0.345948
COST 4096 2048 2 8 5.50 0.01 16384 1.000000 258.429 1.000000
COST 4096 256 2 8 5.50 0.01 512 0.805405 170.469 0.353906
COST 4096 512 2 8 5.50 0.01 512 0.916625 217.578 0.302712
COST 4096 1024 2 8 5.50 0.01 512 0.972220 244.326 0.365459
COST 4096 2048 2 8 5.50 0.01 512 1.000000 258.429 1.000000
COST 4096 256 2 8 5.50 0.01 16384 0.883249 154.389 0.186292
COST 4096 512 2 8 5.50 0.01 16384 0.958380 180.803 0.253486
COST 4096 1024 2 8 5.50 0.01 16384 0.988182 192.142 0.338531
COST 4096 2048 2 8 5.50 0.01 16384 1.000000 196.759 1.000000
COST 4096 256 2 8 5.50 0.01 512 0.883249 154.389 0.146021
COST 4096 512 2 8 5.50 0.01 512 0.958380 180.803 0.269077
COST 4096 1024 2 8 5.50 0.01 512 0.988182 192.142 0.343470
COST 4096 2048 2 8 5.50 0.01 512 1.000000 196.759 1.000000
COST 4096 256 2 8 5.50 0.01 16384 0.787575 171.100 0.542053
COST 4096 512 2 8 5.50 0.01 16384 0.930638 232.707 0.284013
COST 4096 1024 2 8 5.50 0.01 16384 0.986999 261.191 0.346156
COST 4096 2048 2 8 5.50 0.01 16384 1.000000 268.093 1.000000
COST 4096 256 2 8 5.50 0.01 512 0.787575 171.100 0.461824
COST 4096 512 2 8 5.50 0.01 512 0.930638 232.707 0.274105
COST 4096 1024 2 8 5.50 0.01 512 0.986999 261.191 0.368366
COST 4096 2048 2 8 5.50 0.01 512 1.000000 268.093 1.000000
COST 4096 256 2 8 6.00 0.0001 16384 0.556281 200.726 1.451516
COST 4096 512 2 8 6.00 0.0001 16384 0.739362 324.982 1.542732
COST 4096 1024 2 8 6.00 0.0001 16384 0.884695 453.368 1.347383
COST 4096 2048 2 8 6.00 0.0001 16384 1.000000 574.609 1.000000
COST 4096 256 2 8 6.00 0.0001 512 0.556281 200.726 1.599471
COST 4096 512 2 8 6.00 0.0001 512 0.739362 324.982 1.684218
COST 4096 1024 2 8 6.00 0.0001 512 0.884695 453.368 1.403466
COST 4096 2048 2 8 6.00 0.0001 512 1.000000 574.609 1.000000
COST 4096 256 2 8 6.00 0.0001 16384 0.694993 186.575 2.156144
COST 4096 512 2 8 6.00 0.0001 16384 0.845498 265.998 1.459598
COST 4096 1024 2 8 6.00 0.0001 16384 0.940306 326.617 0.611805
COST 4096 2048 2 8 6.00 0.0001 16384 1.000000 368.874 1.000000
COST 4096 256 2 8 6.00 0.0001 512 0.694993 186.575 2.115160
COST 4096 512 2 8 6.00 0.0001 512 0.845498 265.998 1.299341
COST 4096 1024 2 8 6.00 0.0001 512 0.940306 326.617 0.564364
COST 4096 2048 2 8 6.00 0.0001 512 1.000000 368.874 1.000000
COST 4096 256 2 8 6.00 0.0001 16384 0.805405 170.469 1.302959
COST 4096 512 2 8 6.00 0.0001 16384 0.916625 217.578 0.478315
COST 4096 1024 2 8 6.00 0.0001 16384 0.972220 244.326 0.361133
COST 4096 2048 2 8 6.00 0.0001 16384 1.000000 258.429 1.000000
COST 4096 256 2 8 6.00 0.0001 512 0.805405 170.469 1.053091
COST 4096 512 2 8 6.00 0.0001 512 0.916625 217.578 0.414078
COST 4096 1024 2 8 6.00 0.0001 512 0.972220 244.326 0.371817
COST 4096 2048 2 8 6.00 0.0001 512 1.000000 258.429 1.000000
COST 4096 256 2 8 6.00 0.0001 16384 0.883249 154.389 0.421807
COST 4096 512 2 8 6.00 0.0001 16384 0.958380 180.803 0.277809
COST 4096 1024 2 8 6.00 0.0001 16384 0.988182 192.142 0.333969
COST 4096 2048 2 8 6.00 0.0001 16384 1.000000 196.759 1.000000
COST 4096 256 2 8 6.00 0.0001 512 0.883249 154.389 0.299143
COST 4096 512 2 8 6.00 0.0001 512 0.958380 180.803 0.268159
COST 4096 1024 2 8 6.00 0.0001 512 0.988182 192.142 0.354910
COST 4096 2048 2 8 6.00 0.0001 512 1.000000 196.759 1.000000
COST 4096 256 2 8 6.00 0.0001 16384 0.787575 171.100 1.320900
COST 4096 512 2 8 6.00 0.0001 16384 0.930638 232.707 0.430363
COST 4096 1024 2 8 6.00 0.0001 16384 0.986999 261.191 0.345044
COST 4096 2048 2 8 6.00 0.0001 16384 1.000000 268.093 1.000000
COST 4096 256 2 8 6.00 0.0001 512 0.787575 171.100 1.066997
COST 4096 512 2 8 6.00 0.0001 512 0.930638 232.707 0.398698
COST 4096 1024 2 8 6.00 0.0001 512 0.986999 261.191 0.335795
COST 4096 2048 2 8 6.00 0.0001 512 1.000000 268.093 1.000000
COST 4096 256 2 8 6.00 0.001 16384 0.556281 200.726 1.954567
COST 4096 512 2 8 6.00 0.001 16384 0.739362 324.982 1.787527
COST 4096 1024 2 8 6.00 0.001 16384 0.884695 453.368 0.971571
COST 4096 2048 2 8 6.00 0.001 16384 1.000000 574.609 1.000000
COST 4096 256 2 8 6.00 0.001 512 0.556281 200.726 2.025244
COST 4096 512 2 8 6.00 0.001 512 0.739362 324.982 1.868035
COST 4096 1024 2 8 6.00 0.001 512 0.884695 453.368 0.923665
COST 4096 2048 2 8 6.00 0.001 512 1.000000 574.609 1.000000
COST 4096 256 2 8 6.00 0.001 16384 0.694993 186.575 1.826077
COST 4096 512 2 8 6.00 0.001 16384 0.845498 265.998 0.779724
COST 4096 1024 2 8 6.00 0.001 16384 0.940306 326.617 0.425622
COST 4096 2048 2 8 6.00 0.001 16384 1.000000 368.874 1.000000
COST 4096 256 2 8 6.00 0.001 512 0.694993 186.575 1.598519
COST 4096 512 2 8 6.00 0.001 512 0.845498 265.998 0.596963
COST 4096 1024 2 8 6.00 0.001 512 0.940306 326.617 0.399241
COST 4096 2048 2 8 6.00 0.001 512 1.000000 368.874 1.000000
COST 4096 256 2 8 6.00 0.001 16384 0.805405 170.469 0.632598
COST 4096 512 2 8 6.00 0.001 16384 0.916625 217.578 0.307323
COST 4096 1024 2 8 6.00 0.001 16384 0.972220 244.326 0.347906
COST 4096 2048 2 8 6.00 0.001 16384 1.000000 258.429 1.000000
COST 4096 256 2 8 6.00 0.001 512 0.805405 170.469 0.486875
COST 4096 512 2 8 6.00 0.001 512 0.916625 217.578 0.283926
COST 4096 1024 2 8 6.00 0.001 512 0.972220 244.326 0.368656
COST 4096 2048 2 8 6.00 0.001 512 1.000000 258.429 1.000000
COST 4096 256 2 8 6.00 0.001 16384 0.883249 154.389 0.182149
COST 4096 512 2 8 6.00 0.001 16384 0.958380 180.803 0.244831
COST 4096 1024 2 8 6.00 0.001 16384 0.988182 192.142 0.346081
COST 4096 2048 2 8 6.00 0.001 16384 1.000000 196.759 1.000000
COST 4096 256 2 8 6.00 0.001 512 0.883249 154.389 0.143356
COST 4096 512 2 8 6.00 0.001 512 0.958380 180.803 0.248378
COST 4096 1024 2 8 6.00 0.001 512 0.988182 192.142 0.363190
COST 4096 2048 2 8 6.00 0.001 512 1.000000 196.759 1.000000
COST 4096 256 2 8 6.00 0.001 16384 0.787575 171.100 0.613004
COST 4096 512 2 8 6.00 0.001 16384 0.930638 232.707 0.281295
COST 4096 1024 2 8 6.00 0.001 16384 0.986999 261.191 0.344624
COST 4096 2048 2 8 6.00 0.001 16384 1.000000 268.093 1.000000
COST 4096 256 2 8 6.00 0.001 512 0.787575 171.100 0.494341
COST 4096 512 2 8 6.00 0.001 512 0.930638 232.707 0.266097
COST 4096 1024 2 8 6.00 0.001 512 0.986999 261.191 0.351741
COST 4096 2048 2 8 6.00 0.001 512 1.000000 268.093 1.000000
COST 4096 256 2 8 6.00 0.01 16384 0.556281 200.726 2.017257
COST 4096 512 2 8 6.00 0.01 16384 0.739362 324.982 1.048249
COST 4096 1024 2 8 6.00 0.01 16384 0.884695 453.368 0.493275
COST 4096 2048 2 8 6.00 0.01 16384 1.000000 574.609 1.000000
COST 4096 256 2 8 6.00 0.01 512 0.556281 200.726 2.002809
COST 4096 512 2 8 6.00 0.01 512 0.739362 324.982 0.899869
COST 4096 1024 2 8 6.00 0.01 512 0.884695 453.368 0.446426
COST 4096 2048 2 8 6.00 0.01 512 1.000000 574.609 1.000000
COST 4096 256 2 8 6.00 0.01 16384 0.694993 186.575 0.776149
COST 4096 512 2 8 6.00 0.01 16384 0.845498 265.998 0.363861
COST 4096 1024 2 8 6.00 0.01 16384 0.940306 326.617 0.349105
COST 4096 2048 2 8 6.00 0.01 16384 1.000000 368.874 1.000000
COST 4096 256 2 8 6.00 0.01 512 0.694993 186.575 0.597018
COST 4096 512 2 8 6.00 0.01 512 0.845498 265.998 0.318283
COST 4096 1024 2 8 6.00 0.01 512 0.940306 326.617 0.351809
COST 4096 2048 2 8 6.00 0.01 512 1.000000 368.874 1.000000
COST 4096 256 2 8 6.00 0.01 16384 0.805405 170.469 0.182710
COST 4096 512 2 8 6.00 0.01 16384 0.916625 217.578 0.252445
COST 4096 1024 2 8 6.00 0.01 16384 0.972220 244.326 0.341387
COST 4096 2048 2 8 6.00 0.01 16384 1.000000 258.429 1.000000
COST 4096 256 2 8 6.00 0.01 512 0.805405 170.469 0.128047
COST 4096 512 2 8 6.00 0.01 512 0.916625 217.578 0.261315
COST 4096 1024 2 8 6.00 0.01 512 0.972220 244.326 0.346017
COST 4096 2048 2 8 6.00 0.01 512 1.000000 258.429 1.000000
COST 4096 256 2 8 6.00 0.01 16384 0.883249 154.389 0.087465
COST 4096 512 2 8 6.00 0.01 16384 0.958380 180.803 0.238170
COST 4096 1024 2 8 6.00 0.01 16384 0.988182 192.142 0.334130
COST 4096 2048 2 8 6.00 0.01 16384 1.000000 196.759 1.000000
COST 4096 256 2 8 6.00 0.01 512 0.883249 154.389 0.081189
COST 4096 512 2 8 6.00 0.01 512 0.958380 180.803 0.243687
COST 4096 1024 2 8 6.00 0.01 512 0.988182 192.142 0.345863
COST 4096 2048 2 8 6.00 0.01 512 1.000000 196.759 1.000000
COST 4096 256 2 8 6.00 0.01 16384 0.787575 171.100 0.190711
COST 4096 512 2 8 6.00 0.01 16384 0.930638 232.707 0.252367
COST 4096 1024 2 8 6.00 0.01 16384 0.986999 261.191 0.337903
COST 4096 2048 2 8 6.00 0.01 16384 1.000000 268.093 1.000000
COST 4096 256 2 8 6.00 0.01 512 0.787575 171.100 0.177214
COST 4096 512 2 8 6.00 0.01 512 0.930638 232.707 0.242423
COST 4096 1024 2 8 6.00 0.01 512 0.986999 261.191 0.353784
COST 4096 2048 2 8 6.00 0.01 512 1.000000 268.093 1.000000
COST 4096 256 2 8 6.50 0.0001 16384 0.556281 200.726 2.064232
COST 4096 512 2 8 6.50 0.0001 16384 0.739362 324.982 2.012444
COST 4096 1024 2 8 6.50 0.0001 16384 0.884695 453.368 1.013778
COST 4096 2048 2 8 6.50 0.0001 16384 1.000000 574.609 1.000000
COST 4096 256 2 8 6.50 0.0001 512 0.556281 200.726 2.107140
COST 4096 512 2 8 6.50 0.0001 512 0.739362 324.982 2.105419
COST 4096 1024 2 8 6.50 0.0001 512 0.884695 453.368 0.938337
COST 4096 2048 2 8 6.50 0.0001 512 1.000000 574.609 1.000000
COST 4096 256 2 8 6.50 0.0001 16384 0.694993 186.575 1.920753
COST 4096 512 2 8 6.50 0.0001 16384 0.845498 265.998 0.719138
COST 4096 1024 2 8 6.50 0.0001 16384 0.940306 326.617 0.405396
COST 4096 2048 2 8 6.50 0.0001 16384 1.000000 368.874 1.000000
COST 4096 256 2 8 6.50 0.0001 512 0.694993 186.575 1.679403
COST 4096 512 2 8 6.50 0.0001 512 0.845498 265.998 0.526523
COST 4096 1024 2 8 6.50 0.0001 512 0.940306 326.617 0.357861
COST 4096 2048 2 8 6.50 0.0001 512 1.000000 368.874 1.000000
COST 4096 256 2 8 6.50 0.0001 16384 0.805405 170.469 0.561680
COST 4096 512 2 8 6.50 0.0001 16384 0.916625 217.578 0.278114
COST 4096 1024 2 8 6.50 0.0001 16384 0.972220 244.326 0.344666
COST 4096 2048 2 8 6.50 0.0001 16384 1.000000 258.429 1.000000
COST 4096 256 2 8 6.50 0.0001 512 0.805405 170.469 0.405802
COST 4096 512 2 8 6.50 0.0001 512 0.916625 217.578 0.266462
COST 4096 1024 2 8 6.50 0.0001 512 0.972220 244.326 0.349720
COST 4096 2048 2 8 6.50 0.0001 512 1.000000 258.429 1.000000
COST 4096 256 2 8 6.50 0.0001 16384 0.883249 154.389 0.152085
COST 4096 512 2 8 6.50 0.0001 16384 0.958380 180.803 0.235907
COST 4096 1024 2 8 6.50 0.0001 16384 0.988182 192.142 0.334408
COST 4096 2048 2 8 6.50 0.0001 16384 1.000000 196.759 1.000000
COST 4096 256 2 8 6.50 0.0001 512 0.883249 154.389 0.125162
COST 4096 512 2 8 6.50 0.0001 512 0.958380 180.803 0.249476
COST 4096 1024 2 8 6.50 0.0001 512 0.988182 192.142 0.349910
COST 4096 2048 2 8 6.50 0.0001 512 1.000000 196.759 1.000000
COST 4096 256 2 8 6.50 0.0001 16384 0.787575 171.100 0.518788
COST 4096 512 2 8 6.50 0.0001 16384 0.930638 232.707 0.267288
COST 4096 1024 2 8 6.50 0.0001 16384 0.986999 261.191 0.342494
COST 4096 2048 2 8 6.50 0.0001 16384 1.000000 268.093 1.000000
COST 4096 256 2 8 6.50 0.0001 512 0.787575 171.100 0.460633
COST 4096 512 2 8 6.50 0.0001 512 0.930638 232.707 0.263315
COST 4096 1024 2 8 6.50 0.0001 512 0.986999 261.191 0.351487
COST 4096 2048 2 8 6.50 0.0001 512 1.000000 268.093 1.000000
COST 4096 256 2 8 6.50 0.001 16384 0.556281 200.726 2.272213
COST 4096 512 2 8 6.50 0.001 16384 0.739362 324.982 1.334555
COST 4096 1024 2 8 6.50 0.001 16384 0.884695 453.368 0.576611
COST 4096 2048 2 8 6.50 0.001 16384 1.000000 574.609 1.000000
COST 4096 256 2 8 6.50 0.001 512 0.556281 200.726 2.204733
COST 4096 512 2 8 6.50 0.001 512 0.739362 324.982 1.170669
COST 4096 1024 2 8 6.50 0.001 512 0.884695 453.368 0.560958
COST 4096 2048 2 8 6.50 0.001 512 1.000000 574.609 1.000000
COST 4096 256 2 8 6.50 0.001 16384 0.694993 186.575 1.080190
COST 4096 512 2 8 6.50 0.001 16384 0.845498 265.998 0.382907
COST 4096 1024 2 8 6.50 0.001 16384 0.940306 326.617 0.355371
COST 4096 2048 2 8 6.50 0.001 16384 1.000000 368.874 1.000000
COST 4096 256 2 8 6.50 0.001 512 0.694993 186.575 0.766241
COST 4096 512 2 8 6.50 0.001 512 0.845498 265.998 0.332923
COST 4096 1024 2 8 6.50 0.001 512 0.940306 326.617 0.351547
COST 4096 2048 2 8 6.50 0.001 512 1.000000 368.874 1.000000
COST 4096 256 2 8 6.50 0.001 16384 0.805405 170.469 0.251925
COST 4096 512 2 8 6.50 0.001 16384 0.916625 217.578 0.285017
COST 4096 1024 2 8 6.50 0.001 16384 0.972220 244.326 0.324923
COST 4096 2048 2 8 6.50 0.001 16384 1.000000 258.429 1.000000
COST 4096 256 2 8 6.50 0.001 512 0.805405 170.469 0.177548
COST 4096 512 2 8 6.50 0.001 512 0.916625 217.578 0.246167
COST 4096 1024 2 8 6.50 0.001 512 0.972220 244.326 0.356437
COST 4096 2048 2 8 6.50 0.001 512 1.000000 258.429 1.000000
COST 4096 256 2 8 6.50 0.001 16384 0.883249 154.389 0.088565
COST 4096 512 2 8 6.50 0.001 16384 0.958380 180.803 0.243193
COST 4096 1024 2 8 6.50 0.001 16384 0.988182 192.142 0.340363
COST 4096 2048 2 8 6.50 0.001 16384 1.000000 196.759 1.000000
COST 4096 256 2 8 6.50 0.001 512 0.883249 154.389 0.081659
COST 4096 512 2 8 6.50 0.001 512 0.958380 180.803 0.250527
COST 4096 1024 2 8 6.50 0.001 512 0.988182 192.142 0.345818
COST 4096 2048 2 8 6.50 0.001 512 1.000000 196.759 1.000000
COST 4096 256 2 8 6.50 0.001 16384 0.787575 171.100 0.211313
COST 4096 512 2 8 6.50 0.001 16384 0.930638 232.707 0.241872
COST 4096 1024 2 8 6.50 0.001 16384 0.986999 261.191 0.333717
COST 4096 2048 2 8 6.50 0.001 16384 1.000000 268.093 1.000000
COST 4096 256 2 8 6.50 0.001 512 0.787575 171.100 0.211340
COST 4096 512 2 8 6.50 0.001 512 0.930638 232.707 0.242487
COST 4096 1024 2 8 6.50 0.001 512 0.986999 261.191 0.349831
COST 4096 2048 2 8 6.50 0.001 512 1.000000 268.093 1.000000
COST 4096 256 2 8 6.50 0.01 16384 0.556281 200.726 1.465288
COST 4096 512 2 8 6.50 0.01 16384 0.739362 324.982 0.521197
COST 4096 1024 2 8 6.50 0.01 16384 0.884695 453.368 0.354683
COST 4096 2048 2 8 6.50 0.01 16384 1.000000 574.609 1.000000
COST 4096 256 2 8 6.50 0.01 512 0.556281 200.726 1.123455
COST 4096 512 2 8 6.50 0.01 512 0.739362 324.982 0.432683
COST 4096 1024 2 8 6.50 0.01 512 0.884695 453.368 0.338534
COST 4096 2048 2 8 6.50 0.01 512 1.000000 574.609 1.000000
COST 4096 256 2 8 6.50 0.01 16384 0.694993 186.575 0.291659
COST 4096 512 2 8 6.50 0.01 16384 0.845498 265.998 0.263863
COST 4096 1024 2 8 6.50 0.01 16384 0.940306 326.617 0.331912
COST 4096 2048 2 8 6.50 0.01 16384 1.000000 368.874 1.000000
COST 4096 256 2 8 6.50 0.01 512 0.694993 186.575 0.231290
COST 4096 512 2 8 6.50 0.01 512 0.845498 265.998 0.291505
COST 4096 1024 2 8 6.50 0.01 512 0.940306 326.617 0.338942
COST 4096 2048 2 8 6.50 0.01 512 1.000000 368.874 1.000000
COST 4096 256 2 8 6.50 0.01 16384 0.805405 170.469 0.089006
COST 4096 512 2 8 6.50 0.01 16384 0.916625 217.578 0.231858
COST 4096 1024 2 8 6.50 0.01 16384 0.972220 244.326 0.330887
COST 4096 2048 2 8 6.50 0.01 16384 1.000000 258.429 1.000000
COST 4096 256 2 8 6.50 0.01 512 0.805405 170.469 0.081617
COST 4096 512 2 8 6.50 0.01 512 0.916625 217.578 0.246133
COST 4096 1024 2 8 6.50 0.01 512 0.972220 244.326 0.347236
COST 4096 2048 2 8 6.50 0.01 512 1.000000 258.429 1.000000
COST 4096 256 2 8 6.50 0.01 16384 0.883249 154.389 0.067751
COST 4096 512 2 8 6.50 0.01 16384 0.958380 180.803 0.237735
COST 4096 1024 2 8 6.50 0.01 16384 0.988182 192.142 0.327714
COST 4096 2048 2 8 6.50 0.01 16384 1.000000 196.759 1.000000
COST 4096 256 2 8 6.50 0.01 512 0.883249 154.389 0.067746
COST 4096 512 2 8 6.50 0.01 512 0.958380 180.803 0.235332
COST 4096 1024 2 8 6.50 0.01 512 0.988182 192.142 0.340781
COST 4096 2048 2 8 6.50 0.01 512 1.000000 196.759 1.000000
COST 4096 256 2 8 6.50 0.01 16384 0.787575 171.100 0.087730
COST 4096 512 2 8 6.50 0.01 16384 0.930638 232.707 0.241007
COST 4096 1024 2 8 6.50 0.01 16384 0.986999 261.191 0.331310
COST 4096 2048 2 8 6.50 0.01 16384 1.000000 268.093 1.000000
COST 4096 256 2 8 6.50 0.01 512 0.787575 171.100 0.087814
COST 4096 512 2 8 6.50 0.01 512 0.930638 232.707 0.264377
COST 4096 1024 2 8 6.50 0.01 512 0.986999 261.191 0.338455
COST 4096 2048 2 8 6.50 0.01 512 1.000000 268.093 1.000000
COST 65536 1024 2 8 5.00 0.0001 512 0.101302 580.541 0.715232
COST 65536 2048 2 8 5.00 0.0001 512 0.330474 1566.336 0.732725
COST 65536 4096 2 8 5.00 0.0001 512 0.556802 3216.549 0.767316
COST 65536 8192 2 8 5.00 0.0001 512 0.739552 5202.429 0.794053
COST 65536 16384 2 8 5.00 0.0001 512 0.884751 7255.222 0.851130
COST 65536 32768 2 8 5.00 0.0001 512 1.000000 9194.355 1.000000
COST 65536 1024 2 8 5.00 0.0001 512 0.165385 624.216 0.709357
COST 65536 2048 2 8 5.00 0.0001 512 0.461344 1609.558 0.761091
COST 65536 4096 2 8 5.00 0.0001 512 0.695477 2988.843 0.753282
COST 65536 8192 2 8 5.00 0.0001 512 0.845641 4257.453 0.797036
COST 65536 16384 2 8 5.00 0.0001 512 0.940341 5226.412 0.865052
COST 65536 32768 2 8 5.00 0.0001 512 1.000000 5902.169 1.000000
COST 65536 1024 2 8 5.00 0.0001 512 0.244563 673.187 0.742339
COST 65536 2048 2 8 5.00 0.0001 512 0.588090 1638.224 0.750546
COST 65536 4096 2 8 5.00 0.0001 512 0.805806 2730.001 0.783005
COST 65536 8192 2 8 5.00 0.0001 512 0.916720 3481.998 0.817910
COST 65536 16384 2 8 5.00 0.0001 512 0.972240 3909.418 0.877925
COST 65536 32768 2 8 5.00 0.0001 512 1.000000 4134.919 1.000000
COST 65536 1024 2 8 5.00 0.0001 512 0.334013 728.024 1.069923
COST 65536 2048 2 8 5.00 0.0001 512 0.698486 1650.915 1.086951
COST 65536 4096 2 8 5.00 0.0001 512 0.883550 2471.828 1.141987
COST 65536 8192 2 8 5.00 0.0001 512 0.958438 2893.214 1.202698
COST 65536 16384 2 8 5.00 0.0001 512 0.988192 3074.351 1.105648
COST 65536 32768 2 8 5.00 0.0001 512 1.000000 3148.158 1.000000
COST 65536 1024 2 8 5.00 0.001 512 0.101302 580.541 0.711462
COST 65536 2048 2 8 5.00 0.001 512 0.330474 1566.336 0.725840
COST 65536 4096 2 8 5.00 0.001 512 0.556802 3216.549 0.747690
COST 65536 8192 2 8 5.00 0.001 512 0.739552 5202.429 0.780766
COST 65536 16384 2 8 5.00 0.001 512 0.884751 7255.222 0.868645
COST 65536 32768 2 8 5.00 0.001 512 1.000000 9194.355 1.000000
COST 65536 1024 2 8 5.00 0.001 512 0.165385 624.216 0.741212
COST 65536 2048 2 8 5.00 0.001 512 0.461344 1609.558 0.748736
COST 65536 4096 2 8 5.00 0.001 512 0.695477 2988.843 0.773425
COST 65536 8192 2 8 5.00 0.001 512 0.845641 4257.453 0.809374
COST 65536 16384 2 8 5.00 0.001 512 0.940341 5226.412 0.862457
COST 65536 32768 2 8 5.00 0.001 512 1.000000 5902.169 1.000000
COST 65536 1024 2 8 5.00 0.001 512 0.244563 673.187 0.873363
COST 65536 2048 2 8 5.00 0.001 512 0.588090 1638.224 0.884550
COST 65536 4096 2 8 5.00 0.001 512 0.805806 2730.001 0.903187
COST 65536 8192 2 8 5.00 0.001 512 0.916720 3481.998 0.960585
COST 65536 16384 2 8 5.00 0.001 512 0.972240 3909.418 1.012090
COST 65536 32768 2 8 5.00 0.001 512 1.000000 4134.919 1.000000
COST 65536 1024 2 8 5.00 0.001 512 0.334013 728.024 1.407965
COST 65536 2048 2 8 5.00 0.001 512 0.698486 1650.915 1.416041
COST 65536 4096 2 8 5.00 0.001 512 0.883550 2471.828 1.434863
COST 65536 8192 2 8 5.00 0.001 512 0.958438 2893.214 1.524720
COST 65536 16384 2 8 5.00 0.001 512 0.988192 3074.351 1.168101
COST 65536 32768 2 8 5.00 0.001 512 1.000000 3148.158 1.000000
COST 65536 1024 2 8 5.00 0.01 512 0.101302 580.541 0.698078
COST 65536 2048 2 8 5.00 0.01 512 0.330474 1566.336 0.715702
COST 65536 4096 2 8 5.00 0.01 512 0.556802 3216.549 0.721899
COST 65536 8192 2 8 5.00 0.01 512 0.739552 5202.429 0.768638
COST 65536 16384 2 8 5.00 0.01 512 0.884751 7255.222 0.819504
COST 65536 32768 2 8 5.00 0.01 512 1.000000 9194.355 1.000000
COST 65536 1024 2 8 5.00 0.01 512 0.165385 624.216 0.817506
COST 65536 2048 2 8 5.00 0.01 512 0.461344 1609.558 0.839912
COST 65536 4096 2 8 5.00 0.01 512 0.695477 2988.843 0.859841
COST 65536 8192 2 8 5.00 0.01 512 0.845641 4257.453 0.898116
COST 65536 16384 2 8 5.00 0.01 512 0.940341 5226.412 0.956748
COST 65536 32768 2 8 5.00 0.01 512 1.000000 5902.169 1.000000
COST 65536 1024 2 8 5.00 0.01 512 0.244563 673.187 1.264879
COST 65536 2048 2 8 5.00 0.01 512 0.588090 1638.224 1.259027
COST 65536 4096 2 8 5.00 0.01 512 0.805806 2730.001 1.303833
COST 65536 8192 2 8 5.00 0.01 512 0.916720 3481.998 1.363326
COST 65536 16384 2 8 5.00 0.01 512 0.972240 3909.418 1.111969
COST 65536 32768 2 8 5.00 0.01 512 1.000000 4134.919 1.000000
COST 65536 1024 2 8 5.00 0.01 512 0.334013 728.024 1.789033
COST 65536 2048 2 8 5.00 0.01 512 0.698486 1650.915 1.786289
COST 65536 4096 2 8 5.00 0.01 512 0.883550 2471.828 1.748287
COST 65536 8192 2 8 5.00 0.01 512 0.958438 2893.214 1.293925
COST 65536 16384 2 8 5.00 0.01 512 0.988192 3074.351 0.830619
COST 65536 32768 2 8 5.00 0.01 512 1.000000 3148.158 1.000000
COST 65536 1024 2 8 5.50 0.0001 512 0.101302 580.541 0.737393
COST 65536 2048 2 8 5.50 0.0001 512 0.330474 1566.336 0.733376
COST 65536 4096 2 8 5.50 0.0001 512 0.556802 3216.549 0.740299
COST 65536 8192 2 8 5.50 0.0001 512 0.739552 5202.429 0.780012
COST 65536 16384 2 8 5.50 0.0001 512 0.884751 7255.222 0.849865
COST 65536 32768 2 8 5.50 0.0001 512 1.000000 9194.355 1.000000
COST 65536 1024 2 8 5.50 0.0001 512 0.165385 624.216 0.757391
COST 65536 2048 2 8 5.50 0.0001 512 0.461344 1609.558 0.775584
COST 65536 4096 2 8 5.50 0.0001 512 0.695477 2988.843 0.795961
COST 65536 8192 2 8 5.50 0.0001 512 0.845641 4257.453 0.817543
COST 65536 16384 2 8 5.50 0.0001 512 0.940341 5226.412 0.920630
COST 65536 32768 2 8 5.50 0.0001 512 1.000000 5902.169 1.000000
COST 65536 1024 2 8 5.50 0.0001 512 0.244563 673.187 1.388763
COST 65536 2048 2 8 5.50 0.0001 512 0.588090 1638.224 1.432792
COST 65536 4096 2 8 5.50 0.0001 512 0.805806 2730.001 1.417599
COST 65536 8192 2 8 5.50 0.0001 512 0.916720 3481.998 1.450746
COST 65536 16384 2 8 5.50 0.0001 512 0.972240 3909.418 1.399016
COST 65536 32768 2 8 5.50 0.0001 512 1.000000 4134.919 1.000000
COST 65536 1024 2 8 5.50 0.0001 512 0.334013 728.024 2.295264
COST 65536 2048 2 8 5.50 0.0001 512 0.698486 1650.915 2.349475
COST 65536 4096 2 8 5.50 0.0001 512 0.883550 2471.828 2.433147
COST 65536 8192 2 8 5.50 0.0001 512 0.958438 2893.214 2.113051
COST 65536 16384 2 8 5.50 0.0001 512 0.988192 3074.351 1.040897
COST 65536 32768 2 8 5.50 0.0001 512 1.000000 3148.158 1.000000
COST 65536 1024 2 8 5.50 0.001 512 0.101302 580.541 0.702075
COST 65536 2048 2 8 5.50 0.001 512 0.330474 1566.336 0.725244
COST 65536 4096 2 8 5.50 0.001 512 0.556802 3216.549 0.728582
COST 65536 8192 2 8 5.50 0.001 512 0.739552 5202.429 0.792453
COST 65536 16384 2 8 5.50 0.001 512 0.884751 7255.222 0.831151
COST 65536 32768 2 8 5.50 0.001 512 1.000000 9194.355 1.000000
COST 65536 1024 2 8 5.50 0.001 512 0.165385 624.216 0.974835
COST 65536 2048 2 8 5.50 0.001 512 0.461344 1609.558 0.998023
COST 65536 4096 2 8 5.50 0.001 512 0.695477 2988.843 1.019300
COST 65536 8192 2 8 5.50 0.001 512 0.845641 4257.453 1.041627
COST 65536 16384 2 8 5.50 0.001 512 0.940341 5226.412 1.135917
COST 65536 32768 2 8 5.50 0.001 512 1.000000 5902.169 1.000000
COST 65536 1024 2 8 5.50 0.001 512 0.244563 673.187 1.877223
COST 65536 2048 2 8 5.50 0.001 512 0.588090 1638.224 1.911546
COST 65536 4096 2 8 5.50 0.001 512 0.805806 2730.001 1.918152
COST 65536 8192 2 8 5.50 0.001 512 0.916720 3481.998 2.035669
COST 65536 16384 2 8 5.50 0.001 512 0.972240 3909.418 1.243921
COST 65536 32768 2 8 5.50 0.001 512 1.000000 4134.919 1.000000
COST 65536 1024 2 8 5.50 0.001 512 0.334013 728.024 2.444523
COST 65536 2048 2 8 5.50 0.001 512 0.698486 1650.915 2.468926
COST 65536 4096 2 8 5.50 0.001 512 0.883550 2471.828 2.393636
COST 65536 8192 2 8 5.50 0.001 512 0.958438 2893.214 1.331665
COST 65536 16384 2 8 5.50 0.001 512 0.988192 3074.351 0.714761
COST 65536 32768 2 8 5.50 0.001 512 1.000000 3148.158 1.000000
COST 65536 1024 2 8 5.50 0.01 512 0.101302 580.541 0.765028
COST 65536 2048 2 8 5.50 0.01 512 0.330474 1566.336 0.769564
COST 65536 4096 2 8 5.50 0.01 512 0.556802 3216.549 0.790869
COST 65536 8192 2 8 5.50 0.01 512 0.739552 5202.429 0.838693
COST 65536 16384 2 8 5.50 0.01 512 0.884751 7255.222 0.891165
COST 65536 32768 2 8 5.50 0.01 512 1.000000 9194.355 1.000000
COST 65536 1024 2 8 5.50 0.01 512 0.165385 624.216 1.612821
COST 65536 2048 2 8 5.50 0.01 512 0.461344 1609.558 1.752910
COST 65536 4096 2 8 5.50 0.01 512 0.695477 2988.843 1.765966
COST 65536 8192 2 8 5.50 0.01 512 0.845641 4257.453 1.780866
COST 65536 16384 2 8 5.50 0.01 512 0.940341 5226.412 1.245931
COST 65536 32768 2 8 5.50 0.01 512 1.000000 5902.169 1.000000
COST 65536 1024 2 8 5.50 0.01 512 0.244563 673.187 2.509339
COST 65536 2048 2 8 5.50 0.01 512 0.588090 1638.224 2.552034
COST 65536 4096 2 8 5.50 0.01 512 0.805806 2730.001 2.446525
COST 65536 8192 2 8 5.50 0.01 512 0.916720 3481.998 1.614654
COST 65536 16384 2 8 5.50 0.01 512 0.972240 3909.418 0.749155
COST 65536 32768 2 8 5.50 0.01 512 1.000000 4134.919 1.000000
COST 65536 1024 2 8 5.50 0.01 512 0.334013 728.024 2.454466
COST 65536 2048 2 8 5.50 0.01 512 0.698486 1650.915 2.487916
COST 65536 4096 2 8 5.50 0.01 512 0.883550 2471.828 1.525825
COST 65536 8192 2 8 5.50 0.01 512 0.958438 2893.214 0.538060
COST 65536 16384 2 8 5.50 0.01 512 0.988192 3074.351 0.496784
COST 65536 32768 2 8 5.50 0.01 512 1.000000 3148.158 1.000000
COST 65536 1024 2 8 6.00 0.0001 512 0.101302 580.541 0.721511
COST 65536 2048 2 8 6.00 0.0001 512 0.330474 1566.336 0.755348
COST 65536 4096 2 8 6.00 0.0001 512 0.556802 3216.549 0.775173
COST 65536 8192 2 8 6.00 0.0001 512 0.739552 5202.429 0.806130
COST 65536 16384 2 8 6.00 0.0001 512 0.884751 7255.222 0.880227
COST 65536 32768 2 8 6.00 0.0001 512 1.000000 9194.355 1.000000
COST 65536 1024 2 8 6.00 0.0001 512 0.165385 624.216 1.337301
COST 65536 2048 2 8 6.00 0.0001 512 0.461344 1609.558 1.387736
COST 65536 4096 2 8 6.00 0.0001 512 0.695477 2988.843 1.389169
COST 65536 8192 2 8 6.00 0.0001 512 0.845641 4257.453 1.435034
COST 65536 16384 2 8 6.00 0.0001 512 0.940341 5226.412 1.480478
COST 65536 32768 2 8 6.00 0.0001 512 1.000000 5902.169 1.000000
COST 65536 1024 2 8 6.00 0.0001 512 0.244563 673.187 2.360878
COST 65536 2048 2 8 6.00 0.0001 512 0.588090 1638.224 2.415864
COST 65536 4096 2 8 6.00 0.0001 512 0.805806 2730.001 2.440354
COST 65536 8192 2 8 6.00 0.0001 512 0.916720 3481.998 2.201653
COST 65536 16384 2 8 6.00 0.0001 512 0.972240 3909.418 1.004033
COST 65536 32768 2 8 6.00 0.0001 512 1.000000 4134.919 1.000000
COST 65536 1024 2 8 6.00 0.0001 512 0.334013 728.024 2.582972
COST 65536 2048 2 8 6.00 0.0001 512 0.698486 1650.915 2.641186
COST 65536 4096 2 8 6.00 0.0001 512 0.883550 2471.828 2.519541
COST 65536 8192 2 8 6.00 0.0001 512 0.958438 2893.214 0.815678
COST 65536 16384 2 8 6.00 0.0001 512 0.988192 3074.351 0.528703
COST 65536 32768 2 8 6.00 0.0001 512 1.000000 3148.158 1.000000
COST 65536 1024 2 8 6.00 0.001 512 0.101302 580.541 0.803340
COST 65536 2048 2 8 6.00 0.001 512 0.330474 1566.336 0.819762
COST 65536 4096 2 8 6.00 0.001 512 0.556802 3216.549 0.867170
COST 65536 8192 2 8 6.00 0.001 512 0.739552 5202.429 0.873851
COST 65536 16384 2 8 6.00 0.001 512 0.884751 7255.222 0.973581
COST 65536 32768 2 8 6.00 0.001 512 1.000000 9194.355 1.000000
COST 65536 1024 2 8 6.00 0.001 512 0.165385 624.216 1.927717
COST 65536 2048 2 8 6.00 0.001 512 0.461344 1609.558 1.970504
COST 65536 4096 2 8 6.00 0.001 512 0.695477 2988.843 2.004743
COST 65536 8192 2 8 6.00 0.001 512 0.845641 4257.453 2.118184
COST 65536 16384 2 8 6.00 0.001 512 0.940341 5226.412 1.385315
COST 65536 32768 2 8 6.00 0.001 512 1.000000 5902.169 1.000000
COST 65536 1024 2 8 6.00 0.001 512 0.244563 673.187 2.446247
COST 65536 2048 2 8 6.00 0.001 512 0.588090 1638.224 2.511744
COST 65536 4096 2 8 6.00 0.001 512 0.805806 2730.001 2.563336
COST 65536 8192 2 8 6.00 0.001 512 0.916720 3481.998 1.265431
COST 65536 16384 2 8 6.00 0.001 512 0.972240 3909.418 0.569145
COST 65536 32768 2 8 6.00 0.001 512 1.000000 4134.919 1.000000
COST 65536 1024 2 8 6.00 0.001 512 0.334013 728.024 2.479197
COST 65536 2048 2 8 6.00 0.001 512 0.698486 1650.915 2.457155
COST 65536 4096 2 8 6.00 0.001 512 0.883550 2471.828 1.526458
COST 65536 8192 2 8 6.00 0.001 512 0.958438 2893.214 0.405435
COST 65536 16384 2 8 6.00 0.001 512 0.988192 3074.351 0.436745
COST 65536 32768 2 8 6.00 0.001 512 1.000000 3148.158 1.000000
COST 65536 1024 2 8 6.00 0.01 512 0.101302 580.541 1.451656
COST 65536 2048 2 8 6.00 0.01 512 0.330474 1566.336 1.510131
COST 65536 4096 2 8 6.00 0.01 512 0.556802 3216.549 1.582622
COST 65536 8192 2 8 6.00 0.01 512 0.739552 5202.429 1.646249
COST 65536 16384 2 8 6.00 0.01 512 0.884751 7255.222 1.314336
COST 65536 32768 2 8 6.00 0.01 512 1.000000 9194.355 1.000000
COST 65536 1024 2 8 6.00 0.01 512 0.165385 624.216 2.438969
COST 65536 2048 2 8 6.00 0.01 512 0.461344 1609.558 2.534805
COST 65536 4096 2 8 6.00 0.01 512 0.695477 2988.843 2.536733
COST 65536 8192 2 8 6.00 0.01 512 0.845641 4257.453 1.854908
COST 65536 16384 2 8 6.00 0.01 512 0.940341 5226.412 0.765354
COST 65536 32768 2 8 6.00 0.01 512 1.000000 5902.169 1.000000
COST 65536 1024 2 8 6.00 0.01 512 0.244563 673.187 2.442527
COST 65536 2048 2 8 6.00 0.01 512 0.588090 1638.224 2.585155
COST 65536 4096 2 8 6.00 0.01 512 0.805806 2730.001 1.628630
COST 65536 8192 2 8 6.00 0.01 512 0.916720 3481.998 0.477966
COST 65536 16384 2 8 6.00 0.01 512 0.972240 3909.418 0.455917
COST 65536 32768 2 8 6.00 0.01 512 1.000000 4134.919 1.000000
COST 65536 1024 2 8 6.00 0.01 512 0.334013 728.024 2.546997
COST 65536 2048 2 8 6.00 0.01 512 0.698486 1650.915 2.443954
COST 65536 4096 2 8 6.00 0.01 512 0.883550 2471.828 0.497596
COST 65536 8192 2 8 6.00 0.01 512 0.958438 2893.214 0.240279
COST 65536 16384 2 8 6.00 0.01 512 0.988192 3074.351 0.430972
COST 65536 32768 2 8 6.00 0.01 512 1.000000 3148.158 1.000000
COST 65536 1024 2 8 6.50 0.0001 512 0.101302 580.541 0.988680
COST 65536 2048 2 8 6.50 0.0001 512 0.330474 1566.336 1.018892
COST 65536 4096 2 8 6.50 0.0001 512 0.556802 3216.549 1.025020
COST 65536 8192 2 8 6.50 0.0001 512 0.739552 5202.429 1.096282
COST 65536 16384 2 8 6.50 0.0001 512 0.884751 7255.222 1.196605
COST 65536 32768 2 8 6.50 0.0001 512 1.000000 9194.355 1.000000
COST 65536 1024 2 8 6.50 0.0001 512 0.165385 624.216 2.363852
COST 65536 2048 2 8 6.50 0.0001 512 0.461344 1609.558 2.364024
COST 65536 4096 2 8 6.50 0.0001 512 0.695477 2988.843 2.382247
COST 65536 8192 2 8 6.50 0.0001 512 0.845641 4257.453 2.455872
COST 65536 16384 2 8 6.50 0.0001 512 0.940341 5226.412 1.430591
COST 65536 32768 2 8 6.50 0.0001 512 1.000000 5902.169 1.000000
COST 65536 1024 2 8 6.50 0.0001 512 0.244563 673.187 2.470178
COST 65536 2048 2 8 6.50 0.0001 512 0.588090 1638.224 2.467573
COST 65536 4096 2 8 6.50 0.0001 512 0.805806 2730.001 2.548031
COST 65536 8192 2 8 6.50 0.0001 512 0.916720 3481.998 0.989757
COST 65536 16384 2 8 6.50 0.0001 512 0.972240 3909.418 0.471957
COST 65536 32768 2 8 6.50 0.0001 512 1.000000 4134.919 1.000000
COST 65536 1024 2 8 6.50 0.0001 512 0.334013 728.024 2.491935
COST 65536 2048 2 8 6.50 0.0001 512 0.698486 1650.915 2.519718
COST 65536 4096 2 8 6.50 0.0001 512 0.883550 2471.828 1.243793
COST 65536 8192 2 8 6.50 0.0001 512 0.958438 2893.214 0.306800
COST 65536 16384 2 8 6.50 0.0001 512 0.988192 3074.351 0.426612
COST 65536 32768 2 8 6.50 0.0001 512 1.000000 3148.158 1.000000
COST 65536 1024 2 8 6.50 0.001 512 0.101302 580.541 1.567868
COST 65536 2048 2 8 6.50 0.001 512 0.330474 1566.336 1.663784
COST 65536 4096 2 8 6.50 0.001 512 0.556802 3216.549 1.668900
COST 65536 8192 2 8 6.50 0.001 512 0.739552 5202.429 1.750623
COST 65536 16384 2 8 6.50 0.001 512 0.884751 7255.222 1.672257
COST 65536 32768 2 8 6.50 0.001 512 1.000000 9194.355 1.000000
COST 65536 1024 2 8 6.50 0.001 512 0.165385 624.216 2.589965
COST 65536 2048 2 8 6.50 0.001 512 0.461344 1609.558 2.639845
COST 65536 4096 2 8 6.50 0.001 512 0.695477 2988.843 2.633781
COST 65536 8192 2 8 6.50 0.001 512 0.845641 4257.453 2.060776
COST 65536 16384 2 8 6.50 0.001 512 0.940341 5226.412 0.736305
COST 65536 32768 2 8 6.50 0.001 512 1.000000 5902.169 1.000000
COST 65536 1024 2 8 6.50 0.001 512 0.244563 673.187 2.531393
COST 65536 2048 2 8 6.50 0.001 512 0.588090 1638.224 2.587797
COST 65536 4096 2 8 6.50 0.001 512 0.805806 2730.001 2.010916
COST 65536 8192 2 8 6.50 0.001 512 0.916720 3481.998 0.440606
COST 65536 16384 2 8 6.50 0.001 512 0.972240 3909.418 0.446210
COST 65536 32768 2 8 6.50 0.001 512 1.000000 4134.919 1.000000
COST 65536 1024 2 8 6.50 0.001 512 0.334013 728.024 2.486318
COST 65536 2048 2 8 6.50 0.001 512 0.698486 1650.915 2.536846
COST 65536 4096 2 8 6.50 0.001 512 0.883550 2471.828 0.489228
COST 65536 8192 2 8 6.50 0.001 512 0.958438 2893.214 0.233588
COST 65536 16384 2 8 6.50 0.001 512 0.988192 3074.351 0.432579
COST 65536 32768 2 8 6.50 0.001 512 1.000000 3148.158 1.000000
COST 65536 1024 2 8 6.50 0.01 512 0.101302 580.541 2.422718
COST 65536 2048 2 8 6.50 0.01 512 0.330474 1566.336 2.493890
COST 65536 4096 2 8 6.50 0.01 512 0.556802 3216.549 2.507174
COST 65536 8192 2 8 6.50 0.01 512 0.739552 5202.429 2.404294
COST 65536 16384 2 8 6.50 0.01 512 0.884751 7255.222 1.031987
COST 65536 32768 2 8 6.50 0.01 512 1.000000 9194.355 1.000000
COST 65536 1024 2 8 6.50 0.01 512 0.165385 624.216 2.695574
COST 65536 2048 2 8 6.50 0.01 512 0.461344 1609.558 2.687345
COST 65536 4096 2 8 6.50 0.01 512 0.695477 2988.843 2.281850
COST 65536 8192 2 8 6.50 0.01 512 0.845641 4257.453 0.692450
COST 65536 16384 2 8 6.50 0.01 512 0.940341 5226.412 0.484011
COST 65536 32768 2 8 6.50 0.01 512 1.000000 5902.169 1.000000
COST 65536 1024 2 8 6.50 0.01 512 0.244563 673.187 2.575436
COST 65536 2048 2 8 6.50 0.01 512 0.588090 1638.224 2.510297
COST 65536 4096 2 8 6.50 0.01 512 0.805806 2730.001 0.508675
COST 65536 8192 2 8 6.50 0.01 512 0.916720 3481.998 0.273115
COST 65536 16384 2 8 6.50 0.01 512 0.972240 3909.418 0.462553
COST 65536 32768 2 8 6.50 0.01 512 1.000000 4134.919 1.000000
COST 65536 1024 2 8 6.50 0.01 512 0.334013 728.024 2.532790
COST 65536 2048 2 8 6.50 0.01 512 0.698486 1650.915 1.484764
COST 65536 4096 2 8 6.50 0.01 512 0.883550 2471.828 0.206138
COST 65536 8192 2 8 6.50 0.01 512 0.958438 2893.214 0.233321
COST 65536 16384 2 8 6.50 0.01 512 0.988192 3074.351 0.445137
COST 65536 32768 2 8 6.50 0.01 512 1.000000 3148.158 1.000000
COST 8192 256 2 8 5.00 0.0001 512 0.329874 195.369 0.660070
COST 8192 512 2 8 5.00 0.0001 512 0.556559 401.781 0.698729
COST 8192 1024 2 8 5.00 0.0001 512 0.739463 650.145 0.721358
COST 8192 2048 2 8 5.00 0.0001 512 0.884725 906.825 0.821361
COST 8192 4096 2 8 5.00 0.0001 512 1.000000 1149.259 1.000000
COST 8192 256 2 8 5.00 0.0001 512 0.460649 200.798 0.765283
COST 8192 512 2 8 5.00 0.0001 512 0.695251 373.393 0.796266
COST 8192 1024 2 8 5.00 0.0001 512 0.845574 532.095 0.822953
COST 8192 2048 2 8 5.00 0.0001 512 0.940325 653.270 0.963023
COST 8192 4096 2 8 5.00 0.0001 512 1.000000 737.761 1.000000
COST 8192 256 2 8 5.00 0.0001 512 0.587370 204.420 1.368772
COST 8192 512 2 8 5.00 0.0001 512 0.805619 341.105 1.377508
COST 8192 1024 2 8 5.00 0.0001 512 0.916676 435.206 1.366474
COST 8192 2048 2 8 5.00 0.0001 512 0.972231 488.665 1.102105
COST 8192 4096 2 8 5.00 0.0001 512 1.000000 516.862 1.000000
COST 8192 256 2 8 5.00 0.0001 512 0.697808 206.055 1.850703
COST 8192 512 2 8 5.00 0.0001 512 0.883410 308.885 1.873229
COST 8192 1024 2 8 5.00 0.0001 512 0.958411 361.631 1.215011
COST 8192 2048 2 8 5.00 0.0001 512 0.988187 384.289 0.796919
COST 8192 4096 2 8 5.00 0.0001 512 1.000000 393.519 1.000000
COST 8192 256 2 8 5.00 0.001 512 0.329874 195.369 0.701439
COST 8192 512 2 8 5.00 0.001 512 0.556559 401.781 0.733648
COST 8192 1024 2 8 5.00 0.001 512 0.739463 650.145 0.743233
COST 8192 2048 2 8 5.00 0.001 512 0.884725 906.825 0.841399
COST 8192 4096 2 8 5.00 0.001 512 1.000000 1149.259 1.000000
COST 8192 256 2 8 5.00 0.001 512 0.460649 200.798 0.997540
COST 8192 512 2 8 5.00 0.001 512 0.695251 373.393 1.030575
COST 8192 1024 2 8 5.00 0.001 512 0.845574 532.095 1.046943
COST 8192 2048 2 8 5.00 0.001 512 0.940325 653.270 1.043277
COST 8192 4096 2 8 5.00 0.001 512 1.000000 737.761 1.000000
COST 8192 256 2 8 5.00 0.001 512 0.587370 204.420 1.722534
COST 8192 512 2 8 5.00 0.001 512 0.805619 341.105 1.755008
COST 8192 1024 2 8 5.00 0.001 512 0.916676 435.206 1.377095
COST 8192 2048 2 8 5.00 0.001 512 0.972231 488.665 0.910748
COST 8192 4096 2 8 5.00 0.001 512 1.000000 516.862 1.000000
COST 8192 256 2 8 5.00 0.001 512 0.697808 206.055 2.045075
COST 8192 512 2 8 5.00 0.001 512 0.883410 308.885 1.628953
COST 8192 1024 2 8 5.00 0.001 512 0.958411 361.631 0.790695
COST 8192 2048 2 8 5.00 0.001 512 0.988187 384.289 0.613932
COST 8192 4096 2 8 5.00 0.001 512 1.000000 393.519 1.000000
COST 8192 256 2 8 5.00 0.01 512 0.329874 195.369 0.835493
COST 8192 512 2 8 5.00 0.01 512 0.556559 401.781 0.898724
COST 8192 1024 2 8 5.00 0.01 512 0.739463 650.145 0.901171
COST 8192 2048 2 8 5.00 0.01 512 0.884725 906.825 0.961991
COST 8192 4096 2 8 5.00 0.01 512 1.000000 1149.259 1.000000
COST 8192 256 2 8 5.00 0.01 512 0.460649 200.798 1.506233
COST 8192 512 2 8 5.00 0.01 512 0.695251 373.393 1.556964
COST 8192 1024 2 8 5.00 0.01 512 0.845574 532.095 1.401316
COST 8192 2048 2 8 5.00 0.01 512 0.940325 653.270 0.905486
COST 8192 4096 2 8 5.00 0.01 512 1.000000 737.761 1.000000
COST 8192 256 2 8 5.00 0.01 512 0.587370 204.420 1.940932
COST 8192 512 2 8 5.00 0.01 512 0.805619 341.105 1.574027
COST 8192 1024 2 8 5.00 0.01 512 0.916676 435.206 0.758400
COST 8192 2048 2 8 5.00 0.01 512 0.972231 488.665 0.650398
COST 8192 4096 2 8 5.00 0.01 512 1.000000 516.862 1.000000
COST 8192 256 2 8 5.00 0.01 512 0.697808 206.055 1.959220
COST 8192 512 2 8 5.00 0.01 512 0.883410 308.885 0.843722
COST 8192 1024 2 8 5.00 0.01 512 0.958411 361.631 0.316950
COST 8192 2048 2 8 5.00 0.01 512 0.988187 384.289 0.488810
COST 8192 4096 2 8 5.00 0.01 512 1.000000 393.519 1.000000
COST 8192 256 2 8 5.50 0.0001 512 0.329874 195.369 0.705210
COST 8192 512 2 8 5.50 0.0001 512 0.556559 401.781 0.737713
COST 8192 1024 2 8 5.50 0.0001 512 0.739463 650.145 0.761985
COST 8192 2048 2 8 5.50 0.0001 512 0.884725 906.825 0.858788
COST 8192 4096 2 8 5.50 0.0001 512 1.000000 1149.259 1.000000
COST 8192 256 2 8 5.50 0.0001 512 0.460649 200.798 1.344978
COST 8192 512 2 8 5.50 0.0001 512 0.695251 373.393 1.405739
COST 8192 1024 2 8 5.50 0.0001 512 0.845574 532.095 1.447485
COST 8192 2048 2 8 5.50 0.0001 512 0.940325 653.270 1.341440
COST 8192 4096 2 8 5.50 0.0001 512 1.000000 737.761 1.000000
COST 8192 256 2 8 5.50 0.0001 512 0.587370 204.420 1.928936
COST 8192 512 2 8 5.50 0.0001 512 0.805619 341.105 1.996391
COST 8192 1024 2 8 5.50 0.0001 512 0.916676 435.206 1.338668
COST 8192 2048 2 8 5.50 0.0001 512 0.972231 488.665 0.765379
COST 8192 4096 2 8 5.50 0.0001 512 1.000000 516.862 1.000000
COST 8192 256 2 8 5.50 0.0001 512 0.697808 206.055 2.076589
COST 8192 512 2 8 5.50 0.0001 512 0.883410 308.885 1.592394
COST 8192 1024 2 8 5.50 0.0001 512 0.958411 361.631 0.437606
COST 8192 2048 2 8 5.50 0.0001 512 0.988187 384.289 0.485492
COST 8192 4096 2 8 5.50 0.0001 512 1.000000 393.519 1.000000
COST 8192 256 2 8 5.50 0.001 512 0.329874 195.369 0.902903
COST 8192 512 2 8 5.50 0.001 512 0.556559 401.781 0.906563
COST 8192 1024 2 8 5.50 0.001 512 0.739463 650.145 0.937621
COST 8192 2048 2 8 5.50 0.001 512 0.884725 906.825 1.047735
COST 8192 4096 2 8 5.50 0.001 512 1.000000 1149.259 1.000000
COST 8192 256 2 8 5.50 0.001 512 0.460649 200.798 1.699525
COST 8192 512 2 8 5.50 0.001 512 0.695251 373.393 1.778922
COST 8192 1024 2 8 5.50 0.001 512 0.845574 532.095 1.562121
COST 8192 2048 2 8 5.50 0.001 512 0.940325 653.270 0.922214
COST 8192 4096 2 8 5.50 0.001 512 1.000000 737.761 1.000000
COST 8192 256 2 8 5.50 0.001 512 0.587370 204.420 1.993079
COST 8192 512 2 8 5.50 0.001 512 0.805619 341.105 1.824403
COST 8192 1024 2 8 5.50 0.001 512 0.916676 435.206 0.662869
COST 8192 2048 2 8 5.50 0.001 512 0.972231 488.665 0.560355
COST 8192 4096 2 8 5.50 0.001 512 1.000000 516.862 1.000000
COST 8192 256 2 8 5.50 0.001 512 0.697808 206.055 2.015764
COST 8192 512 2 8 5.50 0.001 512 0.883410 308.885 0.822661
COST 8192 1024 2 8 5.50 0.001 512 0.958411 361.631 0.261539
COST 8192 2048 2 8 5.50 0.001 512 0.988187 384.289 0.474896
COST 8192 4096 2 8 5.50 0.001 512 1.000000 393.519 1.000000
COST 8192 256 2 8 5.50 0.01 512 0.329874 195.369 1.418739
COST 8192 512 2 8 5.50 0.01 512 0.556559 401.781 1.491113
COST 8192 1024 2 8 5.50 0.01 512 0.739463 650.145 1.426024
COST 8192 2048 2 8 5.50 0.01 512 0.884725 906.825 0.973801
COST 8192 4096 2 8 5.50 0.01 512 1.000000 1149.259 1.000000
COST 8192 256 2 8 5.50 0.01 512 0.460649 200.798 1.968848
COST 8192 512 2 8 5.50 0.01 512 0.695251 373.393 1.816265
COST 8192 1024 2 8 5.50 0.01 512 0.845574 532.095 0.867195
COST 8192 2048 2 8 5.50 0.01 512 0.940325 653.270 0.619105
COST 8192 4096 2 8 5.50 0.01 512 1.000000 737.761 1.000000
COST 8192 256 2 8 5.50 0.01 512 0.587370 204.420 1.952931
COST 8192 512 2 8 5.50 0.01 512 0.805619 341.105 0.754728
COST 8192 1024 2 8 5.50 0.01 512 0.916676 435.206 0.280785
COST 8192 2048 2 8 5.50 0.01 512 0.972231 488.665 0.457206
COST 8192 4096 2 8 5.50 0.01 512 1.000000 516.862 1.000000
COST 8192 256 2 8 5.50 0.01 512 0.697808 206.055 1.422236
COST 8192 512 2 8 5.50 0.01 512 0.883410 308.885 0.295289
COST 8192 1024 2 8 5.50 0.01 512 0.958411 361.631 0.195724
COST 8192 2048 2 8 5.50 0.01 512 0.988187 384.289 0.486445
COST 8192 4096 2 8 5.50 0.01 512 1.000000 393.519 1.000000
COST 8192 256 2 8 6.00 0.0001 512 0.329874 195.369 1.057118
COST 8192 512 2 8 6.00 0.0001 512 0.556559 401.781 1.105897
COST 8192 1024 2 8 6.00 0.0001 512 0.739463 650.145 1.158041
COST 8192 2048 2 8 6.00 0.0001 512 0.884725 906.825 1.234297
COST 8192 4096 2 8 6.00 0.0001 512 1.000000 1149.259 1.000000
COST 8192 256 2 8 6.00 0.0001 512 0.460649 200.798 1.812827
COST 8192 512 2 8 6.00 0.0001 512 0.695251 373.393 1.885421
COST 8192 1024 2 8 6.00 0.0001 512 0.845574 532.095 1.659127
COST 8192 2048 2 8 6.00 0.0001 512 0.940325 653.270 0.878692
COST 8192 4096 2 8 6.00 0.0001 512 1.000000 737.761 1.000000
COST 8192 256 2 8 6.00 0.0001 512 0.587370 204.420 2.059734
COST 8192 512 2 8 6.00 0.0001 512 0.805619 341.105 1.791856
COST 8192 1024 2 8 6.00 0.0001 512 0.916676 435.206 0.550145
COST 8192 2048 2 8 6.00 0.0001 512 0.972231 488.665 0.546048
COST 8192 4096 2 8 6.00 0.0001 512 1.000000 516.862 1.000000
COST 8192 256 2 8 6.00 0.0001 512 0.697808 206.055 2.107330
COST 8192 512 2 8 6.00 0.0001 512 0.883410 308.885 0.682787
COST 8192 1024 2 8 6.00 0.0001 512 0.958411 361.631 0.207413
COST 8192 2048 2 8 6.00 0.0001 512 0.988187 384.289 0.476313
COST 8192 4096 2 8 6.00 0.0001 512 1.000000 393.519 1.000000
COST 8192 256 2 8 6.00 0.001 512 0.329874 195.369 1.462691
COST 8192 512 2 8 6.00 0.001 512 0.556559 401.781 1.575151
COST 8192 1024 2 8 6.00 0.001 512 0.739463 650.145 1.539280
COST 8192 2048 2 8 6.00 0.001 512 0.884725 906.825 1.193018
COST 8192 4096 2 8 6.00 0.001 512 1.000000 1149.259 1.000000
COST 8192 256 2 8 6.00 0.001 512 0.460649 200.798 1.980319
COST 8192 512 2 8 6.00 0.001 512 0.695251 373.393 1.951497
COST 8192 1024 2 8 6.00 0.001 512 0.845574 532.095 0.986786
COST 8192 2048 2 8 6.00 0.001 512 0.940325 653.270 0.623968
COST 8192 4096 2 8 6.00 0.001 512 1.000000 737.761 1.000000
COST 8192 256 2 8 6.00 0.001 512 0.587370 204.420 2.108814
COST 8192 512 2 8 6.00 0.001 512 0.805619 341.105 0.959668
COST 8192 1024 2 8 6.00 0.001 512 0.916676 435.206 0.266337
COST 8192 2048 2 8 6.00 0.001 512 0.972231 488.665 0.468681
COST 8192 4096 2 8 6.00 0.001 512 1.000000 516.862 1.000000
COST 8192 256 2 8 6.00 0.001 512 0.697808 206.055 1.663216
COST 8192 512 2 8 6.00 0.001 512 0.883410 308.885 0.284122
COST 8192 1024 2 8 6.00 0.001 512 0.958411 361.631 0.179194
COST 8192 2048 2 8 6.00 0.001 512 0.988187 384.289 0.467257
COST 8192 4096 2 8 6.00 0.001 512 1.000000 393.519 1.000000
COST 8192 256 2 8 6.00 0.01 512 0.329874 195.369 1.886907
COST 8192 512 2 8 6.00 0.01 512 0.556559 401.781 1.956404
COST 8192 1024 2 8 6.00 0.01 512 0.739463 650.145 1.338706
COST 8192 2048 2 8 6.00 0.01 512 0.884725 906.825 0.686026
COST 8192 4096 2 8 6.00 0.01 512 1.000000 1149.259 1.000000
COST 8192 256 2 8 6.00 0.01 512 0.460649 200.798 2.123935
COST 8192 512 2 8 6.00 0.01 512 0.695251 373.393 1.192493
COST 8192 1024 2 8 6.00 0.01 512 0.845574 532.095 0.346915
COST 8192 2048 2 8 6.00 0.01 512 0.940325 653.270 0.493146
COST 8192 4096 2 8 6.00 0.01 512 1.000000 737.761 1.000000
COST 8192 256 2 8 6.00 0.01 512 0.587370 204.420 1.587563
COST 8192 512 2 8 6.00 0.01 512 0.805619 341.105 0.287543
COST 8192 1024 2 8 6.00 0.01 512 0.916676 435.206 0.180439
COST 8192 2048 2 8 6.00 0.01 512 0.972231 488.665 0.463266
COST 8192 4096 2 8 6.00 0.01 512 1.000000 516.862 1.000000
COST 8192 256 2 8 6.00 0.01 512 0.697808 206.055 0.604177
COST 8192 512 2 8 6.00 0.01 512 0.883410 308.885 0.140616
COST 8192 1024 2 8 6.00 0.01 512 0.958411 361.631 0.162021
COST 8192 2048 2 8 6.00 0.01 512 0.988187 384.289 0.457780
COST 8192 4096 2 8 6.00 0.01 512 1.000000 393.519 1.000000
COST 8192 256 2 8 6.50 0.0001 512 0.329874 195.369 1.628746
COST 8192 512 2 8 6.50 0.0001 512 0.556559 401.781 1.720123
COST 8192 1024 2 8 6.50 0.0001 512 0.739463 650.145 1.746778
COST 8192 2048 2 8 6.50 0.0001 512 0.884725 906.825 1.332967
COST 8192 4096 2 8 6.50 0.0001 512 1.000000 1149.259 1.000000
COST 8192 256 2 8 6.50 0.0001 512 0.460649 200.798 2.031095
COST 8192 512 2 8 6.50 0.0001 512 0.695251 373.393 2.019291
COST 8192 1024 2 8 6.50 0.0001 512 0.845574 532.095 0.880771
COST 8192 2048 2 8 6.50 0.0001 512 0.940325 653.270 0.605446
COST 8192 4096 2 8 6.50 0.0001 512 1.000000 737.761 1.000000
COST 8192 256 2 8 6.50 0.0001 512 0.587370 204.420 2.120467
COST 8192 512 2 8 6.50 0.0001 512 0.805619 341.105 0.874431
COST 8192 1024 2 8 6.50 0.0001 512 0.916676 435.206 0.242290
COST 8192 2048 2 8 6.50 0.0001 512 0.972231 488.665 0.475807
COST 8192 4096 2 8 6.50 0.0001 512 1.000000 516.862 1.000000
COST 8192 256 2 8 6.50 0.0001 512 0.697808 206.055 1.689621
COST 8192 512 2 8 6.50 0.0001 512 0.883410 308.885 0.222892
COST 8192 1024 2 8 6.50 0.0001 512 0.958411 361.631 0.171227
COST 8192 2048 2 8 6.50 0.0001 512 0.988187 384.289 0.446089
COST 8192 4096 2 8 6.50 0.0001 512 1.000000 393.519 1.000000
COST 8192 256 2 8 6.50 0.001 512 0.329874 195.369 1.959831
COST 8192 512 2 8 6.50 0.001 512 0.556559 401.781 1.979884
COST 8192 1024 2 8 6.50 0.001 512 0.739463 650.145 1.607554
COST 8192 2048 2 8 6.50 0.001 512 0.884725 906.825 0.815249
COST 8192 4096 2 8 6.50 0.001 512 1.000000 1149.259 1.000000
COST 8192 256 2 8 6.50 0.001 512 0.460649 200.798 2.117230
COST 8192 512 2 8 6.50 0.001 512 0.695251 373.393 1.565547
COST 8192 1024 2 8 6.50 0.001 512 0.845574 532.095 0.382957
COST 8192 2048 2 8 6.50 0.001 512 0.940325 653.270 0.508673
COST 8192 4096 2 8 6.50 0.001 512 1.000000 737.761 1.000000
COST 8192 256 2 8 6.50 0.001 512 0.587370 204.420 1.821840
COST 8192 512 2 8 6.50 0.001 512 0.805619 341.105 0.372637
COST 8192 1024 2 8 6.50 0.001 512 0.916676 435.206 0.175017
COST 8192 2048 2 8 6.50 0.001 512 0.972231 488.665 0.439174
COST 8192 4096 2 8 6.50 0.001 512 1.000000 516.862 1.000000
COST 8192 256 2 8 6.50 0.001 512 0.697808 206.055 0.823638
COST 8192 512 2 8 6.50 0.001 512 0.883410 308.885 0.137850
COST 8192 1024 2 8 6.50 0.001 512 0.958411 361.631 0.154630
COST 8192 2048 2 8 6.50 0.001 512 0.988187 384.289 0.452904
COST 8192 4096 2 8 6.50 0.001 512 1.000000 393.519 1.000000
COST 8192 256 2 8 6.50 0.01 512 0.329874 195.369 2.242475
COST 8192 512 2 8 6.50 0.01 512 0.556559 401.781 1.902213
COST 8192 1024 2 8 6.50 0.01 512 0.739463 650.145 0.653998
COST 8192 2048 2 8 6.50 0.01 512 0.884725 906.825 0.560507
COST 8192 4096 2 8 6.50 0.01 512 1.000000 1149.259 1.000000
COST 8192 256 2 8 6.50 0.01 512 0.460649 200.798 2.106565
COST 8192 512 2 8 6.50 0.01 512 0.695251 373.393 0.494993
COST 8192 1024 2 8 6.50 0.01 512 0.845574 532.095 0.224202
COST 8192 2048 2 8 6.50 0.01 512 0.940325 653.270 0.465457
COST 8192 4096 2 8 6.50 0.01 512 1.000000 737.761 1.000000
COST 8192 256 2 8 6.50 0.01 512 0.587370 204.420 0.827218
COST 8192 512 2 8 6.50 0.01 512 0.805619 341.105 0.133978
COST 8192 1024 2 8 6.50 0.01 512 0.916676 435.206 0.165653
COST 8192 2048 2 8 6.50 0.01 512 0.972231 488.665 0.455188
COST 8192 4096 2 8 6.50 0.01 512 1.000000 516.862 1.000000
COST 8192 256 2 8 6.50 0.01 512 0.697808 206.055 0.211162
COST 8192 512 2 8 6.50 0.01 512 0.883410 308.885 0.115938
COST 8192 1024 2 8 6.50 0.01 512 0.958411 361.631 0.160788
COST 8192 2048 2 8 6.50 0.01 512 0.988187 384.289 0.455585
COST 8192 4096 2 8 6.50 0.01 512 1.000000 393.519 1.000000
