# matchedfilter CPU COST table -- FDR and batch-aware relative costs
# format cost-fd-pairs-v1
# cpu     AMD Ryzen 7 7840U w/ Radeon  780M Graphics
# commit  c33e2c4
# Warm public-API cost relative to the widest band for this profile and shape.
# The reference-profile gate model computes accuracy independently.
# U=2 and K=8 are retained as configuration metadata; taps are inert.
# COST n band U K snr fd pairs f beff relative_cost
COST 1024 256 2 8 5.00 0.0001 512 0.884518 113.275 1.204078
COST 1024 512 2 8 5.00 0.0001 512 1.000000 143.622 1.000000
COST 1024 256 2 8 5.00 0.0001 512 0.940195 81.628 1.560494
COST 1024 512 2 8 5.00 0.0001 512 1.000000 92.210 1.000000
COST 1024 256 2 8 5.00 0.0001 512 0.972159 61.071 1.069546
COST 1024 512 2 8 5.00 0.0001 512 1.000000 64.605 1.000000
COST 1024 256 2 8 5.00 0.0001 512 0.988151 48.031 0.804012
COST 1024 512 2 8 5.00 0.0001 512 1.000000 49.188 1.000000
COST 1024 256 2 8 5.00 0.001 512 0.884518 113.275 1.409381
COST 1024 512 2 8 5.00 0.001 512 1.000000 143.622 1.000000
COST 1024 256 2 8 5.00 0.001 512 0.940195 81.628 1.161001
COST 1024 512 2 8 5.00 0.001 512 1.000000 92.210 1.000000
COST 1024 256 2 8 5.00 0.001 512 0.972159 61.071 0.917357
COST 1024 512 2 8 5.00 0.001 512 1.000000 64.605 1.000000
COST 1024 256 2 8 5.00 0.001 512 0.988151 48.031 0.697792
COST 1024 512 2 8 5.00 0.001 512 1.000000 49.188 1.000000
COST 1024 256 2 8 5.00 0.01 512 0.884518 113.275 1.221613
COST 1024 512 2 8 5.00 0.01 512 1.000000 143.622 1.000000
COST 1024 256 2 8 5.00 0.01 512 0.940195 81.628 0.865026
COST 1024 512 2 8 5.00 0.01 512 1.000000 92.210 1.000000
COST 1024 256 2 8 5.00 0.01 512 0.972159 61.071 0.727857
COST 1024 512 2 8 5.00 0.01 512 1.000000 64.605 1.000000
COST 1024 256 2 8 5.00 0.01 512 0.988151 48.031 0.556678
COST 1024 512 2 8 5.00 0.01 512 1.000000 49.188 1.000000
COST 1024 256 2 8 5.50 0.0001 512 0.884518 113.275 1.690317
COST 1024 512 2 8 5.50 0.0001 512 1.000000 143.622 1.000000
COST 1024 256 2 8 5.50 0.0001 512 0.940195 81.628 1.300327
COST 1024 512 2 8 5.50 0.0001 512 1.000000 92.210 1.000000
COST 1024 256 2 8 5.50 0.0001 512 0.972159 61.071 0.839068
COST 1024 512 2 8 5.50 0.0001 512 1.000000 64.605 1.000000
COST 1024 256 2 8 5.50 0.0001 512 0.988151 48.031 0.682074
COST 1024 512 2 8 5.50 0.0001 512 1.000000 49.188 1.000000
COST 1024 256 2 8 5.50 0.001 512 0.884518 113.275 1.548405
COST 1024 512 2 8 5.50 0.001 512 1.000000 143.622 1.000000
COST 1024 256 2 8 5.50 0.001 512 0.940195 81.628 0.937012
COST 1024 512 2 8 5.50 0.001 512 1.000000 92.210 1.000000
COST 1024 256 2 8 5.50 0.001 512 0.972159 61.071 0.806255
COST 1024 512 2 8 5.50 0.001 512 1.000000 64.605 1.000000
COST 1024 256 2 8 5.50 0.001 512 0.988151 48.031 0.500784
COST 1024 512 2 8 5.50 0.001 512 1.000000 49.188 1.000000
COST 1024 256 2 8 5.50 0.01 512 0.884518 113.275 0.904768
COST 1024 512 2 8 5.50 0.01 512 1.000000 143.622 1.000000
COST 1024 256 2 8 5.50 0.01 512 0.940195 81.628 0.827321
COST 1024 512 2 8 5.50 0.01 512 1.000000 92.210 1.000000
COST 1024 256 2 8 5.50 0.01 512 0.972159 61.071 0.586567
COST 1024 512 2 8 5.50 0.01 512 1.000000 64.605 1.000000
COST 1024 256 2 8 5.50 0.01 512 0.988151 48.031 0.458360
COST 1024 512 2 8 5.50 0.01 512 1.000000 49.188 1.000000
COST 1024 256 2 8 6.00 0.0001 512 0.884518 113.275 1.757283
COST 1024 512 2 8 6.00 0.0001 512 1.000000 143.622 1.000000
COST 1024 256 2 8 6.00 0.0001 512 0.940195 81.628 0.988692
COST 1024 512 2 8 6.00 0.0001 512 1.000000 92.210 1.000000
COST 1024 256 2 8 6.00 0.0001 512 0.972159 61.071 0.665426
COST 1024 512 2 8 6.00 0.0001 512 1.000000 64.605 1.000000
COST 1024 256 2 8 6.00 0.0001 512 0.988151 48.031 0.477256
COST 1024 512 2 8 6.00 0.0001 512 1.000000 49.188 1.000000
COST 1024 256 2 8 6.00 0.001 512 0.884518 113.275 1.278791
COST 1024 512 2 8 6.00 0.001 512 1.000000 143.622 1.000000
COST 1024 256 2 8 6.00 0.001 512 0.940195 81.628 0.821390
COST 1024 512 2 8 6.00 0.001 512 1.000000 92.210 1.000000
COST 1024 256 2 8 6.00 0.001 512 0.972159 61.071 0.474898
COST 1024 512 2 8 6.00 0.001 512 1.000000 64.605 1.000000
COST 1024 256 2 8 6.00 0.001 512 0.988151 48.031 0.467243
COST 1024 512 2 8 6.00 0.001 512 1.000000 49.188 1.000000
COST 1024 256 2 8 6.00 0.01 512 0.884518 113.275 0.785513
COST 1024 512 2 8 6.00 0.01 512 1.000000 143.622 1.000000
COST 1024 256 2 8 6.00 0.01 512 0.940195 81.628 0.573905
COST 1024 512 2 8 6.00 0.01 512 1.000000 92.210 1.000000
COST 1024 256 2 8 6.00 0.01 512 0.972159 61.071 0.493221
COST 1024 512 2 8 6.00 0.01 512 1.000000 64.605 1.000000
COST 1024 256 2 8 6.00 0.01 512 0.988151 48.031 0.468521
COST 1024 512 2 8 6.00 0.01 512 1.000000 49.188 1.000000
COST 1024 256 2 8 6.50 0.0001 512 0.884518 113.275 1.434106
COST 1024 512 2 8 6.50 0.0001 512 1.000000 143.622 1.000000
COST 1024 256 2 8 6.50 0.0001 512 0.940195 81.628 0.745379
COST 1024 512 2 8 6.50 0.0001 512 1.000000 92.210 1.000000
COST 1024 256 2 8 6.50 0.0001 512 0.972159 61.071 0.479572
COST 1024 512 2 8 6.50 0.0001 512 1.000000 64.605 1.000000
COST 1024 256 2 8 6.50 0.0001 512 0.988151 48.031 0.481333
COST 1024 512 2 8 6.50 0.0001 512 1.000000 49.188 1.000000
COST 1024 256 2 8 6.50 0.001 512 0.884518 113.275 1.001513
COST 1024 512 2 8 6.50 0.001 512 1.000000 143.622 1.000000
COST 1024 256 2 8 6.50 0.001 512 0.940195 81.628 0.590814
COST 1024 512 2 8 6.50 0.001 512 1.000000 92.210 1.000000
COST 1024 256 2 8 6.50 0.001 512 0.972159 61.071 0.484399
COST 1024 512 2 8 6.50 0.001 512 1.000000 64.605 1.000000
COST 1024 256 2 8 6.50 0.001 512 0.988151 48.031 0.471274
COST 1024 512 2 8 6.50 0.001 512 1.000000 49.188 1.000000
COST 1024 256 2 8 6.50 0.01 512 0.884518 113.275 0.598470
COST 1024 512 2 8 6.50 0.01 512 1.000000 143.622 1.000000
COST 1024 256 2 8 6.50 0.01 512 0.940195 81.628 0.477420
COST 1024 512 2 8 6.50 0.01 512 1.000000 92.210 1.000000
COST 1024 256 2 8 6.50 0.01 512 0.972159 61.071 0.465089
COST 1024 512 2 8 6.50 0.01 512 1.000000 64.605 1.000000
COST 1024 256 2 8 6.50 0.01 512 0.988151 48.031 0.472194
COST 1024 512 2 8 6.50 0.01 512 1.000000 49.188 1.000000
COST 131072 2048 2 8 5.00 0.0001 512 0.101363 1161.495 0.729075
COST 131072 4096 2 8 5.00 0.0001 512 0.330517 3133.156 0.752121
COST 131072 8192 2 8 5.00 0.0001 512 0.556820 6433.428 0.770351
COST 131072 16384 2 8 5.00 0.0001 512 0.739558 10405.039 0.796014
COST 131072 32768 2 8 5.00 0.0001 512 0.884753 14510.533 0.854343
COST 131072 65536 2 8 5.00 0.0001 512 1.000000 18388.750 1.000000
COST 131072 2048 2 8 5.00 0.0001 512 0.165475 1248.868 0.746328
COST 131072 4096 2 8 5.00 0.0001 512 0.461394 3219.569 0.732171
COST 131072 8192 2 8 5.00 0.0001 512 0.695493 5977.928 0.768047
COST 131072 16384 2 8 5.00 0.0001 512 0.845646 8515.006 0.801398
COST 131072 32768 2 8 5.00 0.0001 512 0.940342 10452.859 0.870467
COST 131072 65536 2 8 5.00 0.0001 512 1.000000 11804.351 1.000000
COST 131072 2048 2 8 5.00 0.0001 512 0.244680 1346.831 0.744113
COST 131072 4096 2 8 5.00 0.0001 512 0.588141 3276.857 0.730355
COST 131072 8192 2 8 5.00 0.0001 512 0.805819 5460.169 0.760789
COST 131072 16384 2 8 5.00 0.0001 512 0.916724 6964.047 0.782224
COST 131072 32768 2 8 5.00 0.0001 512 0.972240 7818.850 0.859667
COST 131072 65536 2 8 5.00 0.0001 512 1.000000 8269.841 1.000000
COST 131072 2048 2 8 5.00 0.0001 512 0.334152 1456.527 0.886146
COST 131072 4096 2 8 5.00 0.0001 512 0.698534 3302.182 0.904757
COST 131072 8192 2 8 5.00 0.0001 512 0.883560 4943.763 0.979051
COST 131072 16384 2 8 5.00 0.0001 512 0.958440 5786.452 0.954347
COST 131072 32768 2 8 5.00 0.0001 512 0.988192 6148.706 1.031175
COST 131072 65536 2 8 5.00 0.0001 512 1.000000 6296.317 1.000000
COST 131072 2048 2 8 5.00 0.001 512 0.101363 1161.495 0.692284
COST 131072 4096 2 8 5.00 0.001 512 0.330517 3133.156 0.714012
COST 131072 8192 2 8 5.00 0.001 512 0.556820 6433.428 0.735842
COST 131072 16384 2 8 5.00 0.001 512 0.739558 10405.039 0.758356
COST 131072 32768 2 8 5.00 0.001 512 0.884753 14510.533 0.835379
COST 131072 65536 2 8 5.00 0.001 512 1.000000 18388.750 1.000000
COST 131072 2048 2 8 5.00 0.001 512 0.165475 1248.868 0.714032
COST 131072 4096 2 8 5.00 0.001 512 0.461394 3219.569 0.761519
COST 131072 8192 2 8 5.00 0.001 512 0.695493 5977.928 0.738919
COST 131072 16384 2 8 5.00 0.001 512 0.845646 8515.006 0.787751
COST 131072 32768 2 8 5.00 0.001 512 0.940342 10452.859 0.848716
COST 131072 65536 2 8 5.00 0.001 512 1.000000 11804.351 1.000000
COST 131072 2048 2 8 5.00 0.001 512 0.244680 1346.831 0.783524
COST 131072 4096 2 8 5.00 0.001 512 0.588141 3276.857 0.766660
COST 131072 8192 2 8 5.00 0.001 512 0.805819 5460.169 0.804418
COST 131072 16384 2 8 5.00 0.001 512 0.916724 6964.047 0.837133
COST 131072 32768 2 8 5.00 0.001 512 0.972240 7818.850 0.908646
COST 131072 65536 2 8 5.00 0.001 512 1.000000 8269.841 1.000000
COST 131072 2048 2 8 5.00 0.001 512 0.334152 1456.527 1.066464
COST 131072 4096 2 8 5.00 0.001 512 0.698534 3302.182 1.104580
COST 131072 8192 2 8 5.00 0.001 512 0.883560 4943.763 1.096488
COST 131072 16384 2 8 5.00 0.001 512 0.958440 5786.452 1.131129
COST 131072 32768 2 8 5.00 0.001 512 0.988192 6148.706 1.088313
COST 131072 65536 2 8 5.00 0.001 512 1.000000 6296.317 1.000000
COST 131072 2048 2 8 5.00 0.01 512 0.101363 1161.495 0.738507
COST 131072 4096 2 8 5.00 0.01 512 0.330517 3133.156 0.766409
COST 131072 8192 2 8 5.00 0.01 512 0.556820 6433.428 0.782837
COST 131072 16384 2 8 5.00 0.01 512 0.739558 10405.039 0.815698
COST 131072 32768 2 8 5.00 0.01 512 0.884753 14510.533 0.860733
COST 131072 65536 2 8 5.00 0.01 512 1.000000 18388.750 1.000000
COST 131072 2048 2 8 5.00 0.01 512 0.165475 1248.868 0.738406
COST 131072 4096 2 8 5.00 0.01 512 0.461394 3219.569 0.738064
COST 131072 8192 2 8 5.00 0.01 512 0.695493 5977.928 0.773895
COST 131072 16384 2 8 5.00 0.01 512 0.845646 8515.006 0.794977
COST 131072 32768 2 8 5.00 0.01 512 0.940342 10452.859 0.875927
COST 131072 65536 2 8 5.00 0.01 512 1.000000 11804.351 1.000000
COST 131072 2048 2 8 5.00 0.01 512 0.244680 1346.831 1.081423
COST 131072 4096 2 8 5.00 0.01 512 0.588141 3276.857 1.061434
COST 131072 8192 2 8 5.00 0.01 512 0.805819 5460.169 1.105279
COST 131072 16384 2 8 5.00 0.01 512 0.916724 6964.047 1.121783
COST 131072 32768 2 8 5.00 0.01 512 0.972240 7818.850 1.103610
COST 131072 65536 2 8 5.00 0.01 512 1.000000 8269.841 1.000000
COST 131072 2048 2 8 5.00 0.01 512 0.334152 1456.527 1.442056
COST 131072 4096 2 8 5.00 0.01 512 0.698534 3302.182 1.500929
COST 131072 8192 2 8 5.00 0.01 512 0.883560 4943.763 1.468588
COST 131072 16384 2 8 5.00 0.01 512 0.958440 5786.452 1.324941
COST 131072 32768 2 8 5.00 0.01 512 0.988192 6148.706 0.968303
COST 131072 65536 2 8 5.00 0.01 512 1.000000 6296.317 1.000000
COST 131072 2048 2 8 5.50 0.0001 512 0.101363 1161.495 0.730477
COST 131072 4096 2 8 5.50 0.0001 512 0.330517 3133.156 0.727167
COST 131072 8192 2 8 5.50 0.0001 512 0.556820 6433.428 0.746656
COST 131072 16384 2 8 5.50 0.0001 512 0.739558 10405.039 0.783126
COST 131072 32768 2 8 5.50 0.0001 512 0.884753 14510.533 0.850975
COST 131072 65536 2 8 5.50 0.0001 512 1.000000 18388.750 1.000000
COST 131072 2048 2 8 5.50 0.0001 512 0.165475 1248.868 0.738307
COST 131072 4096 2 8 5.50 0.0001 512 0.461394 3219.569 0.771246
COST 131072 8192 2 8 5.50 0.0001 512 0.695493 5977.928 0.780365
COST 131072 16384 2 8 5.50 0.0001 512 0.845646 8515.006 0.798036
COST 131072 32768 2 8 5.50 0.0001 512 0.940342 10452.859 0.851740
COST 131072 65536 2 8 5.50 0.0001 512 1.000000 11804.351 1.000000
COST 131072 2048 2 8 5.50 0.0001 512 0.244680 1346.831 0.997798
COST 131072 4096 2 8 5.50 0.0001 512 0.588141 3276.857 1.005455
COST 131072 8192 2 8 5.50 0.0001 512 0.805819 5460.169 1.024234
COST 131072 16384 2 8 5.50 0.0001 512 0.916724 6964.047 1.091048
COST 131072 32768 2 8 5.50 0.0001 512 0.972240 7818.850 1.151779
COST 131072 65536 2 8 5.50 0.0001 512 1.000000 8269.841 1.000000
COST 131072 2048 2 8 5.50 0.0001 512 0.334152 1456.527 1.827530
COST 131072 4096 2 8 5.50 0.0001 512 0.698534 3302.182 1.917316
COST 131072 8192 2 8 5.50 0.0001 512 0.883560 4943.763 2.001469
COST 131072 16384 2 8 5.50 0.0001 512 0.958440 5786.452 1.957533
COST 131072 32768 2 8 5.50 0.0001 512 0.988192 6148.706 1.180668
COST 131072 65536 2 8 5.50 0.0001 512 1.000000 6296.317 1.000000
COST 131072 2048 2 8 5.50 0.001 512 0.101363 1161.495 0.745082
COST 131072 4096 2 8 5.50 0.001 512 0.330517 3133.156 0.778735
COST 131072 8192 2 8 5.50 0.001 512 0.556820 6433.428 0.764440
COST 131072 16384 2 8 5.50 0.001 512 0.739558 10405.039 0.787814
COST 131072 32768 2 8 5.50 0.001 512 0.884753 14510.533 0.868879
COST 131072 65536 2 8 5.50 0.001 512 1.000000 18388.750 1.000000
COST 131072 2048 2 8 5.50 0.001 512 0.165475 1248.868 0.790833
COST 131072 4096 2 8 5.50 0.001 512 0.461394 3219.569 0.801763
COST 131072 8192 2 8 5.50 0.001 512 0.695493 5977.928 0.827425
COST 131072 16384 2 8 5.50 0.001 512 0.845646 8515.006 0.838206
COST 131072 32768 2 8 5.50 0.001 512 0.940342 10452.859 0.894572
COST 131072 65536 2 8 5.50 0.001 512 1.000000 11804.351 1.000000
COST 131072 2048 2 8 5.50 0.001 512 0.244680 1346.831 1.414205
COST 131072 4096 2 8 5.50 0.001 512 0.588141 3276.857 1.396966
COST 131072 8192 2 8 5.50 0.001 512 0.805819 5460.169 1.434282
COST 131072 16384 2 8 5.50 0.001 512 0.916724 6964.047 1.481639
COST 131072 32768 2 8 5.50 0.001 512 0.972240 7818.850 1.192175
COST 131072 65536 2 8 5.50 0.001 512 1.000000 8269.841 1.000000
COST 131072 2048 2 8 5.50 0.001 512 0.334152 1456.527 1.988906
COST 131072 4096 2 8 5.50 0.001 512 0.698534 3302.182 1.997575
COST 131072 8192 2 8 5.50 0.001 512 0.883560 4943.763 2.022485
COST 131072 16384 2 8 5.50 0.001 512 0.958440 5786.452 1.553523
COST 131072 32768 2 8 5.50 0.001 512 0.988192 6148.706 0.768897
COST 131072 65536 2 8 5.50 0.001 512 1.000000 6296.317 1.000000
COST 131072 2048 2 8 5.50 0.01 512 0.101363 1161.495 0.732263
COST 131072 4096 2 8 5.50 0.01 512 0.330517 3133.156 0.770586
COST 131072 8192 2 8 5.50 0.01 512 0.556820 6433.428 0.796760
COST 131072 16384 2 8 5.50 0.01 512 0.739558 10405.039 0.813365
COST 131072 32768 2 8 5.50 0.01 512 0.884753 14510.533 0.878991
COST 131072 65536 2 8 5.50 0.01 512 1.000000 18388.750 1.000000
COST 131072 2048 2 8 5.50 0.01 512 0.165475 1248.868 1.182360
COST 131072 4096 2 8 5.50 0.01 512 0.461394 3219.569 1.225454
COST 131072 8192 2 8 5.50 0.01 512 0.695493 5977.928 1.241092
COST 131072 16384 2 8 5.50 0.01 512 0.845646 8515.006 1.304902
COST 131072 32768 2 8 5.50 0.01 512 0.940342 10452.859 1.130728
COST 131072 65536 2 8 5.50 0.01 512 1.000000 11804.351 1.000000
COST 131072 2048 2 8 5.50 0.01 512 0.244680 1346.831 2.034040
COST 131072 4096 2 8 5.50 0.01 512 0.588141 3276.857 2.102269
COST 131072 8192 2 8 5.50 0.01 512 0.805819 5460.169 2.074629
COST 131072 16384 2 8 5.50 0.01 512 0.916724 6964.047 1.680774
COST 131072 32768 2 8 5.50 0.01 512 0.972240 7818.850 0.803465
COST 131072 65536 2 8 5.50 0.01 512 1.000000 8269.841 1.000000
COST 131072 2048 2 8 5.50 0.01 512 0.334152 1456.527 2.268625
COST 131072 4096 2 8 5.50 0.01 512 0.698534 3302.182 2.233981
COST 131072 8192 2 8 5.50 0.01 512 0.883560 4943.763 1.966298
COST 131072 16384 2 8 5.50 0.01 512 0.958440 5786.452 0.804534
COST 131072 32768 2 8 5.50 0.01 512 0.988192 6148.706 0.562672
COST 131072 65536 2 8 5.50 0.01 512 1.000000 6296.317 1.000000
COST 131072 2048 2 8 6.00 0.0001 512 0.101363 1161.495 0.730878
COST 131072 4096 2 8 6.00 0.0001 512 0.330517 3133.156 0.753710
COST 131072 8192 2 8 6.00 0.0001 512 0.556820 6433.428 0.766351
COST 131072 16384 2 8 6.00 0.0001 512 0.739558 10405.039 0.793487
COST 131072 32768 2 8 6.00 0.0001 512 0.884753 14510.533 0.861591
COST 131072 65536 2 8 6.00 0.0001 512 1.000000 18388.750 1.000000
COST 131072 2048 2 8 6.00 0.0001 512 0.165475 1248.868 1.005688
COST 131072 4096 2 8 6.00 0.0001 512 0.461394 3219.569 1.001620
COST 131072 8192 2 8 6.00 0.0001 512 0.695493 5977.928 1.073400
COST 131072 16384 2 8 6.00 0.0001 512 0.845646 8515.006 1.057667
COST 131072 32768 2 8 6.00 0.0001 512 0.940342 10452.859 1.146158
COST 131072 65536 2 8 6.00 0.0001 512 1.000000 11804.351 1.000000
COST 131072 2048 2 8 6.00 0.0001 512 0.244680 1346.831 1.998985
COST 131072 4096 2 8 6.00 0.0001 512 0.588141 3276.857 2.040193
COST 131072 8192 2 8 6.00 0.0001 512 0.805819 5460.169 2.051360
COST 131072 16384 2 8 6.00 0.0001 512 0.916724 6964.047 2.170100
COST 131072 32768 2 8 6.00 0.0001 512 0.972240 7818.850 1.177166
COST 131072 65536 2 8 6.00 0.0001 512 1.000000 8269.841 1.000000
COST 131072 2048 2 8 6.00 0.0001 512 0.334152 1456.527 2.496071
COST 131072 4096 2 8 6.00 0.0001 512 0.698534 3302.182 2.515655
COST 131072 8192 2 8 6.00 0.0001 512 0.883560 4943.763 2.615579
COST 131072 16384 2 8 6.00 0.0001 512 0.958440 5786.452 1.321152
COST 131072 32768 2 8 6.00 0.0001 512 0.988192 6148.706 0.586385
COST 131072 65536 2 8 6.00 0.0001 512 1.000000 6296.317 1.000000
COST 131072 2048 2 8 6.00 0.001 512 0.101363 1161.495 0.746900
COST 131072 4096 2 8 6.00 0.001 512 0.330517 3133.156 0.784660
COST 131072 8192 2 8 6.00 0.001 512 0.556820 6433.428 0.775038
COST 131072 16384 2 8 6.00 0.001 512 0.739558 10405.039 0.802225
COST 131072 32768 2 8 6.00 0.001 512 0.884753 14510.533 0.861130
COST 131072 65536 2 8 6.00 0.001 512 1.000000 18388.750 1.000000
COST 131072 2048 2 8 6.00 0.001 512 0.165475 1248.868 1.453352
COST 131072 4096 2 8 6.00 0.001 512 0.461394 3219.569 1.479964
COST 131072 8192 2 8 6.00 0.001 512 0.695493 5977.928 1.611510
COST 131072 16384 2 8 6.00 0.001 512 0.845646 8515.006 1.571654
COST 131072 32768 2 8 6.00 0.001 512 0.940342 10452.859 1.372856
COST 131072 65536 2 8 6.00 0.001 512 1.000000 11804.351 1.000000
COST 131072 2048 2 8 6.00 0.001 512 0.244680 1346.831 2.428198
COST 131072 4096 2 8 6.00 0.001 512 0.588141 3276.857 2.392468
COST 131072 8192 2 8 6.00 0.001 512 0.805819 5460.169 2.474676
COST 131072 16384 2 8 6.00 0.001 512 0.916724 6964.047 1.685059
COST 131072 32768 2 8 6.00 0.001 512 0.972240 7818.850 0.732539
COST 131072 65536 2 8 6.00 0.001 512 1.000000 8269.841 1.000000
COST 131072 2048 2 8 6.00 0.001 512 0.334152 1456.527 2.506100
COST 131072 4096 2 8 6.00 0.001 512 0.698534 3302.182 2.466159
COST 131072 8192 2 8 6.00 0.001 512 0.883560 4943.763 2.151037
COST 131072 16384 2 8 6.00 0.001 512 0.958440 5786.452 0.524759
COST 131072 32768 2 8 6.00 0.001 512 0.988192 6148.706 0.486263
COST 131072 65536 2 8 6.00 0.001 512 1.000000 6296.317 1.000000
COST 131072 2048 2 8 6.00 0.01 512 0.101363 1161.495 1.142598
COST 131072 4096 2 8 6.00 0.01 512 0.330517 3133.156 1.156386
COST 131072 8192 2 8 6.00 0.01 512 0.556820 6433.428 1.175995
COST 131072 16384 2 8 6.00 0.01 512 0.739558 10405.039 1.225644
COST 131072 32768 2 8 6.00 0.01 512 0.884753 14510.533 1.259490
COST 131072 65536 2 8 6.00 0.01 512 1.000000 18388.750 1.000000
COST 131072 2048 2 8 6.00 0.01 512 0.165475 1248.868 2.165064
COST 131072 4096 2 8 6.00 0.01 512 0.461394 3219.569 2.245897
COST 131072 8192 2 8 6.00 0.01 512 0.695493 5977.928 2.269153
COST 131072 16384 2 8 6.00 0.01 512 0.845646 8515.006 2.136943
COST 131072 32768 2 8 6.00 0.01 512 0.940342 10452.859 0.830895
COST 131072 65536 2 8 6.00 0.01 512 1.000000 11804.351 1.000000
COST 131072 2048 2 8 6.00 0.01 512 0.244680 1346.831 2.493358
COST 131072 4096 2 8 6.00 0.01 512 0.588141 3276.857 2.506638
COST 131072 8192 2 8 6.00 0.01 512 0.805819 5460.169 2.113032
COST 131072 16384 2 8 6.00 0.01 512 0.916724 6964.047 0.701115
COST 131072 32768 2 8 6.00 0.01 512 0.972240 7818.850 0.483827
COST 131072 65536 2 8 6.00 0.01 512 1.000000 8269.841 1.000000
COST 131072 2048 2 8 6.00 0.01 512 0.334152 1456.527 2.465553
COST 131072 4096 2 8 6.00 0.01 512 0.698534 3302.182 2.497800
COST 131072 8192 2 8 6.00 0.01 512 0.883560 4943.763 0.831342
COST 131072 16384 2 8 6.00 0.01 512 0.958440 5786.452 0.281959
COST 131072 32768 2 8 6.00 0.01 512 0.988192 6148.706 0.451306
COST 131072 65536 2 8 6.00 0.01 512 1.000000 6296.317 1.000000
COST 131072 2048 2 8 6.50 0.0001 512 0.101363 1161.495 0.797972
COST 131072 4096 2 8 6.50 0.0001 512 0.330517 3133.156 0.825225
COST 131072 8192 2 8 6.50 0.0001 512 0.556820 6433.428 0.828056
COST 131072 16384 2 8 6.50 0.0001 512 0.739558 10405.039 0.868708
COST 131072 32768 2 8 6.50 0.0001 512 0.884753 14510.533 0.938213
COST 131072 65536 2 8 6.50 0.0001 512 1.000000 18388.750 1.000000
COST 131072 2048 2 8 6.50 0.0001 512 0.165475 1248.868 1.979083
COST 131072 4096 2 8 6.50 0.0001 512 0.461394 3219.569 2.003783
COST 131072 8192 2 8 6.50 0.0001 512 0.695493 5977.928 2.077927
COST 131072 16384 2 8 6.50 0.0001 512 0.845646 8515.006 2.123411
COST 131072 32768 2 8 6.50 0.0001 512 0.940342 10452.859 1.530710
COST 131072 65536 2 8 6.50 0.0001 512 1.000000 11804.351 1.000000
COST 131072 2048 2 8 6.50 0.0001 512 0.244680 1346.831 2.597230
COST 131072 4096 2 8 6.50 0.0001 512 0.588141 3276.857 2.648567
COST 131072 8192 2 8 6.50 0.0001 512 0.805819 5460.169 2.656334
COST 131072 16384 2 8 6.50 0.0001 512 0.916724 6964.047 1.593745
COST 131072 32768 2 8 6.50 0.0001 512 0.972240 7818.850 0.599795
COST 131072 65536 2 8 6.50 0.0001 512 1.000000 8269.841 1.000000
COST 131072 2048 2 8 6.50 0.0001 512 0.334152 1456.527 2.528925
COST 131072 4096 2 8 6.50 0.0001 512 0.698534 3302.182 2.561762
COST 131072 8192 2 8 6.50 0.0001 512 0.883560 4943.763 1.838380
COST 131072 16384 2 8 6.50 0.0001 512 0.958440 5786.452 0.378988
COST 131072 32768 2 8 6.50 0.0001 512 0.988192 6148.706 0.430397
COST 131072 65536 2 8 6.50 0.0001 512 1.000000 6296.317 1.000000
COST 131072 2048 2 8 6.50 0.001 512 0.101363 1161.495 1.190952
COST 131072 4096 2 8 6.50 0.001 512 0.330517 3133.156 1.181121
COST 131072 8192 2 8 6.50 0.001 512 0.556820 6433.428 1.191214
COST 131072 16384 2 8 6.50 0.001 512 0.739558 10405.039 1.238626
COST 131072 32768 2 8 6.50 0.001 512 0.884753 14510.533 1.316108
COST 131072 65536 2 8 6.50 0.001 512 1.000000 18388.750 1.000000
COST 131072 2048 2 8 6.50 0.001 512 0.165475 1248.868 2.535933
COST 131072 4096 2 8 6.50 0.001 512 0.461394 3219.569 2.502178
COST 131072 8192 2 8 6.50 0.001 512 0.695493 5977.928 2.536080
COST 131072 16384 2 8 6.50 0.001 512 0.845646 8515.006 2.329670
COST 131072 32768 2 8 6.50 0.001 512 0.940342 10452.859 0.864990
COST 131072 65536 2 8 6.50 0.001 512 1.000000 11804.351 1.000000
COST 131072 2048 2 8 6.50 0.001 512 0.244680 1346.831 2.616722
COST 131072 4096 2 8 6.50 0.001 512 0.588141 3276.857 2.713927
COST 131072 8192 2 8 6.50 0.001 512 0.805819 5460.169 2.492832
COST 131072 16384 2 8 6.50 0.001 512 0.916724 6964.047 0.608178
COST 131072 32768 2 8 6.50 0.001 512 0.972240 7818.850 0.479648
COST 131072 65536 2 8 6.50 0.001 512 1.000000 8269.841 1.000000
COST 131072 2048 2 8 6.50 0.001 512 0.334152 1456.527 2.750862
COST 131072 4096 2 8 6.50 0.001 512 0.698534 3302.182 2.577825
COST 131072 8192 2 8 6.50 0.001 512 0.883560 4943.763 0.927289
COST 131072 16384 2 8 6.50 0.001 512 0.958440 5786.452 0.260353
COST 131072 32768 2 8 6.50 0.001 512 0.988192 6148.706 0.466557
COST 131072 65536 2 8 6.50 0.001 512 1.000000 6296.317 1.000000
COST 131072 2048 2 8 6.50 0.01 512 0.101363 1161.495 2.073029
COST 131072 4096 2 8 6.50 0.01 512 0.330517 3133.156 2.112087
COST 131072 8192 2 8 6.50 0.01 512 0.556820 6433.428 2.097565
COST 131072 16384 2 8 6.50 0.01 512 0.739558 10405.039 2.163405
COST 131072 32768 2 8 6.50 0.01 512 0.884753 14510.533 1.169216
COST 131072 65536 2 8 6.50 0.01 512 1.000000 18388.750 1.000000
COST 131072 2048 2 8 6.50 0.01 512 0.165475 1248.868 2.676156
COST 131072 4096 2 8 6.50 0.01 512 0.461394 3219.569 2.651305
COST 131072 8192 2 8 6.50 0.01 512 0.695493 5977.928 2.695466
COST 131072 16384 2 8 6.50 0.01 512 0.845646 8515.006 1.100921
COST 131072 32768 2 8 6.50 0.01 512 0.940342 10452.859 0.514853
COST 131072 65536 2 8 6.50 0.01 512 1.000000 11804.351 1.000000
COST 131072 2048 2 8 6.50 0.01 512 0.244680 1346.831 2.550484
COST 131072 4096 2 8 6.50 0.01 512 0.588141 3276.857 2.681777
COST 131072 8192 2 8 6.50 0.01 512 0.805819 5460.169 0.899294
COST 131072 16384 2 8 6.50 0.01 512 0.916724 6964.047 0.273117
COST 131072 32768 2 8 6.50 0.01 512 0.972240 7818.850 0.461353
COST 131072 65536 2 8 6.50 0.01 512 1.000000 8269.841 1.000000
COST 131072 2048 2 8 6.50 0.01 512 0.334152 1456.527 2.498099
COST 131072 4096 2 8 6.50 0.01 512 0.698534 3302.182 1.900331
COST 131072 8192 2 8 6.50 0.01 512 0.883560 4943.763 0.230998
COST 131072 16384 2 8 6.50 0.01 512 0.958440 5786.452 0.203171
COST 131072 32768 2 8 6.50 0.01 512 0.988192 6148.706 0.421378
COST 131072 65536 2 8 6.50 0.01 512 1.000000 6296.317 1.000000
COST 16384 256 2 8 5.00 0.0001 512 0.100931 144.827 0.657883
COST 16384 512 2 8 5.00 0.0001 512 0.330217 391.221 0.642765
COST 16384 1024 2 8 5.00 0.0001 512 0.556698 803.890 0.666849
COST 16384 2048 2 8 5.00 0.0001 512 0.739514 1300.471 0.754006
COST 16384 4096 2 8 5.00 0.0001 512 0.884740 1813.739 0.850892
COST 16384 8192 2 8 5.00 0.0001 512 1.000000 2298.558 1.000000
COST 16384 256 2 8 5.00 0.0001 512 0.164845 155.728 0.698983
COST 16384 512 2 8 5.00 0.0001 512 0.461047 402.049 0.678128
COST 16384 1024 2 8 5.00 0.0001 512 0.695380 747.028 0.688641
COST 16384 2048 2 8 5.00 0.0001 512 0.845613 1064.289 0.743806
COST 16384 4096 2 8 5.00 0.0001 512 0.940334 1306.576 0.835731
COST 16384 8192 2 8 5.00 0.0001 512 1.000000 1475.533 1.000000
COST 16384 256 2 8 5.00 0.0001 512 0.243860 167.954 1.023268
COST 16384 512 2 8 5.00 0.0001 512 0.587781 409.249 1.026301
COST 16384 1024 2 8 5.00 0.0001 512 0.805726 682.375 1.047239
COST 16384 2048 2 8 5.00 0.0001 512 0.916701 870.462 1.126697
COST 16384 4096 2 8 5.00 0.0001 512 0.972236 977.344 1.076610
COST 16384 8192 2 8 5.00 0.0001 512 1.000000 1033.727 1.000000
COST 16384 256 2 8 5.00 0.0001 512 0.333179 181.648 1.699928
COST 16384 512 2 8 5.00 0.0001 512 0.698196 412.464 1.627708
COST 16384 1024 2 8 5.00 0.0001 512 0.883490 617.877 1.658221
COST 16384 2048 2 8 5.00 0.0001 512 0.958427 723.286 1.455645
COST 16384 4096 2 8 5.00 0.0001 512 0.988190 768.584 0.879353
COST 16384 8192 2 8 5.00 0.0001 512 1.000000 787.039 1.000000
COST 16384 256 2 8 5.00 0.001 512 0.100931 144.827 0.665104
COST 16384 512 2 8 5.00 0.001 512 0.330217 391.221 0.645024
COST 16384 1024 2 8 5.00 0.001 512 0.556698 803.890 0.676565
COST 16384 2048 2 8 5.00 0.001 512 0.739514 1300.471 0.731311
COST 16384 4096 2 8 5.00 0.001 512 0.884740 1813.739 0.830433
COST 16384 8192 2 8 5.00 0.001 512 1.000000 2298.558 1.000000
COST 16384 256 2 8 5.00 0.001 512 0.164845 155.728 0.753521
COST 16384 512 2 8 5.00 0.001 512 0.461047 402.049 0.748957
COST 16384 1024 2 8 5.00 0.001 512 0.695380 747.028 0.779364
COST 16384 2048 2 8 5.00 0.001 512 0.845613 1064.289 0.846451
COST 16384 4096 2 8 5.00 0.001 512 0.940334 1306.576 0.942713
COST 16384 8192 2 8 5.00 0.001 512 1.000000 1475.533 1.000000
COST 16384 256 2 8 5.00 0.001 512 0.243860 167.954 1.343736
COST 16384 512 2 8 5.00 0.001 512 0.587781 409.249 1.380008
COST 16384 1024 2 8 5.00 0.001 512 0.805726 682.375 1.396925
COST 16384 2048 2 8 5.00 0.001 512 0.916701 870.462 1.491719
COST 16384 4096 2 8 5.00 0.001 512 0.972236 977.344 1.029735
COST 16384 8192 2 8 5.00 0.001 512 1.000000 1033.727 1.000000
COST 16384 256 2 8 5.00 0.001 512 0.333179 181.648 1.680246
COST 16384 512 2 8 5.00 0.001 512 0.698196 412.464 1.676097
COST 16384 1024 2 8 5.00 0.001 512 0.883490 617.877 1.691877
COST 16384 2048 2 8 5.00 0.001 512 0.958427 723.286 0.991995
COST 16384 4096 2 8 5.00 0.001 512 0.988190 768.584 0.729945
COST 16384 8192 2 8 5.00 0.001 512 1.000000 787.039 1.000000
COST 16384 256 2 8 5.00 0.01 512 0.100931 144.827 0.657674
COST 16384 512 2 8 5.00 0.01 512 0.330217 391.221 0.645778
COST 16384 1024 2 8 5.00 0.01 512 0.556698 803.890 0.685942
COST 16384 2048 2 8 5.00 0.01 512 0.739514 1300.471 0.749410
COST 16384 4096 2 8 5.00 0.01 512 0.884740 1813.739 0.850050
COST 16384 8192 2 8 5.00 0.01 512 1.000000 2298.558 1.000000
COST 16384 256 2 8 5.00 0.01 512 0.164845 155.728 1.122182
COST 16384 512 2 8 5.00 0.01 512 0.461047 402.049 1.128533
COST 16384 1024 2 8 5.00 0.01 512 0.695380 747.028 1.173158
COST 16384 2048 2 8 5.00 0.01 512 0.845613 1064.289 1.261987
COST 16384 4096 2 8 5.00 0.01 512 0.940334 1306.576 0.968203
COST 16384 8192 2 8 5.00 0.01 512 1.000000 1475.533 1.000000
COST 16384 256 2 8 5.00 0.01 512 0.243860 167.954 1.776763
COST 16384 512 2 8 5.00 0.01 512 0.587781 409.249 1.812227
COST 16384 1024 2 8 5.00 0.01 512 0.805726 682.375 1.703388
COST 16384 2048 2 8 5.00 0.01 512 0.916701 870.462 1.190199
COST 16384 4096 2 8 5.00 0.01 512 0.972236 977.344 0.747750
COST 16384 8192 2 8 5.00 0.01 512 1.000000 1033.727 1.000000
COST 16384 256 2 8 5.00 0.01 512 0.333179 181.648 1.810548
COST 16384 512 2 8 5.00 0.01 512 0.698196 412.464 1.822534
COST 16384 1024 2 8 5.00 0.01 512 0.883490 617.877 1.016484
COST 16384 2048 2 8 5.00 0.01 512 0.958427 723.286 0.507694
COST 16384 4096 2 8 5.00 0.01 512 0.988190 768.584 0.516210
COST 16384 8192 2 8 5.00 0.01 512 1.000000 787.039 1.000000
COST 16384 256 2 8 5.50 0.0001 512 0.100931 144.827 0.631265
COST 16384 512 2 8 5.50 0.0001 512 0.330217 391.221 0.636191
COST 16384 1024 2 8 5.50 0.0001 512 0.556698 803.890 0.656656
COST 16384 2048 2 8 5.50 0.0001 512 0.739514 1300.471 0.697492
COST 16384 4096 2 8 5.50 0.0001 512 0.884740 1813.739 0.814930
COST 16384 8192 2 8 5.50 0.0001 512 1.000000 2298.558 1.000000
COST 16384 256 2 8 5.50 0.0001 512 0.164845 155.728 1.013992
COST 16384 512 2 8 5.50 0.0001 512 0.461047 402.049 1.008708
COST 16384 1024 2 8 5.50 0.0001 512 0.695380 747.028 1.115134
COST 16384 2048 2 8 5.50 0.0001 512 0.845613 1064.289 1.118669
COST 16384 4096 2 8 5.50 0.0001 512 0.940334 1306.576 1.172329
COST 16384 8192 2 8 5.50 0.0001 512 1.000000 1475.533 1.000000
COST 16384 256 2 8 5.50 0.0001 512 0.243860 167.954 1.803883
COST 16384 512 2 8 5.50 0.0001 512 0.587781 409.249 1.767754
COST 16384 1024 2 8 5.50 0.0001 512 0.805726 682.375 1.793018
COST 16384 2048 2 8 5.50 0.0001 512 0.916701 870.462 1.686110
COST 16384 4096 2 8 5.50 0.0001 512 0.972236 977.344 0.881595
COST 16384 8192 2 8 5.50 0.0001 512 1.000000 1033.727 1.000000
COST 16384 256 2 8 5.50 0.0001 512 0.333179 181.648 2.145095
COST 16384 512 2 8 5.50 0.0001 512 0.698196 412.464 2.087288
COST 16384 1024 2 8 5.50 0.0001 512 0.883490 617.877 1.882385
COST 16384 2048 2 8 5.50 0.0001 512 0.958427 723.286 0.751691
COST 16384 4096 2 8 5.50 0.0001 512 0.988190 768.584 0.553054
COST 16384 8192 2 8 5.50 0.0001 512 1.000000 787.039 1.000000
COST 16384 256 2 8 5.50 0.001 512 0.100931 144.827 0.703554
COST 16384 512 2 8 5.50 0.001 512 0.330217 391.221 0.724509
COST 16384 1024 2 8 5.50 0.001 512 0.556698 803.890 0.706857
COST 16384 2048 2 8 5.50 0.001 512 0.739514 1300.471 0.782885
COST 16384 4096 2 8 5.50 0.001 512 0.884740 1813.739 0.874319
COST 16384 8192 2 8 5.50 0.001 512 1.000000 2298.558 1.000000
COST 16384 256 2 8 5.50 0.001 512 0.164845 155.728 1.425198
COST 16384 512 2 8 5.50 0.001 512 0.461047 402.049 1.500489
COST 16384 1024 2 8 5.50 0.001 512 0.695380 747.028 1.480390
COST 16384 2048 2 8 5.50 0.001 512 0.845613 1064.289 1.621193
COST 16384 4096 2 8 5.50 0.001 512 0.940334 1306.576 1.161464
COST 16384 8192 2 8 5.50 0.001 512 1.000000 1475.533 1.000000
COST 16384 256 2 8 5.50 0.001 512 0.243860 167.954 1.998091
COST 16384 512 2 8 5.50 0.001 512 0.587781 409.249 1.979216
COST 16384 1024 2 8 5.50 0.001 512 0.805726 682.375 1.828355
COST 16384 2048 2 8 5.50 0.001 512 0.916701 870.462 1.097451
COST 16384 4096 2 8 5.50 0.001 512 0.972236 977.344 0.646227
COST 16384 8192 2 8 5.50 0.001 512 1.000000 1033.727 1.000000
COST 16384 256 2 8 5.50 0.001 512 0.333179 181.648 1.992000
COST 16384 512 2 8 5.50 0.001 512 0.698196 412.464 2.120523
COST 16384 1024 2 8 5.50 0.001 512 0.883490 617.877 1.104199
COST 16384 2048 2 8 5.50 0.001 512 0.958427 723.286 0.440710
COST 16384 4096 2 8 5.50 0.001 512 0.988190 768.584 0.470601
COST 16384 8192 2 8 5.50 0.001 512 1.000000 787.039 1.000000
COST 16384 256 2 8 5.50 0.01 512 0.100931 144.827 1.107520
COST 16384 512 2 8 5.50 0.01 512 0.330217 391.221 1.105016
COST 16384 1024 2 8 5.50 0.01 512 0.556698 803.890 1.128707
COST 16384 2048 2 8 5.50 0.01 512 0.739514 1300.471 1.243620
COST 16384 4096 2 8 5.50 0.01 512 0.884740 1813.739 1.066460
COST 16384 8192 2 8 5.50 0.01 512 1.000000 2298.558 1.000000
COST 16384 256 2 8 5.50 0.01 512 0.164845 155.728 1.850209
COST 16384 512 2 8 5.50 0.01 512 0.461047 402.049 1.928463
COST 16384 1024 2 8 5.50 0.01 512 0.695380 747.028 1.888025
COST 16384 2048 2 8 5.50 0.01 512 0.845613 1064.289 1.400837
COST 16384 4096 2 8 5.50 0.01 512 0.940334 1306.576 0.713392
COST 16384 8192 2 8 5.50 0.01 512 1.000000 1475.533 1.000000
COST 16384 256 2 8 5.50 0.01 512 0.243860 167.954 2.098017
COST 16384 512 2 8 5.50 0.01 512 0.587781 409.249 2.141943
COST 16384 1024 2 8 5.50 0.01 512 0.805726 682.375 1.136626
COST 16384 2048 2 8 5.50 0.01 512 0.916701 870.462 0.524687
COST 16384 4096 2 8 5.50 0.01 512 0.972236 977.344 0.501627
COST 16384 8192 2 8 5.50 0.01 512 1.000000 1033.727 1.000000
COST 16384 256 2 8 5.50 0.01 512 0.333179 181.648 2.086758
COST 16384 512 2 8 5.50 0.01 512 0.698196 412.464 1.649239
COST 16384 1024 2 8 5.50 0.01 512 0.883490 617.877 0.320594
COST 16384 2048 2 8 5.50 0.01 512 0.958427 723.286 0.251493
COST 16384 4096 2 8 5.50 0.01 512 0.988190 768.584 0.478278
COST 16384 8192 2 8 5.50 0.01 512 1.000000 787.039 1.000000
COST 16384 256 2 8 6.00 0.0001 512 0.100931 144.827 0.844385
COST 16384 512 2 8 6.00 0.0001 512 0.330217 391.221 0.830605
COST 16384 1024 2 8 6.00 0.0001 512 0.556698 803.890 0.848762
COST 16384 2048 2 8 6.00 0.0001 512 0.739514 1300.471 0.911033
COST 16384 4096 2 8 6.00 0.0001 512 0.884740 1813.739 1.032553
COST 16384 8192 2 8 6.00 0.0001 512 1.000000 2298.558 1.000000
COST 16384 256 2 8 6.00 0.0001 512 0.164845 155.728 1.744005
COST 16384 512 2 8 6.00 0.0001 512 0.461047 402.049 1.747099
COST 16384 1024 2 8 6.00 0.0001 512 0.695380 747.028 1.795513
COST 16384 2048 2 8 6.00 0.0001 512 0.845613 1064.289 1.873711
COST 16384 4096 2 8 6.00 0.0001 512 0.940334 1306.576 1.176079
COST 16384 8192 2 8 6.00 0.0001 512 1.000000 1475.533 1.000000
COST 16384 256 2 8 6.00 0.0001 512 0.243860 167.954 2.017930
COST 16384 512 2 8 6.00 0.0001 512 0.587781 409.249 2.054611
COST 16384 1024 2 8 6.00 0.0001 512 0.805726 682.375 1.985208
COST 16384 2048 2 8 6.00 0.0001 512 0.916701 870.462 0.810168
COST 16384 4096 2 8 6.00 0.0001 512 0.972236 977.344 0.542253
COST 16384 8192 2 8 6.00 0.0001 512 1.000000 1033.727 1.000000
COST 16384 256 2 8 6.00 0.0001 512 0.333179 181.648 2.034184
COST 16384 512 2 8 6.00 0.0001 512 0.698196 412.464 2.062313
COST 16384 1024 2 8 6.00 0.0001 512 0.883490 617.877 0.962673
COST 16384 2048 2 8 6.00 0.0001 512 0.958427 723.286 0.301637
COST 16384 4096 2 8 6.00 0.0001 512 0.988190 768.584 0.458285
COST 16384 8192 2 8 6.00 0.0001 512 1.000000 787.039 1.000000
COST 16384 256 2 8 6.00 0.001 512 0.100931 144.827 1.110398
COST 16384 512 2 8 6.00 0.001 512 0.330217 391.221 1.108482
COST 16384 1024 2 8 6.00 0.001 512 0.556698 803.890 1.124479
COST 16384 2048 2 8 6.00 0.001 512 0.739514 1300.471 1.273329
COST 16384 4096 2 8 6.00 0.001 512 0.884740 1813.739 1.261040
COST 16384 8192 2 8 6.00 0.001 512 1.000000 2298.558 1.000000
COST 16384 256 2 8 6.00 0.001 512 0.164845 155.728 1.947582
COST 16384 512 2 8 6.00 0.001 512 0.461047 402.049 1.939602
COST 16384 1024 2 8 6.00 0.001 512 0.695380 747.028 1.997511
COST 16384 2048 2 8 6.00 0.001 512 0.845613 1064.289 1.521627
COST 16384 4096 2 8 6.00 0.001 512 0.940334 1306.576 0.716044
COST 16384 8192 2 8 6.00 0.001 512 1.000000 1475.533 1.000000
COST 16384 256 2 8 6.00 0.001 512 0.243860 167.954 1.988830
COST 16384 512 2 8 6.00 0.001 512 0.587781 409.249 2.013093
COST 16384 1024 2 8 6.00 0.001 512 0.805726 682.375 1.381958
COST 16384 2048 2 8 6.00 0.001 512 0.916701 870.462 0.417872
COST 16384 4096 2 8 6.00 0.001 512 0.972236 977.344 0.432001
COST 16384 8192 2 8 6.00 0.001 512 1.000000 1033.727 1.000000
COST 16384 256 2 8 6.00 0.001 512 0.333179 181.648 1.994706
COST 16384 512 2 8 6.00 0.001 512 0.698196 412.464 1.894498
COST 16384 1024 2 8 6.00 0.001 512 0.883490 617.877 0.301318
COST 16384 2048 2 8 6.00 0.001 512 0.958427 723.286 0.218335
COST 16384 4096 2 8 6.00 0.001 512 0.988190 768.584 0.427510
COST 16384 8192 2 8 6.00 0.001 512 1.000000 787.039 1.000000
COST 16384 256 2 8 6.00 0.01 512 0.100931 144.827 1.875197
COST 16384 512 2 8 6.00 0.01 512 0.330217 391.221 1.796208
COST 16384 1024 2 8 6.00 0.01 512 0.556698 803.890 1.866865
COST 16384 2048 2 8 6.00 0.01 512 0.739514 1300.471 1.768523
COST 16384 4096 2 8 6.00 0.01 512 0.884740 1813.739 0.889608
COST 16384 8192 2 8 6.00 0.01 512 1.000000 2298.558 1.000000
COST 16384 256 2 8 6.00 0.01 512 0.164845 155.728 2.160768
COST 16384 512 2 8 6.00 0.01 512 0.461047 402.049 2.173446
COST 16384 1024 2 8 6.00 0.01 512 0.695380 747.028 1.650463
COST 16384 2048 2 8 6.00 0.01 512 0.845613 1064.289 0.658256
COST 16384 4096 2 8 6.00 0.01 512 0.940334 1306.576 0.479583
COST 16384 8192 2 8 6.00 0.01 512 1.000000 1475.533 1.000000
COST 16384 256 2 8 6.00 0.01 512 0.243860 167.954 2.181482
COST 16384 512 2 8 6.00 0.01 512 0.587781 409.249 1.893107
COST 16384 1024 2 8 6.00 0.01 512 0.805726 682.375 0.357479
COST 16384 2048 2 8 6.00 0.01 512 0.916701 870.462 0.260945
COST 16384 4096 2 8 6.00 0.01 512 0.972236 977.344 0.453254
COST 16384 8192 2 8 6.00 0.01 512 1.000000 1033.727 1.000000
COST 16384 256 2 8 6.00 0.01 512 0.333179 181.648 2.065154
COST 16384 512 2 8 6.00 0.01 512 0.698196 412.464 0.822738
COST 16384 1024 2 8 6.00 0.01 512 0.883490 617.877 0.098398
COST 16384 2048 2 8 6.00 0.01 512 0.958427 723.286 0.217614
COST 16384 4096 2 8 6.00 0.01 512 0.988190 768.584 0.444681
COST 16384 8192 2 8 6.00 0.01 512 1.000000 787.039 1.000000
COST 16384 256 2 8 6.50 0.0001 512 0.100931 144.827 1.421651
COST 16384 512 2 8 6.50 0.0001 512 0.330217 391.221 1.417316
COST 16384 1024 2 8 6.50 0.0001 512 0.556698 803.890 1.387425
COST 16384 2048 2 8 6.50 0.0001 512 0.739514 1300.471 1.609872
COST 16384 4096 2 8 6.50 0.0001 512 0.884740 1813.739 1.489696
COST 16384 8192 2 8 6.50 0.0001 512 1.000000 2298.558 1.000000
COST 16384 256 2 8 6.50 0.0001 512 0.164845 155.728 2.054373
COST 16384 512 2 8 6.50 0.0001 512 0.461047 402.049 2.085101
COST 16384 1024 2 8 6.50 0.0001 512 0.695380 747.028 2.164042
COST 16384 2048 2 8 6.50 0.0001 512 0.845613 1064.289 1.590717
COST 16384 4096 2 8 6.50 0.0001 512 0.940334 1306.576 0.673880
COST 16384 8192 2 8 6.50 0.0001 512 1.000000 1475.533 1.000000
COST 16384 256 2 8 6.50 0.0001 512 0.243860 167.954 2.044221
COST 16384 512 2 8 6.50 0.0001 512 0.587781 409.249 2.061063
COST 16384 1024 2 8 6.50 0.0001 512 0.805726 682.375 1.340152
COST 16384 2048 2 8 6.50 0.0001 512 0.916701 870.462 0.369265
COST 16384 4096 2 8 6.50 0.0001 512 0.972236 977.344 0.448089
COST 16384 8192 2 8 6.50 0.0001 512 1.000000 1033.727 1.000000
COST 16384 256 2 8 6.50 0.0001 512 0.333179 181.648 2.130153
COST 16384 512 2 8 6.50 0.0001 512 0.698196 412.464 2.025254
COST 16384 1024 2 8 6.50 0.0001 512 0.883490 617.877 0.267705
COST 16384 2048 2 8 6.50 0.0001 512 0.958427 723.286 0.221143
COST 16384 4096 2 8 6.50 0.0001 512 0.988190 768.584 0.438809
COST 16384 8192 2 8 6.50 0.0001 512 1.000000 787.039 1.000000
COST 16384 256 2 8 6.50 0.001 512 0.100931 144.827 1.779551
COST 16384 512 2 8 6.50 0.001 512 0.330217 391.221 1.789497
COST 16384 1024 2 8 6.50 0.001 512 0.556698 803.890 1.957851
COST 16384 2048 2 8 6.50 0.001 512 0.739514 1300.471 1.923305
COST 16384 4096 2 8 6.50 0.001 512 0.884740 1813.739 1.105915
COST 16384 8192 2 8 6.50 0.001 512 1.000000 2298.558 1.000000
COST 16384 256 2 8 6.50 0.001 512 0.164845 155.728 2.062540
COST 16384 512 2 8 6.50 0.001 512 0.461047 402.049 2.090775
COST 16384 1024 2 8 6.50 0.001 512 0.695380 747.028 1.931236
COST 16384 2048 2 8 6.50 0.001 512 0.845613 1064.289 0.675284
COST 16384 4096 2 8 6.50 0.001 512 0.940334 1306.576 0.462525
COST 16384 8192 2 8 6.50 0.001 512 1.000000 1475.533 1.000000
COST 16384 256 2 8 6.50 0.001 512 0.243860 167.954 2.054274
COST 16384 512 2 8 6.50 0.001 512 0.587781 409.249 2.101725
COST 16384 1024 2 8 6.50 0.001 512 0.805726 682.375 0.528829
COST 16384 2048 2 8 6.50 0.001 512 0.916701 870.462 0.217187
COST 16384 4096 2 8 6.50 0.001 512 0.972236 977.344 0.445975
COST 16384 8192 2 8 6.50 0.001 512 1.000000 1033.727 1.000000
COST 16384 256 2 8 6.50 0.001 512 0.333179 181.648 2.065331
COST 16384 512 2 8 6.50 0.001 512 0.698196 412.464 1.191958
COST 16384 1024 2 8 6.50 0.001 512 0.883490 617.877 0.097039
COST 16384 2048 2 8 6.50 0.001 512 0.958427 723.286 0.210997
COST 16384 4096 2 8 6.50 0.001 512 0.988190 768.584 0.435517
COST 16384 8192 2 8 6.50 0.001 512 1.000000 787.039 1.000000
COST 16384 256 2 8 6.50 0.01 512 0.100931 144.827 2.164088
COST 16384 512 2 8 6.50 0.01 512 0.330217 391.221 2.140899
COST 16384 1024 2 8 6.50 0.01 512 0.556698 803.890 2.178677
COST 16384 2048 2 8 6.50 0.01 512 0.739514 1300.471 1.057127
COST 16384 4096 2 8 6.50 0.01 512 0.884740 1813.739 0.548803
COST 16384 8192 2 8 6.50 0.01 512 1.000000 2298.558 1.000000
COST 16384 256 2 8 6.50 0.01 512 0.164845 155.728 2.023053
COST 16384 512 2 8 6.50 0.01 512 0.461047 402.049 2.062914
COST 16384 1024 2 8 6.50 0.01 512 0.695380 747.028 0.692437
COST 16384 2048 2 8 6.50 0.01 512 0.845613 1064.289 0.290758
COST 16384 4096 2 8 6.50 0.01 512 0.940334 1306.576 0.425095
COST 16384 8192 2 8 6.50 0.01 512 1.000000 1475.533 1.000000
COST 16384 256 2 8 6.50 0.01 512 0.243860 167.954 2.045667
COST 16384 512 2 8 6.50 0.01 512 0.587781 409.249 1.097552
COST 16384 1024 2 8 6.50 0.01 512 0.805726 682.375 0.111890
COST 16384 2048 2 8 6.50 0.01 512 0.916701 870.462 0.217223
COST 16384 4096 2 8 6.50 0.01 512 0.972236 977.344 0.442804
COST 16384 8192 2 8 6.50 0.01 512 1.000000 1033.727 1.000000
COST 16384 256 2 8 6.50 0.01 512 0.333179 181.648 2.087822
COST 16384 512 2 8 6.50 0.01 512 0.698196 412.464 0.275938
COST 16384 1024 2 8 6.50 0.01 512 0.883490 617.877 0.055341
COST 16384 2048 2 8 6.50 0.01 512 0.958427 723.286 0.211920
COST 16384 4096 2 8 6.50 0.01 512 0.988190 768.584 0.459144
COST 16384 8192 2 8 6.50 0.01 512 1.000000 787.039 1.000000
COST 2048 256 2 8 5.00 0.0001 512 0.739159 162.400 0.894089
COST 2048 512 2 8 5.00 0.0001 512 0.884636 226.640 1.059683
COST 2048 1024 2 8 5.00 0.0001 512 1.000000 287.284 1.000000
COST 2048 256 2 8 5.00 0.0001 512 0.845345 132.949 1.766920
COST 2048 512 2 8 5.00 0.0001 512 0.940269 163.291 1.398662
COST 2048 1024 2 8 5.00 0.0001 512 1.000000 184.431 1.000000
COST 2048 256 2 8 5.00 0.0001 512 0.916522 108.764 2.115343
COST 2048 512 2 8 5.00 0.0001 512 0.972200 122.156 1.017085
COST 2048 1024 2 8 5.00 0.0001 512 1.000000 129.213 1.000000
COST 2048 256 2 8 5.00 0.0001 512 0.958318 90.389 0.844452
COST 2048 512 2 8 5.00 0.0001 512 0.988172 96.068 0.535575
COST 2048 1024 2 8 5.00 0.0001 512 1.000000 98.379 1.000000
COST 2048 256 2 8 5.00 0.001 512 0.739159 162.400 1.179153
COST 2048 512 2 8 5.00 0.001 512 0.884636 226.640 1.166206
COST 2048 1024 2 8 5.00 0.001 512 1.000000 287.284 1.000000
COST 2048 256 2 8 5.00 0.001 512 0.845345 132.949 2.446324
COST 2048 512 2 8 5.00 0.001 512 0.940269 163.291 1.085466
COST 2048 1024 2 8 5.00 0.001 512 1.000000 184.431 1.000000
COST 2048 256 2 8 5.00 0.001 512 0.916522 108.764 1.230871
COST 2048 512 2 8 5.00 0.001 512 0.972200 122.156 0.661306
COST 2048 1024 2 8 5.00 0.001 512 1.000000 129.213 1.000000
COST 2048 256 2 8 5.00 0.001 512 0.958318 90.389 0.515526
COST 2048 512 2 8 5.00 0.001 512 0.988172 96.068 0.461496
COST 2048 1024 2 8 5.00 0.001 512 1.000000 98.379 1.000000
COST 2048 256 2 8 5.00 0.01 512 0.739159 162.400 1.854897
COST 2048 512 2 8 5.00 0.01 512 0.884636 226.640 1.031231
COST 2048 1024 2 8 5.00 0.01 512 1.000000 287.284 1.000000
COST 2048 256 2 8 5.00 0.01 512 0.845345 132.949 1.387380
COST 2048 512 2 8 5.00 0.01 512 0.940269 163.291 0.653889
COST 2048 1024 2 8 5.00 0.01 512 1.000000 184.431 1.000000
COST 2048 256 2 8 5.00 0.01 512 0.916522 108.764 0.574148
COST 2048 512 2 8 5.00 0.01 512 0.972200 122.156 0.494772
COST 2048 1024 2 8 5.00 0.01 512 1.000000 129.213 1.000000
COST 2048 256 2 8 5.00 0.01 512 0.958318 90.389 0.247899
COST 2048 512 2 8 5.00 0.01 512 0.988172 96.068 0.456722
COST 2048 1024 2 8 5.00 0.01 512 1.000000 98.379 1.000000
COST 2048 256 2 8 5.50 0.0001 512 0.739159 162.400 1.459178
COST 2048 512 2 8 5.50 0.0001 512 0.884636 226.640 1.407860
COST 2048 1024 2 8 5.50 0.0001 512 1.000000 287.284 1.000000
COST 2048 256 2 8 5.50 0.0001 512 0.845345 132.949 2.495906
COST 2048 512 2 8 5.50 0.0001 512 0.940269 163.291 1.202804
COST 2048 1024 2 8 5.50 0.0001 512 1.000000 184.431 1.000000
COST 2048 256 2 8 5.50 0.0001 512 0.916522 108.764 0.909023
COST 2048 512 2 8 5.50 0.0001 512 0.972200 122.156 0.500000
COST 2048 1024 2 8 5.50 0.0001 512 1.000000 129.213 1.000000
COST 2048 256 2 8 5.50 0.0001 512 0.958318 90.389 0.260466
COST 2048 512 2 8 5.50 0.0001 512 0.988172 96.068 0.445503
COST 2048 1024 2 8 5.50 0.0001 512 1.000000 98.379 1.000000
COST 2048 256 2 8 5.50 0.001 512 0.739159 162.400 2.033363
COST 2048 512 2 8 5.50 0.001 512 0.884636 226.640 1.359185
COST 2048 1024 2 8 5.50 0.001 512 1.000000 287.284 1.000000
COST 2048 256 2 8 5.50 0.001 512 0.845345 132.949 1.451476
COST 2048 512 2 8 5.50 0.001 512 0.940269 163.291 0.690876
COST 2048 1024 2 8 5.50 0.001 512 1.000000 184.431 1.000000
COST 2048 256 2 8 5.50 0.001 512 0.916522 108.764 0.488287
COST 2048 512 2 8 5.50 0.001 512 0.972200 122.156 0.441100
COST 2048 1024 2 8 5.50 0.001 512 1.000000 129.213 1.000000
COST 2048 256 2 8 5.50 0.001 512 0.958318 90.389 0.233901
COST 2048 512 2 8 5.50 0.001 512 0.988172 96.068 0.444130
COST 2048 1024 2 8 5.50 0.001 512 1.000000 98.379 1.000000
COST 2048 256 2 8 5.50 0.01 512 0.739159 162.400 1.769878
COST 2048 512 2 8 5.50 0.01 512 0.884636 226.640 0.815213
COST 2048 1024 2 8 5.50 0.01 512 1.000000 287.284 1.000000
COST 2048 256 2 8 5.50 0.01 512 0.845345 132.949 0.627111
COST 2048 512 2 8 5.50 0.01 512 0.940269 163.291 0.466179
COST 2048 1024 2 8 5.50 0.01 512 1.000000 184.431 1.000000
COST 2048 256 2 8 5.50 0.01 512 0.916522 108.764 0.248349
COST 2048 512 2 8 5.50 0.01 512 0.972200 122.156 0.423329
COST 2048 1024 2 8 5.50 0.01 512 1.000000 129.213 1.000000
COST 2048 256 2 8 5.50 0.01 512 0.958318 90.389 0.198428
COST 2048 512 2 8 5.50 0.01 512 0.988172 96.068 0.415060
COST 2048 1024 2 8 5.50 0.01 512 1.000000 98.379 1.000000
COST 2048 256 2 8 6.00 0.0001 512 0.739159 162.400 2.656578
COST 2048 512 2 8 6.00 0.0001 512 0.884636 226.640 1.594241
COST 2048 1024 2 8 6.00 0.0001 512 1.000000 287.284 1.000000
COST 2048 256 2 8 6.00 0.0001 512 0.845345 132.949 1.497746
COST 2048 512 2 8 6.00 0.0001 512 0.940269 163.291 0.669533
COST 2048 1024 2 8 6.00 0.0001 512 1.000000 184.431 1.000000
COST 2048 256 2 8 6.00 0.0001 512 0.916522 108.764 0.436282
COST 2048 512 2 8 6.00 0.0001 512 0.972200 122.156 0.440793
COST 2048 1024 2 8 6.00 0.0001 512 1.000000 129.213 1.000000
COST 2048 256 2 8 6.00 0.0001 512 0.958318 90.389 0.213552
COST 2048 512 2 8 6.00 0.0001 512 0.988172 96.068 0.428854
COST 2048 1024 2 8 6.00 0.0001 512 1.000000 98.379 1.000000
COST 2048 256 2 8 6.00 0.001 512 0.739159 162.400 2.142935
COST 2048 512 2 8 6.00 0.001 512 0.884636 226.640 1.002519
COST 2048 1024 2 8 6.00 0.001 512 1.000000 287.284 1.000000
COST 2048 256 2 8 6.00 0.001 512 0.845345 132.949 0.684878
COST 2048 512 2 8 6.00 0.001 512 0.940269 163.291 0.503414
COST 2048 1024 2 8 6.00 0.001 512 1.000000 184.431 1.000000
COST 2048 256 2 8 6.00 0.001 512 0.916522 108.764 0.235807
COST 2048 512 2 8 6.00 0.001 512 0.972200 122.156 0.420524
COST 2048 1024 2 8 6.00 0.001 512 1.000000 129.213 1.000000
COST 2048 256 2 8 6.00 0.001 512 0.958318 90.389 0.199659
COST 2048 512 2 8 6.00 0.001 512 0.988172 96.068 0.425945
COST 2048 1024 2 8 6.00 0.001 512 1.000000 98.379 1.000000
COST 2048 256 2 8 6.00 0.01 512 0.739159 162.400 0.945985
COST 2048 512 2 8 6.00 0.01 512 0.884636 226.640 0.537373
COST 2048 1024 2 8 6.00 0.01 512 1.000000 287.284 1.000000
COST 2048 256 2 8 6.00 0.01 512 0.845345 132.949 0.303772
COST 2048 512 2 8 6.00 0.01 512 0.940269 163.291 0.439365
COST 2048 1024 2 8 6.00 0.01 512 1.000000 184.431 1.000000
COST 2048 256 2 8 6.00 0.01 512 0.916522 108.764 0.215186
COST 2048 512 2 8 6.00 0.01 512 0.972200 122.156 0.456375
COST 2048 1024 2 8 6.00 0.01 512 1.000000 129.213 1.000000
COST 2048 256 2 8 6.00 0.01 512 0.958318 90.389 0.206002
COST 2048 512 2 8 6.00 0.01 512 0.988172 96.068 0.436068
COST 2048 1024 2 8 6.00 0.01 512 1.000000 98.379 1.000000
COST 2048 256 2 8 6.50 0.0001 512 0.739159 162.400 2.516182
COST 2048 512 2 8 6.50 0.0001 512 0.884636 226.640 1.091302
COST 2048 1024 2 8 6.50 0.0001 512 1.000000 287.284 1.000000
COST 2048 256 2 8 6.50 0.0001 512 0.845345 132.949 0.628165
COST 2048 512 2 8 6.50 0.0001 512 0.940269 163.291 0.475333
COST 2048 1024 2 8 6.50 0.0001 512 1.000000 184.431 1.000000
COST 2048 256 2 8 6.50 0.0001 512 0.916522 108.764 0.210510
COST 2048 512 2 8 6.50 0.0001 512 0.972200 122.156 0.421269
COST 2048 1024 2 8 6.50 0.0001 512 1.000000 129.213 1.000000
COST 2048 256 2 8 6.50 0.0001 512 0.958318 90.389 0.196402
COST 2048 512 2 8 6.50 0.0001 512 0.988172 96.068 0.417592
COST 2048 1024 2 8 6.50 0.0001 512 1.000000 98.379 1.000000
COST 2048 256 2 8 6.50 0.001 512 0.739159 162.400 1.261369
COST 2048 512 2 8 6.50 0.001 512 0.884636 226.640 0.638905
COST 2048 1024 2 8 6.50 0.001 512 1.000000 287.284 1.000000
COST 2048 256 2 8 6.50 0.001 512 0.845345 132.949 0.325022
COST 2048 512 2 8 6.50 0.001 512 0.940269 163.291 0.429381
COST 2048 1024 2 8 6.50 0.001 512 1.000000 184.431 1.000000
COST 2048 256 2 8 6.50 0.001 512 0.916522 108.764 0.204498
COST 2048 512 2 8 6.50 0.001 512 0.972200 122.156 0.431104
COST 2048 1024 2 8 6.50 0.001 512 1.000000 129.213 1.000000
COST 2048 256 2 8 6.50 0.001 512 0.958318 90.389 0.203195
COST 2048 512 2 8 6.50 0.001 512 0.988172 96.068 0.424843
COST 2048 1024 2 8 6.50 0.001 512 1.000000 98.379 1.000000
COST 2048 256 2 8 6.50 0.01 512 0.739159 162.400 0.461594
COST 2048 512 2 8 6.50 0.01 512 0.884636 226.640 0.461353
COST 2048 1024 2 8 6.50 0.01 512 1.000000 287.284 1.000000
COST 2048 256 2 8 6.50 0.01 512 0.845345 132.949 0.201413
COST 2048 512 2 8 6.50 0.01 512 0.940269 163.291 0.417567
COST 2048 1024 2 8 6.50 0.01 512 1.000000 184.431 1.000000
COST 2048 256 2 8 6.50 0.01 512 0.916522 108.764 0.207777
COST 2048 512 2 8 6.50 0.01 512 0.972200 122.156 0.441007
COST 2048 1024 2 8 6.50 0.01 512 1.000000 129.213 1.000000
COST 2048 256 2 8 6.50 0.01 512 0.958318 90.389 0.202020
COST 2048 512 2 8 6.50 0.01 512 0.988172 96.068 0.437520
COST 2048 1024 2 8 6.50 0.01 512 1.000000 98.379 1.000000
COST 262144 4096 2 8 5.00 0.0001 512 0.101394 2323.402 0.701214
COST 262144 8192 2 8 5.00 0.0001 512 0.330538 6266.795 0.727923
COST 262144 16384 2 8 5.00 0.0001 512 0.556828 12867.185 0.746049
COST 262144 32768 2 8 5.00 0.0001 512 0.739561 20810.259 0.754352
COST 262144 65536 2 8 5.00 0.0001 512 0.884754 29021.154 0.833253
COST 262144 131072 2 8 5.00 0.0001 512 1.000000 36777.540 1.000000
COST 262144 4096 2 8 5.00 0.0001 512 0.165520 2498.171 0.733922
COST 262144 8192 2 8 5.00 0.0001 512 0.461419 6439.591 0.726914
COST 262144 16384 2 8 5.00 0.0001 512 0.695501 11956.100 0.765933
COST 262144 32768 2 8 5.00 0.0001 512 0.845648 17030.111 0.777419
COST 262144 65536 2 8 5.00 0.0001 512 0.940343 20905.755 0.893146
COST 262144 131072 2 8 5.00 0.0001 512 1.000000 23608.714 1.000000
COST 262144 4096 2 8 5.00 0.0001 512 0.244739 2694.120 0.695594
COST 262144 8192 2 8 5.00 0.0001 512 0.588167 6554.123 0.714960
COST 262144 16384 2 8 5.00 0.0001 512 0.805826 10920.503 0.739752
COST 262144 32768 2 8 5.00 0.0001 512 0.916725 13928.144 0.782393
COST 262144 65536 2 8 5.00 0.0001 512 0.972241 15637.714 0.838162
COST 262144 131072 2 8 5.00 0.0001 512 1.000000 16539.686 1.000000
COST 262144 4096 2 8 5.00 0.0001 512 0.334221 2913.531 0.763266
COST 262144 8192 2 8 5.00 0.0001 512 0.698559 6604.717 0.745682
COST 262144 16384 2 8 5.00 0.0001 512 0.883565 9887.633 0.763543
COST 262144 32768 2 8 5.00 0.0001 512 0.958441 11572.928 0.803641
COST 262144 65536 2 8 5.00 0.0001 512 0.988192 12297.418 0.860007
COST 262144 131072 2 8 5.00 0.0001 512 1.000000 12592.634 1.000000
COST 262144 4096 2 8 5.00 0.001 512 0.101394 2323.402 0.720646
COST 262144 8192 2 8 5.00 0.001 512 0.330538 6266.795 0.704261
COST 262144 16384 2 8 5.00 0.001 512 0.556828 12867.185 0.747048
COST 262144 32768 2 8 5.00 0.001 512 0.739561 20810.259 0.791416
COST 262144 65536 2 8 5.00 0.001 512 0.884754 29021.154 0.874392
COST 262144 131072 2 8 5.00 0.001 512 1.000000 36777.540 1.000000
COST 262144 4096 2 8 5.00 0.001 512 0.165520 2498.171 0.693914
COST 262144 8192 2 8 5.00 0.001 512 0.461419 6439.591 0.712160
COST 262144 16384 2 8 5.00 0.001 512 0.695501 11956.100 0.722784
COST 262144 32768 2 8 5.00 0.001 512 0.845648 17030.111 0.759477
COST 262144 65536 2 8 5.00 0.001 512 0.940343 20905.755 0.903207
COST 262144 131072 2 8 5.00 0.001 512 1.000000 23608.714 1.000000
COST 262144 4096 2 8 5.00 0.001 512 0.244739 2694.120 0.720799
COST 262144 8192 2 8 5.00 0.001 512 0.588167 6554.123 0.752477
COST 262144 16384 2 8 5.00 0.001 512 0.805826 10920.503 0.742207
COST 262144 32768 2 8 5.00 0.001 512 0.916725 13928.144 0.776464
COST 262144 65536 2 8 5.00 0.001 512 0.972241 15637.714 0.852801
COST 262144 131072 2 8 5.00 0.001 512 1.000000 16539.686 1.000000
COST 262144 4096 2 8 5.00 0.001 512 0.334221 2913.531 0.843468
COST 262144 8192 2 8 5.00 0.001 512 0.698559 6604.717 0.850722
COST 262144 16384 2 8 5.00 0.001 512 0.883565 9887.633 0.862313
COST 262144 32768 2 8 5.00 0.001 512 0.958441 11572.928 0.924325
COST 262144 65536 2 8 5.00 0.001 512 0.988192 12297.418 0.957518
COST 262144 131072 2 8 5.00 0.001 512 1.000000 12592.634 1.000000
COST 262144 4096 2 8 5.00 0.01 512 0.101394 2323.402 0.703435
COST 262144 8192 2 8 5.00 0.01 512 0.330538 6266.795 0.749990
COST 262144 16384 2 8 5.00 0.01 512 0.556828 12867.185 0.758656
COST 262144 32768 2 8 5.00 0.01 512 0.739561 20810.259 0.785036
COST 262144 65536 2 8 5.00 0.01 512 0.884754 29021.154 0.842396
COST 262144 131072 2 8 5.00 0.01 512 1.000000 36777.540 1.000000
COST 262144 4096 2 8 5.00 0.01 512 0.165520 2498.171 0.719825
COST 262144 8192 2 8 5.00 0.01 512 0.461419 6439.591 0.770274
COST 262144 16384 2 8 5.00 0.01 512 0.695501 11956.100 0.728070
COST 262144 32768 2 8 5.00 0.01 512 0.845648 17030.111 0.763291
COST 262144 65536 2 8 5.00 0.01 512 0.940343 20905.755 0.866588
COST 262144 131072 2 8 5.00 0.01 512 1.000000 23608.714 1.000000
COST 262144 4096 2 8 5.00 0.01 512 0.244739 2694.120 0.772800
COST 262144 8192 2 8 5.00 0.01 512 0.588167 6554.123 0.815700
COST 262144 16384 2 8 5.00 0.01 512 0.805826 10920.503 0.836900
COST 262144 32768 2 8 5.00 0.01 512 0.916725 13928.144 0.866165
COST 262144 65536 2 8 5.00 0.01 512 0.972241 15637.714 0.921519
COST 262144 131072 2 8 5.00 0.01 512 1.000000 16539.686 1.000000
COST 262144 4096 2 8 5.00 0.01 512 0.334221 2913.531 1.101760
COST 262144 8192 2 8 5.00 0.01 512 0.698559 6604.717 1.108605
COST 262144 16384 2 8 5.00 0.01 512 0.883565 9887.633 1.122506
COST 262144 32768 2 8 5.00 0.01 512 0.958441 11572.928 1.152695
COST 262144 65536 2 8 5.00 0.01 512 0.988192 12297.418 0.976478
COST 262144 131072 2 8 5.00 0.01 512 1.000000 12592.634 1.000000
COST 262144 4096 2 8 5.50 0.0001 512 0.101394 2323.402 0.707144
COST 262144 8192 2 8 5.50 0.0001 512 0.330538 6266.795 0.727876
COST 262144 16384 2 8 5.50 0.0001 512 0.556828 12867.185 0.726917
COST 262144 32768 2 8 5.50 0.0001 512 0.739561 20810.259 0.781332
COST 262144 65536 2 8 5.50 0.0001 512 0.884754 29021.154 0.842313
COST 262144 131072 2 8 5.50 0.0001 512 1.000000 36777.540 1.000000
COST 262144 4096 2 8 5.50 0.0001 512 0.165520 2498.171 0.718074
COST 262144 8192 2 8 5.50 0.0001 512 0.461419 6439.591 0.718375
COST 262144 16384 2 8 5.50 0.0001 512 0.695501 11956.100 0.729125
COST 262144 32768 2 8 5.50 0.0001 512 0.845648 17030.111 0.753549
COST 262144 65536 2 8 5.50 0.0001 512 0.940343 20905.755 0.850017
COST 262144 131072 2 8 5.50 0.0001 512 1.000000 23608.714 1.000000
COST 262144 4096 2 8 5.50 0.0001 512 0.244739 2694.120 0.785230
COST 262144 8192 2 8 5.50 0.0001 512 0.588167 6554.123 0.798572
COST 262144 16384 2 8 5.50 0.0001 512 0.805826 10920.503 0.809792
COST 262144 32768 2 8 5.50 0.0001 512 0.916725 13928.144 0.833305
COST 262144 65536 2 8 5.50 0.0001 512 0.972241 15637.714 0.927338
COST 262144 131072 2 8 5.50 0.0001 512 1.000000 16539.686 1.000000
COST 262144 4096 2 8 5.50 0.0001 512 0.334221 2913.531 1.527143
COST 262144 8192 2 8 5.50 0.0001 512 0.698559 6604.717 1.494540
COST 262144 16384 2 8 5.50 0.0001 512 0.883565 9887.633 1.542204
COST 262144 32768 2 8 5.50 0.0001 512 0.958441 11572.928 1.605424
COST 262144 65536 2 8 5.50 0.0001 512 0.988192 12297.418 1.271478
COST 262144 131072 2 8 5.50 0.0001 512 1.000000 12592.634 1.000000
COST 262144 4096 2 8 5.50 0.001 512 0.101394 2323.402 0.717147
COST 262144 8192 2 8 5.50 0.001 512 0.330538 6266.795 0.723683
COST 262144 16384 2 8 5.50 0.001 512 0.556828 12867.185 0.728205
COST 262144 32768 2 8 5.50 0.001 512 0.739561 20810.259 0.797113
COST 262144 65536 2 8 5.50 0.001 512 0.884754 29021.154 0.852383
COST 262144 131072 2 8 5.50 0.001 512 1.000000 36777.540 1.000000
COST 262144 4096 2 8 5.50 0.001 512 0.165520 2498.171 0.684880
COST 262144 8192 2 8 5.50 0.001 512 0.461419 6439.591 0.711678
COST 262144 16384 2 8 5.50 0.001 512 0.695501 11956.100 0.766232
COST 262144 32768 2 8 5.50 0.001 512 0.845648 17030.111 0.752206
COST 262144 65536 2 8 5.50 0.001 512 0.940343 20905.755 0.836470
COST 262144 131072 2 8 5.50 0.001 512 1.000000 23608.714 1.000000
COST 262144 4096 2 8 5.50 0.001 512 0.244739 2694.120 1.100241
COST 262144 8192 2 8 5.50 0.001 512 0.588167 6554.123 1.148391
COST 262144 16384 2 8 5.50 0.001 512 0.805826 10920.503 1.133310
COST 262144 32768 2 8 5.50 0.001 512 0.916725 13928.144 1.171514
COST 262144 65536 2 8 5.50 0.001 512 0.972241 15637.714 1.194427
COST 262144 131072 2 8 5.50 0.001 512 1.000000 16539.686 1.000000
COST 262144 4096 2 8 5.50 0.001 512 0.334221 2913.531 1.782178
COST 262144 8192 2 8 5.50 0.001 512 0.698559 6604.717 1.794872
COST 262144 16384 2 8 5.50 0.001 512 0.883565 9887.633 1.846218
COST 262144 32768 2 8 5.50 0.001 512 0.958441 11572.928 1.704408
COST 262144 65536 2 8 5.50 0.001 512 0.988192 12297.418 0.955362
COST 262144 131072 2 8 5.50 0.001 512 1.000000 12592.634 1.000000
COST 262144 4096 2 8 5.50 0.01 512 0.101394 2323.402 0.696386
COST 262144 8192 2 8 5.50 0.01 512 0.330538 6266.795 0.702825
COST 262144 16384 2 8 5.50 0.01 512 0.556828 12867.185 0.724020
COST 262144 32768 2 8 5.50 0.01 512 0.739561 20810.259 0.765630
COST 262144 65536 2 8 5.50 0.01 512 0.884754 29021.154 0.833127
COST 262144 131072 2 8 5.50 0.01 512 1.000000 36777.540 1.000000
COST 262144 4096 2 8 5.50 0.01 512 0.165520 2498.171 0.902459
COST 262144 8192 2 8 5.50 0.01 512 0.461419 6439.591 0.910232
COST 262144 16384 2 8 5.50 0.01 512 0.695501 11956.100 0.950192
COST 262144 32768 2 8 5.50 0.01 512 0.845648 17030.111 0.984286
COST 262144 65536 2 8 5.50 0.01 512 0.940343 20905.755 1.062409
COST 262144 131072 2 8 5.50 0.01 512 1.000000 23608.714 1.000000
COST 262144 4096 2 8 5.50 0.01 512 0.244739 2694.120 1.785515
COST 262144 8192 2 8 5.50 0.01 512 0.588167 6554.123 1.737234
COST 262144 16384 2 8 5.50 0.01 512 0.805826 10920.503 1.748006
COST 262144 32768 2 8 5.50 0.01 512 0.916725 13928.144 1.749821
COST 262144 65536 2 8 5.50 0.01 512 0.972241 15637.714 1.061998
COST 262144 131072 2 8 5.50 0.01 512 1.000000 16539.686 1.000000
COST 262144 4096 2 8 5.50 0.01 512 0.334221 2913.531 2.197413
COST 262144 8192 2 8 5.50 0.01 512 0.698559 6604.717 2.288598
COST 262144 16384 2 8 5.50 0.01 512 0.883565 9887.633 2.191563
COST 262144 32768 2 8 5.50 0.01 512 0.958441 11572.928 1.085059
COST 262144 65536 2 8 5.50 0.01 512 0.988192 12297.418 0.652453
COST 262144 131072 2 8 5.50 0.01 512 1.000000 12592.634 1.000000
COST 262144 4096 2 8 6.00 0.0001 512 0.101394 2323.402 0.688655
COST 262144 8192 2 8 6.00 0.0001 512 0.330538 6266.795 0.725012
COST 262144 16384 2 8 6.00 0.0001 512 0.556828 12867.185 0.733150
COST 262144 32768 2 8 6.00 0.0001 512 0.739561 20810.259 0.770986
COST 262144 65536 2 8 6.00 0.0001 512 0.884754 29021.154 0.831312
COST 262144 131072 2 8 6.00 0.0001 512 1.000000 36777.540 1.000000
COST 262144 4096 2 8 6.00 0.0001 512 0.165520 2498.171 0.828136
COST 262144 8192 2 8 6.00 0.0001 512 0.461419 6439.591 0.831896
COST 262144 16384 2 8 6.00 0.0001 512 0.695501 11956.100 0.866926
COST 262144 32768 2 8 6.00 0.0001 512 0.845648 17030.111 0.882809
COST 262144 65536 2 8 6.00 0.0001 512 0.940343 20905.755 0.975388
COST 262144 131072 2 8 6.00 0.0001 512 1.000000 23608.714 1.000000
COST 262144 4096 2 8 6.00 0.0001 512 0.244739 2694.120 1.671506
COST 262144 8192 2 8 6.00 0.0001 512 0.588167 6554.123 1.699777
COST 262144 16384 2 8 6.00 0.0001 512 0.805826 10920.503 1.717217
COST 262144 32768 2 8 6.00 0.0001 512 0.916725 13928.144 1.793881
COST 262144 65536 2 8 6.00 0.0001 512 0.972241 15637.714 1.385256
COST 262144 131072 2 8 6.00 0.0001 512 1.000000 16539.686 1.000000
COST 262144 4096 2 8 6.00 0.0001 512 0.334221 2913.531 2.116489
COST 262144 8192 2 8 6.00 0.0001 512 0.698559 6604.717 2.147154
COST 262144 16384 2 8 6.00 0.0001 512 0.883565 9887.633 2.131387
COST 262144 32768 2 8 6.00 0.0001 512 0.958441 11572.928 1.428725
COST 262144 65536 2 8 6.00 0.0001 512 0.988192 12297.418 0.634842
COST 262144 131072 2 8 6.00 0.0001 512 1.000000 12592.634 1.000000
COST 262144 4096 2 8 6.00 0.001 512 0.101394 2323.402 0.720897
COST 262144 8192 2 8 6.00 0.001 512 0.330538 6266.795 0.721323
COST 262144 16384 2 8 6.00 0.001 512 0.556828 12867.185 0.762277
COST 262144 32768 2 8 6.00 0.001 512 0.739561 20810.259 0.789350
COST 262144 65536 2 8 6.00 0.001 512 0.884754 29021.154 0.866683
COST 262144 131072 2 8 6.00 0.001 512 1.000000 36777.540 1.000000
COST 262144 4096 2 8 6.00 0.001 512 0.165520 2498.171 1.100353
COST 262144 8192 2 8 6.00 0.001 512 0.461419 6439.591 1.151020
COST 262144 16384 2 8 6.00 0.001 512 0.695501 11956.100 1.194461
COST 262144 32768 2 8 6.00 0.001 512 0.845648 17030.111 1.217710
COST 262144 65536 2 8 6.00 0.001 512 0.940343 20905.755 1.303452
COST 262144 131072 2 8 6.00 0.001 512 1.000000 23608.714 1.000000
COST 262144 4096 2 8 6.00 0.001 512 0.244739 2694.120 1.942905
COST 262144 8192 2 8 6.00 0.001 512 0.588167 6554.123 2.023641
COST 262144 16384 2 8 6.00 0.001 512 0.805826 10920.503 2.006143
COST 262144 32768 2 8 6.00 0.001 512 0.916725 13928.144 1.845478
COST 262144 65536 2 8 6.00 0.001 512 0.972241 15637.714 0.892590
COST 262144 131072 2 8 6.00 0.001 512 1.000000 16539.686 1.000000
COST 262144 4096 2 8 6.00 0.001 512 0.334221 2913.531 2.091314
COST 262144 8192 2 8 6.00 0.001 512 0.698559 6604.717 2.172513
COST 262144 16384 2 8 6.00 0.001 512 0.883565 9887.633 2.146725
COST 262144 32768 2 8 6.00 0.001 512 0.958441 11572.928 0.715155
COST 262144 65536 2 8 6.00 0.001 512 0.988192 12297.418 0.532649
COST 262144 131072 2 8 6.00 0.001 512 1.000000 12592.634 1.000000
COST 262144 4096 2 8 6.00 0.01 512 0.101394 2323.402 0.898422
COST 262144 8192 2 8 6.00 0.01 512 0.330538 6266.795 0.858706
COST 262144 16384 2 8 6.00 0.01 512 0.556828 12867.185 0.930781
COST 262144 32768 2 8 6.00 0.01 512 0.739561 20810.259 0.985824
COST 262144 65536 2 8 6.00 0.01 512 0.884754 29021.154 1.023907
COST 262144 131072 2 8 6.00 0.01 512 1.000000 36777.540 1.000000
COST 262144 4096 2 8 6.00 0.01 512 0.165520 2498.171 1.893940
COST 262144 8192 2 8 6.00 0.01 512 0.461419 6439.591 1.940165
COST 262144 16384 2 8 6.00 0.01 512 0.695501 11956.100 2.035513
COST 262144 32768 2 8 6.00 0.01 512 0.845648 17030.111 2.018247
COST 262144 65536 2 8 6.00 0.01 512 0.940343 20905.755 1.172274
COST 262144 131072 2 8 6.00 0.01 512 1.000000 23608.714 1.000000
COST 262144 4096 2 8 6.00 0.01 512 0.244739 2694.120 2.378732
COST 262144 8192 2 8 6.00 0.01 512 0.588167 6554.123 2.429515
COST 262144 16384 2 8 6.00 0.01 512 0.805826 10920.503 2.362356
COST 262144 32768 2 8 6.00 0.01 512 0.916725 13928.144 0.969656
COST 262144 65536 2 8 6.00 0.01 512 0.972241 15637.714 0.540461
COST 262144 131072 2 8 6.00 0.01 512 1.000000 16539.686 1.000000
COST 262144 4096 2 8 6.00 0.01 512 0.334221 2913.531 2.358215
COST 262144 8192 2 8 6.00 0.01 512 0.698559 6604.717 2.369117
COST 262144 16384 2 8 6.00 0.01 512 0.883565 9887.633 1.165450
COST 262144 32768 2 8 6.00 0.01 512 0.958441 11572.928 0.348972
COST 262144 65536 2 8 6.00 0.01 512 0.988192 12297.418 0.447990
COST 262144 131072 2 8 6.00 0.01 512 1.000000 12592.634 1.000000
COST 262144 4096 2 8 6.50 0.0001 512 0.101394 2323.402 0.744754
COST 262144 8192 2 8 6.50 0.0001 512 0.330538 6266.795 0.762983
COST 262144 16384 2 8 6.50 0.0001 512 0.556828 12867.185 0.779896
COST 262144 32768 2 8 6.50 0.0001 512 0.739561 20810.259 0.776043
COST 262144 65536 2 8 6.50 0.0001 512 0.884754 29021.154 0.851252
COST 262144 131072 2 8 6.50 0.0001 512 1.000000 36777.540 1.000000
COST 262144 4096 2 8 6.50 0.0001 512 0.165520 2498.171 1.579168
COST 262144 8192 2 8 6.50 0.0001 512 0.461419 6439.591 1.581052
COST 262144 16384 2 8 6.50 0.0001 512 0.695501 11956.100 1.647535
COST 262144 32768 2 8 6.50 0.0001 512 0.845648 17030.111 1.765974
COST 262144 65536 2 8 6.50 0.0001 512 0.940343 20905.755 1.675302
COST 262144 131072 2 8 6.50 0.0001 512 1.000000 23608.714 1.000000
COST 262144 4096 2 8 6.50 0.0001 512 0.244739 2694.120 2.361477
COST 262144 8192 2 8 6.50 0.0001 512 0.588167 6554.123 2.365117
COST 262144 16384 2 8 6.50 0.0001 512 0.805826 10920.503 2.379523
COST 262144 32768 2 8 6.50 0.0001 512 0.916725 13928.144 1.953762
COST 262144 65536 2 8 6.50 0.0001 512 0.972241 15637.714 0.710552
COST 262144 131072 2 8 6.50 0.0001 512 1.000000 16539.686 1.000000
COST 262144 4096 2 8 6.50 0.0001 512 0.334221 2913.531 2.255613
COST 262144 8192 2 8 6.50 0.0001 512 0.698559 6604.717 2.301498
COST 262144 16384 2 8 6.50 0.0001 512 0.883565 9887.633 2.099219
COST 262144 32768 2 8 6.50 0.0001 512 0.958441 11572.928 0.457400
COST 262144 65536 2 8 6.50 0.0001 512 0.988192 12297.418 0.456709
COST 262144 131072 2 8 6.50 0.0001 512 1.000000 12592.634 1.000000
COST 262144 4096 2 8 6.50 0.001 512 0.101394 2323.402 0.850495
COST 262144 8192 2 8 6.50 0.001 512 0.330538 6266.795 0.883199
COST 262144 16384 2 8 6.50 0.001 512 0.556828 12867.185 0.906686
COST 262144 32768 2 8 6.50 0.001 512 0.739561 20810.259 0.928438
COST 262144 65536 2 8 6.50 0.001 512 0.884754 29021.154 1.035146
COST 262144 131072 2 8 6.50 0.001 512 1.000000 36777.540 1.000000
COST 262144 4096 2 8 6.50 0.001 512 0.165520 2498.171 2.157937
COST 262144 8192 2 8 6.50 0.001 512 0.461419 6439.591 2.202283
COST 262144 16384 2 8 6.50 0.001 512 0.695501 11956.100 2.289416
COST 262144 32768 2 8 6.50 0.001 512 0.845648 17030.111 2.432724
COST 262144 65536 2 8 6.50 0.001 512 0.940343 20905.755 1.273070
COST 262144 131072 2 8 6.50 0.001 512 1.000000 23608.714 1.000000
COST 262144 4096 2 8 6.50 0.001 512 0.244739 2694.120 2.320085
COST 262144 8192 2 8 6.50 0.001 512 0.588167 6554.123 2.283711
COST 262144 16384 2 8 6.50 0.001 512 0.805826 10920.503 2.356850
COST 262144 32768 2 8 6.50 0.001 512 0.916725 13928.144 0.802995
COST 262144 65536 2 8 6.50 0.001 512 0.972241 15637.714 0.483931
COST 262144 131072 2 8 6.50 0.001 512 1.000000 16539.686 1.000000
COST 262144 4096 2 8 6.50 0.001 512 0.334221 2913.531 2.362489
COST 262144 8192 2 8 6.50 0.001 512 0.698559 6604.717 2.390137
COST 262144 16384 2 8 6.50 0.001 512 0.883565 9887.633 1.198870
COST 262144 32768 2 8 6.50 0.001 512 0.958441 11572.928 0.282858
COST 262144 65536 2 8 6.50 0.001 512 0.988192 12297.418 0.435189
COST 262144 131072 2 8 6.50 0.001 512 1.000000 12592.634 1.000000
COST 262144 4096 2 8 6.50 0.01 512 0.101394 2323.402 1.648416
COST 262144 8192 2 8 6.50 0.01 512 0.330538 6266.795 1.731785
COST 262144 16384 2 8 6.50 0.01 512 0.556828 12867.185 1.725620
COST 262144 32768 2 8 6.50 0.01 512 0.739561 20810.259 1.807184
COST 262144 65536 2 8 6.50 0.01 512 0.884754 29021.154 1.463677
COST 262144 131072 2 8 6.50 0.01 512 1.000000 36777.540 1.000000
COST 262144 4096 2 8 6.50 0.01 512 0.165520 2498.171 2.360548
COST 262144 8192 2 8 6.50 0.01 512 0.461419 6439.591 2.401972
COST 262144 16384 2 8 6.50 0.01 512 0.695501 11956.100 2.432377
COST 262144 32768 2 8 6.50 0.01 512 0.845648 17030.111 1.594344
COST 262144 65536 2 8 6.50 0.01 512 0.940343 20905.755 0.578366
COST 262144 131072 2 8 6.50 0.01 512 1.000000 23608.714 1.000000
COST 262144 4096 2 8 6.50 0.01 512 0.244739 2694.120 2.287193
COST 262144 8192 2 8 6.50 0.01 512 0.588167 6554.123 2.311407
COST 262144 16384 2 8 6.50 0.01 512 0.805826 10920.503 1.208015
COST 262144 32768 2 8 6.50 0.01 512 0.916725 13928.144 0.308672
COST 262144 65536 2 8 6.50 0.01 512 0.972241 15637.714 0.452750
COST 262144 131072 2 8 6.50 0.01 512 1.000000 16539.686 1.000000
COST 262144 4096 2 8 6.50 0.01 512 0.334221 2913.531 2.293898
COST 262144 8192 2 8 6.50 0.01 512 0.698559 6604.717 2.199728
COST 262144 16384 2 8 6.50 0.01 512 0.883565 9887.633 0.260075
COST 262144 32768 2 8 6.50 0.01 512 0.958441 11572.928 0.198746
COST 262144 65536 2 8 6.50 0.01 512 0.988192 12297.418 0.435311
COST 262144 131072 2 8 6.50 0.01 512 1.000000 12592.634 1.000000
COST 32768 512 2 8 5.00 0.0001 512 0.101178 290.065 0.670649
COST 32768 1024 2 8 5.00 0.0001 512 0.330389 782.926 0.711470
COST 32768 2048 2 8 5.00 0.0001 512 0.556768 1608.110 0.735975
COST 32768 4096 2 8 5.00 0.0001 512 0.739539 2601.124 0.774820
COST 32768 8192 2 8 5.00 0.0001 512 0.884747 3627.567 0.849800
COST 32768 16384 2 8 5.00 0.0001 512 1.000000 4597.157 1.000000
COST 32768 512 2 8 5.00 0.0001 512 0.165205 311.891 0.706527
COST 32768 1024 2 8 5.00 0.0001 512 0.461245 804.552 0.705790
COST 32768 2048 2 8 5.00 0.0001 512 0.695444 1494.300 0.752545
COST 32768 4096 2 8 5.00 0.0001 512 0.845632 2128.677 0.748951
COST 32768 8192 2 8 5.00 0.0001 512 0.940339 2613.188 0.914549
COST 32768 16384 2 8 5.00 0.0001 512 1.000000 2951.079 1.000000
COST 32768 512 2 8 5.00 0.0001 512 0.244329 336.365 0.885172
COST 32768 1024 2 8 5.00 0.0001 512 0.587987 818.907 0.867271
COST 32768 2048 2 8 5.00 0.0001 512 0.805779 1364.917 0.895208
COST 32768 4096 2 8 5.00 0.0001 512 0.916714 1740.974 0.948297
COST 32768 8192 2 8 5.00 0.0001 512 0.972238 1954.702 1.042959
COST 32768 16384 2 8 5.00 0.0001 512 1.000000 2067.458 1.000000
COST 32768 512 2 8 5.00 0.0001 512 0.333735 363.773 1.370878
COST 32768 1024 2 8 5.00 0.0001 512 0.698389 825.281 1.452795
COST 32768 2048 2 8 5.00 0.0001 512 0.883530 1235.861 1.460828
COST 32768 4096 2 8 5.00 0.0001 512 0.958434 1446.595 1.467973
COST 32768 8192 2 8 5.00 0.0001 512 0.988191 1537.173 1.147260
COST 32768 16384 2 8 5.00 0.0001 512 1.000000 1574.078 1.000000
COST 32768 512 2 8 5.00 0.001 512 0.101178 290.065 0.718137
COST 32768 1024 2 8 5.00 0.001 512 0.330389 782.926 0.763940
COST 32768 2048 2 8 5.00 0.001 512 0.556768 1608.110 0.770268
COST 32768 4096 2 8 5.00 0.001 512 0.739539 2601.124 0.770235
COST 32768 8192 2 8 5.00 0.001 512 0.884747 3627.567 0.850741
COST 32768 16384 2 8 5.00 0.001 512 1.000000 4597.157 1.000000
COST 32768 512 2 8 5.00 0.001 512 0.165205 311.891 0.753102
COST 32768 1024 2 8 5.00 0.001 512 0.461245 804.552 0.742195
COST 32768 2048 2 8 5.00 0.001 512 0.695444 1494.300 0.757258
COST 32768 4096 2 8 5.00 0.001 512 0.845632 2128.677 0.788230
COST 32768 8192 2 8 5.00 0.001 512 0.940339 2613.188 0.880255
COST 32768 16384 2 8 5.00 0.001 512 1.000000 2951.079 1.000000
COST 32768 512 2 8 5.00 0.001 512 0.244329 336.365 1.113131
COST 32768 1024 2 8 5.00 0.001 512 0.587987 818.907 1.129828
COST 32768 2048 2 8 5.00 0.001 512 0.805779 1364.917 1.141106
COST 32768 4096 2 8 5.00 0.001 512 0.916714 1740.974 1.138895
COST 32768 8192 2 8 5.00 0.001 512 0.972238 1954.702 1.129997
COST 32768 16384 2 8 5.00 0.001 512 1.000000 2067.458 1.000000
COST 32768 512 2 8 5.00 0.001 512 0.333735 363.773 1.808856
COST 32768 1024 2 8 5.00 0.001 512 0.698389 825.281 1.844809
COST 32768 2048 2 8 5.00 0.001 512 0.883530 1235.861 1.768833
COST 32768 4096 2 8 5.00 0.001 512 0.958434 1446.595 1.527761
COST 32768 8192 2 8 5.00 0.001 512 0.988191 1537.173 1.002811
COST 32768 16384 2 8 5.00 0.001 512 1.000000 1574.078 1.000000
COST 32768 512 2 8 5.00 0.01 512 0.101178 290.065 0.774375
COST 32768 1024 2 8 5.00 0.01 512 0.330389 782.926 0.754952
COST 32768 2048 2 8 5.00 0.01 512 0.556768 1608.110 0.761185
COST 32768 4096 2 8 5.00 0.01 512 0.739539 2601.124 0.813301
COST 32768 8192 2 8 5.00 0.01 512 0.884747 3627.567 0.885225
COST 32768 16384 2 8 5.00 0.01 512 1.000000 4597.157 1.000000
COST 32768 512 2 8 5.00 0.01 512 0.165205 311.891 1.031506
COST 32768 1024 2 8 5.00 0.01 512 0.461245 804.552 0.999825
COST 32768 2048 2 8 5.00 0.01 512 0.695444 1494.300 1.162763
COST 32768 4096 2 8 5.00 0.01 512 0.845632 2128.677 1.067325
COST 32768 8192 2 8 5.00 0.01 512 0.940339 2613.188 1.069313
COST 32768 16384 2 8 5.00 0.01 512 1.000000 2951.079 1.000000
COST 32768 512 2 8 5.00 0.01 512 0.244329 336.365 1.629605
COST 32768 1024 2 8 5.00 0.01 512 0.587987 818.907 1.620849
COST 32768 2048 2 8 5.00 0.01 512 0.805779 1364.917 1.602343
COST 32768 4096 2 8 5.00 0.01 512 0.916714 1740.974 1.441340
COST 32768 8192 2 8 5.00 0.01 512 0.972238 1954.702 1.015159
COST 32768 16384 2 8 5.00 0.01 512 1.000000 2067.458 1.000000
COST 32768 512 2 8 5.00 0.01 512 0.333735 363.773 2.090099
COST 32768 1024 2 8 5.00 0.01 512 0.698389 825.281 2.140059
COST 32768 2048 2 8 5.00 0.01 512 0.883530 1235.861 1.779603
COST 32768 4096 2 8 5.00 0.01 512 0.958434 1446.595 0.960081
COST 32768 8192 2 8 5.00 0.01 512 0.988191 1537.173 0.689567
COST 32768 16384 2 8 5.00 0.01 512 1.000000 1574.078 1.000000
COST 32768 512 2 8 5.50 0.0001 512 0.101178 290.065 0.674897
COST 32768 1024 2 8 5.50 0.0001 512 0.330389 782.926 0.703435
COST 32768 2048 2 8 5.50 0.0001 512 0.556768 1608.110 0.715049
COST 32768 4096 2 8 5.50 0.0001 512 0.739539 2601.124 0.775902
COST 32768 8192 2 8 5.50 0.0001 512 0.884747 3627.567 0.879579
COST 32768 16384 2 8 5.50 0.0001 512 1.000000 4597.157 1.000000
COST 32768 512 2 8 5.50 0.0001 512 0.165205 311.891 0.782102
COST 32768 1024 2 8 5.50 0.0001 512 0.461245 804.552 0.825472
COST 32768 2048 2 8 5.50 0.0001 512 0.695444 1494.300 0.824538
COST 32768 4096 2 8 5.50 0.0001 512 0.845632 2128.677 0.898950
COST 32768 8192 2 8 5.50 0.0001 512 0.940339 2613.188 0.987634
COST 32768 16384 2 8 5.50 0.0001 512 1.000000 2951.079 1.000000
COST 32768 512 2 8 5.50 0.0001 512 0.244329 336.365 1.585826
COST 32768 1024 2 8 5.50 0.0001 512 0.587987 818.907 1.604204
COST 32768 2048 2 8 5.50 0.0001 512 0.805779 1364.917 1.703588
COST 32768 4096 2 8 5.50 0.0001 512 0.916714 1740.974 1.783487
COST 32768 8192 2 8 5.50 0.0001 512 0.972238 1954.702 1.331054
COST 32768 16384 2 8 5.50 0.0001 512 1.000000 2067.458 1.000000
COST 32768 512 2 8 5.50 0.0001 512 0.333735 363.773 2.158187
COST 32768 1024 2 8 5.50 0.0001 512 0.698389 825.281 2.172674
COST 32768 2048 2 8 5.50 0.0001 512 0.883530 1235.861 2.253656
COST 32768 4096 2 8 5.50 0.0001 512 0.958434 1446.595 1.381806
COST 32768 8192 2 8 5.50 0.0001 512 0.988191 1537.173 0.740508
COST 32768 16384 2 8 5.50 0.0001 512 1.000000 1574.078 1.000000
COST 32768 512 2 8 5.50 0.001 512 0.101178 290.065 0.802782
COST 32768 1024 2 8 5.50 0.001 512 0.330389 782.926 0.783546
COST 32768 2048 2 8 5.50 0.001 512 0.556768 1608.110 0.753403
COST 32768 4096 2 8 5.50 0.001 512 0.739539 2601.124 0.831367
COST 32768 8192 2 8 5.50 0.001 512 0.884747 3627.567 0.880826
COST 32768 16384 2 8 5.50 0.001 512 1.000000 4597.157 1.000000
COST 32768 512 2 8 5.50 0.001 512 0.165205 311.891 1.140420
COST 32768 1024 2 8 5.50 0.001 512 0.461245 804.552 1.114841
COST 32768 2048 2 8 5.50 0.001 512 0.695444 1494.300 1.180422
COST 32768 4096 2 8 5.50 0.001 512 0.845632 2128.677 1.223183
COST 32768 8192 2 8 5.50 0.001 512 0.940339 2613.188 1.243649
COST 32768 16384 2 8 5.50 0.001 512 1.000000 2951.079 1.000000
COST 32768 512 2 8 5.50 0.001 512 0.244329 336.365 1.973283
COST 32768 1024 2 8 5.50 0.001 512 0.587987 818.907 2.068328
COST 32768 2048 2 8 5.50 0.001 512 0.805779 1364.917 2.025631
COST 32768 4096 2 8 5.50 0.001 512 0.916714 1740.974 1.647283
COST 32768 8192 2 8 5.50 0.001 512 0.972238 1954.702 0.910479
COST 32768 16384 2 8 5.50 0.001 512 1.000000 2067.458 1.000000
COST 32768 512 2 8 5.50 0.001 512 0.333735 363.773 2.280336
COST 32768 1024 2 8 5.50 0.001 512 0.698389 825.281 2.141203
COST 32768 2048 2 8 5.50 0.001 512 0.883530 1235.861 1.822444
COST 32768 4096 2 8 5.50 0.001 512 0.958434 1446.595 0.741210
COST 32768 8192 2 8 5.50 0.001 512 0.988191 1537.173 0.597843
COST 32768 16384 2 8 5.50 0.001 512 1.000000 1574.078 1.000000
COST 32768 512 2 8 5.50 0.01 512 0.101178 290.065 0.919144
COST 32768 1024 2 8 5.50 0.01 512 0.330389 782.926 0.921273
COST 32768 2048 2 8 5.50 0.01 512 0.556768 1608.110 0.939029
COST 32768 4096 2 8 5.50 0.01 512 0.739539 2601.124 1.000304
COST 32768 8192 2 8 5.50 0.01 512 0.884747 3627.567 1.085968
COST 32768 16384 2 8 5.50 0.01 512 1.000000 4597.157 1.000000
COST 32768 512 2 8 5.50 0.01 512 0.165205 311.891 1.827879
COST 32768 1024 2 8 5.50 0.01 512 0.461245 804.552 1.766526
COST 32768 2048 2 8 5.50 0.01 512 0.695444 1494.300 1.902144
COST 32768 4096 2 8 5.50 0.01 512 0.845632 2128.677 1.789058
COST 32768 8192 2 8 5.50 0.01 512 0.940339 2613.188 1.022360
COST 32768 16384 2 8 5.50 0.01 512 1.000000 2951.079 1.000000
COST 32768 512 2 8 5.50 0.01 512 0.244329 336.365 2.150864
COST 32768 1024 2 8 5.50 0.01 512 0.587987 818.907 2.183511
COST 32768 2048 2 8 5.50 0.01 512 0.805779 1364.917 1.806508
COST 32768 4096 2 8 5.50 0.01 512 0.916714 1740.974 0.864282
COST 32768 8192 2 8 5.50 0.01 512 0.972238 1954.702 0.592377
COST 32768 16384 2 8 5.50 0.01 512 1.000000 2067.458 1.000000
COST 32768 512 2 8 5.50 0.01 512 0.333735 363.773 2.294226
COST 32768 1024 2 8 5.50 0.01 512 0.698389 825.281 2.380824
COST 32768 2048 2 8 5.50 0.01 512 0.883530 1235.861 0.834503
COST 32768 4096 2 8 5.50 0.01 512 0.958434 1446.595 0.384458
COST 32768 8192 2 8 5.50 0.01 512 0.988191 1537.173 0.528728
COST 32768 16384 2 8 5.50 0.01 512 1.000000 1574.078 1.000000
COST 32768 512 2 8 6.00 0.0001 512 0.101178 290.065 0.711322
COST 32768 1024 2 8 6.00 0.0001 512 0.330389 782.926 0.726713
COST 32768 2048 2 8 6.00 0.0001 512 0.556768 1608.110 0.780942
COST 32768 4096 2 8 6.00 0.0001 512 0.739539 2601.124 0.791786
COST 32768 8192 2 8 6.00 0.0001 512 0.884747 3627.567 0.905505
COST 32768 16384 2 8 6.00 0.0001 512 1.000000 4597.157 1.000000
COST 32768 512 2 8 6.00 0.0001 512 0.165205 311.891 1.544088
COST 32768 1024 2 8 6.00 0.0001 512 0.461245 804.552 1.573513
COST 32768 2048 2 8 6.00 0.0001 512 0.695444 1494.300 1.599217
COST 32768 4096 2 8 6.00 0.0001 512 0.845632 2128.677 1.641983
COST 32768 8192 2 8 6.00 0.0001 512 0.940339 2613.188 1.520710
COST 32768 16384 2 8 6.00 0.0001 512 1.000000 2951.079 1.000000
COST 32768 512 2 8 6.00 0.0001 512 0.244329 336.365 2.237199
COST 32768 1024 2 8 6.00 0.0001 512 0.587987 818.907 2.300634
COST 32768 2048 2 8 6.00 0.0001 512 0.805779 1364.917 2.298987
COST 32768 4096 2 8 6.00 0.0001 512 0.916714 1740.974 1.544142
COST 32768 8192 2 8 6.00 0.0001 512 0.972238 1954.702 0.800757
COST 32768 16384 2 8 6.00 0.0001 512 1.000000 2067.458 1.000000
COST 32768 512 2 8 6.00 0.0001 512 0.333735 363.773 2.288684
COST 32768 1024 2 8 6.00 0.0001 512 0.698389 825.281 2.503082
COST 32768 2048 2 8 6.00 0.0001 512 0.883530 1235.861 1.830896
COST 32768 4096 2 8 6.00 0.0001 512 0.958434 1446.595 0.486707
COST 32768 8192 2 8 6.00 0.0001 512 0.988191 1537.173 0.535818
COST 32768 16384 2 8 6.00 0.0001 512 1.000000 1574.078 1.000000
COST 32768 512 2 8 6.00 0.001 512 0.101178 290.065 0.948593
COST 32768 1024 2 8 6.00 0.001 512 0.330389 782.926 0.951615
COST 32768 2048 2 8 6.00 0.001 512 0.556768 1608.110 0.995618
COST 32768 4096 2 8 6.00 0.001 512 0.739539 2601.124 1.008765
COST 32768 8192 2 8 6.00 0.001 512 0.884747 3627.567 1.195202
COST 32768 16384 2 8 6.00 0.001 512 1.000000 4597.157 1.000000
COST 32768 512 2 8 6.00 0.001 512 0.165205 311.891 1.984878
COST 32768 1024 2 8 6.00 0.001 512 0.461245 804.552 1.949522
COST 32768 2048 2 8 6.00 0.001 512 0.695444 1494.300 2.110024
COST 32768 4096 2 8 6.00 0.001 512 0.845632 2128.677 1.964643
COST 32768 8192 2 8 6.00 0.001 512 0.940339 2613.188 1.124957
COST 32768 16384 2 8 6.00 0.001 512 1.000000 2951.079 1.000000
COST 32768 512 2 8 6.00 0.001 512 0.244329 336.365 2.271050
COST 32768 1024 2 8 6.00 0.001 512 0.587987 818.907 2.312635
COST 32768 2048 2 8 6.00 0.001 512 0.805779 1364.917 2.165421
COST 32768 4096 2 8 6.00 0.001 512 0.916714 1740.974 0.731465
COST 32768 8192 2 8 6.00 0.001 512 0.972238 1954.702 0.573011
COST 32768 16384 2 8 6.00 0.001 512 1.000000 2067.458 1.000000
COST 32768 512 2 8 6.00 0.001 512 0.333735 363.773 2.249126
COST 32768 1024 2 8 6.00 0.001 512 0.698389 825.281 2.295119
COST 32768 2048 2 8 6.00 0.001 512 0.883530 1235.861 0.814030
COST 32768 4096 2 8 6.00 0.001 512 0.958434 1446.595 0.328524
COST 32768 8192 2 8 6.00 0.001 512 0.988191 1537.173 0.482998
COST 32768 16384 2 8 6.00 0.001 512 1.000000 1574.078 1.000000
COST 32768 512 2 8 6.00 0.01 512 0.101178 290.065 1.550027
COST 32768 1024 2 8 6.00 0.01 512 0.330389 782.926 1.604435
COST 32768 2048 2 8 6.00 0.01 512 0.556768 1608.110 1.658249
COST 32768 4096 2 8 6.00 0.01 512 0.739539 2601.124 1.779627
COST 32768 8192 2 8 6.00 0.01 512 0.884747 3627.567 1.129055
COST 32768 16384 2 8 6.00 0.01 512 1.000000 4597.157 1.000000
COST 32768 512 2 8 6.00 0.01 512 0.165205 311.891 2.127887
COST 32768 1024 2 8 6.00 0.01 512 0.461245 804.552 2.145907
COST 32768 2048 2 8 6.00 0.01 512 0.695444 1494.300 2.095281
COST 32768 4096 2 8 6.00 0.01 512 0.845632 2128.677 1.115497
COST 32768 8192 2 8 6.00 0.01 512 0.940339 2613.188 0.618065
COST 32768 16384 2 8 6.00 0.01 512 1.000000 2951.079 1.000000
COST 32768 512 2 8 6.00 0.01 512 0.244329 336.365 2.214148
COST 32768 1024 2 8 6.00 0.01 512 0.587987 818.907 2.280865
COST 32768 2048 2 8 6.00 0.01 512 0.805779 1364.917 0.889114
COST 32768 4096 2 8 6.00 0.01 512 0.916714 1740.974 0.335200
COST 32768 8192 2 8 6.00 0.01 512 0.972238 1954.702 0.479661
COST 32768 16384 2 8 6.00 0.01 512 1.000000 2067.458 1.000000
COST 32768 512 2 8 6.00 0.01 512 0.333735 363.773 2.317511
COST 32768 1024 2 8 6.00 0.01 512 0.698389 825.281 1.730213
COST 32768 2048 2 8 6.00 0.01 512 0.883530 1235.861 0.255605
COST 32768 4096 2 8 6.00 0.01 512 0.958434 1446.595 0.228323
COST 32768 8192 2 8 6.00 0.01 512 0.988191 1537.173 0.478088
COST 32768 16384 2 8 6.00 0.01 512 1.000000 1574.078 1.000000
COST 32768 512 2 8 6.50 0.0001 512 0.101178 290.065 1.102501
COST 32768 1024 2 8 6.50 0.0001 512 0.330389 782.926 1.087474
COST 32768 2048 2 8 6.50 0.0001 512 0.556768 1608.110 1.181201
COST 32768 4096 2 8 6.50 0.0001 512 0.739539 2601.124 1.257540
COST 32768 8192 2 8 6.50 0.0001 512 0.884747 3627.567 1.360726
COST 32768 16384 2 8 6.50 0.0001 512 1.000000 4597.157 1.000000
COST 32768 512 2 8 6.50 0.0001 512 0.165205 311.891 2.112435
COST 32768 1024 2 8 6.50 0.0001 512 0.461245 804.552 2.118277
COST 32768 2048 2 8 6.50 0.0001 512 0.695444 1494.300 2.159030
COST 32768 4096 2 8 6.50 0.0001 512 0.845632 2128.677 2.127157
COST 32768 8192 2 8 6.50 0.0001 512 0.940339 2613.188 0.934159
COST 32768 16384 2 8 6.50 0.0001 512 1.000000 2951.079 1.000000
COST 32768 512 2 8 6.50 0.0001 512 0.244329 336.365 2.240656
COST 32768 1024 2 8 6.50 0.0001 512 0.587987 818.907 2.333519
COST 32768 2048 2 8 6.50 0.0001 512 0.805779 1364.917 2.155462
COST 32768 4096 2 8 6.50 0.0001 512 0.916714 1740.974 0.635034
COST 32768 8192 2 8 6.50 0.0001 512 0.972238 1954.702 0.526651
COST 32768 16384 2 8 6.50 0.0001 512 1.000000 2067.458 1.000000
COST 32768 512 2 8 6.50 0.0001 512 0.333735 363.773 2.216392
COST 32768 1024 2 8 6.50 0.0001 512 0.698389 825.281 2.262095
COST 32768 2048 2 8 6.50 0.0001 512 0.883530 1235.861 0.686014
COST 32768 4096 2 8 6.50 0.0001 512 0.958434 1446.595 0.268512
COST 32768 8192 2 8 6.50 0.0001 512 0.988191 1537.173 0.478777
COST 32768 16384 2 8 6.50 0.0001 512 1.000000 1574.078 1.000000
COST 32768 512 2 8 6.50 0.001 512 0.101178 290.065 1.704117
COST 32768 1024 2 8 6.50 0.001 512 0.330389 782.926 1.692497
COST 32768 2048 2 8 6.50 0.001 512 0.556768 1608.110 1.693036
COST 32768 4096 2 8 6.50 0.001 512 0.739539 2601.124 1.759036
COST 32768 8192 2 8 6.50 0.001 512 0.884747 3627.567 1.429781
COST 32768 16384 2 8 6.50 0.001 512 1.000000 4597.157 1.000000
COST 32768 512 2 8 6.50 0.001 512 0.165205 311.891 2.436476
COST 32768 1024 2 8 6.50 0.001 512 0.461245 804.552 2.370711
COST 32768 2048 2 8 6.50 0.001 512 0.695444 1494.300 2.423139
COST 32768 4096 2 8 6.50 0.001 512 0.845632 2128.677 1.381108
COST 32768 8192 2 8 6.50 0.001 512 0.940339 2613.188 0.705758
COST 32768 16384 2 8 6.50 0.001 512 1.000000 2951.079 1.000000
COST 32768 512 2 8 6.50 0.001 512 0.244329 336.365 2.504880
COST 32768 1024 2 8 6.50 0.001 512 0.587987 818.907 2.478854
COST 32768 2048 2 8 6.50 0.001 512 0.805779 1364.917 1.233542
COST 32768 4096 2 8 6.50 0.001 512 0.916714 1740.974 0.301276
COST 32768 8192 2 8 6.50 0.001 512 0.972238 1954.702 0.488083
COST 32768 16384 2 8 6.50 0.001 512 1.000000 2067.458 1.000000
COST 32768 512 2 8 6.50 0.001 512 0.333735 363.773 2.314909
COST 32768 1024 2 8 6.50 0.001 512 0.698389 825.281 2.127201
COST 32768 2048 2 8 6.50 0.001 512 0.883530 1235.861 0.248022
COST 32768 4096 2 8 6.50 0.001 512 0.958434 1446.595 0.218657
COST 32768 8192 2 8 6.50 0.001 512 0.988191 1537.173 0.468483
COST 32768 16384 2 8 6.50 0.001 512 1.000000 1574.078 1.000000
COST 32768 512 2 8 6.50 0.01 512 0.101178 290.065 2.303313
COST 32768 1024 2 8 6.50 0.01 512 0.330389 782.926 2.213148
COST 32768 2048 2 8 6.50 0.01 512 0.556768 1608.110 2.286016
COST 32768 4096 2 8 6.50 0.01 512 0.739539 2601.124 1.762631
COST 32768 8192 2 8 6.50 0.01 512 0.884747 3627.567 0.778528
COST 32768 16384 2 8 6.50 0.01 512 1.000000 4597.157 1.000000
COST 32768 512 2 8 6.50 0.01 512 0.165205 311.891 2.472603
COST 32768 1024 2 8 6.50 0.01 512 0.461245 804.552 2.403696
COST 32768 2048 2 8 6.50 0.01 512 0.695444 1494.300 1.433223
COST 32768 4096 2 8 6.50 0.01 512 0.845632 2128.677 0.454483
COST 32768 8192 2 8 6.50 0.01 512 0.940339 2613.188 0.489027
COST 32768 16384 2 8 6.50 0.01 512 1.000000 2951.079 1.000000
COST 32768 512 2 8 6.50 0.01 512 0.244329 336.365 2.484820
COST 32768 1024 2 8 6.50 0.01 512 0.587987 818.907 2.237263
COST 32768 2048 2 8 6.50 0.01 512 0.805779 1364.917 0.317703
COST 32768 4096 2 8 6.50 0.01 512 0.916714 1740.974 0.229359
COST 32768 8192 2 8 6.50 0.01 512 0.972238 1954.702 0.487459
COST 32768 16384 2 8 6.50 0.01 512 1.000000 2067.458 1.000000
COST 32768 512 2 8 6.50 0.01 512 0.333735 363.773 2.465152
COST 32768 1024 2 8 6.50 0.01 512 0.698389 825.281 0.779871
COST 32768 2048 2 8 6.50 0.01 512 0.883530 1235.861 0.124873
COST 32768 4096 2 8 6.50 0.01 512 0.958434 1446.595 0.224920
COST 32768 8192 2 8 6.50 0.01 512 0.988191 1537.173 0.489215
COST 32768 16384 2 8 6.50 0.01 512 1.000000 1574.078 1.000000
COST 4096 256 2 8 5.00 0.0001 16384 0.556281 200.726 0.770466
COST 4096 512 2 8 5.00 0.0001 16384 0.739362 324.982 0.788495
COST 4096 1024 2 8 5.00 0.0001 16384 0.884695 453.368 0.882230
COST 4096 2048 2 8 5.00 0.0001 16384 1.000000 574.609 1.000000
COST 4096 256 2 8 5.00 0.0001 512 0.556281 200.726 0.693250
COST 4096 512 2 8 5.00 0.0001 512 0.739362 324.982 0.710488
COST 4096 1024 2 8 5.00 0.0001 512 0.884695 453.368 0.764961
COST 4096 2048 2 8 5.00 0.0001 512 1.000000 574.609 1.000000
COST 4096 256 2 8 5.00 0.0001 16384 0.694993 186.575 1.156437
COST 4096 512 2 8 5.00 0.0001 16384 0.845498 265.998 1.261695
COST 4096 1024 2 8 5.00 0.0001 16384 0.940306 326.617 1.187511
COST 4096 2048 2 8 5.00 0.0001 16384 1.000000 368.874 1.000000
COST 4096 256 2 8 5.00 0.0001 512 0.694993 186.575 1.055739
COST 4096 512 2 8 5.00 0.0001 512 0.845498 265.998 1.078753
COST 4096 1024 2 8 5.00 0.0001 512 0.940306 326.617 1.050109
COST 4096 2048 2 8 5.00 0.0001 512 1.000000 368.874 1.000000
COST 4096 256 2 8 5.00 0.0001 16384 0.805405 170.469 2.047830
COST 4096 512 2 8 5.00 0.0001 16384 0.916625 217.578 1.820948
COST 4096 1024 2 8 5.00 0.0001 16384 0.972220 244.326 1.011513
COST 4096 2048 2 8 5.00 0.0001 16384 1.000000 258.429 1.000000
COST 4096 256 2 8 5.00 0.0001 512 0.805405 170.469 1.830282
COST 4096 512 2 8 5.00 0.0001 512 0.916625 217.578 1.383870
COST 4096 1024 2 8 5.00 0.0001 512 0.972220 244.326 0.702303
COST 4096 2048 2 8 5.00 0.0001 512 1.000000 258.429 1.000000
COST 4096 256 2 8 5.00 0.0001 16384 0.883249 154.389 2.122970
COST 4096 512 2 8 5.00 0.0001 16384 0.958380 180.803 0.977731
COST 4096 1024 2 8 5.00 0.0001 16384 0.988182 192.142 0.517511
COST 4096 2048 2 8 5.00 0.0001 16384 1.000000 196.759 1.000000
COST 4096 256 2 8 5.00 0.0001 512 0.883249 154.389 1.768032
COST 4096 512 2 8 5.00 0.0001 512 0.958380 180.803 0.641289
COST 4096 1024 2 8 5.00 0.0001 512 0.988182 192.142 0.395679
COST 4096 2048 2 8 5.00 0.0001 512 1.000000 196.759 1.000000
COST 4096 256 2 8 5.00 0.0001 16384 0.787575 171.100 2.879823
COST 4096 512 2 8 5.00 0.0001 16384 0.930638 232.707 2.167524
COST 4096 1024 2 8 5.00 0.0001 16384 0.986999 261.191 0.889813
COST 4096 2048 2 8 5.00 0.0001 16384 1.000000 268.093 1.000000
COST 4096 256 2 8 5.00 0.0001 512 0.787575 171.100 2.032200
COST 4096 512 2 8 5.00 0.0001 512 0.930638 232.707 1.512665
COST 4096 1024 2 8 5.00 0.0001 512 0.986999 261.191 0.630474
COST 4096 2048 2 8 5.00 0.0001 512 1.000000 268.093 1.000000
COST 4096 256 2 8 5.00 0.001 16384 0.556281 200.726 0.884851
COST 4096 512 2 8 5.00 0.001 16384 0.739362 324.982 0.829647
COST 4096 1024 2 8 5.00 0.001 16384 0.884695 453.368 0.962348
COST 4096 2048 2 8 5.00 0.001 16384 1.000000 574.609 1.000000
COST 4096 256 2 8 5.00 0.001 512 0.556281 200.726 0.735612
COST 4096 512 2 8 5.00 0.001 512 0.739362 324.982 0.786094
COST 4096 1024 2 8 5.00 0.001 512 0.884695 453.368 0.800164
COST 4096 2048 2 8 5.00 0.001 512 1.000000 574.609 1.000000
COST 4096 256 2 8 5.00 0.001 16384 0.694993 186.575 1.641867
COST 4096 512 2 8 5.00 0.001 16384 0.845498 265.998 1.581060
COST 4096 1024 2 8 5.00 0.001 16384 0.940306 326.617 1.086422
COST 4096 2048 2 8 5.00 0.001 16384 1.000000 368.874 1.000000
COST 4096 256 2 8 5.00 0.001 512 0.694993 186.575 1.390930
COST 4096 512 2 8 5.00 0.001 512 0.845498 265.998 1.367574
COST 4096 1024 2 8 5.00 0.001 512 0.940306 326.617 0.880808
COST 4096 2048 2 8 5.00 0.001 512 1.000000 368.874 1.000000
COST 4096 256 2 8 5.00 0.001 16384 0.805405 170.469 2.328268
COST 4096 512 2 8 5.00 0.001 16384 0.916625 217.578 1.279254
COST 4096 1024 2 8 5.00 0.001 16384 0.972220 244.326 0.665052
COST 4096 2048 2 8 5.00 0.001 16384 1.000000 258.429 1.000000
COST 4096 256 2 8 5.00 0.001 512 0.805405 170.469 1.749682
COST 4096 512 2 8 5.00 0.001 512 0.916625 217.578 0.914100
COST 4096 1024 2 8 5.00 0.001 512 0.972220 244.326 0.461529
COST 4096 2048 2 8 5.00 0.001 512 1.000000 258.429 1.000000
COST 4096 256 2 8 5.00 0.001 16384 0.883249 154.389 1.610094
COST 4096 512 2 8 5.00 0.001 16384 0.958380 180.803 0.621517
COST 4096 1024 2 8 5.00 0.001 16384 0.988182 192.142 0.421953
COST 4096 2048 2 8 5.00 0.001 16384 1.000000 196.759 1.000000
COST 4096 256 2 8 5.00 0.001 512 0.883249 154.389 1.001941
COST 4096 512 2 8 5.00 0.001 512 0.958380 180.803 0.350375
COST 4096 1024 2 8 5.00 0.001 512 0.988182 192.142 0.322831
COST 4096 2048 2 8 5.00 0.001 512 1.000000 196.759 1.000000
COST 4096 256 2 8 5.00 0.001 16384 0.787575 171.100 2.607133
COST 4096 512 2 8 5.00 0.001 16384 0.930638 232.707 1.307741
COST 4096 1024 2 8 5.00 0.001 16384 0.986999 261.191 0.605775
COST 4096 2048 2 8 5.00 0.001 16384 1.000000 268.093 1.000000
COST 4096 256 2 8 5.00 0.001 512 0.787575 171.100 1.938810
COST 4096 512 2 8 5.00 0.001 512 0.930638 232.707 0.836519
COST 4096 1024 2 8 5.00 0.001 512 0.986999 261.191 0.384975
COST 4096 2048 2 8 5.00 0.001 512 1.000000 268.093 1.000000
COST 4096 256 2 8 5.00 0.01 16384 0.556281 200.726 1.255658
COST 4096 512 2 8 5.00 0.01 16384 0.739362 324.982 1.267607
COST 4096 1024 2 8 5.00 0.01 16384 0.884695 453.368 1.034250
COST 4096 2048 2 8 5.00 0.01 16384 1.000000 574.609 1.000000
COST 4096 256 2 8 5.00 0.01 512 0.556281 200.726 1.138886
COST 4096 512 2 8 5.00 0.01 512 0.739362 324.982 1.154556
COST 4096 1024 2 8 5.00 0.01 512 0.884695 453.368 0.860894
COST 4096 2048 2 8 5.00 0.01 512 1.000000 574.609 1.000000
COST 4096 256 2 8 5.00 0.01 16384 0.694993 186.575 2.211327
COST 4096 512 2 8 5.00 0.01 16384 0.845498 265.998 1.509171
COST 4096 1024 2 8 5.00 0.01 16384 0.940306 326.617 0.677717
COST 4096 2048 2 8 5.00 0.01 16384 1.000000 368.874 1.000000
COST 4096 256 2 8 5.00 0.01 512 0.694993 186.575 1.841263
COST 4096 512 2 8 5.00 0.01 512 0.845498 265.998 1.182311
COST 4096 1024 2 8 5.00 0.01 512 0.940306 326.617 0.534632
COST 4096 2048 2 8 5.00 0.01 512 1.000000 368.874 1.000000
COST 4096 256 2 8 5.00 0.01 16384 0.805405 170.469 1.439351
COST 4096 512 2 8 5.00 0.01 16384 0.916625 217.578 0.597015
COST 4096 1024 2 8 5.00 0.01 16384 0.972220 244.326 0.420949
COST 4096 2048 2 8 5.00 0.01 16384 1.000000 258.429 1.000000
COST 4096 256 2 8 5.00 0.01 512 0.805405 170.469 0.913945
COST 4096 512 2 8 5.00 0.01 512 0.916625 217.578 0.398881
COST 4096 1024 2 8 5.00 0.01 512 0.972220 244.326 0.323871
COST 4096 2048 2 8 5.00 0.01 512 1.000000 258.429 1.000000
COST 4096 256 2 8 5.00 0.01 16384 0.883249 154.389 0.651804
COST 4096 512 2 8 5.00 0.01 16384 0.958380 180.803 0.280031
COST 4096 1024 2 8 5.00 0.01 16384 0.988182 192.142 0.337930
COST 4096 2048 2 8 5.00 0.01 16384 1.000000 196.759 1.000000
COST 4096 256 2 8 5.00 0.01 512 0.883249 154.389 0.340541
COST 4096 512 2 8 5.00 0.01 512 0.958380 180.803 0.177606
COST 4096 1024 2 8 5.00 0.01 512 0.988182 192.142 0.289127
COST 4096 2048 2 8 5.00 0.01 512 1.000000 196.759 1.000000
COST 4096 256 2 8 5.00 0.01 16384 0.787575 171.100 1.835454
COST 4096 512 2 8 5.00 0.01 16384 0.930638 232.707 0.531516
COST 4096 1024 2 8 5.00 0.01 16384 0.986999 261.191 0.374402
COST 4096 2048 2 8 5.00 0.01 16384 1.000000 268.093 1.000000
COST 4096 256 2 8 5.00 0.01 512 0.787575 171.100 1.042832
COST 4096 512 2 8 5.00 0.01 512 0.930638 232.707 0.346773
COST 4096 1024 2 8 5.00 0.01 512 0.986999 261.191 0.303886
COST 4096 2048 2 8 5.00 0.01 512 1.000000 268.093 1.000000
COST 4096 256 2 8 5.50 0.0001 16384 0.556281 200.726 0.965681
COST 4096 512 2 8 5.50 0.0001 16384 0.739362 324.982 0.964245
COST 4096 1024 2 8 5.50 0.0001 16384 0.884695 453.368 1.030243
COST 4096 2048 2 8 5.50 0.0001 16384 1.000000 574.609 1.000000
COST 4096 256 2 8 5.50 0.0001 512 0.556281 200.726 0.840894
COST 4096 512 2 8 5.50 0.0001 512 0.739362 324.982 0.873749
COST 4096 1024 2 8 5.50 0.0001 512 0.884695 453.368 0.909267
COST 4096 2048 2 8 5.50 0.0001 512 1.000000 574.609 1.000000
COST 4096 256 2 8 5.50 0.0001 16384 0.694993 186.575 2.165159
COST 4096 512 2 8 5.50 0.0001 16384 0.845498 265.998 2.002171
COST 4096 1024 2 8 5.50 0.0001 16384 0.940306 326.617 1.199826
COST 4096 2048 2 8 5.50 0.0001 16384 1.000000 368.874 1.000000
COST 4096 256 2 8 5.50 0.0001 512 0.694993 186.575 1.818709
COST 4096 512 2 8 5.50 0.0001 512 0.845498 265.998 1.721376
COST 4096 1024 2 8 5.50 0.0001 512 0.940306 326.617 0.926242
COST 4096 2048 2 8 5.50 0.0001 512 1.000000 368.874 1.000000
COST 4096 256 2 8 5.50 0.0001 16384 0.805405 170.469 2.644835
COST 4096 512 2 8 5.50 0.0001 16384 0.916625 217.578 1.356627
COST 4096 1024 2 8 5.50 0.0001 16384 0.972220 244.326 0.499139
COST 4096 2048 2 8 5.50 0.0001 16384 1.000000 258.429 1.000000
COST 4096 256 2 8 5.50 0.0001 512 0.805405 170.469 1.948348
COST 4096 512 2 8 5.50 0.0001 512 0.916625 217.578 0.693020
COST 4096 1024 2 8 5.50 0.0001 512 0.972220 244.326 0.371148
COST 4096 2048 2 8 5.50 0.0001 512 1.000000 258.429 1.000000
COST 4096 256 2 8 5.50 0.0001 16384 0.883249 154.389 1.639027
COST 4096 512 2 8 5.50 0.0001 16384 0.958380 180.803 0.384318
COST 4096 1024 2 8 5.50 0.0001 16384 0.988182 192.142 0.401765
COST 4096 2048 2 8 5.50 0.0001 16384 1.000000 196.759 1.000000
COST 4096 256 2 8 5.50 0.0001 512 0.883249 154.389 0.791374
COST 4096 512 2 8 5.50 0.0001 512 0.958380 180.803 0.248832
COST 4096 1024 2 8 5.50 0.0001 512 0.988182 192.142 0.296880
COST 4096 2048 2 8 5.50 0.0001 512 1.000000 196.759 1.000000
COST 4096 256 2 8 5.50 0.0001 16384 0.787575 171.100 2.664829
COST 4096 512 2 8 5.50 0.0001 16384 0.930638 232.707 1.025496
COST 4096 1024 2 8 5.50 0.0001 16384 0.986999 261.191 0.399086
COST 4096 2048 2 8 5.50 0.0001 16384 1.000000 268.093 1.000000
COST 4096 256 2 8 5.50 0.0001 512 0.787575 171.100 1.874822
COST 4096 512 2 8 5.50 0.0001 512 0.930638 232.707 0.701530
COST 4096 1024 2 8 5.50 0.0001 512 0.986999 261.191 0.315912
COST 4096 2048 2 8 5.50 0.0001 512 1.000000 268.093 1.000000
COST 4096 256 2 8 5.50 0.001 16384 0.556281 200.726 1.368244
COST 4096 512 2 8 5.50 0.001 16384 0.739362 324.982 1.370208
COST 4096 1024 2 8 5.50 0.001 16384 0.884695 453.368 1.217662
COST 4096 2048 2 8 5.50 0.001 16384 1.000000 574.609 1.000000
COST 4096 256 2 8 5.50 0.001 512 0.556281 200.726 1.257295
COST 4096 512 2 8 5.50 0.001 512 0.739362 324.982 1.225272
COST 4096 1024 2 8 5.50 0.001 512 0.884695 453.368 1.048075
COST 4096 2048 2 8 5.50 0.001 512 1.000000 574.609 1.000000
COST 4096 256 2 8 5.50 0.001 16384 0.694993 186.575 2.498673
COST 4096 512 2 8 5.50 0.001 16384 0.845498 265.998 1.680141
COST 4096 1024 2 8 5.50 0.001 16384 0.940306 326.617 0.714823
COST 4096 2048 2 8 5.50 0.001 16384 1.000000 368.874 1.000000
COST 4096 256 2 8 5.50 0.001 512 0.694993 186.575 1.987308
COST 4096 512 2 8 5.50 0.001 512 0.845498 265.998 1.184068
COST 4096 1024 2 8 5.50 0.001 512 0.940306 326.617 0.552451
COST 4096 2048 2 8 5.50 0.001 512 1.000000 368.874 1.000000
COST 4096 256 2 8 5.50 0.001 16384 0.805405 170.469 1.871067
COST 4096 512 2 8 5.50 0.001 16384 0.916625 217.578 0.536304
COST 4096 1024 2 8 5.50 0.001 16384 0.972220 244.326 0.409392
COST 4096 2048 2 8 5.50 0.001 16384 1.000000 258.429 1.000000
COST 4096 256 2 8 5.50 0.001 512 0.805405 170.469 1.127389
COST 4096 512 2 8 5.50 0.001 512 0.916625 217.578 0.344228
COST 4096 1024 2 8 5.50 0.001 512 0.972220 244.326 0.316416
COST 4096 2048 2 8 5.50 0.001 512 1.000000 258.429 1.000000
COST 4096 256 2 8 5.50 0.001 16384 0.883249 154.389 0.683983
COST 4096 512 2 8 5.50 0.001 16384 0.958380 180.803 0.217417
COST 4096 1024 2 8 5.50 0.001 16384 0.988182 192.142 0.331598
COST 4096 2048 2 8 5.50 0.001 16384 1.000000 196.759 1.000000
COST 4096 256 2 8 5.50 0.001 512 0.883249 154.389 0.328177
COST 4096 512 2 8 5.50 0.001 512 0.958380 180.803 0.173953
COST 4096 1024 2 8 5.50 0.001 512 0.988182 192.142 0.278080
COST 4096 2048 2 8 5.50 0.001 512 1.000000 196.759 1.000000
COST 4096 256 2 8 5.50 0.001 16384 0.787575 171.100 2.036365
COST 4096 512 2 8 5.50 0.001 16384 0.930638 232.707 0.443921
COST 4096 1024 2 8 5.50 0.001 16384 0.986999 261.191 0.383604
COST 4096 2048 2 8 5.50 0.001 16384 1.000000 268.093 1.000000
COST 4096 256 2 8 5.50 0.001 512 0.787575 171.100 1.197331
COST 4096 512 2 8 5.50 0.001 512 0.930638 232.707 0.303007
COST 4096 1024 2 8 5.50 0.001 512 0.986999 261.191 0.278356
COST 4096 2048 2 8 5.50 0.001 512 1.000000 268.093 1.000000
COST 4096 256 2 8 5.50 0.01 16384 0.556281 200.726 2.237397
COST 4096 512 2 8 5.50 0.01 16384 0.739362 324.982 1.743833
COST 4096 1024 2 8 5.50 0.01 16384 0.884695 453.368 0.798990
COST 4096 2048 2 8 5.50 0.01 16384 1.000000 574.609 1.000000
COST 4096 256 2 8 5.50 0.01 512 0.556281 200.726 1.928549
COST 4096 512 2 8 5.50 0.01 512 0.739362 324.982 1.464154
COST 4096 1024 2 8 5.50 0.01 512 0.884695 453.368 0.657130
COST 4096 2048 2 8 5.50 0.01 512 1.000000 574.609 1.000000
COST 4096 256 2 8 5.50 0.01 16384 0.694993 186.575 2.079505
COST 4096 512 2 8 5.50 0.01 16384 0.845498 265.998 0.719861
COST 4096 1024 2 8 5.50 0.01 16384 0.940306 326.617 0.429736
COST 4096 2048 2 8 5.50 0.01 16384 1.000000 368.874 1.000000
COST 4096 256 2 8 5.50 0.01 512 0.694993 186.575 1.377813
COST 4096 512 2 8 5.50 0.01 512 0.845498 265.998 0.440474
COST 4096 1024 2 8 5.50 0.01 512 0.940306 326.617 0.324087
COST 4096 2048 2 8 5.50 0.01 512 1.000000 368.874 1.000000
COST 4096 256 2 8 5.50 0.01 16384 0.805405 170.469 0.598988
COST 4096 512 2 8 5.50 0.01 16384 0.916625 217.578 0.262312
COST 4096 1024 2 8 5.50 0.01 16384 0.972220 244.326 0.301743
COST 4096 2048 2 8 5.50 0.01 16384 1.000000 258.429 1.000000
COST 4096 256 2 8 5.50 0.01 512 0.805405 170.469 0.326788
COST 4096 512 2 8 5.50 0.01 512 0.916625 217.578 0.180918
COST 4096 1024 2 8 5.50 0.01 512 0.972220 244.326 0.268295
COST 4096 2048 2 8 5.50 0.01 512 1.000000 258.429 1.000000
COST 4096 256 2 8 5.50 0.01 16384 0.883249 154.389 0.193940
COST 4096 512 2 8 5.50 0.01 16384 0.958380 180.803 0.137645
COST 4096 1024 2 8 5.50 0.01 16384 0.988182 192.142 0.299461
COST 4096 2048 2 8 5.50 0.01 16384 1.000000 196.759 1.000000
COST 4096 256 2 8 5.50 0.01 512 0.883249 154.389 0.130800
COST 4096 512 2 8 5.50 0.01 512 0.958380 180.803 0.138990
COST 4096 1024 2 8 5.50 0.01 512 0.988182 192.142 0.266253
COST 4096 2048 2 8 5.50 0.01 512 1.000000 196.759 1.000000
COST 4096 256 2 8 5.50 0.01 16384 0.787575 171.100 0.751186
COST 4096 512 2 8 5.50 0.01 16384 0.930638 232.707 0.219268
COST 4096 1024 2 8 5.50 0.01 16384 0.986999 261.191 0.322472
COST 4096 2048 2 8 5.50 0.01 16384 1.000000 268.093 1.000000
COST 4096 256 2 8 5.50 0.01 512 0.787575 171.100 0.440231
COST 4096 512 2 8 5.50 0.01 512 0.930638 232.707 0.145512
COST 4096 1024 2 8 5.50 0.01 512 0.986999 261.191 0.259006
COST 4096 2048 2 8 5.50 0.01 512 1.000000 268.093 1.000000
COST 4096 256 2 8 6.00 0.0001 16384 0.556281 200.726 1.787929
COST 4096 512 2 8 6.00 0.0001 16384 0.739362 324.982 1.877631
COST 4096 1024 2 8 6.00 0.0001 16384 0.884695 453.368 1.694086
COST 4096 2048 2 8 6.00 0.0001 16384 1.000000 574.609 1.000000
COST 4096 256 2 8 6.00 0.0001 512 0.556281 200.726 1.615408
COST 4096 512 2 8 6.00 0.0001 512 0.739362 324.982 1.572627
COST 4096 1024 2 8 6.00 0.0001 512 0.884695 453.368 1.341760
COST 4096 2048 2 8 6.00 0.0001 512 1.000000 574.609 1.000000
COST 4096 256 2 8 6.00 0.0001 16384 0.694993 186.575 2.678347
COST 4096 512 2 8 6.00 0.0001 16384 0.845498 265.998 1.654496
COST 4096 1024 2 8 6.00 0.0001 16384 0.940306 326.617 0.668941
COST 4096 2048 2 8 6.00 0.0001 16384 1.000000 368.874 1.000000
COST 4096 256 2 8 6.00 0.0001 512 0.694993 186.575 2.039759
COST 4096 512 2 8 6.00 0.0001 512 0.845498 265.998 1.103082
COST 4096 1024 2 8 6.00 0.0001 512 0.940306 326.617 0.474085
COST 4096 2048 2 8 6.00 0.0001 512 1.000000 368.874 1.000000
COST 4096 256 2 8 6.00 0.0001 16384 0.805405 170.469 1.565037
COST 4096 512 2 8 6.00 0.0001 16384 0.916625 217.578 0.489043
COST 4096 1024 2 8 6.00 0.0001 16384 0.972220 244.326 0.325561
COST 4096 2048 2 8 6.00 0.0001 16384 1.000000 258.429 1.000000
COST 4096 256 2 8 6.00 0.0001 512 0.805405 170.469 1.021546
COST 4096 512 2 8 6.00 0.0001 512 0.916625 217.578 0.285003
COST 4096 1024 2 8 6.00 0.0001 512 0.972220 244.326 0.289099
COST 4096 2048 2 8 6.00 0.0001 512 1.000000 258.429 1.000000
COST 4096 256 2 8 6.00 0.0001 16384 0.883249 154.389 0.457886
COST 4096 512 2 8 6.00 0.0001 16384 0.958380 180.803 0.165612
COST 4096 1024 2 8 6.00 0.0001 16384 0.988182 192.142 0.262257
COST 4096 2048 2 8 6.00 0.0001 16384 1.000000 196.759 1.000000
COST 4096 256 2 8 6.00 0.0001 512 0.883249 154.389 0.272302
COST 4096 512 2 8 6.00 0.0001 512 0.958380 180.803 0.149154
COST 4096 1024 2 8 6.00 0.0001 512 0.988182 192.142 0.253055
COST 4096 2048 2 8 6.00 0.0001 512 1.000000 196.759 1.000000
COST 4096 256 2 8 6.00 0.0001 16384 0.787575 171.100 1.628150
COST 4096 512 2 8 6.00 0.0001 16384 0.930638 232.707 0.339484
COST 4096 1024 2 8 6.00 0.0001 16384 0.986999 261.191 0.325911
COST 4096 2048 2 8 6.00 0.0001 16384 1.000000 268.093 1.000000
COST 4096 256 2 8 6.00 0.0001 512 0.787575 171.100 1.031157
COST 4096 512 2 8 6.00 0.0001 512 0.930638 232.707 0.231933
COST 4096 1024 2 8 6.00 0.0001 512 0.986999 261.191 0.266670
COST 4096 2048 2 8 6.00 0.0001 512 1.000000 268.093 1.000000
COST 4096 256 2 8 6.00 0.001 16384 0.556281 200.726 2.278139
COST 4096 512 2 8 6.00 0.001 16384 0.739362 324.982 1.978322
COST 4096 1024 2 8 6.00 0.001 16384 0.884695 453.368 1.074635
COST 4096 2048 2 8 6.00 0.001 16384 1.000000 574.609 1.000000
COST 4096 256 2 8 6.00 0.001 512 0.556281 200.726 1.973278
COST 4096 512 2 8 6.00 0.001 512 0.739362 324.982 1.712025
COST 4096 1024 2 8 6.00 0.001 512 0.884695 453.368 0.836392
COST 4096 2048 2 8 6.00 0.001 512 1.000000 574.609 1.000000
COST 4096 256 2 8 6.00 0.001 16384 0.694993 186.575 2.248887
COST 4096 512 2 8 6.00 0.001 16384 0.845498 265.998 0.762897
COST 4096 1024 2 8 6.00 0.001 16384 0.940306 326.617 0.450285
COST 4096 2048 2 8 6.00 0.001 16384 1.000000 368.874 1.000000
COST 4096 256 2 8 6.00 0.001 512 0.694993 186.575 1.551384
COST 4096 512 2 8 6.00 0.001 512 0.845498 265.998 0.476581
COST 4096 1024 2 8 6.00 0.001 512 0.940306 326.617 0.312891
COST 4096 2048 2 8 6.00 0.001 512 1.000000 368.874 1.000000
COST 4096 256 2 8 6.00 0.001 16384 0.805405 170.469 0.757430
COST 4096 512 2 8 6.00 0.001 16384 0.916625 217.578 0.233172
COST 4096 1024 2 8 6.00 0.001 16384 0.972220 244.326 0.295718
COST 4096 2048 2 8 6.00 0.001 16384 1.000000 258.429 1.000000
COST 4096 256 2 8 6.00 0.001 512 0.805405 170.469 0.437463
COST 4096 512 2 8 6.00 0.001 512 0.916625 217.578 0.155061
COST 4096 1024 2 8 6.00 0.001 512 0.972220 244.326 0.267366
COST 4096 2048 2 8 6.00 0.001 512 1.000000 258.429 1.000000
COST 4096 256 2 8 6.00 0.001 16384 0.883249 154.389 0.190252
COST 4096 512 2 8 6.00 0.001 16384 0.958380 180.803 0.116963
COST 4096 1024 2 8 6.00 0.001 16384 0.988182 192.142 0.277269
COST 4096 2048 2 8 6.00 0.001 16384 1.000000 196.759 1.000000
COST 4096 256 2 8 6.00 0.001 512 0.883249 154.389 0.127504
COST 4096 512 2 8 6.00 0.001 512 0.958380 180.803 0.121278
COST 4096 1024 2 8 6.00 0.001 512 0.988182 192.142 0.264543
COST 4096 2048 2 8 6.00 0.001 512 1.000000 196.759 1.000000
COST 4096 256 2 8 6.00 0.001 16384 0.787575 171.100 0.739570
COST 4096 512 2 8 6.00 0.001 16384 0.930638 232.707 0.175312
COST 4096 1024 2 8 6.00 0.001 16384 0.986999 261.191 0.256315
COST 4096 2048 2 8 6.00 0.001 16384 1.000000 268.093 1.000000
COST 4096 256 2 8 6.00 0.001 512 0.787575 171.100 0.463487
COST 4096 512 2 8 6.00 0.001 512 0.930638 232.707 0.144954
COST 4096 1024 2 8 6.00 0.001 512 0.986999 261.191 0.256726
COST 4096 2048 2 8 6.00 0.001 512 1.000000 268.093 1.000000
COST 4096 256 2 8 6.00 0.01 16384 0.556281 200.726 2.492719
COST 4096 512 2 8 6.00 0.01 16384 0.739362 324.982 1.071740
COST 4096 1024 2 8 6.00 0.01 16384 0.884695 453.368 0.472497
COST 4096 2048 2 8 6.00 0.01 16384 1.000000 574.609 1.000000
COST 4096 256 2 8 6.00 0.01 512 0.556281 200.726 1.915923
COST 4096 512 2 8 6.00 0.01 512 0.739362 324.982 0.729530
COST 4096 1024 2 8 6.00 0.01 512 0.884695 453.368 0.353423
COST 4096 2048 2 8 6.00 0.01 512 1.000000 574.609 1.000000
COST 4096 256 2 8 6.00 0.01 16384 0.694993 186.575 0.912360
COST 4096 512 2 8 6.00 0.01 16384 0.845498 265.998 0.292107
COST 4096 1024 2 8 6.00 0.01 16384 0.940306 326.617 0.297170
COST 4096 2048 2 8 6.00 0.01 16384 1.000000 368.874 1.000000
COST 4096 256 2 8 6.00 0.01 512 0.694993 186.575 0.523607
COST 4096 512 2 8 6.00 0.01 512 0.845498 265.998 0.184943
COST 4096 1024 2 8 6.00 0.01 512 0.940306 326.617 0.255637
COST 4096 2048 2 8 6.00 0.01 512 1.000000 368.874 1.000000
COST 4096 256 2 8 6.00 0.01 16384 0.805405 170.469 0.191429
COST 4096 512 2 8 6.00 0.01 16384 0.916625 217.578 0.128709
COST 4096 1024 2 8 6.00 0.01 16384 0.972220 244.326 0.284679
COST 4096 2048 2 8 6.00 0.01 16384 1.000000 258.429 1.000000
COST 4096 256 2 8 6.00 0.01 512 0.805405 170.469 0.115194
COST 4096 512 2 8 6.00 0.01 512 0.916625 217.578 0.131859
COST 4096 1024 2 8 6.00 0.01 512 0.972220 244.326 0.269918
COST 4096 2048 2 8 6.00 0.01 512 1.000000 258.429 1.000000
COST 4096 256 2 8 6.00 0.01 16384 0.883249 154.389 0.073532
COST 4096 512 2 8 6.00 0.01 16384 0.958380 180.803 0.113153
COST 4096 1024 2 8 6.00 0.01 16384 0.988182 192.142 0.258346
COST 4096 2048 2 8 6.00 0.01 16384 1.000000 196.759 1.000000
COST 4096 256 2 8 6.00 0.01 512 0.883249 154.389 0.071070
COST 4096 512 2 8 6.00 0.01 512 0.958380 180.803 0.124308
COST 4096 1024 2 8 6.00 0.01 512 0.988182 192.142 0.267317
COST 4096 2048 2 8 6.00 0.01 512 1.000000 196.759 1.000000
COST 4096 256 2 8 6.00 0.01 16384 0.787575 171.100 0.228167
COST 4096 512 2 8 6.00 0.01 16384 0.930638 232.707 0.126581
COST 4096 1024 2 8 6.00 0.01 16384 0.986999 261.191 0.265579
COST 4096 2048 2 8 6.00 0.01 16384 1.000000 268.093 1.000000
COST 4096 256 2 8 6.00 0.01 512 0.787575 171.100 0.155590
COST 4096 512 2 8 6.00 0.01 512 0.930638 232.707 0.116775
COST 4096 1024 2 8 6.00 0.01 512 0.986999 261.191 0.255805
COST 4096 2048 2 8 6.00 0.01 512 1.000000 268.093 1.000000
COST 4096 256 2 8 6.50 0.0001 16384 0.556281 200.726 2.549331
COST 4096 512 2 8 6.50 0.0001 16384 0.739362 324.982 2.558760
COST 4096 1024 2 8 6.50 0.0001 16384 0.884695 453.368 1.168171
COST 4096 2048 2 8 6.50 0.0001 16384 1.000000 574.609 1.000000
COST 4096 256 2 8 6.50 0.0001 512 0.556281 200.726 2.196991
COST 4096 512 2 8 6.50 0.0001 512 0.739362 324.982 1.888807
COST 4096 1024 2 8 6.50 0.0001 512 0.884695 453.368 0.861526
COST 4096 2048 2 8 6.50 0.0001 512 1.000000 574.609 1.000000
COST 4096 256 2 8 6.50 0.0001 16384 0.694993 186.575 2.402242
COST 4096 512 2 8 6.50 0.0001 16384 0.845498 265.998 0.759165
COST 4096 1024 2 8 6.50 0.0001 16384 0.940306 326.617 0.379175
COST 4096 2048 2 8 6.50 0.0001 16384 1.000000 368.874 1.000000
COST 4096 256 2 8 6.50 0.0001 512 0.694993 186.575 1.883611
COST 4096 512 2 8 6.50 0.0001 512 0.845498 265.998 0.422210
COST 4096 1024 2 8 6.50 0.0001 512 0.940306 326.617 0.301704
COST 4096 2048 2 8 6.50 0.0001 512 1.000000 368.874 1.000000
COST 4096 256 2 8 6.50 0.0001 16384 0.805405 170.469 0.641962
COST 4096 512 2 8 6.50 0.0001 16384 0.916625 217.578 0.176394
COST 4096 1024 2 8 6.50 0.0001 16384 0.972220 244.326 0.289274
COST 4096 2048 2 8 6.50 0.0001 16384 1.000000 258.429 1.000000
COST 4096 256 2 8 6.50 0.0001 512 0.805405 170.469 0.370913
COST 4096 512 2 8 6.50 0.0001 512 0.916625 217.578 0.139986
COST 4096 1024 2 8 6.50 0.0001 512 0.972220 244.326 0.245252
COST 4096 2048 2 8 6.50 0.0001 512 1.000000 258.429 1.000000
COST 4096 256 2 8 6.50 0.0001 16384 0.883249 154.389 0.161625
COST 4096 512 2 8 6.50 0.0001 16384 0.958380 180.803 0.117970
COST 4096 1024 2 8 6.50 0.0001 16384 0.988182 192.142 0.343002
COST 4096 2048 2 8 6.50 0.0001 16384 1.000000 196.759 1.000000
COST 4096 256 2 8 6.50 0.0001 512 0.883249 154.389 0.105953
COST 4096 512 2 8 6.50 0.0001 512 0.958380 180.803 0.118083
COST 4096 1024 2 8 6.50 0.0001 512 0.988182 192.142 0.248724
COST 4096 2048 2 8 6.50 0.0001 512 1.000000 196.759 1.000000
COST 4096 256 2 8 6.50 0.0001 16384 0.787575 171.100 0.642122
COST 4096 512 2 8 6.50 0.0001 16384 0.930638 232.707 0.149581
COST 4096 1024 2 8 6.50 0.0001 16384 0.986999 261.191 0.284546
COST 4096 2048 2 8 6.50 0.0001 16384 1.000000 268.093 1.000000
COST 4096 256 2 8 6.50 0.0001 512 0.787575 171.100 0.400076
COST 4096 512 2 8 6.50 0.0001 512 0.930638 232.707 0.135361
COST 4096 1024 2 8 6.50 0.0001 512 0.986999 261.191 0.253542
COST 4096 2048 2 8 6.50 0.0001 512 1.000000 268.093 1.000000
COST 4096 256 2 8 6.50 0.001 16384 0.556281 200.726 2.787433
COST 4096 512 2 8 6.50 0.001 16384 0.739362 324.982 1.478067
COST 4096 1024 2 8 6.50 0.001 16384 0.884695 453.368 0.532113
COST 4096 2048 2 8 6.50 0.001 16384 1.000000 574.609 1.000000
COST 4096 256 2 8 6.50 0.001 512 0.556281 200.726 2.128939
COST 4096 512 2 8 6.50 0.001 512 0.739362 324.982 1.060385
COST 4096 1024 2 8 6.50 0.001 512 0.884695 453.368 0.461113
COST 4096 2048 2 8 6.50 0.001 512 1.000000 574.609 1.000000
COST 4096 256 2 8 6.50 0.001 16384 0.694993 186.575 1.269948
COST 4096 512 2 8 6.50 0.001 16384 0.845498 265.998 0.304083
COST 4096 1024 2 8 6.50 0.001 16384 0.940306 326.617 0.339112
COST 4096 2048 2 8 6.50 0.001 16384 1.000000 368.874 1.000000
COST 4096 256 2 8 6.50 0.001 512 0.694993 186.575 0.729146
COST 4096 512 2 8 6.50 0.001 512 0.845498 265.998 0.193203
COST 4096 1024 2 8 6.50 0.001 512 0.940306 326.617 0.252074
COST 4096 2048 2 8 6.50 0.001 512 1.000000 368.874 1.000000
COST 4096 256 2 8 6.50 0.001 16384 0.805405 170.469 0.260604
COST 4096 512 2 8 6.50 0.001 16384 0.916625 217.578 0.124885
COST 4096 1024 2 8 6.50 0.001 16384 0.972220 244.326 0.300146
COST 4096 2048 2 8 6.50 0.001 16384 1.000000 258.429 1.000000
COST 4096 256 2 8 6.50 0.001 512 0.805405 170.469 0.154772
COST 4096 512 2 8 6.50 0.001 512 0.916625 217.578 0.121044
COST 4096 1024 2 8 6.50 0.001 512 0.972220 244.326 0.252978
COST 4096 2048 2 8 6.50 0.001 512 1.000000 258.429 1.000000
COST 4096 256 2 8 6.50 0.001 16384 0.883249 154.389 0.080286
COST 4096 512 2 8 6.50 0.001 16384 0.958380 180.803 0.112731
COST 4096 1024 2 8 6.50 0.001 16384 0.988182 192.142 0.272438
COST 4096 2048 2 8 6.50 0.001 16384 1.000000 196.759 1.000000
COST 4096 256 2 8 6.50 0.001 512 0.883249 154.389 0.068063
COST 4096 512 2 8 6.50 0.001 512 0.958380 180.803 0.117735
COST 4096 1024 2 8 6.50 0.001 512 0.988182 192.142 0.245710
COST 4096 2048 2 8 6.50 0.001 512 1.000000 196.759 1.000000
COST 4096 256 2 8 6.50 0.001 16384 0.787575 171.100 0.257515
COST 4096 512 2 8 6.50 0.001 16384 0.930638 232.707 0.123843
COST 4096 1024 2 8 6.50 0.001 16384 0.986999 261.191 0.285121
COST 4096 2048 2 8 6.50 0.001 16384 1.000000 268.093 1.000000
COST 4096 256 2 8 6.50 0.001 512 0.787575 171.100 0.188355
COST 4096 512 2 8 6.50 0.001 512 0.930638 232.707 0.120138
COST 4096 1024 2 8 6.50 0.001 512 0.986999 261.191 0.248867
COST 4096 2048 2 8 6.50 0.001 512 1.000000 268.093 1.000000
COST 4096 256 2 8 6.50 0.01 16384 0.556281 200.726 1.836883
COST 4096 512 2 8 6.50 0.01 16384 0.739362 324.982 0.413086
COST 4096 1024 2 8 6.50 0.01 16384 0.884695 453.368 0.304414
COST 4096 2048 2 8 6.50 0.01 16384 1.000000 574.609 1.000000
COST 4096 256 2 8 6.50 0.01 512 0.556281 200.726 1.289079
COST 4096 512 2 8 6.50 0.01 512 0.739362 324.982 0.318437
COST 4096 1024 2 8 6.50 0.01 512 0.884695 453.368 0.276341
COST 4096 2048 2 8 6.50 0.01 512 1.000000 574.609 1.000000
COST 4096 256 2 8 6.50 0.01 16384 0.694993 186.575 0.377345
COST 4096 512 2 8 6.50 0.01 16384 0.845498 265.998 0.147849
COST 4096 1024 2 8 6.50 0.01 16384 0.940306 326.617 0.253590
COST 4096 2048 2 8 6.50 0.01 16384 1.000000 368.874 1.000000
COST 4096 256 2 8 6.50 0.01 512 0.694993 186.575 0.198243
COST 4096 512 2 8 6.50 0.01 512 0.845498 265.998 0.136947
COST 4096 1024 2 8 6.50 0.01 512 0.940306 326.617 0.253453
COST 4096 2048 2 8 6.50 0.01 512 1.000000 368.874 1.000000
COST 4096 256 2 8 6.50 0.01 16384 0.805405 170.469 0.079174
COST 4096 512 2 8 6.50 0.01 16384 0.916625 217.578 0.109262
COST 4096 1024 2 8 6.50 0.01 16384 0.972220 244.326 0.275770
COST 4096 2048 2 8 6.50 0.01 16384 1.000000 258.429 1.000000
COST 4096 256 2 8 6.50 0.01 512 0.805405 170.469 0.066312
COST 4096 512 2 8 6.50 0.01 512 0.916625 217.578 0.111637
COST 4096 1024 2 8 6.50 0.01 512 0.972220 244.326 0.241327
COST 4096 2048 2 8 6.50 0.01 512 1.000000 258.429 1.000000
COST 4096 256 2 8 6.50 0.01 16384 0.883249 154.389 0.052763
COST 4096 512 2 8 6.50 0.01 16384 0.958380 180.803 0.108956
COST 4096 1024 2 8 6.50 0.01 16384 0.988182 192.142 0.297454
COST 4096 2048 2 8 6.50 0.01 16384 1.000000 196.759 1.000000
COST 4096 256 2 8 6.50 0.01 512 0.883249 154.389 0.058034
COST 4096 512 2 8 6.50 0.01 512 0.958380 180.803 0.116256
COST 4096 1024 2 8 6.50 0.01 512 0.988182 192.142 0.264410
COST 4096 2048 2 8 6.50 0.01 512 1.000000 196.759 1.000000
COST 4096 256 2 8 6.50 0.01 16384 0.787575 171.100 0.083855
COST 4096 512 2 8 6.50 0.01 16384 0.930638 232.707 0.112529
COST 4096 1024 2 8 6.50 0.01 16384 0.986999 261.191 0.291025
COST 4096 2048 2 8 6.50 0.01 16384 1.000000 268.093 1.000000
COST 4096 256 2 8 6.50 0.01 512 0.787575 171.100 0.071317
COST 4096 512 2 8 6.50 0.01 512 0.930638 232.707 0.109238
COST 4096 1024 2 8 6.50 0.01 512 0.986999 261.191 0.252917
COST 4096 2048 2 8 6.50 0.01 512 1.000000 268.093 1.000000
COST 65536 1024 2 8 5.00 0.0001 512 0.101302 580.541 0.715232
COST 65536 2048 2 8 5.00 0.0001 512 0.330474 1566.336 0.732725
COST 65536 4096 2 8 5.00 0.0001 512 0.556802 3216.549 0.767316
COST 65536 8192 2 8 5.00 0.0001 512 0.739552 5202.429 0.794053
COST 65536 16384 2 8 5.00 0.0001 512 0.884751 7255.222 0.851130
COST 65536 32768 2 8 5.00 0.0001 512 1.000000 9194.355 1.000000
COST 65536 1024 2 8 5.00 0.0001 512 0.165385 624.216 0.709357
COST 65536 2048 2 8 5.00 0.0001 512 0.461344 1609.558 0.761091
COST 65536 4096 2 8 5.00 0.0001 512 0.695477 2988.843 0.753282
COST 65536 8192 2 8 5.00 0.0001 512 0.845641 4257.453 0.797036
COST 65536 16384 2 8 5.00 0.0001 512 0.940341 5226.412 0.865052
COST 65536 32768 2 8 5.00 0.0001 512 1.000000 5902.169 1.000000
COST 65536 1024 2 8 5.00 0.0001 512 0.244563 673.187 0.742339
COST 65536 2048 2 8 5.00 0.0001 512 0.588090 1638.224 0.750546
COST 65536 4096 2 8 5.00 0.0001 512 0.805806 2730.001 0.783005
COST 65536 8192 2 8 5.00 0.0001 512 0.916720 3481.998 0.817910
COST 65536 16384 2 8 5.00 0.0001 512 0.972240 3909.418 0.877925
COST 65536 32768 2 8 5.00 0.0001 512 1.000000 4134.919 1.000000
COST 65536 1024 2 8 5.00 0.0001 512 0.334013 728.024 1.069923
COST 65536 2048 2 8 5.00 0.0001 512 0.698486 1650.915 1.086951
COST 65536 4096 2 8 5.00 0.0001 512 0.883550 2471.828 1.141987
COST 65536 8192 2 8 5.00 0.0001 512 0.958438 2893.214 1.202698
COST 65536 16384 2 8 5.00 0.0001 512 0.988192 3074.351 1.105648
COST 65536 32768 2 8 5.00 0.0001 512 1.000000 3148.158 1.000000
COST 65536 1024 2 8 5.00 0.001 512 0.101302 580.541 0.711462
COST 65536 2048 2 8 5.00 0.001 512 0.330474 1566.336 0.725840
COST 65536 4096 2 8 5.00 0.001 512 0.556802 3216.549 0.747690
COST 65536 8192 2 8 5.00 0.001 512 0.739552 5202.429 0.780766
COST 65536 16384 2 8 5.00 0.001 512 0.884751 7255.222 0.868645
COST 65536 32768 2 8 5.00 0.001 512 1.000000 9194.355 1.000000
COST 65536 1024 2 8 5.00 0.001 512 0.165385 624.216 0.741212
COST 65536 2048 2 8 5.00 0.001 512 0.461344 1609.558 0.748736
COST 65536 4096 2 8 5.00 0.001 512 0.695477 2988.843 0.773425
COST 65536 8192 2 8 5.00 0.001 512 0.845641 4257.453 0.809374
COST 65536 16384 2 8 5.00 0.001 512 0.940341 5226.412 0.862457
COST 65536 32768 2 8 5.00 0.001 512 1.000000 5902.169 1.000000
COST 65536 1024 2 8 5.00 0.001 512 0.244563 673.187 0.873363
COST 65536 2048 2 8 5.00 0.001 512 0.588090 1638.224 0.884550
COST 65536 4096 2 8 5.00 0.001 512 0.805806 2730.001 0.903187
COST 65536 8192 2 8 5.00 0.001 512 0.916720 3481.998 0.960585
COST 65536 16384 2 8 5.00 0.001 512 0.972240 3909.418 1.012090
COST 65536 32768 2 8 5.00 0.001 512 1.000000 4134.919 1.000000
COST 65536 1024 2 8 5.00 0.001 512 0.334013 728.024 1.407965
COST 65536 2048 2 8 5.00 0.001 512 0.698486 1650.915 1.416041
COST 65536 4096 2 8 5.00 0.001 512 0.883550 2471.828 1.434863
COST 65536 8192 2 8 5.00 0.001 512 0.958438 2893.214 1.524720
COST 65536 16384 2 8 5.00 0.001 512 0.988192 3074.351 1.168101
COST 65536 32768 2 8 5.00 0.001 512 1.000000 3148.158 1.000000
COST 65536 1024 2 8 5.00 0.01 512 0.101302 580.541 0.698078
COST 65536 2048 2 8 5.00 0.01 512 0.330474 1566.336 0.715702
COST 65536 4096 2 8 5.00 0.01 512 0.556802 3216.549 0.721899
COST 65536 8192 2 8 5.00 0.01 512 0.739552 5202.429 0.768638
COST 65536 16384 2 8 5.00 0.01 512 0.884751 7255.222 0.819504
COST 65536 32768 2 8 5.00 0.01 512 1.000000 9194.355 1.000000
COST 65536 1024 2 8 5.00 0.01 512 0.165385 624.216 0.817506
COST 65536 2048 2 8 5.00 0.01 512 0.461344 1609.558 0.839912
COST 65536 4096 2 8 5.00 0.01 512 0.695477 2988.843 0.859841
COST 65536 8192 2 8 5.00 0.01 512 0.845641 4257.453 0.898116
COST 65536 16384 2 8 5.00 0.01 512 0.940341 5226.412 0.956748
COST 65536 32768 2 8 5.00 0.01 512 1.000000 5902.169 1.000000
COST 65536 1024 2 8 5.00 0.01 512 0.244563 673.187 1.264879
COST 65536 2048 2 8 5.00 0.01 512 0.588090 1638.224 1.259027
COST 65536 4096 2 8 5.00 0.01 512 0.805806 2730.001 1.303833
COST 65536 8192 2 8 5.00 0.01 512 0.916720 3481.998 1.363326
COST 65536 16384 2 8 5.00 0.01 512 0.972240 3909.418 1.111969
COST 65536 32768 2 8 5.00 0.01 512 1.000000 4134.919 1.000000
COST 65536 1024 2 8 5.00 0.01 512 0.334013 728.024 1.789033
COST 65536 2048 2 8 5.00 0.01 512 0.698486 1650.915 1.786289
COST 65536 4096 2 8 5.00 0.01 512 0.883550 2471.828 1.748287
COST 65536 8192 2 8 5.00 0.01 512 0.958438 2893.214 1.293925
COST 65536 16384 2 8 5.00 0.01 512 0.988192 3074.351 0.830619
COST 65536 32768 2 8 5.00 0.01 512 1.000000 3148.158 1.000000
COST 65536 1024 2 8 5.50 0.0001 512 0.101302 580.541 0.737393
COST 65536 2048 2 8 5.50 0.0001 512 0.330474 1566.336 0.733376
COST 65536 4096 2 8 5.50 0.0001 512 0.556802 3216.549 0.740299
COST 65536 8192 2 8 5.50 0.0001 512 0.739552 5202.429 0.780012
COST 65536 16384 2 8 5.50 0.0001 512 0.884751 7255.222 0.849865
COST 65536 32768 2 8 5.50 0.0001 512 1.000000 9194.355 1.000000
COST 65536 1024 2 8 5.50 0.0001 512 0.165385 624.216 0.757391
COST 65536 2048 2 8 5.50 0.0001 512 0.461344 1609.558 0.775584
COST 65536 4096 2 8 5.50 0.0001 512 0.695477 2988.843 0.795961
COST 65536 8192 2 8 5.50 0.0001 512 0.845641 4257.453 0.817543
COST 65536 16384 2 8 5.50 0.0001 512 0.940341 5226.412 0.920630
COST 65536 32768 2 8 5.50 0.0001 512 1.000000 5902.169 1.000000
COST 65536 1024 2 8 5.50 0.0001 512 0.244563 673.187 1.388763
COST 65536 2048 2 8 5.50 0.0001 512 0.588090 1638.224 1.432792
COST 65536 4096 2 8 5.50 0.0001 512 0.805806 2730.001 1.417599
COST 65536 8192 2 8 5.50 0.0001 512 0.916720 3481.998 1.450746
COST 65536 16384 2 8 5.50 0.0001 512 0.972240 3909.418 1.399016
COST 65536 32768 2 8 5.50 0.0001 512 1.000000 4134.919 1.000000
COST 65536 1024 2 8 5.50 0.0001 512 0.334013 728.024 2.295264
COST 65536 2048 2 8 5.50 0.0001 512 0.698486 1650.915 2.349475
COST 65536 4096 2 8 5.50 0.0001 512 0.883550 2471.828 2.433147
COST 65536 8192 2 8 5.50 0.0001 512 0.958438 2893.214 2.113051
COST 65536 16384 2 8 5.50 0.0001 512 0.988192 3074.351 1.040897
COST 65536 32768 2 8 5.50 0.0001 512 1.000000 3148.158 1.000000
COST 65536 1024 2 8 5.50 0.001 512 0.101302 580.541 0.702075
COST 65536 2048 2 8 5.50 0.001 512 0.330474 1566.336 0.725244
COST 65536 4096 2 8 5.50 0.001 512 0.556802 3216.549 0.728582
COST 65536 8192 2 8 5.50 0.001 512 0.739552 5202.429 0.792453
COST 65536 16384 2 8 5.50 0.001 512 0.884751 7255.222 0.831151
COST 65536 32768 2 8 5.50 0.001 512 1.000000 9194.355 1.000000
COST 65536 1024 2 8 5.50 0.001 512 0.165385 624.216 0.974835
COST 65536 2048 2 8 5.50 0.001 512 0.461344 1609.558 0.998023
COST 65536 4096 2 8 5.50 0.001 512 0.695477 2988.843 1.019300
COST 65536 8192 2 8 5.50 0.001 512 0.845641 4257.453 1.041627
COST 65536 16384 2 8 5.50 0.001 512 0.940341 5226.412 1.135917
COST 65536 32768 2 8 5.50 0.001 512 1.000000 5902.169 1.000000
COST 65536 1024 2 8 5.50 0.001 512 0.244563 673.187 1.877223
COST 65536 2048 2 8 5.50 0.001 512 0.588090 1638.224 1.911546
COST 65536 4096 2 8 5.50 0.001 512 0.805806 2730.001 1.918152
COST 65536 8192 2 8 5.50 0.001 512 0.916720 3481.998 2.035669
COST 65536 16384 2 8 5.50 0.001 512 0.972240 3909.418 1.243921
COST 65536 32768 2 8 5.50 0.001 512 1.000000 4134.919 1.000000
COST 65536 1024 2 8 5.50 0.001 512 0.334013 728.024 2.444523
COST 65536 2048 2 8 5.50 0.001 512 0.698486 1650.915 2.468926
COST 65536 4096 2 8 5.50 0.001 512 0.883550 2471.828 2.393636
COST 65536 8192 2 8 5.50 0.001 512 0.958438 2893.214 1.331665
COST 65536 16384 2 8 5.50 0.001 512 0.988192 3074.351 0.714761
COST 65536 32768 2 8 5.50 0.001 512 1.000000 3148.158 1.000000
COST 65536 1024 2 8 5.50 0.01 512 0.101302 580.541 0.765028
COST 65536 2048 2 8 5.50 0.01 512 0.330474 1566.336 0.769564
COST 65536 4096 2 8 5.50 0.01 512 0.556802 3216.549 0.790869
COST 65536 8192 2 8 5.50 0.01 512 0.739552 5202.429 0.838693
COST 65536 16384 2 8 5.50 0.01 512 0.884751 7255.222 0.891165
COST 65536 32768 2 8 5.50 0.01 512 1.000000 9194.355 1.000000
COST 65536 1024 2 8 5.50 0.01 512 0.165385 624.216 1.612821
COST 65536 2048 2 8 5.50 0.01 512 0.461344 1609.558 1.752910
COST 65536 4096 2 8 5.50 0.01 512 0.695477 2988.843 1.765966
COST 65536 8192 2 8 5.50 0.01 512 0.845641 4257.453 1.780866
COST 65536 16384 2 8 5.50 0.01 512 0.940341 5226.412 1.245931
COST 65536 32768 2 8 5.50 0.01 512 1.000000 5902.169 1.000000
COST 65536 1024 2 8 5.50 0.01 512 0.244563 673.187 2.509339
COST 65536 2048 2 8 5.50 0.01 512 0.588090 1638.224 2.552034
COST 65536 4096 2 8 5.50 0.01 512 0.805806 2730.001 2.446525
COST 65536 8192 2 8 5.50 0.01 512 0.916720 3481.998 1.614654
COST 65536 16384 2 8 5.50 0.01 512 0.972240 3909.418 0.749155
COST 65536 32768 2 8 5.50 0.01 512 1.000000 4134.919 1.000000
COST 65536 1024 2 8 5.50 0.01 512 0.334013 728.024 2.454466
COST 65536 2048 2 8 5.50 0.01 512 0.698486 1650.915 2.487916
COST 65536 4096 2 8 5.50 0.01 512 0.883550 2471.828 1.525825
COST 65536 8192 2 8 5.50 0.01 512 0.958438 2893.214 0.538060
COST 65536 16384 2 8 5.50 0.01 512 0.988192 3074.351 0.496784
COST 65536 32768 2 8 5.50 0.01 512 1.000000 3148.158 1.000000
COST 65536 1024 2 8 6.00 0.0001 512 0.101302 580.541 0.721511
COST 65536 2048 2 8 6.00 0.0001 512 0.330474 1566.336 0.755348
COST 65536 4096 2 8 6.00 0.0001 512 0.556802 3216.549 0.775173
COST 65536 8192 2 8 6.00 0.0001 512 0.739552 5202.429 0.806130
COST 65536 16384 2 8 6.00 0.0001 512 0.884751 7255.222 0.880227
COST 65536 32768 2 8 6.00 0.0001 512 1.000000 9194.355 1.000000
COST 65536 1024 2 8 6.00 0.0001 512 0.165385 624.216 1.337301
COST 65536 2048 2 8 6.00 0.0001 512 0.461344 1609.558 1.387736
COST 65536 4096 2 8 6.00 0.0001 512 0.695477 2988.843 1.389169
COST 65536 8192 2 8 6.00 0.0001 512 0.845641 4257.453 1.435034
COST 65536 16384 2 8 6.00 0.0001 512 0.940341 5226.412 1.480478
COST 65536 32768 2 8 6.00 0.0001 512 1.000000 5902.169 1.000000
COST 65536 1024 2 8 6.00 0.0001 512 0.244563 673.187 2.360878
COST 65536 2048 2 8 6.00 0.0001 512 0.588090 1638.224 2.415864
COST 65536 4096 2 8 6.00 0.0001 512 0.805806 2730.001 2.440354
COST 65536 8192 2 8 6.00 0.0001 512 0.916720 3481.998 2.201653
COST 65536 16384 2 8 6.00 0.0001 512 0.972240 3909.418 1.004033
COST 65536 32768 2 8 6.00 0.0001 512 1.000000 4134.919 1.000000
COST 65536 1024 2 8 6.00 0.0001 512 0.334013 728.024 2.582972
COST 65536 2048 2 8 6.00 0.0001 512 0.698486 1650.915 2.641186
COST 65536 4096 2 8 6.00 0.0001 512 0.883550 2471.828 2.519541
COST 65536 8192 2 8 6.00 0.0001 512 0.958438 2893.214 0.815678
COST 65536 16384 2 8 6.00 0.0001 512 0.988192 3074.351 0.528703
COST 65536 32768 2 8 6.00 0.0001 512 1.000000 3148.158 1.000000
COST 65536 1024 2 8 6.00 0.001 512 0.101302 580.541 0.803340
COST 65536 2048 2 8 6.00 0.001 512 0.330474 1566.336 0.819762
COST 65536 4096 2 8 6.00 0.001 512 0.556802 3216.549 0.867170
COST 65536 8192 2 8 6.00 0.001 512 0.739552 5202.429 0.873851
COST 65536 16384 2 8 6.00 0.001 512 0.884751 7255.222 0.973581
COST 65536 32768 2 8 6.00 0.001 512 1.000000 9194.355 1.000000
COST 65536 1024 2 8 6.00 0.001 512 0.165385 624.216 1.927717
COST 65536 2048 2 8 6.00 0.001 512 0.461344 1609.558 1.970504
COST 65536 4096 2 8 6.00 0.001 512 0.695477 2988.843 2.004743
COST 65536 8192 2 8 6.00 0.001 512 0.845641 4257.453 2.118184
COST 65536 16384 2 8 6.00 0.001 512 0.940341 5226.412 1.385315
COST 65536 32768 2 8 6.00 0.001 512 1.000000 5902.169 1.000000
COST 65536 1024 2 8 6.00 0.001 512 0.244563 673.187 2.446247
COST 65536 2048 2 8 6.00 0.001 512 0.588090 1638.224 2.511744
COST 65536 4096 2 8 6.00 0.001 512 0.805806 2730.001 2.563336
COST 65536 8192 2 8 6.00 0.001 512 0.916720 3481.998 1.265431
COST 65536 16384 2 8 6.00 0.001 512 0.972240 3909.418 0.569145
COST 65536 32768 2 8 6.00 0.001 512 1.000000 4134.919 1.000000
COST 65536 1024 2 8 6.00 0.001 512 0.334013 728.024 2.479197
COST 65536 2048 2 8 6.00 0.001 512 0.698486 1650.915 2.457155
COST 65536 4096 2 8 6.00 0.001 512 0.883550 2471.828 1.526458
COST 65536 8192 2 8 6.00 0.001 512 0.958438 2893.214 0.405435
COST 65536 16384 2 8 6.00 0.001 512 0.988192 3074.351 0.436745
COST 65536 32768 2 8 6.00 0.001 512 1.000000 3148.158 1.000000
COST 65536 1024 2 8 6.00 0.01 512 0.101302 580.541 1.451656
COST 65536 2048 2 8 6.00 0.01 512 0.330474 1566.336 1.510131
COST 65536 4096 2 8 6.00 0.01 512 0.556802 3216.549 1.582622
COST 65536 8192 2 8 6.00 0.01 512 0.739552 5202.429 1.646249
COST 65536 16384 2 8 6.00 0.01 512 0.884751 7255.222 1.314336
COST 65536 32768 2 8 6.00 0.01 512 1.000000 9194.355 1.000000
COST 65536 1024 2 8 6.00 0.01 512 0.165385 624.216 2.438969
COST 65536 2048 2 8 6.00 0.01 512 0.461344 1609.558 2.534805
COST 65536 4096 2 8 6.00 0.01 512 0.695477 2988.843 2.536733
COST 65536 8192 2 8 6.00 0.01 512 0.845641 4257.453 1.854908
COST 65536 16384 2 8 6.00 0.01 512 0.940341 5226.412 0.765354
COST 65536 32768 2 8 6.00 0.01 512 1.000000 5902.169 1.000000
COST 65536 1024 2 8 6.00 0.01 512 0.244563 673.187 2.442527
COST 65536 2048 2 8 6.00 0.01 512 0.588090 1638.224 2.585155
COST 65536 4096 2 8 6.00 0.01 512 0.805806 2730.001 1.628630
COST 65536 8192 2 8 6.00 0.01 512 0.916720 3481.998 0.477966
COST 65536 16384 2 8 6.00 0.01 512 0.972240 3909.418 0.455917
COST 65536 32768 2 8 6.00 0.01 512 1.000000 4134.919 1.000000
COST 65536 1024 2 8 6.00 0.01 512 0.334013 728.024 2.546997
COST 65536 2048 2 8 6.00 0.01 512 0.698486 1650.915 2.443954
COST 65536 4096 2 8 6.00 0.01 512 0.883550 2471.828 0.497596
COST 65536 8192 2 8 6.00 0.01 512 0.958438 2893.214 0.240279
COST 65536 16384 2 8 6.00 0.01 512 0.988192 3074.351 0.430972
COST 65536 32768 2 8 6.00 0.01 512 1.000000 3148.158 1.000000
COST 65536 1024 2 8 6.50 0.0001 512 0.101302 580.541 0.988680
COST 65536 2048 2 8 6.50 0.0001 512 0.330474 1566.336 1.018892
COST 65536 4096 2 8 6.50 0.0001 512 0.556802 3216.549 1.025020
COST 65536 8192 2 8 6.50 0.0001 512 0.739552 5202.429 1.096282
COST 65536 16384 2 8 6.50 0.0001 512 0.884751 7255.222 1.196605
COST 65536 32768 2 8 6.50 0.0001 512 1.000000 9194.355 1.000000
COST 65536 1024 2 8 6.50 0.0001 512 0.165385 624.216 2.363852
COST 65536 2048 2 8 6.50 0.0001 512 0.461344 1609.558 2.364024
COST 65536 4096 2 8 6.50 0.0001 512 0.695477 2988.843 2.382247
COST 65536 8192 2 8 6.50 0.0001 512 0.845641 4257.453 2.455872
COST 65536 16384 2 8 6.50 0.0001 512 0.940341 5226.412 1.430591
COST 65536 32768 2 8 6.50 0.0001 512 1.000000 5902.169 1.000000
COST 65536 1024 2 8 6.50 0.0001 512 0.244563 673.187 2.470178
COST 65536 2048 2 8 6.50 0.0001 512 0.588090 1638.224 2.467573
COST 65536 4096 2 8 6.50 0.0001 512 0.805806 2730.001 2.548031
COST 65536 8192 2 8 6.50 0.0001 512 0.916720 3481.998 0.989757
COST 65536 16384 2 8 6.50 0.0001 512 0.972240 3909.418 0.471957
COST 65536 32768 2 8 6.50 0.0001 512 1.000000 4134.919 1.000000
COST 65536 1024 2 8 6.50 0.0001 512 0.334013 728.024 2.491935
COST 65536 2048 2 8 6.50 0.0001 512 0.698486 1650.915 2.519718
COST 65536 4096 2 8 6.50 0.0001 512 0.883550 2471.828 1.243793
COST 65536 8192 2 8 6.50 0.0001 512 0.958438 2893.214 0.306800
COST 65536 16384 2 8 6.50 0.0001 512 0.988192 3074.351 0.426612
COST 65536 32768 2 8 6.50 0.0001 512 1.000000 3148.158 1.000000
COST 65536 1024 2 8 6.50 0.001 512 0.101302 580.541 1.567868
COST 65536 2048 2 8 6.50 0.001 512 0.330474 1566.336 1.663784
COST 65536 4096 2 8 6.50 0.001 512 0.556802 3216.549 1.668900
COST 65536 8192 2 8 6.50 0.001 512 0.739552 5202.429 1.750623
COST 65536 16384 2 8 6.50 0.001 512 0.884751 7255.222 1.672257
COST 65536 32768 2 8 6.50 0.001 512 1.000000 9194.355 1.000000
COST 65536 1024 2 8 6.50 0.001 512 0.165385 624.216 2.589965
COST 65536 2048 2 8 6.50 0.001 512 0.461344 1609.558 2.639845
COST 65536 4096 2 8 6.50 0.001 512 0.695477 2988.843 2.633781
COST 65536 8192 2 8 6.50 0.001 512 0.845641 4257.453 2.060776
COST 65536 16384 2 8 6.50 0.001 512 0.940341 5226.412 0.736305
COST 65536 32768 2 8 6.50 0.001 512 1.000000 5902.169 1.000000
COST 65536 1024 2 8 6.50 0.001 512 0.244563 673.187 2.531393
COST 65536 2048 2 8 6.50 0.001 512 0.588090 1638.224 2.587797
COST 65536 4096 2 8 6.50 0.001 512 0.805806 2730.001 2.010916
COST 65536 8192 2 8 6.50 0.001 512 0.916720 3481.998 0.440606
COST 65536 16384 2 8 6.50 0.001 512 0.972240 3909.418 0.446210
COST 65536 32768 2 8 6.50 0.001 512 1.000000 4134.919 1.000000
COST 65536 1024 2 8 6.50 0.001 512 0.334013 728.024 2.486318
COST 65536 2048 2 8 6.50 0.001 512 0.698486 1650.915 2.536846
COST 65536 4096 2 8 6.50 0.001 512 0.883550 2471.828 0.489228
COST 65536 8192 2 8 6.50 0.001 512 0.958438 2893.214 0.233588
COST 65536 16384 2 8 6.50 0.001 512 0.988192 3074.351 0.432579
COST 65536 32768 2 8 6.50 0.001 512 1.000000 3148.158 1.000000
COST 65536 1024 2 8 6.50 0.01 512 0.101302 580.541 2.422718
COST 65536 2048 2 8 6.50 0.01 512 0.330474 1566.336 2.493890
COST 65536 4096 2 8 6.50 0.01 512 0.556802 3216.549 2.507174
COST 65536 8192 2 8 6.50 0.01 512 0.739552 5202.429 2.404294
COST 65536 16384 2 8 6.50 0.01 512 0.884751 7255.222 1.031987
COST 65536 32768 2 8 6.50 0.01 512 1.000000 9194.355 1.000000
COST 65536 1024 2 8 6.50 0.01 512 0.165385 624.216 2.695574
COST 65536 2048 2 8 6.50 0.01 512 0.461344 1609.558 2.687345
COST 65536 4096 2 8 6.50 0.01 512 0.695477 2988.843 2.281850
COST 65536 8192 2 8 6.50 0.01 512 0.845641 4257.453 0.692450
COST 65536 16384 2 8 6.50 0.01 512 0.940341 5226.412 0.484011
COST 65536 32768 2 8 6.50 0.01 512 1.000000 5902.169 1.000000
COST 65536 1024 2 8 6.50 0.01 512 0.244563 673.187 2.575436
COST 65536 2048 2 8 6.50 0.01 512 0.588090 1638.224 2.510297
COST 65536 4096 2 8 6.50 0.01 512 0.805806 2730.001 0.508675
COST 65536 8192 2 8 6.50 0.01 512 0.916720 3481.998 0.273115
COST 65536 16384 2 8 6.50 0.01 512 0.972240 3909.418 0.462553
COST 65536 32768 2 8 6.50 0.01 512 1.000000 4134.919 1.000000
COST 65536 1024 2 8 6.50 0.01 512 0.334013 728.024 2.532790
COST 65536 2048 2 8 6.50 0.01 512 0.698486 1650.915 1.484764
COST 65536 4096 2 8 6.50 0.01 512 0.883550 2471.828 0.206138
COST 65536 8192 2 8 6.50 0.01 512 0.958438 2893.214 0.233321
COST 65536 16384 2 8 6.50 0.01 512 0.988192 3074.351 0.445137
COST 65536 32768 2 8 6.50 0.01 512 1.000000 3148.158 1.000000
COST 8192 256 2 8 5.00 0.0001 512 0.329874 195.369 0.682001
COST 8192 512 2 8 5.00 0.0001 512 0.556559 401.781 0.668479
COST 8192 1024 2 8 5.00 0.0001 512 0.739463 650.145 0.698311
COST 8192 2048 2 8 5.00 0.0001 512 0.884725 906.825 0.840450
COST 8192 4096 2 8 5.00 0.0001 512 1.000000 1149.259 1.000000
COST 8192 256 2 8 5.00 0.0001 512 0.460649 200.798 0.726103
COST 8192 512 2 8 5.00 0.0001 512 0.695251 373.393 0.727499
COST 8192 1024 2 8 5.00 0.0001 512 0.845574 532.095 0.861158
COST 8192 2048 2 8 5.00 0.0001 512 0.940325 653.270 0.924549
COST 8192 4096 2 8 5.00 0.0001 512 1.000000 737.761 1.000000
COST 8192 256 2 8 5.00 0.0001 512 0.587370 204.420 1.263977
COST 8192 512 2 8 5.00 0.0001 512 0.805619 341.105 1.257351
COST 8192 1024 2 8 5.00 0.0001 512 0.916676 435.206 1.254595
COST 8192 2048 2 8 5.00 0.0001 512 0.972231 488.665 1.108537
COST 8192 4096 2 8 5.00 0.0001 512 1.000000 516.862 1.000000
COST 8192 256 2 8 5.00 0.0001 512 0.697808 206.055 1.865221
COST 8192 512 2 8 5.00 0.0001 512 0.883410 308.885 1.827462
COST 8192 1024 2 8 5.00 0.0001 512 0.958411 361.631 1.183720
COST 8192 2048 2 8 5.00 0.0001 512 0.988187 384.289 0.846861
COST 8192 4096 2 8 5.00 0.0001 512 1.000000 393.519 1.000000
COST 8192 256 2 8 5.00 0.001 512 0.329874 195.369 0.661898
COST 8192 512 2 8 5.00 0.001 512 0.556559 401.781 0.663983
COST 8192 1024 2 8 5.00 0.001 512 0.739463 650.145 0.703724
COST 8192 2048 2 8 5.00 0.001 512 0.884725 906.825 0.827135
COST 8192 4096 2 8 5.00 0.001 512 1.000000 1149.259 1.000000
COST 8192 256 2 8 5.00 0.001 512 0.460649 200.798 0.934791
COST 8192 512 2 8 5.00 0.001 512 0.695251 373.393 0.934548
COST 8192 1024 2 8 5.00 0.001 512 0.845574 532.095 0.973778
COST 8192 2048 2 8 5.00 0.001 512 0.940325 653.270 0.993306
COST 8192 4096 2 8 5.00 0.001 512 1.000000 737.761 1.000000
COST 8192 256 2 8 5.00 0.001 512 0.587370 204.420 1.684485
COST 8192 512 2 8 5.00 0.001 512 0.805619 341.105 1.586658
COST 8192 1024 2 8 5.00 0.001 512 0.916676 435.206 1.302934
COST 8192 2048 2 8 5.00 0.001 512 0.972231 488.665 0.881306
COST 8192 4096 2 8 5.00 0.001 512 1.000000 516.862 1.000000
COST 8192 256 2 8 5.00 0.001 512 0.697808 206.055 1.998353
COST 8192 512 2 8 5.00 0.001 512 0.883410 308.885 1.668317
COST 8192 1024 2 8 5.00 0.001 512 0.958411 361.631 0.798747
COST 8192 2048 2 8 5.00 0.001 512 0.988187 384.289 0.647440
COST 8192 4096 2 8 5.00 0.001 512 1.000000 393.519 1.000000
COST 8192 256 2 8 5.00 0.01 512 0.329874 195.369 0.867317
COST 8192 512 2 8 5.00 0.01 512 0.556559 401.781 0.888605
COST 8192 1024 2 8 5.00 0.01 512 0.739463 650.145 0.898918
COST 8192 2048 2 8 5.00 0.01 512 0.884725 906.825 0.980589
COST 8192 4096 2 8 5.00 0.01 512 1.000000 1149.259 1.000000
COST 8192 256 2 8 5.00 0.01 512 0.460649 200.798 1.548225
COST 8192 512 2 8 5.00 0.01 512 0.695251 373.393 1.626822
COST 8192 1024 2 8 5.00 0.01 512 0.845574 532.095 1.322320
COST 8192 2048 2 8 5.00 0.01 512 0.940325 653.270 0.979959
COST 8192 4096 2 8 5.00 0.01 512 1.000000 737.761 1.000000
COST 8192 256 2 8 5.00 0.01 512 0.587370 204.420 2.048849
COST 8192 512 2 8 5.00 0.01 512 0.805619 341.105 1.630308
COST 8192 1024 2 8 5.00 0.01 512 0.916676 435.206 0.807591
COST 8192 2048 2 8 5.00 0.01 512 0.972231 488.665 0.689066
COST 8192 4096 2 8 5.00 0.01 512 1.000000 516.862 1.000000
COST 8192 256 2 8 5.00 0.01 512 0.697808 206.055 2.013315
COST 8192 512 2 8 5.00 0.01 512 0.883410 308.885 0.811031
COST 8192 1024 2 8 5.00 0.01 512 0.958411 361.631 0.314139
COST 8192 2048 2 8 5.00 0.01 512 0.988187 384.289 0.494289
COST 8192 4096 2 8 5.00 0.01 512 1.000000 393.519 1.000000
COST 8192 256 2 8 5.50 0.0001 512 0.329874 195.369 0.659282
COST 8192 512 2 8 5.50 0.0001 512 0.556559 401.781 0.665832
COST 8192 1024 2 8 5.50 0.0001 512 0.739463 650.145 0.705135
COST 8192 2048 2 8 5.50 0.0001 512 0.884725 906.825 0.794545
COST 8192 4096 2 8 5.50 0.0001 512 1.000000 1149.259 1.000000
COST 8192 256 2 8 5.50 0.0001 512 0.460649 200.798 1.363296
COST 8192 512 2 8 5.50 0.0001 512 0.695251 373.393 1.385037
COST 8192 1024 2 8 5.50 0.0001 512 0.845574 532.095 1.463241
COST 8192 2048 2 8 5.50 0.0001 512 0.940325 653.270 1.335486
COST 8192 4096 2 8 5.50 0.0001 512 1.000000 737.761 1.000000
COST 8192 256 2 8 5.50 0.0001 512 0.587370 204.420 2.032784
COST 8192 512 2 8 5.50 0.0001 512 0.805619 341.105 1.976227
COST 8192 1024 2 8 5.50 0.0001 512 0.916676 435.206 1.459195
COST 8192 2048 2 8 5.50 0.0001 512 0.972231 488.665 0.823599
COST 8192 4096 2 8 5.50 0.0001 512 1.000000 516.862 1.000000
COST 8192 256 2 8 5.50 0.0001 512 0.697808 206.055 2.150910
COST 8192 512 2 8 5.50 0.0001 512 0.883410 308.885 1.637974
COST 8192 1024 2 8 5.50 0.0001 512 0.958411 361.631 0.417623
COST 8192 2048 2 8 5.50 0.0001 512 0.988187 384.289 0.537176
COST 8192 4096 2 8 5.50 0.0001 512 1.000000 393.519 1.000000
COST 8192 256 2 8 5.50 0.001 512 0.329874 195.369 0.795747
COST 8192 512 2 8 5.50 0.001 512 0.556559 401.781 0.845342
COST 8192 1024 2 8 5.50 0.001 512 0.739463 650.145 0.845905
COST 8192 2048 2 8 5.50 0.001 512 0.884725 906.825 0.976929
COST 8192 4096 2 8 5.50 0.001 512 1.000000 1149.259 1.000000
COST 8192 256 2 8 5.50 0.001 512 0.460649 200.798 1.583511
COST 8192 512 2 8 5.50 0.001 512 0.695251 373.393 1.657730
COST 8192 1024 2 8 5.50 0.001 512 0.845574 532.095 1.506093
COST 8192 2048 2 8 5.50 0.001 512 0.940325 653.270 0.943095
COST 8192 4096 2 8 5.50 0.001 512 1.000000 737.761 1.000000
COST 8192 256 2 8 5.50 0.001 512 0.587370 204.420 1.935108
COST 8192 512 2 8 5.50 0.001 512 0.805619 341.105 1.695788
COST 8192 1024 2 8 5.50 0.001 512 0.916676 435.206 0.609935
COST 8192 2048 2 8 5.50 0.001 512 0.972231 488.665 0.552457
COST 8192 4096 2 8 5.50 0.001 512 1.000000 516.862 1.000000
COST 8192 256 2 8 5.50 0.001 512 0.697808 206.055 2.151750
COST 8192 512 2 8 5.50 0.001 512 0.883410 308.885 0.793647
COST 8192 1024 2 8 5.50 0.001 512 0.958411 361.631 0.235787
COST 8192 2048 2 8 5.50 0.001 512 0.988187 384.289 0.502775
COST 8192 4096 2 8 5.50 0.001 512 1.000000 393.519 1.000000
COST 8192 256 2 8 5.50 0.01 512 0.329874 195.369 1.393796
COST 8192 512 2 8 5.50 0.01 512 0.556559 401.781 1.460016
COST 8192 1024 2 8 5.50 0.01 512 0.739463 650.145 1.434285
COST 8192 2048 2 8 5.50 0.01 512 0.884725 906.825 1.025983
COST 8192 4096 2 8 5.50 0.01 512 1.000000 1149.259 1.000000
COST 8192 256 2 8 5.50 0.01 512 0.460649 200.798 2.006397
COST 8192 512 2 8 5.50 0.01 512 0.695251 373.393 1.933745
COST 8192 1024 2 8 5.50 0.01 512 0.845574 532.095 0.965776
COST 8192 2048 2 8 5.50 0.01 512 0.940325 653.270 0.666617
COST 8192 4096 2 8 5.50 0.01 512 1.000000 737.761 1.000000
COST 8192 256 2 8 5.50 0.01 512 0.587370 204.420 2.115378
COST 8192 512 2 8 5.50 0.01 512 0.805619 341.105 0.757129
COST 8192 1024 2 8 5.50 0.01 512 0.916676 435.206 0.262445
COST 8192 2048 2 8 5.50 0.01 512 0.972231 488.665 0.503659
COST 8192 4096 2 8 5.50 0.01 512 1.000000 516.862 1.000000
COST 8192 256 2 8 5.50 0.01 512 0.697808 206.055 1.443153
COST 8192 512 2 8 5.50 0.01 512 0.883410 308.885 0.230834
COST 8192 1024 2 8 5.50 0.01 512 0.958411 361.631 0.167137
COST 8192 2048 2 8 5.50 0.01 512 0.988187 384.289 0.491788
COST 8192 4096 2 8 5.50 0.01 512 1.000000 393.519 1.000000
COST 8192 256 2 8 6.00 0.0001 512 0.329874 195.369 1.001274
COST 8192 512 2 8 6.00 0.0001 512 0.556559 401.781 0.971634
COST 8192 1024 2 8 6.00 0.0001 512 0.739463 650.145 1.033050
COST 8192 2048 2 8 6.00 0.0001 512 0.884725 906.825 1.224366
COST 8192 4096 2 8 6.00 0.0001 512 1.000000 1149.259 1.000000
COST 8192 256 2 8 6.00 0.0001 512 0.460649 200.798 1.923986
COST 8192 512 2 8 6.00 0.0001 512 0.695251 373.393 1.923023
COST 8192 1024 2 8 6.00 0.0001 512 0.845574 532.095 1.795680
COST 8192 2048 2 8 6.00 0.0001 512 0.940325 653.270 0.978043
COST 8192 4096 2 8 6.00 0.0001 512 1.000000 737.761 1.000000
COST 8192 256 2 8 6.00 0.0001 512 0.587370 204.420 2.114864
COST 8192 512 2 8 6.00 0.0001 512 0.805619 341.105 1.760034
COST 8192 1024 2 8 6.00 0.0001 512 0.916676 435.206 0.546971
COST 8192 2048 2 8 6.00 0.0001 512 0.972231 488.665 0.561384
COST 8192 4096 2 8 6.00 0.0001 512 1.000000 516.862 1.000000
COST 8192 256 2 8 6.00 0.0001 512 0.697808 206.055 2.199877
COST 8192 512 2 8 6.00 0.0001 512 0.883410 308.885 0.669895
COST 8192 1024 2 8 6.00 0.0001 512 0.958411 361.631 0.210815
COST 8192 2048 2 8 6.00 0.0001 512 0.988187 384.289 0.513117
COST 8192 4096 2 8 6.00 0.0001 512 1.000000 393.519 1.000000
COST 8192 256 2 8 6.00 0.001 512 0.329874 195.369 1.418069
COST 8192 512 2 8 6.00 0.001 512 0.556559 401.781 1.392045
COST 8192 1024 2 8 6.00 0.001 512 0.739463 650.145 1.498254
COST 8192 2048 2 8 6.00 0.001 512 0.884725 906.825 1.219422
COST 8192 4096 2 8 6.00 0.001 512 1.000000 1149.259 1.000000
COST 8192 256 2 8 6.00 0.001 512 0.460649 200.798 2.044385
COST 8192 512 2 8 6.00 0.001 512 0.695251 373.393 1.950912
COST 8192 1024 2 8 6.00 0.001 512 0.845574 532.095 1.005127
COST 8192 2048 2 8 6.00 0.001 512 0.940325 653.270 0.635285
COST 8192 4096 2 8 6.00 0.001 512 1.000000 737.761 1.000000
COST 8192 256 2 8 6.00 0.001 512 0.587370 204.420 2.231293
COST 8192 512 2 8 6.00 0.001 512 0.805619 341.105 0.948114
COST 8192 1024 2 8 6.00 0.001 512 0.916676 435.206 0.232658
COST 8192 2048 2 8 6.00 0.001 512 0.972231 488.665 0.505729
COST 8192 4096 2 8 6.00 0.001 512 1.000000 516.862 1.000000
COST 8192 256 2 8 6.00 0.001 512 0.697808 206.055 1.706857
COST 8192 512 2 8 6.00 0.001 512 0.883410 308.885 0.222566
COST 8192 1024 2 8 6.00 0.001 512 0.958411 361.631 0.148418
COST 8192 2048 2 8 6.00 0.001 512 0.988187 384.289 0.475019
COST 8192 4096 2 8 6.00 0.001 512 1.000000 393.519 1.000000
COST 8192 256 2 8 6.00 0.01 512 0.329874 195.369 2.187456
COST 8192 512 2 8 6.00 0.01 512 0.556559 401.781 2.087929
COST 8192 1024 2 8 6.00 0.01 512 0.739463 650.145 1.541753
COST 8192 2048 2 8 6.00 0.01 512 0.884725 906.825 0.754156
COST 8192 4096 2 8 6.00 0.01 512 1.000000 1149.259 1.000000
COST 8192 256 2 8 6.00 0.01 512 0.460649 200.798 2.128414
COST 8192 512 2 8 6.00 0.01 512 0.695251 373.393 1.184592
COST 8192 1024 2 8 6.00 0.01 512 0.845574 532.095 0.329151
COST 8192 2048 2 8 6.00 0.01 512 0.940325 653.270 0.507611
COST 8192 4096 2 8 6.00 0.01 512 1.000000 737.761 1.000000
COST 8192 256 2 8 6.00 0.01 512 0.587370 204.420 1.648403
COST 8192 512 2 8 6.00 0.01 512 0.805619 341.105 0.241867
COST 8192 1024 2 8 6.00 0.01 512 0.916676 435.206 0.159188
COST 8192 2048 2 8 6.00 0.01 512 0.972231 488.665 0.486637
COST 8192 4096 2 8 6.00 0.01 512 1.000000 516.862 1.000000
COST 8192 256 2 8 6.00 0.01 512 0.697808 206.055 0.607382
COST 8192 512 2 8 6.00 0.01 512 0.883410 308.885 0.083568
COST 8192 1024 2 8 6.00 0.01 512 0.958411 361.631 0.129040
COST 8192 2048 2 8 6.00 0.01 512 0.988187 384.289 0.476933
COST 8192 4096 2 8 6.00 0.01 512 1.000000 393.519 1.000000
COST 8192 256 2 8 6.50 0.0001 512 0.329874 195.369 1.500919
COST 8192 512 2 8 6.50 0.0001 512 0.556559 401.781 1.534274
COST 8192 1024 2 8 6.50 0.0001 512 0.739463 650.145 1.584055
COST 8192 2048 2 8 6.50 0.0001 512 0.884725 906.825 1.219560
COST 8192 4096 2 8 6.50 0.0001 512 1.000000 1149.259 1.000000
COST 8192 256 2 8 6.50 0.0001 512 0.460649 200.798 2.257840
COST 8192 512 2 8 6.50 0.0001 512 0.695251 373.393 2.234755
COST 8192 1024 2 8 6.50 0.0001 512 0.845574 532.095 0.917802
COST 8192 2048 2 8 6.50 0.0001 512 0.940325 653.270 0.665517
COST 8192 4096 2 8 6.50 0.0001 512 1.000000 737.761 1.000000
COST 8192 256 2 8 6.50 0.0001 512 0.587370 204.420 2.218646
COST 8192 512 2 8 6.50 0.0001 512 0.805619 341.105 0.850308
COST 8192 1024 2 8 6.50 0.0001 512 0.916676 435.206 0.209473
COST 8192 2048 2 8 6.50 0.0001 512 0.972231 488.665 0.487310
COST 8192 4096 2 8 6.50 0.0001 512 1.000000 516.862 1.000000
COST 8192 256 2 8 6.50 0.0001 512 0.697808 206.055 1.740991
COST 8192 512 2 8 6.50 0.0001 512 0.883410 308.885 0.170399
COST 8192 1024 2 8 6.50 0.0001 512 0.958411 361.631 0.129216
COST 8192 2048 2 8 6.50 0.0001 512 0.988187 384.289 0.448178
COST 8192 4096 2 8 6.50 0.0001 512 1.000000 393.519 1.000000
COST 8192 256 2 8 6.50 0.001 512 0.329874 195.369 1.908293
COST 8192 512 2 8 6.50 0.001 512 0.556559 401.781 1.922473
COST 8192 1024 2 8 6.50 0.001 512 0.739463 650.145 1.545782
COST 8192 2048 2 8 6.50 0.001 512 0.884725 906.825 0.812482
COST 8192 4096 2 8 6.50 0.001 512 1.000000 1149.259 1.000000
COST 8192 256 2 8 6.50 0.001 512 0.460649 200.798 2.333158
COST 8192 512 2 8 6.50 0.001 512 0.695251 373.393 1.649777
COST 8192 1024 2 8 6.50 0.001 512 0.845574 532.095 0.382043
COST 8192 2048 2 8 6.50 0.001 512 0.940325 653.270 0.537474
COST 8192 4096 2 8 6.50 0.001 512 1.000000 737.761 1.000000
COST 8192 256 2 8 6.50 0.001 512 0.587370 204.420 2.061611
COST 8192 512 2 8 6.50 0.001 512 0.805619 341.105 0.386718
COST 8192 1024 2 8 6.50 0.001 512 0.916676 435.206 0.148195
COST 8192 2048 2 8 6.50 0.001 512 0.972231 488.665 0.514817
COST 8192 4096 2 8 6.50 0.001 512 1.000000 516.862 1.000000
COST 8192 256 2 8 6.50 0.001 512 0.697808 206.055 0.841538
COST 8192 512 2 8 6.50 0.001 512 0.883410 308.885 0.083882
COST 8192 1024 2 8 6.50 0.001 512 0.958411 361.631 0.120628
COST 8192 2048 2 8 6.50 0.001 512 0.988187 384.289 0.484560
COST 8192 4096 2 8 6.50 0.001 512 1.000000 393.519 1.000000
COST 8192 256 2 8 6.50 0.01 512 0.329874 195.369 2.101108
COST 8192 512 2 8 6.50 0.01 512 0.556559 401.781 1.759635
COST 8192 1024 2 8 6.50 0.01 512 0.739463 650.145 0.634320
COST 8192 2048 2 8 6.50 0.01 512 0.884725 906.825 0.572227
COST 8192 4096 2 8 6.50 0.01 512 1.000000 1149.259 1.000000
COST 8192 256 2 8 6.50 0.01 512 0.460649 200.798 2.149985
COST 8192 512 2 8 6.50 0.01 512 0.695251 373.393 0.438342
COST 8192 1024 2 8 6.50 0.01 512 0.845574 532.095 0.191357
COST 8192 2048 2 8 6.50 0.01 512 0.940325 653.270 0.497529
COST 8192 4096 2 8 6.50 0.01 512 1.000000 737.761 1.000000
COST 8192 256 2 8 6.50 0.01 512 0.587370 204.420 0.856135
COST 8192 512 2 8 6.50 0.01 512 0.805619 341.105 0.080680
COST 8192 1024 2 8 6.50 0.01 512 0.916676 435.206 0.129686
COST 8192 2048 2 8 6.50 0.01 512 0.972231 488.665 0.488810
COST 8192 4096 2 8 6.50 0.01 512 1.000000 516.862 1.000000
COST 8192 256 2 8 6.50 0.01 512 0.697808 206.055 0.203875
COST 8192 512 2 8 6.50 0.01 512 0.883410 308.885 0.057158
COST 8192 1024 2 8 6.50 0.01 512 0.958411 361.631 0.115168
COST 8192 2048 2 8 6.50 0.01 512 0.988187 384.289 0.455412
COST 8192 4096 2 8 6.50 0.01 512 1.000000 393.519 1.000000
