# matchedfilter CPU COST table -- FDR and batch-aware relative costs
# format cost-fd-pairs-v1
# cpu     AMD RYZEN AI MAX+ 395 w/ Radeon 8060S
# commit  unknown
# Warm public-API cost relative to the widest band for this profile and shape.
# The reference-profile gate model computes accuracy independently.
# U=2 and K=8 are retained as configuration metadata; taps are inert.
# COST n band U K snr fd pairs f beff relative_cost
COST 1024 256 2 8 5.00 0.0001 512 0.884518 113.275 1.161356
COST 1024 512 2 8 5.00 0.0001 512 1.000000 143.622 1.000000
COST 1024 256 2 8 5.00 0.0001 512 0.940195 81.628 1.455894
COST 1024 512 2 8 5.00 0.0001 512 1.000000 92.210 1.000000
COST 1024 256 2 8 5.00 0.0001 512 0.972159 61.071 1.041323
COST 1024 512 2 8 5.00 0.0001 512 1.000000 64.605 1.000000
COST 1024 256 2 8 5.00 0.0001 512 0.988151 48.031 0.756390
COST 1024 512 2 8 5.00 0.0001 512 1.000000 49.188 1.000000
COST 1024 256 2 8 5.00 0.001 512 0.884518 113.275 1.363931
COST 1024 512 2 8 5.00 0.001 512 1.000000 143.622 1.000000
COST 1024 256 2 8 5.00 0.001 512 0.940195 81.628 1.117592
COST 1024 512 2 8 5.00 0.001 512 1.000000 92.210 1.000000
COST 1024 256 2 8 5.00 0.001 512 0.972159 61.071 0.927126
COST 1024 512 2 8 5.00 0.001 512 1.000000 64.605 1.000000
COST 1024 256 2 8 5.00 0.001 512 0.988151 48.031 0.654907
COST 1024 512 2 8 5.00 0.001 512 1.000000 49.188 1.000000
COST 1024 256 2 8 5.00 0.01 512 0.884518 113.275 1.198591
COST 1024 512 2 8 5.00 0.01 512 1.000000 143.622 1.000000
COST 1024 256 2 8 5.00 0.01 512 0.940195 81.628 0.818274
COST 1024 512 2 8 5.00 0.01 512 1.000000 92.210 1.000000
COST 1024 256 2 8 5.00 0.01 512 0.972159 61.071 0.661619
COST 1024 512 2 8 5.00 0.01 512 1.000000 64.605 1.000000
COST 1024 256 2 8 5.00 0.01 512 0.988151 48.031 0.561142
COST 1024 512 2 8 5.00 0.01 512 1.000000 49.188 1.000000
COST 1024 256 2 8 5.50 0.0001 512 0.884518 113.275 1.653796
COST 1024 512 2 8 5.50 0.0001 512 1.000000 143.622 1.000000
COST 1024 256 2 8 5.50 0.0001 512 0.940195 81.628 1.189210
COST 1024 512 2 8 5.50 0.0001 512 1.000000 92.210 1.000000
COST 1024 256 2 8 5.50 0.0001 512 0.972159 61.071 0.785208
COST 1024 512 2 8 5.50 0.0001 512 1.000000 64.605 1.000000
COST 1024 256 2 8 5.50 0.0001 512 0.988151 48.031 0.652164
COST 1024 512 2 8 5.50 0.0001 512 1.000000 49.188 1.000000
COST 1024 256 2 8 5.50 0.001 512 0.884518 113.275 1.426916
COST 1024 512 2 8 5.50 0.001 512 1.000000 143.622 1.000000
COST 1024 256 2 8 5.50 0.001 512 0.940195 81.628 0.832657
COST 1024 512 2 8 5.50 0.001 512 1.000000 92.210 1.000000
COST 1024 256 2 8 5.50 0.001 512 0.972159 61.071 0.754838
COST 1024 512 2 8 5.50 0.001 512 1.000000 64.605 1.000000
COST 1024 256 2 8 5.50 0.001 512 0.988151 48.031 0.452441
COST 1024 512 2 8 5.50 0.001 512 1.000000 49.188 1.000000
COST 1024 256 2 8 5.50 0.01 512 0.884518 113.275 0.904061
COST 1024 512 2 8 5.50 0.01 512 1.000000 143.622 1.000000
COST 1024 256 2 8 5.50 0.01 512 0.940195 81.628 0.766707
COST 1024 512 2 8 5.50 0.01 512 1.000000 92.210 1.000000
COST 1024 256 2 8 5.50 0.01 512 0.972159 61.071 0.534624
COST 1024 512 2 8 5.50 0.01 512 1.000000 64.605 1.000000
COST 1024 256 2 8 5.50 0.01 512 0.988151 48.031 0.409943
COST 1024 512 2 8 5.50 0.01 512 1.000000 49.188 1.000000
COST 1024 256 2 8 6.00 0.0001 512 0.884518 113.275 1.657504
COST 1024 512 2 8 6.00 0.0001 512 1.000000 143.622 1.000000
COST 1024 256 2 8 6.00 0.0001 512 0.940195 81.628 0.939106
COST 1024 512 2 8 6.00 0.0001 512 1.000000 92.210 1.000000
COST 1024 256 2 8 6.00 0.0001 512 0.972159 61.071 0.657288
COST 1024 512 2 8 6.00 0.0001 512 1.000000 64.605 1.000000
COST 1024 256 2 8 6.00 0.0001 512 0.988151 48.031 0.455499
COST 1024 512 2 8 6.00 0.0001 512 1.000000 49.188 1.000000
COST 1024 256 2 8 6.00 0.001 512 0.884518 113.275 1.239596
COST 1024 512 2 8 6.00 0.001 512 1.000000 143.622 1.000000
COST 1024 256 2 8 6.00 0.001 512 0.940195 81.628 0.819814
COST 1024 512 2 8 6.00 0.001 512 1.000000 92.210 1.000000
COST 1024 256 2 8 6.00 0.001 512 0.972159 61.071 0.459587
COST 1024 512 2 8 6.00 0.001 512 1.000000 64.605 1.000000
COST 1024 256 2 8 6.00 0.001 512 0.988151 48.031 0.447326
COST 1024 512 2 8 6.00 0.001 512 1.000000 49.188 1.000000
COST 1024 256 2 8 6.00 0.01 512 0.884518 113.275 0.755201
COST 1024 512 2 8 6.00 0.01 512 1.000000 143.622 1.000000
COST 1024 256 2 8 6.00 0.01 512 0.940195 81.628 0.540286
COST 1024 512 2 8 6.00 0.01 512 1.000000 92.210 1.000000
COST 1024 256 2 8 6.00 0.01 512 0.972159 61.071 0.449625
COST 1024 512 2 8 6.00 0.01 512 1.000000 64.605 1.000000
COST 1024 256 2 8 6.00 0.01 512 0.988151 48.031 0.454408
COST 1024 512 2 8 6.00 0.01 512 1.000000 49.188 1.000000
COST 1024 256 2 8 6.50 0.0001 512 0.884518 113.275 1.397213
COST 1024 512 2 8 6.50 0.0001 512 1.000000 143.622 1.000000
COST 1024 256 2 8 6.50 0.0001 512 0.940195 81.628 0.677157
COST 1024 512 2 8 6.50 0.0001 512 1.000000 92.210 1.000000
COST 1024 256 2 8 6.50 0.0001 512 0.972159 61.071 0.451111
COST 1024 512 2 8 6.50 0.0001 512 1.000000 64.605 1.000000
COST 1024 256 2 8 6.50 0.0001 512 0.988151 48.031 0.444582
COST 1024 512 2 8 6.50 0.0001 512 1.000000 49.188 1.000000
COST 1024 256 2 8 6.50 0.001 512 0.884518 113.275 0.957804
COST 1024 512 2 8 6.50 0.001 512 1.000000 143.622 1.000000
COST 1024 256 2 8 6.50 0.001 512 0.940195 81.628 0.543611
COST 1024 512 2 8 6.50 0.001 512 1.000000 92.210 1.000000
COST 1024 256 2 8 6.50 0.001 512 0.972159 61.071 0.453123
COST 1024 512 2 8 6.50 0.001 512 1.000000 64.605 1.000000
COST 1024 256 2 8 6.50 0.001 512 0.988151 48.031 0.447347
COST 1024 512 2 8 6.50 0.001 512 1.000000 49.188 1.000000
COST 1024 256 2 8 6.50 0.01 512 0.884518 113.275 0.559115
COST 1024 512 2 8 6.50 0.01 512 1.000000 143.622 1.000000
COST 1024 256 2 8 6.50 0.01 512 0.940195 81.628 0.443786
COST 1024 512 2 8 6.50 0.01 512 1.000000 92.210 1.000000
COST 1024 256 2 8 6.50 0.01 512 0.972159 61.071 0.444474
COST 1024 512 2 8 6.50 0.01 512 1.000000 64.605 1.000000
COST 1024 256 2 8 6.50 0.01 512 0.988151 48.031 0.447912
COST 1024 512 2 8 6.50 0.01 512 1.000000 49.188 1.000000
COST 131072 2048 2 8 5.00 0.0001 512 0.101363 1161.495 0.729075
COST 131072 4096 2 8 5.00 0.0001 512 0.330517 3133.156 0.752121
COST 131072 8192 2 8 5.00 0.0001 512 0.556820 6433.428 0.770351
COST 131072 16384 2 8 5.00 0.0001 512 0.739558 10405.039 0.796014
COST 131072 32768 2 8 5.00 0.0001 512 0.884753 14510.533 0.854343
COST 131072 65536 2 8 5.00 0.0001 512 1.000000 18388.750 1.000000
COST 131072 2048 2 8 5.00 0.0001 512 0.165475 1248.868 0.746328
COST 131072 4096 2 8 5.00 0.0001 512 0.461394 3219.569 0.732171
COST 131072 8192 2 8 5.00 0.0001 512 0.695493 5977.928 0.768047
COST 131072 16384 2 8 5.00 0.0001 512 0.845646 8515.006 0.801398
COST 131072 32768 2 8 5.00 0.0001 512 0.940342 10452.859 0.870467
COST 131072 65536 2 8 5.00 0.0001 512 1.000000 11804.351 1.000000
COST 131072 2048 2 8 5.00 0.0001 512 0.244680 1346.831 0.744113
COST 131072 4096 2 8 5.00 0.0001 512 0.588141 3276.857 0.730355
COST 131072 8192 2 8 5.00 0.0001 512 0.805819 5460.169 0.760789
COST 131072 16384 2 8 5.00 0.0001 512 0.916724 6964.047 0.782224
COST 131072 32768 2 8 5.00 0.0001 512 0.972240 7818.850 0.859667
COST 131072 65536 2 8 5.00 0.0001 512 1.000000 8269.841 1.000000
COST 131072 2048 2 8 5.00 0.0001 512 0.334152 1456.527 0.886146
COST 131072 4096 2 8 5.00 0.0001 512 0.698534 3302.182 0.904757
COST 131072 8192 2 8 5.00 0.0001 512 0.883560 4943.763 0.979051
COST 131072 16384 2 8 5.00 0.0001 512 0.958440 5786.452 0.954347
COST 131072 32768 2 8 5.00 0.0001 512 0.988192 6148.706 1.031175
COST 131072 65536 2 8 5.00 0.0001 512 1.000000 6296.317 1.000000
COST 131072 2048 2 8 5.00 0.001 512 0.101363 1161.495 0.692284
COST 131072 4096 2 8 5.00 0.001 512 0.330517 3133.156 0.714012
COST 131072 8192 2 8 5.00 0.001 512 0.556820 6433.428 0.735842
COST 131072 16384 2 8 5.00 0.001 512 0.739558 10405.039 0.758356
COST 131072 32768 2 8 5.00 0.001 512 0.884753 14510.533 0.835379
COST 131072 65536 2 8 5.00 0.001 512 1.000000 18388.750 1.000000
COST 131072 2048 2 8 5.00 0.001 512 0.165475 1248.868 0.714032
COST 131072 4096 2 8 5.00 0.001 512 0.461394 3219.569 0.761519
COST 131072 8192 2 8 5.00 0.001 512 0.695493 5977.928 0.738919
COST 131072 16384 2 8 5.00 0.001 512 0.845646 8515.006 0.787751
COST 131072 32768 2 8 5.00 0.001 512 0.940342 10452.859 0.848716
COST 131072 65536 2 8 5.00 0.001 512 1.000000 11804.351 1.000000
COST 131072 2048 2 8 5.00 0.001 512 0.244680 1346.831 0.783524
COST 131072 4096 2 8 5.00 0.001 512 0.588141 3276.857 0.766660
COST 131072 8192 2 8 5.00 0.001 512 0.805819 5460.169 0.804418
COST 131072 16384 2 8 5.00 0.001 512 0.916724 6964.047 0.837133
COST 131072 32768 2 8 5.00 0.001 512 0.972240 7818.850 0.908646
COST 131072 65536 2 8 5.00 0.001 512 1.000000 8269.841 1.000000
COST 131072 2048 2 8 5.00 0.001 512 0.334152 1456.527 1.066464
COST 131072 4096 2 8 5.00 0.001 512 0.698534 3302.182 1.104580
COST 131072 8192 2 8 5.00 0.001 512 0.883560 4943.763 1.096488
COST 131072 16384 2 8 5.00 0.001 512 0.958440 5786.452 1.131129
COST 131072 32768 2 8 5.00 0.001 512 0.988192 6148.706 1.088313
COST 131072 65536 2 8 5.00 0.001 512 1.000000 6296.317 1.000000
COST 131072 2048 2 8 5.00 0.01 512 0.101363 1161.495 0.738507
COST 131072 4096 2 8 5.00 0.01 512 0.330517 3133.156 0.766409
COST 131072 8192 2 8 5.00 0.01 512 0.556820 6433.428 0.782837
COST 131072 16384 2 8 5.00 0.01 512 0.739558 10405.039 0.815698
COST 131072 32768 2 8 5.00 0.01 512 0.884753 14510.533 0.860733
COST 131072 65536 2 8 5.00 0.01 512 1.000000 18388.750 1.000000
COST 131072 2048 2 8 5.00 0.01 512 0.165475 1248.868 0.738406
COST 131072 4096 2 8 5.00 0.01 512 0.461394 3219.569 0.738064
COST 131072 8192 2 8 5.00 0.01 512 0.695493 5977.928 0.773895
COST 131072 16384 2 8 5.00 0.01 512 0.845646 8515.006 0.794977
COST 131072 32768 2 8 5.00 0.01 512 0.940342 10452.859 0.875927
COST 131072 65536 2 8 5.00 0.01 512 1.000000 11804.351 1.000000
COST 131072 2048 2 8 5.00 0.01 512 0.244680 1346.831 1.081423
COST 131072 4096 2 8 5.00 0.01 512 0.588141 3276.857 1.061434
COST 131072 8192 2 8 5.00 0.01 512 0.805819 5460.169 1.105279
COST 131072 16384 2 8 5.00 0.01 512 0.916724 6964.047 1.121783
COST 131072 32768 2 8 5.00 0.01 512 0.972240 7818.850 1.103610
COST 131072 65536 2 8 5.00 0.01 512 1.000000 8269.841 1.000000
COST 131072 2048 2 8 5.00 0.01 512 0.334152 1456.527 1.442056
COST 131072 4096 2 8 5.00 0.01 512 0.698534 3302.182 1.500929
COST 131072 8192 2 8 5.00 0.01 512 0.883560 4943.763 1.468588
COST 131072 16384 2 8 5.00 0.01 512 0.958440 5786.452 1.324941
COST 131072 32768 2 8 5.00 0.01 512 0.988192 6148.706 0.968303
COST 131072 65536 2 8 5.00 0.01 512 1.000000 6296.317 1.000000
COST 131072 2048 2 8 5.50 0.0001 512 0.101363 1161.495 0.730477
COST 131072 4096 2 8 5.50 0.0001 512 0.330517 3133.156 0.727167
COST 131072 8192 2 8 5.50 0.0001 512 0.556820 6433.428 0.746656
COST 131072 16384 2 8 5.50 0.0001 512 0.739558 10405.039 0.783126
COST 131072 32768 2 8 5.50 0.0001 512 0.884753 14510.533 0.850975
COST 131072 65536 2 8 5.50 0.0001 512 1.000000 18388.750 1.000000
COST 131072 2048 2 8 5.50 0.0001 512 0.165475 1248.868 0.738307
COST 131072 4096 2 8 5.50 0.0001 512 0.461394 3219.569 0.771246
COST 131072 8192 2 8 5.50 0.0001 512 0.695493 5977.928 0.780365
COST 131072 16384 2 8 5.50 0.0001 512 0.845646 8515.006 0.798036
COST 131072 32768 2 8 5.50 0.0001 512 0.940342 10452.859 0.851740
COST 131072 65536 2 8 5.50 0.0001 512 1.000000 11804.351 1.000000
COST 131072 2048 2 8 5.50 0.0001 512 0.244680 1346.831 0.997798
COST 131072 4096 2 8 5.50 0.0001 512 0.588141 3276.857 1.005455
COST 131072 8192 2 8 5.50 0.0001 512 0.805819 5460.169 1.024234
COST 131072 16384 2 8 5.50 0.0001 512 0.916724 6964.047 1.091048
COST 131072 32768 2 8 5.50 0.0001 512 0.972240 7818.850 1.151779
COST 131072 65536 2 8 5.50 0.0001 512 1.000000 8269.841 1.000000
COST 131072 2048 2 8 5.50 0.0001 512 0.334152 1456.527 1.827530
COST 131072 4096 2 8 5.50 0.0001 512 0.698534 3302.182 1.917316
COST 131072 8192 2 8 5.50 0.0001 512 0.883560 4943.763 2.001469
COST 131072 16384 2 8 5.50 0.0001 512 0.958440 5786.452 1.957533
COST 131072 32768 2 8 5.50 0.0001 512 0.988192 6148.706 1.180668
COST 131072 65536 2 8 5.50 0.0001 512 1.000000 6296.317 1.000000
COST 131072 2048 2 8 5.50 0.001 512 0.101363 1161.495 0.745082
COST 131072 4096 2 8 5.50 0.001 512 0.330517 3133.156 0.778735
COST 131072 8192 2 8 5.50 0.001 512 0.556820 6433.428 0.764440
COST 131072 16384 2 8 5.50 0.001 512 0.739558 10405.039 0.787814
COST 131072 32768 2 8 5.50 0.001 512 0.884753 14510.533 0.868879
COST 131072 65536 2 8 5.50 0.001 512 1.000000 18388.750 1.000000
COST 131072 2048 2 8 5.50 0.001 512 0.165475 1248.868 0.790833
COST 131072 4096 2 8 5.50 0.001 512 0.461394 3219.569 0.801763
COST 131072 8192 2 8 5.50 0.001 512 0.695493 5977.928 0.827425
COST 131072 16384 2 8 5.50 0.001 512 0.845646 8515.006 0.838206
COST 131072 32768 2 8 5.50 0.001 512 0.940342 10452.859 0.894572
COST 131072 65536 2 8 5.50 0.001 512 1.000000 11804.351 1.000000
COST 131072 2048 2 8 5.50 0.001 512 0.244680 1346.831 1.414205
COST 131072 4096 2 8 5.50 0.001 512 0.588141 3276.857 1.396966
COST 131072 8192 2 8 5.50 0.001 512 0.805819 5460.169 1.434282
COST 131072 16384 2 8 5.50 0.001 512 0.916724 6964.047 1.481639
COST 131072 32768 2 8 5.50 0.001 512 0.972240 7818.850 1.192175
COST 131072 65536 2 8 5.50 0.001 512 1.000000 8269.841 1.000000
COST 131072 2048 2 8 5.50 0.001 512 0.334152 1456.527 1.988906
COST 131072 4096 2 8 5.50 0.001 512 0.698534 3302.182 1.997575
COST 131072 8192 2 8 5.50 0.001 512 0.883560 4943.763 2.022485
COST 131072 16384 2 8 5.50 0.001 512 0.958440 5786.452 1.553523
COST 131072 32768 2 8 5.50 0.001 512 0.988192 6148.706 0.768897
COST 131072 65536 2 8 5.50 0.001 512 1.000000 6296.317 1.000000
COST 131072 2048 2 8 5.50 0.01 512 0.101363 1161.495 0.732263
COST 131072 4096 2 8 5.50 0.01 512 0.330517 3133.156 0.770586
COST 131072 8192 2 8 5.50 0.01 512 0.556820 6433.428 0.796760
COST 131072 16384 2 8 5.50 0.01 512 0.739558 10405.039 0.813365
COST 131072 32768 2 8 5.50 0.01 512 0.884753 14510.533 0.878991
COST 131072 65536 2 8 5.50 0.01 512 1.000000 18388.750 1.000000
COST 131072 2048 2 8 5.50 0.01 512 0.165475 1248.868 1.182360
COST 131072 4096 2 8 5.50 0.01 512 0.461394 3219.569 1.225454
COST 131072 8192 2 8 5.50 0.01 512 0.695493 5977.928 1.241092
COST 131072 16384 2 8 5.50 0.01 512 0.845646 8515.006 1.304902
COST 131072 32768 2 8 5.50 0.01 512 0.940342 10452.859 1.130728
COST 131072 65536 2 8 5.50 0.01 512 1.000000 11804.351 1.000000
COST 131072 2048 2 8 5.50 0.01 512 0.244680 1346.831 2.034040
COST 131072 4096 2 8 5.50 0.01 512 0.588141 3276.857 2.102269
COST 131072 8192 2 8 5.50 0.01 512 0.805819 5460.169 2.074629
COST 131072 16384 2 8 5.50 0.01 512 0.916724 6964.047 1.680774
COST 131072 32768 2 8 5.50 0.01 512 0.972240 7818.850 0.803465
COST 131072 65536 2 8 5.50 0.01 512 1.000000 8269.841 1.000000
COST 131072 2048 2 8 5.50 0.01 512 0.334152 1456.527 2.268625
COST 131072 4096 2 8 5.50 0.01 512 0.698534 3302.182 2.233981
COST 131072 8192 2 8 5.50 0.01 512 0.883560 4943.763 1.966298
COST 131072 16384 2 8 5.50 0.01 512 0.958440 5786.452 0.804534
COST 131072 32768 2 8 5.50 0.01 512 0.988192 6148.706 0.562672
COST 131072 65536 2 8 5.50 0.01 512 1.000000 6296.317 1.000000
COST 131072 2048 2 8 6.00 0.0001 512 0.101363 1161.495 0.730878
COST 131072 4096 2 8 6.00 0.0001 512 0.330517 3133.156 0.753710
COST 131072 8192 2 8 6.00 0.0001 512 0.556820 6433.428 0.766351
COST 131072 16384 2 8 6.00 0.0001 512 0.739558 10405.039 0.793487
COST 131072 32768 2 8 6.00 0.0001 512 0.884753 14510.533 0.861591
COST 131072 65536 2 8 6.00 0.0001 512 1.000000 18388.750 1.000000
COST 131072 2048 2 8 6.00 0.0001 512 0.165475 1248.868 1.005688
COST 131072 4096 2 8 6.00 0.0001 512 0.461394 3219.569 1.001620
COST 131072 8192 2 8 6.00 0.0001 512 0.695493 5977.928 1.073400
COST 131072 16384 2 8 6.00 0.0001 512 0.845646 8515.006 1.057667
COST 131072 32768 2 8 6.00 0.0001 512 0.940342 10452.859 1.146158
COST 131072 65536 2 8 6.00 0.0001 512 1.000000 11804.351 1.000000
COST 131072 2048 2 8 6.00 0.0001 512 0.244680 1346.831 1.998985
COST 131072 4096 2 8 6.00 0.0001 512 0.588141 3276.857 2.040193
COST 131072 8192 2 8 6.00 0.0001 512 0.805819 5460.169 2.051360
COST 131072 16384 2 8 6.00 0.0001 512 0.916724 6964.047 2.170100
COST 131072 32768 2 8 6.00 0.0001 512 0.972240 7818.850 1.177166
COST 131072 65536 2 8 6.00 0.0001 512 1.000000 8269.841 1.000000
COST 131072 2048 2 8 6.00 0.0001 512 0.334152 1456.527 2.496071
COST 131072 4096 2 8 6.00 0.0001 512 0.698534 3302.182 2.515655
COST 131072 8192 2 8 6.00 0.0001 512 0.883560 4943.763 2.615579
COST 131072 16384 2 8 6.00 0.0001 512 0.958440 5786.452 1.321152
COST 131072 32768 2 8 6.00 0.0001 512 0.988192 6148.706 0.586385
COST 131072 65536 2 8 6.00 0.0001 512 1.000000 6296.317 1.000000
COST 131072 2048 2 8 6.00 0.001 512 0.101363 1161.495 0.746900
COST 131072 4096 2 8 6.00 0.001 512 0.330517 3133.156 0.784660
COST 131072 8192 2 8 6.00 0.001 512 0.556820 6433.428 0.775038
COST 131072 16384 2 8 6.00 0.001 512 0.739558 10405.039 0.802225
COST 131072 32768 2 8 6.00 0.001 512 0.884753 14510.533 0.861130
COST 131072 65536 2 8 6.00 0.001 512 1.000000 18388.750 1.000000
COST 131072 2048 2 8 6.00 0.001 512 0.165475 1248.868 1.453352
COST 131072 4096 2 8 6.00 0.001 512 0.461394 3219.569 1.479964
COST 131072 8192 2 8 6.00 0.001 512 0.695493 5977.928 1.611510
COST 131072 16384 2 8 6.00 0.001 512 0.845646 8515.006 1.571654
COST 131072 32768 2 8 6.00 0.001 512 0.940342 10452.859 1.372856
COST 131072 65536 2 8 6.00 0.001 512 1.000000 11804.351 1.000000
COST 131072 2048 2 8 6.00 0.001 512 0.244680 1346.831 2.428198
COST 131072 4096 2 8 6.00 0.001 512 0.588141 3276.857 2.392468
COST 131072 8192 2 8 6.00 0.001 512 0.805819 5460.169 2.474676
COST 131072 16384 2 8 6.00 0.001 512 0.916724 6964.047 1.685059
COST 131072 32768 2 8 6.00 0.001 512 0.972240 7818.850 0.732539
COST 131072 65536 2 8 6.00 0.001 512 1.000000 8269.841 1.000000
COST 131072 2048 2 8 6.00 0.001 512 0.334152 1456.527 2.506100
COST 131072 4096 2 8 6.00 0.001 512 0.698534 3302.182 2.466159
COST 131072 8192 2 8 6.00 0.001 512 0.883560 4943.763 2.151037
COST 131072 16384 2 8 6.00 0.001 512 0.958440 5786.452 0.524759
COST 131072 32768 2 8 6.00 0.001 512 0.988192 6148.706 0.486263
COST 131072 65536 2 8 6.00 0.001 512 1.000000 6296.317 1.000000
COST 131072 2048 2 8 6.00 0.01 512 0.101363 1161.495 1.142598
COST 131072 4096 2 8 6.00 0.01 512 0.330517 3133.156 1.156386
COST 131072 8192 2 8 6.00 0.01 512 0.556820 6433.428 1.175995
COST 131072 16384 2 8 6.00 0.01 512 0.739558 10405.039 1.225644
COST 131072 32768 2 8 6.00 0.01 512 0.884753 14510.533 1.259490
COST 131072 65536 2 8 6.00 0.01 512 1.000000 18388.750 1.000000
COST 131072 2048 2 8 6.00 0.01 512 0.165475 1248.868 2.165064
COST 131072 4096 2 8 6.00 0.01 512 0.461394 3219.569 2.245897
COST 131072 8192 2 8 6.00 0.01 512 0.695493 5977.928 2.269153
COST 131072 16384 2 8 6.00 0.01 512 0.845646 8515.006 2.136943
COST 131072 32768 2 8 6.00 0.01 512 0.940342 10452.859 0.830895
COST 131072 65536 2 8 6.00 0.01 512 1.000000 11804.351 1.000000
COST 131072 2048 2 8 6.00 0.01 512 0.244680 1346.831 2.493358
COST 131072 4096 2 8 6.00 0.01 512 0.588141 3276.857 2.506638
COST 131072 8192 2 8 6.00 0.01 512 0.805819 5460.169 2.113032
COST 131072 16384 2 8 6.00 0.01 512 0.916724 6964.047 0.701115
COST 131072 32768 2 8 6.00 0.01 512 0.972240 7818.850 0.483827
COST 131072 65536 2 8 6.00 0.01 512 1.000000 8269.841 1.000000
COST 131072 2048 2 8 6.00 0.01 512 0.334152 1456.527 2.465553
COST 131072 4096 2 8 6.00 0.01 512 0.698534 3302.182 2.497800
COST 131072 8192 2 8 6.00 0.01 512 0.883560 4943.763 0.831342
COST 131072 16384 2 8 6.00 0.01 512 0.958440 5786.452 0.281959
COST 131072 32768 2 8 6.00 0.01 512 0.988192 6148.706 0.451306
COST 131072 65536 2 8 6.00 0.01 512 1.000000 6296.317 1.000000
COST 131072 2048 2 8 6.50 0.0001 512 0.101363 1161.495 0.797972
COST 131072 4096 2 8 6.50 0.0001 512 0.330517 3133.156 0.825225
COST 131072 8192 2 8 6.50 0.0001 512 0.556820 6433.428 0.828056
COST 131072 16384 2 8 6.50 0.0001 512 0.739558 10405.039 0.868708
COST 131072 32768 2 8 6.50 0.0001 512 0.884753 14510.533 0.938213
COST 131072 65536 2 8 6.50 0.0001 512 1.000000 18388.750 1.000000
COST 131072 2048 2 8 6.50 0.0001 512 0.165475 1248.868 1.979083
COST 131072 4096 2 8 6.50 0.0001 512 0.461394 3219.569 2.003783
COST 131072 8192 2 8 6.50 0.0001 512 0.695493 5977.928 2.077927
COST 131072 16384 2 8 6.50 0.0001 512 0.845646 8515.006 2.123411
COST 131072 32768 2 8 6.50 0.0001 512 0.940342 10452.859 1.530710
COST 131072 65536 2 8 6.50 0.0001 512 1.000000 11804.351 1.000000
COST 131072 2048 2 8 6.50 0.0001 512 0.244680 1346.831 2.597230
COST 131072 4096 2 8 6.50 0.0001 512 0.588141 3276.857 2.648567
COST 131072 8192 2 8 6.50 0.0001 512 0.805819 5460.169 2.656334
COST 131072 16384 2 8 6.50 0.0001 512 0.916724 6964.047 1.593745
COST 131072 32768 2 8 6.50 0.0001 512 0.972240 7818.850 0.599795
COST 131072 65536 2 8 6.50 0.0001 512 1.000000 8269.841 1.000000
COST 131072 2048 2 8 6.50 0.0001 512 0.334152 1456.527 2.528925
COST 131072 4096 2 8 6.50 0.0001 512 0.698534 3302.182 2.561762
COST 131072 8192 2 8 6.50 0.0001 512 0.883560 4943.763 1.838380
COST 131072 16384 2 8 6.50 0.0001 512 0.958440 5786.452 0.378988
COST 131072 32768 2 8 6.50 0.0001 512 0.988192 6148.706 0.430397
COST 131072 65536 2 8 6.50 0.0001 512 1.000000 6296.317 1.000000
COST 131072 2048 2 8 6.50 0.001 512 0.101363 1161.495 1.190952
COST 131072 4096 2 8 6.50 0.001 512 0.330517 3133.156 1.181121
COST 131072 8192 2 8 6.50 0.001 512 0.556820 6433.428 1.191214
COST 131072 16384 2 8 6.50 0.001 512 0.739558 10405.039 1.238626
COST 131072 32768 2 8 6.50 0.001 512 0.884753 14510.533 1.316108
COST 131072 65536 2 8 6.50 0.001 512 1.000000 18388.750 1.000000
COST 131072 2048 2 8 6.50 0.001 512 0.165475 1248.868 2.535933
COST 131072 4096 2 8 6.50 0.001 512 0.461394 3219.569 2.502178
COST 131072 8192 2 8 6.50 0.001 512 0.695493 5977.928 2.536080
COST 131072 16384 2 8 6.50 0.001 512 0.845646 8515.006 2.329670
COST 131072 32768 2 8 6.50 0.001 512 0.940342 10452.859 0.864990
COST 131072 65536 2 8 6.50 0.001 512 1.000000 11804.351 1.000000
COST 131072 2048 2 8 6.50 0.001 512 0.244680 1346.831 2.616722
COST 131072 4096 2 8 6.50 0.001 512 0.588141 3276.857 2.713927
COST 131072 8192 2 8 6.50 0.001 512 0.805819 5460.169 2.492832
COST 131072 16384 2 8 6.50 0.001 512 0.916724 6964.047 0.608178
COST 131072 32768 2 8 6.50 0.001 512 0.972240 7818.850 0.479648
COST 131072 65536 2 8 6.50 0.001 512 1.000000 8269.841 1.000000
COST 131072 2048 2 8 6.50 0.001 512 0.334152 1456.527 2.750862
COST 131072 4096 2 8 6.50 0.001 512 0.698534 3302.182 2.577825
COST 131072 8192 2 8 6.50 0.001 512 0.883560 4943.763 0.927289
COST 131072 16384 2 8 6.50 0.001 512 0.958440 5786.452 0.260353
COST 131072 32768 2 8 6.50 0.001 512 0.988192 6148.706 0.466557
COST 131072 65536 2 8 6.50 0.001 512 1.000000 6296.317 1.000000
COST 131072 2048 2 8 6.50 0.01 512 0.101363 1161.495 2.073029
COST 131072 4096 2 8 6.50 0.01 512 0.330517 3133.156 2.112087
COST 131072 8192 2 8 6.50 0.01 512 0.556820 6433.428 2.097565
COST 131072 16384 2 8 6.50 0.01 512 0.739558 10405.039 2.163405
COST 131072 32768 2 8 6.50 0.01 512 0.884753 14510.533 1.169216
COST 131072 65536 2 8 6.50 0.01 512 1.000000 18388.750 1.000000
COST 131072 2048 2 8 6.50 0.01 512 0.165475 1248.868 2.676156
COST 131072 4096 2 8 6.50 0.01 512 0.461394 3219.569 2.651305
COST 131072 8192 2 8 6.50 0.01 512 0.695493 5977.928 2.695466
COST 131072 16384 2 8 6.50 0.01 512 0.845646 8515.006 1.100921
COST 131072 32768 2 8 6.50 0.01 512 0.940342 10452.859 0.514853
COST 131072 65536 2 8 6.50 0.01 512 1.000000 11804.351 1.000000
COST 131072 2048 2 8 6.50 0.01 512 0.244680 1346.831 2.550484
COST 131072 4096 2 8 6.50 0.01 512 0.588141 3276.857 2.681777
COST 131072 8192 2 8 6.50 0.01 512 0.805819 5460.169 0.899294
COST 131072 16384 2 8 6.50 0.01 512 0.916724 6964.047 0.273117
COST 131072 32768 2 8 6.50 0.01 512 0.972240 7818.850 0.461353
COST 131072 65536 2 8 6.50 0.01 512 1.000000 8269.841 1.000000
COST 131072 2048 2 8 6.50 0.01 512 0.334152 1456.527 2.498099
COST 131072 4096 2 8 6.50 0.01 512 0.698534 3302.182 1.900331
COST 131072 8192 2 8 6.50 0.01 512 0.883560 4943.763 0.230998
COST 131072 16384 2 8 6.50 0.01 512 0.958440 5786.452 0.203171
COST 131072 32768 2 8 6.50 0.01 512 0.988192 6148.706 0.421378
COST 131072 65536 2 8 6.50 0.01 512 1.000000 6296.317 1.000000
COST 16384 256 2 8 5.00 0.0001 512 0.100931 144.827 0.828225
COST 16384 512 2 8 5.00 0.0001 512 0.330217 391.221 0.798436
COST 16384 1024 2 8 5.00 0.0001 512 0.556698 803.890 0.816385
COST 16384 2048 2 8 5.00 0.0001 512 0.739514 1300.471 0.897250
COST 16384 4096 2 8 5.00 0.0001 512 0.884740 1813.739 0.951141
COST 16384 8192 2 8 5.00 0.0001 512 1.000000 2298.558 1.000000
COST 16384 256 2 8 5.00 0.0001 512 0.164845 155.728 0.657211
COST 16384 512 2 8 5.00 0.0001 512 0.461047 402.049 1.221568
COST 16384 1024 2 8 5.00 0.0001 512 0.695380 747.028 1.036128
COST 16384 2048 2 8 5.00 0.0001 512 0.845613 1064.289 1.403035
COST 16384 4096 2 8 5.00 0.0001 512 0.940334 1306.576 1.550997
COST 16384 8192 2 8 5.00 0.0001 512 1.000000 1475.533 1.000000
COST 16384 256 2 8 5.00 0.0001 512 0.243860 167.954 1.323693
COST 16384 512 2 8 5.00 0.0001 512 0.587781 409.249 1.327395
COST 16384 1024 2 8 5.00 0.0001 512 0.805726 682.375 1.308132
COST 16384 2048 2 8 5.00 0.0001 512 0.916701 870.462 1.396835
COST 16384 4096 2 8 5.00 0.0001 512 0.972236 977.344 1.218287
COST 16384 8192 2 8 5.00 0.0001 512 1.000000 1033.727 1.000000
COST 16384 256 2 8 5.00 0.0001 512 0.333179 181.648 2.278769
COST 16384 512 2 8 5.00 0.0001 512 0.698196 412.464 2.294046
COST 16384 1024 2 8 5.00 0.0001 512 0.883490 617.877 2.334552
COST 16384 2048 2 8 5.00 0.0001 512 0.958427 723.286 2.002885
COST 16384 4096 2 8 5.00 0.0001 512 0.988190 768.584 0.967220
COST 16384 8192 2 8 5.00 0.0001 512 1.000000 787.039 1.000000
COST 16384 256 2 8 5.00 0.001 512 0.100931 144.827 0.717448
COST 16384 512 2 8 5.00 0.001 512 0.330217 391.221 0.766083
COST 16384 1024 2 8 5.00 0.001 512 0.556698 803.890 0.766889
COST 16384 2048 2 8 5.00 0.001 512 0.739514 1300.471 0.823227
COST 16384 4096 2 8 5.00 0.001 512 0.884740 1813.739 0.874492
COST 16384 8192 2 8 5.00 0.001 512 1.000000 2298.558 1.000000
COST 16384 256 2 8 5.00 0.001 512 0.164845 155.728 0.920276
COST 16384 512 2 8 5.00 0.001 512 0.461047 402.049 0.900249
COST 16384 1024 2 8 5.00 0.001 512 0.695380 747.028 0.990741
COST 16384 2048 2 8 5.00 0.001 512 0.845613 1064.289 1.036045
COST 16384 4096 2 8 5.00 0.001 512 0.940334 1306.576 1.025044
COST 16384 8192 2 8 5.00 0.001 512 1.000000 1475.533 1.000000
COST 16384 256 2 8 5.00 0.001 512 0.243860 167.954 1.916570
COST 16384 512 2 8 5.00 0.001 512 0.587781 409.249 1.904035
COST 16384 1024 2 8 5.00 0.001 512 0.805726 682.375 2.010219
COST 16384 2048 2 8 5.00 0.001 512 0.916701 870.462 2.019442
COST 16384 4096 2 8 5.00 0.001 512 0.972236 977.344 1.224036
COST 16384 8192 2 8 5.00 0.001 512 1.000000 1033.727 1.000000
COST 16384 256 2 8 5.00 0.001 512 0.333179 181.648 2.586249
COST 16384 512 2 8 5.00 0.001 512 0.698196 412.464 2.454014
COST 16384 1024 2 8 5.00 0.001 512 0.883490 617.877 2.505094
COST 16384 2048 2 8 5.00 0.001 512 0.958427 723.286 1.332346
COST 16384 4096 2 8 5.00 0.001 512 0.988190 768.584 0.795771
COST 16384 8192 2 8 5.00 0.001 512 1.000000 787.039 1.000000
COST 16384 256 2 8 5.00 0.01 512 0.100931 144.827 0.774858
COST 16384 512 2 8 5.00 0.01 512 0.330217 391.221 0.767499
COST 16384 1024 2 8 5.00 0.01 512 0.556698 803.890 0.816270
COST 16384 2048 2 8 5.00 0.01 512 0.739514 1300.471 0.866880
COST 16384 4096 2 8 5.00 0.01 512 0.884740 1813.739 0.911270
COST 16384 8192 2 8 5.00 0.01 512 1.000000 2298.558 1.000000
COST 16384 256 2 8 5.00 0.01 512 0.164845 155.728 1.599307
COST 16384 512 2 8 5.00 0.01 512 0.461047 402.049 1.599268
COST 16384 1024 2 8 5.00 0.01 512 0.695380 747.028 1.567529
COST 16384 2048 2 8 5.00 0.01 512 0.845613 1064.289 1.674201
COST 16384 4096 2 8 5.00 0.01 512 0.940334 1306.576 1.132733
COST 16384 8192 2 8 5.00 0.01 512 1.000000 1475.533 1.000000
COST 16384 256 2 8 5.00 0.01 512 0.243860 167.954 2.687384
COST 16384 512 2 8 5.00 0.01 512 0.587781 409.249 2.729707
COST 16384 1024 2 8 5.00 0.01 512 0.805726 682.375 2.471849
COST 16384 2048 2 8 5.00 0.01 512 0.916701 870.462 1.570102
COST 16384 4096 2 8 5.00 0.01 512 0.972236 977.344 0.886626
COST 16384 8192 2 8 5.00 0.01 512 1.000000 1033.727 1.000000
COST 16384 256 2 8 5.00 0.01 512 0.333179 181.648 3.206024
COST 16384 512 2 8 5.00 0.01 512 0.698196 412.464 3.185396
COST 16384 1024 2 8 5.00 0.01 512 0.883490 617.877 1.720279
COST 16384 2048 2 8 5.00 0.01 512 0.958427 723.286 0.687979
COST 16384 4096 2 8 5.00 0.01 512 0.988190 768.584 0.612689
COST 16384 8192 2 8 5.00 0.01 512 1.000000 787.039 1.000000
COST 16384 256 2 8 5.50 0.0001 512 0.100931 144.827 0.750726
COST 16384 512 2 8 5.50 0.0001 512 0.330217 391.221 0.763774
COST 16384 1024 2 8 5.50 0.0001 512 0.556698 803.890 0.771462
COST 16384 2048 2 8 5.50 0.0001 512 0.739514 1300.471 0.833726
COST 16384 4096 2 8 5.50 0.0001 512 0.884740 1813.739 0.860104
COST 16384 8192 2 8 5.50 0.0001 512 1.000000 2298.558 1.000000
COST 16384 256 2 8 5.50 0.0001 512 0.164845 155.728 1.287826
COST 16384 512 2 8 5.50 0.0001 512 0.461047 402.049 1.294244
COST 16384 1024 2 8 5.50 0.0001 512 0.695380 747.028 1.334232
COST 16384 2048 2 8 5.50 0.0001 512 0.845613 1064.289 1.358725
COST 16384 4096 2 8 5.50 0.0001 512 0.940334 1306.576 1.418213
COST 16384 8192 2 8 5.50 0.0001 512 1.000000 1475.533 1.000000
COST 16384 256 2 8 5.50 0.0001 512 0.243860 167.954 2.642903
COST 16384 512 2 8 5.50 0.0001 512 0.587781 409.249 2.634808
COST 16384 1024 2 8 5.50 0.0001 512 0.805726 682.375 2.688789
COST 16384 2048 2 8 5.50 0.0001 512 0.916701 870.462 2.444348
COST 16384 4096 2 8 5.50 0.0001 512 0.972236 977.344 1.096993
COST 16384 8192 2 8 5.50 0.0001 512 1.000000 1033.727 1.000000
COST 16384 256 2 8 5.50 0.0001 512 0.333179 181.648 3.388511
COST 16384 512 2 8 5.50 0.0001 512 0.698196 412.464 3.503371
COST 16384 1024 2 8 5.50 0.0001 512 0.883490 617.877 3.010241
COST 16384 2048 2 8 5.50 0.0001 512 0.958427 723.286 1.029276
COST 16384 4096 2 8 5.50 0.0001 512 0.988190 768.584 0.606667
COST 16384 8192 2 8 5.50 0.0001 512 1.000000 787.039 1.000000
COST 16384 256 2 8 5.50 0.001 512 0.100931 144.827 0.817385
COST 16384 512 2 8 5.50 0.001 512 0.330217 391.221 0.825885
COST 16384 1024 2 8 5.50 0.001 512 0.556698 803.890 0.861540
COST 16384 2048 2 8 5.50 0.001 512 0.739514 1300.471 0.873397
COST 16384 4096 2 8 5.50 0.001 512 0.884740 1813.739 0.938524
COST 16384 8192 2 8 5.50 0.001 512 1.000000 2298.558 1.000000
COST 16384 256 2 8 5.50 0.001 512 0.164845 155.728 2.046229
COST 16384 512 2 8 5.50 0.001 512 0.461047 402.049 2.072296
COST 16384 1024 2 8 5.50 0.001 512 0.695380 747.028 2.116293
COST 16384 2048 2 8 5.50 0.001 512 0.845613 1064.289 2.124101
COST 16384 4096 2 8 5.50 0.001 512 0.940334 1306.576 1.359614
COST 16384 8192 2 8 5.50 0.001 512 1.000000 1475.533 1.000000
COST 16384 256 2 8 5.50 0.001 512 0.243860 167.954 3.269075
COST 16384 512 2 8 5.50 0.001 512 0.587781 409.249 3.170615
COST 16384 1024 2 8 5.50 0.001 512 0.805726 682.375 3.224426
COST 16384 2048 2 8 5.50 0.001 512 0.916701 870.462 1.584088
COST 16384 4096 2 8 5.50 0.001 512 0.972236 977.344 0.778470
COST 16384 8192 2 8 5.50 0.001 512 1.000000 1033.727 1.000000
COST 16384 256 2 8 5.50 0.001 512 0.333179 181.648 3.290633
COST 16384 512 2 8 5.50 0.001 512 0.698196 412.464 3.463676
COST 16384 1024 2 8 5.50 0.001 512 0.883490 617.877 1.728628
COST 16384 2048 2 8 5.50 0.001 512 0.958427 723.286 0.590111
COST 16384 4096 2 8 5.50 0.001 512 0.988190 768.584 0.478981
COST 16384 8192 2 8 5.50 0.001 512 1.000000 787.039 1.000000
COST 16384 256 2 8 5.50 0.01 512 0.100931 144.827 1.552791
COST 16384 512 2 8 5.50 0.01 512 0.330217 391.221 1.509321
COST 16384 1024 2 8 5.50 0.01 512 0.556698 803.890 1.522682
COST 16384 2048 2 8 5.50 0.01 512 0.739514 1300.471 1.646210
COST 16384 4096 2 8 5.50 0.01 512 0.884740 1813.739 1.232345
COST 16384 8192 2 8 5.50 0.01 512 1.000000 2298.558 1.000000
COST 16384 256 2 8 5.50 0.01 512 0.164845 155.728 2.855389
COST 16384 512 2 8 5.50 0.01 512 0.461047 402.049 2.845500
COST 16384 1024 2 8 5.50 0.01 512 0.695380 747.028 2.963983
COST 16384 2048 2 8 5.50 0.01 512 0.845613 1064.289 1.862797
COST 16384 4096 2 8 5.50 0.01 512 0.940334 1306.576 0.844530
COST 16384 8192 2 8 5.50 0.01 512 1.000000 1475.533 1.000000
COST 16384 256 2 8 5.50 0.01 512 0.243860 167.954 3.440794
COST 16384 512 2 8 5.50 0.01 512 0.587781 409.249 3.423820
COST 16384 1024 2 8 5.50 0.01 512 0.805726 682.375 1.723704
COST 16384 2048 2 8 5.50 0.01 512 0.916701 870.462 0.678085
COST 16384 4096 2 8 5.50 0.01 512 0.972236 977.344 0.478161
COST 16384 8192 2 8 5.50 0.01 512 1.000000 1033.727 1.000000
COST 16384 256 2 8 5.50 0.01 512 0.333179 181.648 3.519880
COST 16384 512 2 8 5.50 0.01 512 0.698196 412.464 2.736718
COST 16384 1024 2 8 5.50 0.01 512 0.883490 617.877 0.435621
COST 16384 2048 2 8 5.50 0.01 512 0.958427 723.286 0.205803
COST 16384 4096 2 8 5.50 0.01 512 0.988190 768.584 0.448175
COST 16384 8192 2 8 5.50 0.01 512 1.000000 787.039 1.000000
COST 16384 256 2 8 6.00 0.0001 512 0.100931 144.827 1.021011
COST 16384 512 2 8 6.00 0.0001 512 0.330217 391.221 0.994542
COST 16384 1024 2 8 6.00 0.0001 512 0.556698 803.890 1.014145
COST 16384 2048 2 8 6.00 0.0001 512 0.739514 1300.471 1.093104
COST 16384 4096 2 8 6.00 0.0001 512 0.884740 1813.739 1.157353
COST 16384 8192 2 8 6.00 0.0001 512 1.000000 2298.558 1.000000
COST 16384 256 2 8 6.00 0.0001 512 0.164845 155.728 2.760153
COST 16384 512 2 8 6.00 0.0001 512 0.461047 402.049 2.694148
COST 16384 1024 2 8 6.00 0.0001 512 0.695380 747.028 2.825414
COST 16384 2048 2 8 6.00 0.0001 512 0.845613 1064.289 2.840146
COST 16384 4096 2 8 6.00 0.0001 512 0.940334 1306.576 1.551032
COST 16384 8192 2 8 6.00 0.0001 512 1.000000 1475.533 1.000000
COST 16384 256 2 8 6.00 0.0001 512 0.243860 167.954 3.355205
COST 16384 512 2 8 6.00 0.0001 512 0.587781 409.249 3.405241
COST 16384 1024 2 8 6.00 0.0001 512 0.805726 682.375 3.062792
COST 16384 2048 2 8 6.00 0.0001 512 0.916701 870.462 1.143531
COST 16384 4096 2 8 6.00 0.0001 512 0.972236 977.344 0.575401
COST 16384 8192 2 8 6.00 0.0001 512 1.000000 1033.727 1.000000
COST 16384 256 2 8 6.00 0.0001 512 0.333179 181.648 3.442401
COST 16384 512 2 8 6.00 0.0001 512 0.698196 412.464 3.472604
COST 16384 1024 2 8 6.00 0.0001 512 0.883490 617.877 1.454135
COST 16384 2048 2 8 6.00 0.0001 512 0.958427 723.286 0.341574
COST 16384 4096 2 8 6.00 0.0001 512 0.988190 768.584 0.453066
COST 16384 8192 2 8 6.00 0.0001 512 1.000000 787.039 1.000000
COST 16384 256 2 8 6.00 0.001 512 0.100931 144.827 1.524097
COST 16384 512 2 8 6.00 0.001 512 0.330217 391.221 1.543805
COST 16384 1024 2 8 6.00 0.001 512 0.556698 803.890 1.576010
COST 16384 2048 2 8 6.00 0.001 512 0.739514 1300.471 1.603473
COST 16384 4096 2 8 6.00 0.001 512 0.884740 1813.739 1.508659
COST 16384 8192 2 8 6.00 0.001 512 1.000000 2298.558 1.000000
COST 16384 256 2 8 6.00 0.001 512 0.164845 155.728 1.990205
COST 16384 512 2 8 6.00 0.001 512 0.461047 402.049 2.018238
COST 16384 1024 2 8 6.00 0.001 512 0.695380 747.028 2.012943
COST 16384 2048 2 8 6.00 0.001 512 0.845613 1064.289 1.530383
COST 16384 4096 2 8 6.00 0.001 512 0.940334 1306.576 0.713070
COST 16384 8192 2 8 6.00 0.001 512 1.000000 1475.533 1.000000
COST 16384 256 2 8 6.00 0.001 512 0.243860 167.954 2.128222
COST 16384 512 2 8 6.00 0.001 512 0.587781 409.249 2.156422
COST 16384 1024 2 8 6.00 0.001 512 0.805726 682.375 1.476464
COST 16384 2048 2 8 6.00 0.001 512 0.916701 870.462 0.460549
COST 16384 4096 2 8 6.00 0.001 512 0.972236 977.344 0.478076
COST 16384 8192 2 8 6.00 0.001 512 1.000000 1033.727 1.000000
COST 16384 256 2 8 6.00 0.001 512 0.333179 181.648 3.456647
COST 16384 512 2 8 6.00 0.001 512 0.698196 412.464 3.098725
COST 16384 1024 2 8 6.00 0.001 512 0.883490 617.877 0.412718
COST 16384 2048 2 8 6.00 0.001 512 0.958427 723.286 0.184039
COST 16384 4096 2 8 6.00 0.001 512 0.988190 768.584 0.425621
COST 16384 8192 2 8 6.00 0.001 512 1.000000 787.039 1.000000
COST 16384 256 2 8 6.00 0.01 512 0.100931 144.827 2.787844
COST 16384 512 2 8 6.00 0.01 512 0.330217 391.221 2.983381
COST 16384 1024 2 8 6.00 0.01 512 0.556698 803.890 2.922500
COST 16384 2048 2 8 6.00 0.01 512 0.739514 1300.471 2.507010
COST 16384 4096 2 8 6.00 0.01 512 0.884740 1813.739 1.049879
COST 16384 8192 2 8 6.00 0.01 512 1.000000 2298.558 1.000000
COST 16384 256 2 8 6.00 0.01 512 0.164845 155.728 2.205655
COST 16384 512 2 8 6.00 0.01 512 0.461047 402.049 4.420842
COST 16384 1024 2 8 6.00 0.01 512 0.695380 747.028 3.321103
COST 16384 2048 2 8 6.00 0.01 512 0.845613 1064.289 1.077343
COST 16384 4096 2 8 6.00 0.01 512 0.940334 1306.576 0.662606
COST 16384 8192 2 8 6.00 0.01 512 1.000000 1475.533 1.000000
COST 16384 256 2 8 6.00 0.01 512 0.243860 167.954 2.164228
COST 16384 512 2 8 6.00 0.01 512 0.587781 409.249 1.955472
COST 16384 1024 2 8 6.00 0.01 512 0.805726 682.375 0.375515
COST 16384 2048 2 8 6.00 0.01 512 0.916701 870.462 0.267928
COST 16384 4096 2 8 6.00 0.01 512 0.972236 977.344 0.472866
COST 16384 8192 2 8 6.00 0.01 512 1.000000 1033.727 1.000000
COST 16384 256 2 8 6.00 0.01 512 0.333179 181.648 2.085591
COST 16384 512 2 8 6.00 0.01 512 0.698196 412.464 0.828769
COST 16384 1024 2 8 6.00 0.01 512 0.883490 617.877 0.109438
COST 16384 2048 2 8 6.00 0.01 512 0.958427 723.286 0.227277
COST 16384 4096 2 8 6.00 0.01 512 0.988190 768.584 0.465322
COST 16384 8192 2 8 6.00 0.01 512 1.000000 787.039 1.000000
COST 16384 256 2 8 6.50 0.0001 512 0.100931 144.827 1.958453
COST 16384 512 2 8 6.50 0.0001 512 0.330217 391.221 2.048685
COST 16384 1024 2 8 6.50 0.0001 512 0.556698 803.890 2.062610
COST 16384 2048 2 8 6.50 0.0001 512 0.739514 1300.471 2.147799
COST 16384 4096 2 8 6.50 0.0001 512 0.884740 1813.739 2.000488
COST 16384 8192 2 8 6.50 0.0001 512 1.000000 2298.558 1.000000
COST 16384 256 2 8 6.50 0.0001 512 0.164845 155.728 2.024859
COST 16384 512 2 8 6.50 0.0001 512 0.461047 402.049 2.109583
COST 16384 1024 2 8 6.50 0.0001 512 0.695380 747.028 2.117506
COST 16384 2048 2 8 6.50 0.0001 512 0.845613 1064.289 1.492040
COST 16384 4096 2 8 6.50 0.0001 512 0.940334 1306.576 0.651314
COST 16384 8192 2 8 6.50 0.0001 512 1.000000 1475.533 1.000000
COST 16384 256 2 8 6.50 0.0001 512 0.243860 167.954 3.498534
COST 16384 512 2 8 6.50 0.0001 512 0.587781 409.249 3.376475
COST 16384 1024 2 8 6.50 0.0001 512 0.805726 682.375 2.053405
COST 16384 2048 2 8 6.50 0.0001 512 0.916701 870.462 0.461248
COST 16384 4096 2 8 6.50 0.0001 512 0.972236 977.344 0.465366
COST 16384 8192 2 8 6.50 0.0001 512 1.000000 1033.727 1.000000
COST 16384 256 2 8 6.50 0.0001 512 0.333179 181.648 3.564081
COST 16384 512 2 8 6.50 0.0001 512 0.698196 412.464 3.380195
COST 16384 1024 2 8 6.50 0.0001 512 0.883490 617.877 0.311457
COST 16384 2048 2 8 6.50 0.0001 512 0.958427 723.286 0.186738
COST 16384 4096 2 8 6.50 0.0001 512 0.988190 768.584 0.445757
COST 16384 8192 2 8 6.50 0.0001 512 1.000000 787.039 1.000000
COST 16384 256 2 8 6.50 0.001 512 0.100931 144.827 2.605225
COST 16384 512 2 8 6.50 0.001 512 0.330217 391.221 2.672690
COST 16384 1024 2 8 6.50 0.001 512 0.556698 803.890 2.808481
COST 16384 2048 2 8 6.50 0.001 512 0.739514 1300.471 2.903354
COST 16384 4096 2 8 6.50 0.001 512 0.884740 1813.739 1.382790
COST 16384 8192 2 8 6.50 0.001 512 1.000000 2298.558 1.000000
COST 16384 256 2 8 6.50 0.001 512 0.164845 155.728 3.810826
COST 16384 512 2 8 6.50 0.001 512 0.461047 402.049 3.703505
COST 16384 1024 2 8 6.50 0.001 512 0.695380 747.028 3.256959
COST 16384 2048 2 8 6.50 0.001 512 0.845613 1064.289 1.018308
COST 16384 4096 2 8 6.50 0.001 512 0.940334 1306.576 0.524117
COST 16384 8192 2 8 6.50 0.001 512 1.000000 1475.533 1.000000
COST 16384 256 2 8 6.50 0.001 512 0.243860 167.954 3.572288
COST 16384 512 2 8 6.50 0.001 512 0.587781 409.249 3.470706
COST 16384 1024 2 8 6.50 0.001 512 0.805726 682.375 0.802248
COST 16384 2048 2 8 6.50 0.001 512 0.916701 870.462 0.185991
COST 16384 4096 2 8 6.50 0.001 512 0.972236 977.344 0.439347
COST 16384 8192 2 8 6.50 0.001 512 1.000000 1033.727 1.000000
COST 16384 256 2 8 6.50 0.001 512 0.333179 181.648 3.510824
COST 16384 512 2 8 6.50 0.001 512 0.698196 412.464 1.834893
COST 16384 1024 2 8 6.50 0.001 512 0.883490 617.877 0.086240
COST 16384 2048 2 8 6.50 0.001 512 0.958427 723.286 0.181337
COST 16384 4096 2 8 6.50 0.001 512 0.988190 768.584 0.446095
COST 16384 8192 2 8 6.50 0.001 512 1.000000 787.039 1.000000
COST 16384 256 2 8 6.50 0.01 512 0.100931 144.827 3.405266
COST 16384 512 2 8 6.50 0.01 512 0.330217 391.221 3.505118
COST 16384 1024 2 8 6.50 0.01 512 0.556698 803.890 3.488728
COST 16384 2048 2 8 6.50 0.01 512 0.739514 1300.471 1.540779
COST 16384 4096 2 8 6.50 0.01 512 0.884740 1813.739 0.631807
COST 16384 8192 2 8 6.50 0.01 512 1.000000 2298.558 1.000000
COST 16384 256 2 8 6.50 0.01 512 0.164845 155.728 3.536089
COST 16384 512 2 8 6.50 0.01 512 0.461047 402.049 3.576185
COST 16384 1024 2 8 6.50 0.01 512 0.695380 747.028 1.052692
COST 16384 2048 2 8 6.50 0.01 512 0.845613 1064.289 0.323290
COST 16384 4096 2 8 6.50 0.01 512 0.940334 1306.576 0.411831
COST 16384 8192 2 8 6.50 0.01 512 1.000000 1475.533 1.000000
COST 16384 256 2 8 6.50 0.01 512 0.243860 167.954 3.558809
COST 16384 512 2 8 6.50 0.01 512 0.587781 409.249 1.790325
COST 16384 1024 2 8 6.50 0.01 512 0.805726 682.375 0.100696
COST 16384 2048 2 8 6.50 0.01 512 0.916701 870.462 0.179848
COST 16384 4096 2 8 6.50 0.01 512 0.972236 977.344 0.430382
COST 16384 8192 2 8 6.50 0.01 512 1.000000 1033.727 1.000000
COST 16384 256 2 8 6.50 0.01 512 0.333179 181.648 3.632837
COST 16384 512 2 8 6.50 0.01 512 0.698196 412.464 0.377464
COST 16384 1024 2 8 6.50 0.01 512 0.883490 617.877 0.048656
COST 16384 2048 2 8 6.50 0.01 512 0.958427 723.286 0.183353
COST 16384 4096 2 8 6.50 0.01 512 0.988190 768.584 0.449900
COST 16384 8192 2 8 6.50 0.01 512 1.000000 787.039 1.000000
COST 2048 256 2 8 5.00 0.0001 512 0.739159 162.400 0.906295
COST 2048 512 2 8 5.00 0.0001 512 0.884636 226.640 0.955597
COST 2048 1024 2 8 5.00 0.0001 512 1.000000 287.284 1.000000
COST 2048 256 2 8 5.00 0.0001 512 0.845345 132.949 1.774875
COST 2048 512 2 8 5.00 0.0001 512 0.940269 163.291 1.379343
COST 2048 1024 2 8 5.00 0.0001 512 1.000000 184.431 1.000000
COST 2048 256 2 8 5.00 0.0001 512 0.916522 108.764 2.141718
COST 2048 512 2 8 5.00 0.0001 512 0.972200 122.156 1.020762
COST 2048 1024 2 8 5.00 0.0001 512 1.000000 129.213 1.000000
COST 2048 256 2 8 5.00 0.0001 512 0.958318 90.389 0.846813
COST 2048 512 2 8 5.00 0.0001 512 0.988172 96.068 0.518627
COST 2048 1024 2 8 5.00 0.0001 512 1.000000 98.379 1.000000
COST 2048 256 2 8 5.00 0.001 512 0.739159 162.400 1.201887
COST 2048 512 2 8 5.00 0.001 512 0.884636 226.640 1.185521
COST 2048 1024 2 8 5.00 0.001 512 1.000000 287.284 1.000000
COST 2048 256 2 8 5.00 0.001 512 0.845345 132.949 2.023640
COST 2048 512 2 8 5.00 0.001 512 0.940269 163.291 1.094167
COST 2048 1024 2 8 5.00 0.001 512 1.000000 184.431 1.000000
COST 2048 256 2 8 5.00 0.001 512 0.916522 108.764 1.179568
COST 2048 512 2 8 5.00 0.001 512 0.972200 122.156 0.648688
COST 2048 1024 2 8 5.00 0.001 512 1.000000 129.213 1.000000
COST 2048 256 2 8 5.00 0.001 512 0.958318 90.389 0.491795
COST 2048 512 2 8 5.00 0.001 512 0.988172 96.068 0.451140
COST 2048 1024 2 8 5.00 0.001 512 1.000000 98.379 1.000000
COST 2048 256 2 8 5.00 0.01 512 0.739159 162.400 1.778651
COST 2048 512 2 8 5.00 0.01 512 0.884636 226.640 1.027297
COST 2048 1024 2 8 5.00 0.01 512 1.000000 287.284 1.000000
COST 2048 256 2 8 5.00 0.01 512 0.845345 132.949 1.363232
COST 2048 512 2 8 5.00 0.01 512 0.940269 163.291 0.665912
COST 2048 1024 2 8 5.00 0.01 512 1.000000 184.431 1.000000
COST 2048 256 2 8 5.00 0.01 512 0.916522 108.764 0.554880
COST 2048 512 2 8 5.00 0.01 512 0.972200 122.156 0.480775
COST 2048 1024 2 8 5.00 0.01 512 1.000000 129.213 1.000000
COST 2048 256 2 8 5.00 0.01 512 0.958318 90.389 0.228405
COST 2048 512 2 8 5.00 0.01 512 0.988172 96.068 0.447442
COST 2048 1024 2 8 5.00 0.01 512 1.000000 98.379 1.000000
COST 2048 256 2 8 5.50 0.0001 512 0.739159 162.400 1.540451
COST 2048 512 2 8 5.50 0.0001 512 0.884636 226.640 1.429564
COST 2048 1024 2 8 5.50 0.0001 512 1.000000 287.284 1.000000
COST 2048 256 2 8 5.50 0.0001 512 0.845345 132.949 2.426487
COST 2048 512 2 8 5.50 0.0001 512 0.940269 163.291 1.189691
COST 2048 1024 2 8 5.50 0.0001 512 1.000000 184.431 1.000000
COST 2048 256 2 8 5.50 0.0001 512 0.916522 108.764 0.953864
COST 2048 512 2 8 5.50 0.0001 512 0.972200 122.156 0.507626
COST 2048 1024 2 8 5.50 0.0001 512 1.000000 129.213 1.000000
COST 2048 256 2 8 5.50 0.0001 512 0.958318 90.389 0.253008
COST 2048 512 2 8 5.50 0.0001 512 0.988172 96.068 0.448084
COST 2048 1024 2 8 5.50 0.0001 512 1.000000 98.379 1.000000
COST 2048 256 2 8 5.50 0.001 512 0.739159 162.400 2.108925
COST 2048 512 2 8 5.50 0.001 512 0.884636 226.640 1.358246
COST 2048 1024 2 8 5.50 0.001 512 1.000000 287.284 1.000000
COST 2048 256 2 8 5.50 0.001 512 0.845345 132.949 1.495677
COST 2048 512 2 8 5.50 0.001 512 0.940269 163.291 0.692251
COST 2048 1024 2 8 5.50 0.001 512 1.000000 184.431 1.000000
COST 2048 256 2 8 5.50 0.001 512 0.916522 108.764 0.485155
COST 2048 512 2 8 5.50 0.001 512 0.972200 122.156 0.445891
COST 2048 1024 2 8 5.50 0.001 512 1.000000 129.213 1.000000
COST 2048 256 2 8 5.50 0.001 512 0.958318 90.389 0.221676
COST 2048 512 2 8 5.50 0.001 512 0.988172 96.068 0.427425
COST 2048 1024 2 8 5.50 0.001 512 1.000000 98.379 1.000000
COST 2048 256 2 8 5.50 0.01 512 0.739159 162.400 1.802395
COST 2048 512 2 8 5.50 0.01 512 0.884636 226.640 0.786280
COST 2048 1024 2 8 5.50 0.01 512 1.000000 287.284 1.000000
COST 2048 256 2 8 5.50 0.01 512 0.845345 132.949 0.630133
COST 2048 512 2 8 5.50 0.01 512 0.940269 163.291 0.471683
COST 2048 1024 2 8 5.50 0.01 512 1.000000 184.431 1.000000
COST 2048 256 2 8 5.50 0.01 512 0.916522 108.764 0.235386
COST 2048 512 2 8 5.50 0.01 512 0.972200 122.156 0.426536
COST 2048 1024 2 8 5.50 0.01 512 1.000000 129.213 1.000000
COST 2048 256 2 8 5.50 0.01 512 0.958318 90.389 0.187707
COST 2048 512 2 8 5.50 0.01 512 0.988172 96.068 0.415916
COST 2048 1024 2 8 5.50 0.01 512 1.000000 98.379 1.000000
COST 2048 256 2 8 6.00 0.0001 512 0.739159 162.400 2.731573
COST 2048 512 2 8 6.00 0.0001 512 0.884636 226.640 1.595129
COST 2048 1024 2 8 6.00 0.0001 512 1.000000 287.284 1.000000
COST 2048 256 2 8 6.00 0.0001 512 0.845345 132.949 1.449151
COST 2048 512 2 8 6.00 0.0001 512 0.940269 163.291 0.693901
COST 2048 1024 2 8 6.00 0.0001 512 1.000000 184.431 1.000000
COST 2048 256 2 8 6.00 0.0001 512 0.916522 108.764 0.380504
COST 2048 512 2 8 6.00 0.0001 512 0.972200 122.156 0.478129
COST 2048 1024 2 8 6.00 0.0001 512 1.000000 129.213 1.000000
COST 2048 256 2 8 6.00 0.0001 512 0.958318 90.389 0.203720
COST 2048 512 2 8 6.00 0.0001 512 0.988172 96.068 0.424034
COST 2048 1024 2 8 6.00 0.0001 512 1.000000 98.379 1.000000
COST 2048 256 2 8 6.00 0.001 512 0.739159 162.400 2.200470
COST 2048 512 2 8 6.00 0.001 512 0.884636 226.640 1.046824
COST 2048 1024 2 8 6.00 0.001 512 1.000000 287.284 1.000000
COST 2048 256 2 8 6.00 0.001 512 0.845345 132.949 0.677231
COST 2048 512 2 8 6.00 0.001 512 0.940269 163.291 0.478808
COST 2048 1024 2 8 6.00 0.001 512 1.000000 184.431 1.000000
COST 2048 256 2 8 6.00 0.001 512 0.916522 108.764 0.226872
COST 2048 512 2 8 6.00 0.001 512 0.972200 122.156 0.422869
COST 2048 1024 2 8 6.00 0.001 512 1.000000 129.213 1.000000
COST 2048 256 2 8 6.00 0.001 512 0.958318 90.389 0.178788
COST 2048 512 2 8 6.00 0.001 512 0.988172 96.068 0.436741
COST 2048 1024 2 8 6.00 0.001 512 1.000000 98.379 1.000000
COST 2048 256 2 8 6.00 0.01 512 0.739159 162.400 0.937022
COST 2048 512 2 8 6.00 0.01 512 0.884636 226.640 0.560056
COST 2048 1024 2 8 6.00 0.01 512 1.000000 287.284 1.000000
COST 2048 256 2 8 6.00 0.01 512 0.845345 132.949 0.290000
COST 2048 512 2 8 6.00 0.01 512 0.940269 163.291 0.428776
COST 2048 1024 2 8 6.00 0.01 512 1.000000 184.431 1.000000
COST 2048 256 2 8 6.00 0.01 512 0.916522 108.764 0.190324
COST 2048 512 2 8 6.00 0.01 512 0.972200 122.156 0.423235
COST 2048 1024 2 8 6.00 0.01 512 1.000000 129.213 1.000000
COST 2048 256 2 8 6.00 0.01 512 0.958318 90.389 0.192987
COST 2048 512 2 8 6.00 0.01 512 0.988172 96.068 0.428253
COST 2048 1024 2 8 6.00 0.01 512 1.000000 98.379 1.000000
COST 2048 256 2 8 6.50 0.0001 512 0.739159 162.400 2.541599
COST 2048 512 2 8 6.50 0.0001 512 0.884636 226.640 1.073339
COST 2048 1024 2 8 6.50 0.0001 512 1.000000 287.284 1.000000
COST 2048 256 2 8 6.50 0.0001 512 0.845345 132.949 0.600205
COST 2048 512 2 8 6.50 0.0001 512 0.940269 163.291 0.490543
COST 2048 1024 2 8 6.50 0.0001 512 1.000000 184.431 1.000000
COST 2048 256 2 8 6.50 0.0001 512 0.916522 108.764 0.181949
COST 2048 512 2 8 6.50 0.0001 512 0.972200 122.156 0.428574
COST 2048 1024 2 8 6.50 0.0001 512 1.000000 129.213 1.000000
COST 2048 256 2 8 6.50 0.0001 512 0.958318 90.389 0.193391
COST 2048 512 2 8 6.50 0.0001 512 0.988172 96.068 0.425600
COST 2048 1024 2 8 6.50 0.0001 512 1.000000 98.379 1.000000
COST 2048 256 2 8 6.50 0.001 512 0.739159 162.400 1.283170
COST 2048 512 2 8 6.50 0.001 512 0.884636 226.640 0.697669
COST 2048 1024 2 8 6.50 0.001 512 1.000000 287.284 1.000000
COST 2048 256 2 8 6.50 0.001 512 0.845345 132.949 0.308704
COST 2048 512 2 8 6.50 0.001 512 0.940269 163.291 0.418947
COST 2048 1024 2 8 6.50 0.001 512 1.000000 184.431 1.000000
COST 2048 256 2 8 6.50 0.001 512 0.916522 108.764 0.192158
COST 2048 512 2 8 6.50 0.001 512 0.972200 122.156 0.437249
COST 2048 1024 2 8 6.50 0.001 512 1.000000 129.213 1.000000
COST 2048 256 2 8 6.50 0.001 512 0.958318 90.389 0.180000
COST 2048 512 2 8 6.50 0.001 512 0.988172 96.068 0.440083
COST 2048 1024 2 8 6.50 0.001 512 1.000000 98.379 1.000000
COST 2048 256 2 8 6.50 0.01 512 0.739159 162.400 0.435600
COST 2048 512 2 8 6.50 0.01 512 0.884636 226.640 0.448250
COST 2048 1024 2 8 6.50 0.01 512 1.000000 287.284 1.000000
COST 2048 256 2 8 6.50 0.01 512 0.845345 132.949 0.191838
COST 2048 512 2 8 6.50 0.01 512 0.940269 163.291 0.426234
COST 2048 1024 2 8 6.50 0.01 512 1.000000 184.431 1.000000
COST 2048 256 2 8 6.50 0.01 512 0.916522 108.764 0.189864
COST 2048 512 2 8 6.50 0.01 512 0.972200 122.156 0.421774
COST 2048 1024 2 8 6.50 0.01 512 1.000000 129.213 1.000000
COST 2048 256 2 8 6.50 0.01 512 0.958318 90.389 0.190926
COST 2048 512 2 8 6.50 0.01 512 0.988172 96.068 0.419755
COST 2048 1024 2 8 6.50 0.01 512 1.000000 98.379 1.000000
COST 262144 4096 2 8 5.00 0.0001 512 0.101394 2323.402 0.701214
COST 262144 8192 2 8 5.00 0.0001 512 0.330538 6266.795 0.727923
COST 262144 16384 2 8 5.00 0.0001 512 0.556828 12867.185 0.746049
COST 262144 32768 2 8 5.00 0.0001 512 0.739561 20810.259 0.754352
COST 262144 65536 2 8 5.00 0.0001 512 0.884754 29021.154 0.833253
COST 262144 131072 2 8 5.00 0.0001 512 1.000000 36777.540 1.000000
COST 262144 4096 2 8 5.00 0.0001 512 0.165520 2498.171 0.733922
COST 262144 8192 2 8 5.00 0.0001 512 0.461419 6439.591 0.726914
COST 262144 16384 2 8 5.00 0.0001 512 0.695501 11956.100 0.765933
COST 262144 32768 2 8 5.00 0.0001 512 0.845648 17030.111 0.777419
COST 262144 65536 2 8 5.00 0.0001 512 0.940343 20905.755 0.893146
COST 262144 131072 2 8 5.00 0.0001 512 1.000000 23608.714 1.000000
COST 262144 4096 2 8 5.00 0.0001 512 0.244739 2694.120 0.695594
COST 262144 8192 2 8 5.00 0.0001 512 0.588167 6554.123 0.714960
COST 262144 16384 2 8 5.00 0.0001 512 0.805826 10920.503 0.739752
COST 262144 32768 2 8 5.00 0.0001 512 0.916725 13928.144 0.782393
COST 262144 65536 2 8 5.00 0.0001 512 0.972241 15637.714 0.838162
COST 262144 131072 2 8 5.00 0.0001 512 1.000000 16539.686 1.000000
COST 262144 4096 2 8 5.00 0.0001 512 0.334221 2913.531 0.763266
COST 262144 8192 2 8 5.00 0.0001 512 0.698559 6604.717 0.745682
COST 262144 16384 2 8 5.00 0.0001 512 0.883565 9887.633 0.763543
COST 262144 32768 2 8 5.00 0.0001 512 0.958441 11572.928 0.803641
COST 262144 65536 2 8 5.00 0.0001 512 0.988192 12297.418 0.860007
COST 262144 131072 2 8 5.00 0.0001 512 1.000000 12592.634 1.000000
COST 262144 4096 2 8 5.00 0.001 512 0.101394 2323.402 0.720646
COST 262144 8192 2 8 5.00 0.001 512 0.330538 6266.795 0.704261
COST 262144 16384 2 8 5.00 0.001 512 0.556828 12867.185 0.747048
COST 262144 32768 2 8 5.00 0.001 512 0.739561 20810.259 0.791416
COST 262144 65536 2 8 5.00 0.001 512 0.884754 29021.154 0.874392
COST 262144 131072 2 8 5.00 0.001 512 1.000000 36777.540 1.000000
COST 262144 4096 2 8 5.00 0.001 512 0.165520 2498.171 0.693914
COST 262144 8192 2 8 5.00 0.001 512 0.461419 6439.591 0.712160
COST 262144 16384 2 8 5.00 0.001 512 0.695501 11956.100 0.722784
COST 262144 32768 2 8 5.00 0.001 512 0.845648 17030.111 0.759477
COST 262144 65536 2 8 5.00 0.001 512 0.940343 20905.755 0.903207
COST 262144 131072 2 8 5.00 0.001 512 1.000000 23608.714 1.000000
COST 262144 4096 2 8 5.00 0.001 512 0.244739 2694.120 0.720799
COST 262144 8192 2 8 5.00 0.001 512 0.588167 6554.123 0.752477
COST 262144 16384 2 8 5.00 0.001 512 0.805826 10920.503 0.742207
COST 262144 32768 2 8 5.00 0.001 512 0.916725 13928.144 0.776464
COST 262144 65536 2 8 5.00 0.001 512 0.972241 15637.714 0.852801
COST 262144 131072 2 8 5.00 0.001 512 1.000000 16539.686 1.000000
COST 262144 4096 2 8 5.00 0.001 512 0.334221 2913.531 0.843468
COST 262144 8192 2 8 5.00 0.001 512 0.698559 6604.717 0.850722
COST 262144 16384 2 8 5.00 0.001 512 0.883565 9887.633 0.862313
COST 262144 32768 2 8 5.00 0.001 512 0.958441 11572.928 0.924325
COST 262144 65536 2 8 5.00 0.001 512 0.988192 12297.418 0.957518
COST 262144 131072 2 8 5.00 0.001 512 1.000000 12592.634 1.000000
COST 262144 4096 2 8 5.00 0.01 512 0.101394 2323.402 0.703435
COST 262144 8192 2 8 5.00 0.01 512 0.330538 6266.795 0.749990
COST 262144 16384 2 8 5.00 0.01 512 0.556828 12867.185 0.758656
COST 262144 32768 2 8 5.00 0.01 512 0.739561 20810.259 0.785036
COST 262144 65536 2 8 5.00 0.01 512 0.884754 29021.154 0.842396
COST 262144 131072 2 8 5.00 0.01 512 1.000000 36777.540 1.000000
COST 262144 4096 2 8 5.00 0.01 512 0.165520 2498.171 0.719825
COST 262144 8192 2 8 5.00 0.01 512 0.461419 6439.591 0.770274
COST 262144 16384 2 8 5.00 0.01 512 0.695501 11956.100 0.728070
COST 262144 32768 2 8 5.00 0.01 512 0.845648 17030.111 0.763291
COST 262144 65536 2 8 5.00 0.01 512 0.940343 20905.755 0.866588
COST 262144 131072 2 8 5.00 0.01 512 1.000000 23608.714 1.000000
COST 262144 4096 2 8 5.00 0.01 512 0.244739 2694.120 0.772800
COST 262144 8192 2 8 5.00 0.01 512 0.588167 6554.123 0.815700
COST 262144 16384 2 8 5.00 0.01 512 0.805826 10920.503 0.836900
COST 262144 32768 2 8 5.00 0.01 512 0.916725 13928.144 0.866165
COST 262144 65536 2 8 5.00 0.01 512 0.972241 15637.714 0.921519
COST 262144 131072 2 8 5.00 0.01 512 1.000000 16539.686 1.000000
COST 262144 4096 2 8 5.00 0.01 512 0.334221 2913.531 1.101760
COST 262144 8192 2 8 5.00 0.01 512 0.698559 6604.717 1.108605
COST 262144 16384 2 8 5.00 0.01 512 0.883565 9887.633 1.122506
COST 262144 32768 2 8 5.00 0.01 512 0.958441 11572.928 1.152695
COST 262144 65536 2 8 5.00 0.01 512 0.988192 12297.418 0.976478
COST 262144 131072 2 8 5.00 0.01 512 1.000000 12592.634 1.000000
COST 262144 4096 2 8 5.50 0.0001 512 0.101394 2323.402 0.707144
COST 262144 8192 2 8 5.50 0.0001 512 0.330538 6266.795 0.727876
COST 262144 16384 2 8 5.50 0.0001 512 0.556828 12867.185 0.726917
COST 262144 32768 2 8 5.50 0.0001 512 0.739561 20810.259 0.781332
COST 262144 65536 2 8 5.50 0.0001 512 0.884754 29021.154 0.842313
COST 262144 131072 2 8 5.50 0.0001 512 1.000000 36777.540 1.000000
COST 262144 4096 2 8 5.50 0.0001 512 0.165520 2498.171 0.718074
COST 262144 8192 2 8 5.50 0.0001 512 0.461419 6439.591 0.718375
COST 262144 16384 2 8 5.50 0.0001 512 0.695501 11956.100 0.729125
COST 262144 32768 2 8 5.50 0.0001 512 0.845648 17030.111 0.753549
COST 262144 65536 2 8 5.50 0.0001 512 0.940343 20905.755 0.850017
COST 262144 131072 2 8 5.50 0.0001 512 1.000000 23608.714 1.000000
COST 262144 4096 2 8 5.50 0.0001 512 0.244739 2694.120 0.785230
COST 262144 8192 2 8 5.50 0.0001 512 0.588167 6554.123 0.798572
COST 262144 16384 2 8 5.50 0.0001 512 0.805826 10920.503 0.809792
COST 262144 32768 2 8 5.50 0.0001 512 0.916725 13928.144 0.833305
COST 262144 65536 2 8 5.50 0.0001 512 0.972241 15637.714 0.927338
COST 262144 131072 2 8 5.50 0.0001 512 1.000000 16539.686 1.000000
COST 262144 4096 2 8 5.50 0.0001 512 0.334221 2913.531 1.527143
COST 262144 8192 2 8 5.50 0.0001 512 0.698559 6604.717 1.494540
COST 262144 16384 2 8 5.50 0.0001 512 0.883565 9887.633 1.542204
COST 262144 32768 2 8 5.50 0.0001 512 0.958441 11572.928 1.605424
COST 262144 65536 2 8 5.50 0.0001 512 0.988192 12297.418 1.271478
COST 262144 131072 2 8 5.50 0.0001 512 1.000000 12592.634 1.000000
COST 262144 4096 2 8 5.50 0.001 512 0.101394 2323.402 0.717147
COST 262144 8192 2 8 5.50 0.001 512 0.330538 6266.795 0.723683
COST 262144 16384 2 8 5.50 0.001 512 0.556828 12867.185 0.728205
COST 262144 32768 2 8 5.50 0.001 512 0.739561 20810.259 0.797113
COST 262144 65536 2 8 5.50 0.001 512 0.884754 29021.154 0.852383
COST 262144 131072 2 8 5.50 0.001 512 1.000000 36777.540 1.000000
COST 262144 4096 2 8 5.50 0.001 512 0.165520 2498.171 0.684880
COST 262144 8192 2 8 5.50 0.001 512 0.461419 6439.591 0.711678
COST 262144 16384 2 8 5.50 0.001 512 0.695501 11956.100 0.766232
COST 262144 32768 2 8 5.50 0.001 512 0.845648 17030.111 0.752206
COST 262144 65536 2 8 5.50 0.001 512 0.940343 20905.755 0.836470
COST 262144 131072 2 8 5.50 0.001 512 1.000000 23608.714 1.000000
COST 262144 4096 2 8 5.50 0.001 512 0.244739 2694.120 1.100241
COST 262144 8192 2 8 5.50 0.001 512 0.588167 6554.123 1.148391
COST 262144 16384 2 8 5.50 0.001 512 0.805826 10920.503 1.133310
COST 262144 32768 2 8 5.50 0.001 512 0.916725 13928.144 1.171514
COST 262144 65536 2 8 5.50 0.001 512 0.972241 15637.714 1.194427
COST 262144 131072 2 8 5.50 0.001 512 1.000000 16539.686 1.000000
COST 262144 4096 2 8 5.50 0.001 512 0.334221 2913.531 1.782178
COST 262144 8192 2 8 5.50 0.001 512 0.698559 6604.717 1.794872
COST 262144 16384 2 8 5.50 0.001 512 0.883565 9887.633 1.846218
COST 262144 32768 2 8 5.50 0.001 512 0.958441 11572.928 1.704408
COST 262144 65536 2 8 5.50 0.001 512 0.988192 12297.418 0.955362
COST 262144 131072 2 8 5.50 0.001 512 1.000000 12592.634 1.000000
COST 262144 4096 2 8 5.50 0.01 512 0.101394 2323.402 0.696386
COST 262144 8192 2 8 5.50 0.01 512 0.330538 6266.795 0.702825
COST 262144 16384 2 8 5.50 0.01 512 0.556828 12867.185 0.724020
COST 262144 32768 2 8 5.50 0.01 512 0.739561 20810.259 0.765630
COST 262144 65536 2 8 5.50 0.01 512 0.884754 29021.154 0.833127
COST 262144 131072 2 8 5.50 0.01 512 1.000000 36777.540 1.000000
COST 262144 4096 2 8 5.50 0.01 512 0.165520 2498.171 0.902459
COST 262144 8192 2 8 5.50 0.01 512 0.461419 6439.591 0.910232
COST 262144 16384 2 8 5.50 0.01 512 0.695501 11956.100 0.950192
COST 262144 32768 2 8 5.50 0.01 512 0.845648 17030.111 0.984286
COST 262144 65536 2 8 5.50 0.01 512 0.940343 20905.755 1.062409
COST 262144 131072 2 8 5.50 0.01 512 1.000000 23608.714 1.000000
COST 262144 4096 2 8 5.50 0.01 512 0.244739 2694.120 1.785515
COST 262144 8192 2 8 5.50 0.01 512 0.588167 6554.123 1.737234
COST 262144 16384 2 8 5.50 0.01 512 0.805826 10920.503 1.748006
COST 262144 32768 2 8 5.50 0.01 512 0.916725 13928.144 1.749821
COST 262144 65536 2 8 5.50 0.01 512 0.972241 15637.714 1.061998
COST 262144 131072 2 8 5.50 0.01 512 1.000000 16539.686 1.000000
COST 262144 4096 2 8 5.50 0.01 512 0.334221 2913.531 2.197413
COST 262144 8192 2 8 5.50 0.01 512 0.698559 6604.717 2.288598
COST 262144 16384 2 8 5.50 0.01 512 0.883565 9887.633 2.191563
COST 262144 32768 2 8 5.50 0.01 512 0.958441 11572.928 1.085059
COST 262144 65536 2 8 5.50 0.01 512 0.988192 12297.418 0.652453
COST 262144 131072 2 8 5.50 0.01 512 1.000000 12592.634 1.000000
COST 262144 4096 2 8 6.00 0.0001 512 0.101394 2323.402 0.688655
COST 262144 8192 2 8 6.00 0.0001 512 0.330538 6266.795 0.725012
COST 262144 16384 2 8 6.00 0.0001 512 0.556828 12867.185 0.733150
COST 262144 32768 2 8 6.00 0.0001 512 0.739561 20810.259 0.770986
COST 262144 65536 2 8 6.00 0.0001 512 0.884754 29021.154 0.831312
COST 262144 131072 2 8 6.00 0.0001 512 1.000000 36777.540 1.000000
COST 262144 4096 2 8 6.00 0.0001 512 0.165520 2498.171 0.828136
COST 262144 8192 2 8 6.00 0.0001 512 0.461419 6439.591 0.831896
COST 262144 16384 2 8 6.00 0.0001 512 0.695501 11956.100 0.866926
COST 262144 32768 2 8 6.00 0.0001 512 0.845648 17030.111 0.882809
COST 262144 65536 2 8 6.00 0.0001 512 0.940343 20905.755 0.975388
COST 262144 131072 2 8 6.00 0.0001 512 1.000000 23608.714 1.000000
COST 262144 4096 2 8 6.00 0.0001 512 0.244739 2694.120 1.671506
COST 262144 8192 2 8 6.00 0.0001 512 0.588167 6554.123 1.699777
COST 262144 16384 2 8 6.00 0.0001 512 0.805826 10920.503 1.717217
COST 262144 32768 2 8 6.00 0.0001 512 0.916725 13928.144 1.793881
COST 262144 65536 2 8 6.00 0.0001 512 0.972241 15637.714 1.385256
COST 262144 131072 2 8 6.00 0.0001 512 1.000000 16539.686 1.000000
COST 262144 4096 2 8 6.00 0.0001 512 0.334221 2913.531 2.116489
COST 262144 8192 2 8 6.00 0.0001 512 0.698559 6604.717 2.147154
COST 262144 16384 2 8 6.00 0.0001 512 0.883565 9887.633 2.131387
COST 262144 32768 2 8 6.00 0.0001 512 0.958441 11572.928 1.428725
COST 262144 65536 2 8 6.00 0.0001 512 0.988192 12297.418 0.634842
COST 262144 131072 2 8 6.00 0.0001 512 1.000000 12592.634 1.000000
COST 262144 4096 2 8 6.00 0.001 512 0.101394 2323.402 0.720897
COST 262144 8192 2 8 6.00 0.001 512 0.330538 6266.795 0.721323
COST 262144 16384 2 8 6.00 0.001 512 0.556828 12867.185 0.762277
COST 262144 32768 2 8 6.00 0.001 512 0.739561 20810.259 0.789350
COST 262144 65536 2 8 6.00 0.001 512 0.884754 29021.154 0.866683
COST 262144 131072 2 8 6.00 0.001 512 1.000000 36777.540 1.000000
COST 262144 4096 2 8 6.00 0.001 512 0.165520 2498.171 1.100353
COST 262144 8192 2 8 6.00 0.001 512 0.461419 6439.591 1.151020
COST 262144 16384 2 8 6.00 0.001 512 0.695501 11956.100 1.194461
COST 262144 32768 2 8 6.00 0.001 512 0.845648 17030.111 1.217710
COST 262144 65536 2 8 6.00 0.001 512 0.940343 20905.755 1.303452
COST 262144 131072 2 8 6.00 0.001 512 1.000000 23608.714 1.000000
COST 262144 4096 2 8 6.00 0.001 512 0.244739 2694.120 1.942905
COST 262144 8192 2 8 6.00 0.001 512 0.588167 6554.123 2.023641
COST 262144 16384 2 8 6.00 0.001 512 0.805826 10920.503 2.006143
COST 262144 32768 2 8 6.00 0.001 512 0.916725 13928.144 1.845478
COST 262144 65536 2 8 6.00 0.001 512 0.972241 15637.714 0.892590
COST 262144 131072 2 8 6.00 0.001 512 1.000000 16539.686 1.000000
COST 262144 4096 2 8 6.00 0.001 512 0.334221 2913.531 2.091314
COST 262144 8192 2 8 6.00 0.001 512 0.698559 6604.717 2.172513
COST 262144 16384 2 8 6.00 0.001 512 0.883565 9887.633 2.146725
COST 262144 32768 2 8 6.00 0.001 512 0.958441 11572.928 0.715155
COST 262144 65536 2 8 6.00 0.001 512 0.988192 12297.418 0.532649
COST 262144 131072 2 8 6.00 0.001 512 1.000000 12592.634 1.000000
COST 262144 4096 2 8 6.00 0.01 512 0.101394 2323.402 0.898422
COST 262144 8192 2 8 6.00 0.01 512 0.330538 6266.795 0.858706
COST 262144 16384 2 8 6.00 0.01 512 0.556828 12867.185 0.930781
COST 262144 32768 2 8 6.00 0.01 512 0.739561 20810.259 0.985824
COST 262144 65536 2 8 6.00 0.01 512 0.884754 29021.154 1.023907
COST 262144 131072 2 8 6.00 0.01 512 1.000000 36777.540 1.000000
COST 262144 4096 2 8 6.00 0.01 512 0.165520 2498.171 1.893940
COST 262144 8192 2 8 6.00 0.01 512 0.461419 6439.591 1.940165
COST 262144 16384 2 8 6.00 0.01 512 0.695501 11956.100 2.035513
COST 262144 32768 2 8 6.00 0.01 512 0.845648 17030.111 2.018247
COST 262144 65536 2 8 6.00 0.01 512 0.940343 20905.755 1.172274
COST 262144 131072 2 8 6.00 0.01 512 1.000000 23608.714 1.000000
COST 262144 4096 2 8 6.00 0.01 512 0.244739 2694.120 2.378732
COST 262144 8192 2 8 6.00 0.01 512 0.588167 6554.123 2.429515
COST 262144 16384 2 8 6.00 0.01 512 0.805826 10920.503 2.362356
COST 262144 32768 2 8 6.00 0.01 512 0.916725 13928.144 0.969656
COST 262144 65536 2 8 6.00 0.01 512 0.972241 15637.714 0.540461
COST 262144 131072 2 8 6.00 0.01 512 1.000000 16539.686 1.000000
COST 262144 4096 2 8 6.00 0.01 512 0.334221 2913.531 2.358215
COST 262144 8192 2 8 6.00 0.01 512 0.698559 6604.717 2.369117
COST 262144 16384 2 8 6.00 0.01 512 0.883565 9887.633 1.165450
COST 262144 32768 2 8 6.00 0.01 512 0.958441 11572.928 0.348972
COST 262144 65536 2 8 6.00 0.01 512 0.988192 12297.418 0.447990
COST 262144 131072 2 8 6.00 0.01 512 1.000000 12592.634 1.000000
COST 262144 4096 2 8 6.50 0.0001 512 0.101394 2323.402 0.744754
COST 262144 8192 2 8 6.50 0.0001 512 0.330538 6266.795 0.762983
COST 262144 16384 2 8 6.50 0.0001 512 0.556828 12867.185 0.779896
COST 262144 32768 2 8 6.50 0.0001 512 0.739561 20810.259 0.776043
COST 262144 65536 2 8 6.50 0.0001 512 0.884754 29021.154 0.851252
COST 262144 131072 2 8 6.50 0.0001 512 1.000000 36777.540 1.000000
COST 262144 4096 2 8 6.50 0.0001 512 0.165520 2498.171 1.579168
COST 262144 8192 2 8 6.50 0.0001 512 0.461419 6439.591 1.581052
COST 262144 16384 2 8 6.50 0.0001 512 0.695501 11956.100 1.647535
COST 262144 32768 2 8 6.50 0.0001 512 0.845648 17030.111 1.765974
COST 262144 65536 2 8 6.50 0.0001 512 0.940343 20905.755 1.675302
COST 262144 131072 2 8 6.50 0.0001 512 1.000000 23608.714 1.000000
COST 262144 4096 2 8 6.50 0.0001 512 0.244739 2694.120 2.361477
COST 262144 8192 2 8 6.50 0.0001 512 0.588167 6554.123 2.365117
COST 262144 16384 2 8 6.50 0.0001 512 0.805826 10920.503 2.379523
COST 262144 32768 2 8 6.50 0.0001 512 0.916725 13928.144 1.953762
COST 262144 65536 2 8 6.50 0.0001 512 0.972241 15637.714 0.710552
COST 262144 131072 2 8 6.50 0.0001 512 1.000000 16539.686 1.000000
COST 262144 4096 2 8 6.50 0.0001 512 0.334221 2913.531 2.255613
COST 262144 8192 2 8 6.50 0.0001 512 0.698559 6604.717 2.301498
COST 262144 16384 2 8 6.50 0.0001 512 0.883565 9887.633 2.099219
COST 262144 32768 2 8 6.50 0.0001 512 0.958441 11572.928 0.457400
COST 262144 65536 2 8 6.50 0.0001 512 0.988192 12297.418 0.456709
COST 262144 131072 2 8 6.50 0.0001 512 1.000000 12592.634 1.000000
COST 262144 4096 2 8 6.50 0.001 512 0.101394 2323.402 0.850495
COST 262144 8192 2 8 6.50 0.001 512 0.330538 6266.795 0.883199
COST 262144 16384 2 8 6.50 0.001 512 0.556828 12867.185 0.906686
COST 262144 32768 2 8 6.50 0.001 512 0.739561 20810.259 0.928438
COST 262144 65536 2 8 6.50 0.001 512 0.884754 29021.154 1.035146
COST 262144 131072 2 8 6.50 0.001 512 1.000000 36777.540 1.000000
COST 262144 4096 2 8 6.50 0.001 512 0.165520 2498.171 2.157937
COST 262144 8192 2 8 6.50 0.001 512 0.461419 6439.591 2.202283
COST 262144 16384 2 8 6.50 0.001 512 0.695501 11956.100 2.289416
COST 262144 32768 2 8 6.50 0.001 512 0.845648 17030.111 2.432724
COST 262144 65536 2 8 6.50 0.001 512 0.940343 20905.755 1.273070
COST 262144 131072 2 8 6.50 0.001 512 1.000000 23608.714 1.000000
COST 262144 4096 2 8 6.50 0.001 512 0.244739 2694.120 2.320085
COST 262144 8192 2 8 6.50 0.001 512 0.588167 6554.123 2.283711
COST 262144 16384 2 8 6.50 0.001 512 0.805826 10920.503 2.356850
COST 262144 32768 2 8 6.50 0.001 512 0.916725 13928.144 0.802995
COST 262144 65536 2 8 6.50 0.001 512 0.972241 15637.714 0.483931
COST 262144 131072 2 8 6.50 0.001 512 1.000000 16539.686 1.000000
COST 262144 4096 2 8 6.50 0.001 512 0.334221 2913.531 2.362489
COST 262144 8192 2 8 6.50 0.001 512 0.698559 6604.717 2.390137
COST 262144 16384 2 8 6.50 0.001 512 0.883565 9887.633 1.198870
COST 262144 32768 2 8 6.50 0.001 512 0.958441 11572.928 0.282858
COST 262144 65536 2 8 6.50 0.001 512 0.988192 12297.418 0.435189
COST 262144 131072 2 8 6.50 0.001 512 1.000000 12592.634 1.000000
COST 262144 4096 2 8 6.50 0.01 512 0.101394 2323.402 1.648416
COST 262144 8192 2 8 6.50 0.01 512 0.330538 6266.795 1.731785
COST 262144 16384 2 8 6.50 0.01 512 0.556828 12867.185 1.725620
COST 262144 32768 2 8 6.50 0.01 512 0.739561 20810.259 1.807184
COST 262144 65536 2 8 6.50 0.01 512 0.884754 29021.154 1.463677
COST 262144 131072 2 8 6.50 0.01 512 1.000000 36777.540 1.000000
COST 262144 4096 2 8 6.50 0.01 512 0.165520 2498.171 2.360548
COST 262144 8192 2 8 6.50 0.01 512 0.461419 6439.591 2.401972
COST 262144 16384 2 8 6.50 0.01 512 0.695501 11956.100 2.432377
COST 262144 32768 2 8 6.50 0.01 512 0.845648 17030.111 1.594344
COST 262144 65536 2 8 6.50 0.01 512 0.940343 20905.755 0.578366
COST 262144 131072 2 8 6.50 0.01 512 1.000000 23608.714 1.000000
COST 262144 4096 2 8 6.50 0.01 512 0.244739 2694.120 2.287193
COST 262144 8192 2 8 6.50 0.01 512 0.588167 6554.123 2.311407
COST 262144 16384 2 8 6.50 0.01 512 0.805826 10920.503 1.208015
COST 262144 32768 2 8 6.50 0.01 512 0.916725 13928.144 0.308672
COST 262144 65536 2 8 6.50 0.01 512 0.972241 15637.714 0.452750
COST 262144 131072 2 8 6.50 0.01 512 1.000000 16539.686 1.000000
COST 262144 4096 2 8 6.50 0.01 512 0.334221 2913.531 2.293898
COST 262144 8192 2 8 6.50 0.01 512 0.698559 6604.717 2.199728
COST 262144 16384 2 8 6.50 0.01 512 0.883565 9887.633 0.260075
COST 262144 32768 2 8 6.50 0.01 512 0.958441 11572.928 0.198746
COST 262144 65536 2 8 6.50 0.01 512 0.988192 12297.418 0.435311
COST 262144 131072 2 8 6.50 0.01 512 1.000000 12592.634 1.000000
COST 32768 512 2 8 5.00 0.0001 512 0.101178 290.065 0.773604
COST 32768 1024 2 8 5.00 0.0001 512 0.330389 782.926 0.770320
COST 32768 2048 2 8 5.00 0.0001 512 0.556768 1608.110 0.798803
COST 32768 4096 2 8 5.00 0.0001 512 0.739539 2601.124 0.828424
COST 32768 8192 2 8 5.00 0.0001 512 0.884747 3627.567 0.883470
COST 32768 16384 2 8 5.00 0.0001 512 1.000000 4597.157 1.000000
COST 32768 512 2 8 5.00 0.0001 512 0.165205 311.891 0.806628
COST 32768 1024 2 8 5.00 0.0001 512 0.461245 804.552 0.817368
COST 32768 2048 2 8 5.00 0.0001 512 0.695444 1494.300 0.828640
COST 32768 4096 2 8 5.00 0.0001 512 0.845632 2128.677 0.865318
COST 32768 8192 2 8 5.00 0.0001 512 0.940339 2613.188 0.917544
COST 32768 16384 2 8 5.00 0.0001 512 1.000000 2951.079 1.000000
COST 32768 512 2 8 5.00 0.0001 512 0.244329 336.365 0.936053
COST 32768 1024 2 8 5.00 0.0001 512 0.587987 818.907 0.933466
COST 32768 2048 2 8 5.00 0.0001 512 0.805779 1364.917 0.964550
COST 32768 4096 2 8 5.00 0.0001 512 0.916714 1740.974 0.998405
COST 32768 8192 2 8 5.00 0.0001 512 0.972238 1954.702 1.046819
COST 32768 16384 2 8 5.00 0.0001 512 1.000000 2067.458 1.000000
COST 32768 512 2 8 5.00 0.0001 512 0.333735 363.773 1.701424
COST 32768 1024 2 8 5.00 0.0001 512 0.698389 825.281 1.699075
COST 32768 2048 2 8 5.00 0.0001 512 0.883530 1235.861 1.727862
COST 32768 4096 2 8 5.00 0.0001 512 0.958434 1446.595 1.762278
COST 32768 8192 2 8 5.00 0.0001 512 0.988191 1537.173 1.331110
COST 32768 16384 2 8 5.00 0.0001 512 1.000000 1574.078 1.000000
COST 32768 512 2 8 5.00 0.001 512 0.101178 290.065 0.787745
COST 32768 1024 2 8 5.00 0.001 512 0.330389 782.926 0.795243
COST 32768 2048 2 8 5.00 0.001 512 0.556768 1608.110 0.818822
COST 32768 4096 2 8 5.00 0.001 512 0.739539 2601.124 0.852072
COST 32768 8192 2 8 5.00 0.001 512 0.884747 3627.567 0.893938
COST 32768 16384 2 8 5.00 0.001 512 1.000000 4597.157 1.000000
COST 32768 512 2 8 5.00 0.001 512 0.165205 311.891 0.804584
COST 32768 1024 2 8 5.00 0.001 512 0.461245 804.552 0.825437
COST 32768 2048 2 8 5.00 0.001 512 0.695444 1494.300 0.838113
COST 32768 4096 2 8 5.00 0.001 512 0.845632 2128.677 0.864309
COST 32768 8192 2 8 5.00 0.001 512 0.940339 2613.188 0.922276
COST 32768 16384 2 8 5.00 0.001 512 1.000000 2951.079 1.000000
COST 32768 512 2 8 5.00 0.001 512 0.244329 336.365 1.233130
COST 32768 1024 2 8 5.00 0.001 512 0.587987 818.907 1.244372
COST 32768 2048 2 8 5.00 0.001 512 0.805779 1364.917 1.280940
COST 32768 4096 2 8 5.00 0.001 512 0.916714 1740.974 1.310858
COST 32768 8192 2 8 5.00 0.001 512 0.972238 1954.702 1.197010
COST 32768 16384 2 8 5.00 0.001 512 1.000000 2067.458 1.000000
COST 32768 512 2 8 5.00 0.001 512 0.333735 363.773 2.254023
COST 32768 1024 2 8 5.00 0.001 512 0.698389 825.281 2.252175
COST 32768 2048 2 8 5.00 0.001 512 0.883530 1235.861 2.310100
COST 32768 4096 2 8 5.00 0.001 512 0.958434 1446.595 1.960562
COST 32768 8192 2 8 5.00 0.001 512 0.988191 1537.173 1.186297
COST 32768 16384 2 8 5.00 0.001 512 1.000000 1574.078 1.000000
COST 32768 512 2 8 5.00 0.01 512 0.101178 290.065 0.784119
COST 32768 1024 2 8 5.00 0.01 512 0.330389 782.926 0.781600
COST 32768 2048 2 8 5.00 0.01 512 0.556768 1608.110 0.821696
COST 32768 4096 2 8 5.00 0.01 512 0.739539 2601.124 0.835192
COST 32768 8192 2 8 5.00 0.01 512 0.884747 3627.567 0.888116
COST 32768 16384 2 8 5.00 0.01 512 1.000000 4597.157 1.000000
COST 32768 512 2 8 5.00 0.01 512 0.165205 311.891 1.070537
COST 32768 1024 2 8 5.00 0.01 512 0.461245 804.552 1.094547
COST 32768 2048 2 8 5.00 0.01 512 0.695444 1494.300 1.123362
COST 32768 4096 2 8 5.00 0.01 512 0.845632 2128.677 1.171154
COST 32768 8192 2 8 5.00 0.01 512 0.940339 2613.188 1.136545
COST 32768 16384 2 8 5.00 0.01 512 1.000000 2951.079 1.000000
COST 32768 512 2 8 5.00 0.01 512 0.244329 336.365 1.471551
COST 32768 1024 2 8 5.00 0.01 512 0.587987 818.907 1.475391
COST 32768 2048 2 8 5.00 0.01 512 0.805779 1364.917 1.496697
COST 32768 4096 2 8 5.00 0.01 512 0.916714 1740.974 1.389482
COST 32768 8192 2 8 5.00 0.01 512 0.972238 1954.702 1.006605
COST 32768 16384 2 8 5.00 0.01 512 1.000000 2067.458 1.000000
COST 32768 512 2 8 5.00 0.01 512 0.333735 363.773 2.834184
COST 32768 1024 2 8 5.00 0.01 512 0.698389 825.281 2.835121
COST 32768 2048 2 8 5.00 0.01 512 0.883530 1235.861 2.404977
COST 32768 4096 2 8 5.00 0.01 512 0.958434 1446.595 1.211502
COST 32768 8192 2 8 5.00 0.01 512 0.988191 1537.173 0.756496
COST 32768 16384 2 8 5.00 0.01 512 1.000000 1574.078 1.000000
COST 32768 512 2 8 5.50 0.0001 512 0.101178 290.065 0.785035
COST 32768 1024 2 8 5.50 0.0001 512 0.330389 782.926 0.777240
COST 32768 2048 2 8 5.50 0.0001 512 0.556768 1608.110 0.794869
COST 32768 4096 2 8 5.50 0.0001 512 0.739539 2601.124 0.839501
COST 32768 8192 2 8 5.50 0.0001 512 0.884747 3627.567 0.888119
COST 32768 16384 2 8 5.50 0.0001 512 1.000000 4597.157 1.000000
COST 32768 512 2 8 5.50 0.0001 512 0.165205 311.891 0.694693
COST 32768 1024 2 8 5.50 0.0001 512 0.461245 804.552 0.758588
COST 32768 2048 2 8 5.50 0.0001 512 0.695444 1494.300 0.747873
COST 32768 4096 2 8 5.50 0.0001 512 0.845632 2128.677 0.839487
COST 32768 8192 2 8 5.50 0.0001 512 0.940339 2613.188 0.889482
COST 32768 16384 2 8 5.50 0.0001 512 1.000000 2951.079 1.000000
COST 32768 512 2 8 5.50 0.0001 512 0.244329 336.365 2.170566
COST 32768 1024 2 8 5.50 0.0001 512 0.587987 818.907 2.181950
COST 32768 2048 2 8 5.50 0.0001 512 0.805779 1364.917 2.219259
COST 32768 4096 2 8 5.50 0.0001 512 0.916714 1740.974 2.289744
COST 32768 8192 2 8 5.50 0.0001 512 0.972238 1954.702 1.581751
COST 32768 16384 2 8 5.50 0.0001 512 1.000000 2067.458 1.000000
COST 32768 512 2 8 5.50 0.0001 512 0.333735 363.773 2.915619
COST 32768 1024 2 8 5.50 0.0001 512 0.698389 825.281 3.132133
COST 32768 2048 2 8 5.50 0.0001 512 0.883530 1235.861 3.066384
COST 32768 4096 2 8 5.50 0.0001 512 0.958434 1446.595 1.887396
COST 32768 8192 2 8 5.50 0.0001 512 0.988191 1537.173 0.779065
COST 32768 16384 2 8 5.50 0.0001 512 1.000000 1574.078 1.000000
COST 32768 512 2 8 5.50 0.001 512 0.101178 290.065 0.784699
COST 32768 1024 2 8 5.50 0.001 512 0.330389 782.926 0.791318
COST 32768 2048 2 8 5.50 0.001 512 0.556768 1608.110 0.815270
COST 32768 4096 2 8 5.50 0.001 512 0.739539 2601.124 0.835241
COST 32768 8192 2 8 5.50 0.001 512 0.884747 3627.567 0.892175
COST 32768 16384 2 8 5.50 0.001 512 1.000000 4597.157 1.000000
COST 32768 512 2 8 5.50 0.001 512 0.165205 311.891 1.306281
COST 32768 1024 2 8 5.50 0.001 512 0.461245 804.552 1.320935
COST 32768 2048 2 8 5.50 0.001 512 0.695444 1494.300 1.359976
COST 32768 4096 2 8 5.50 0.001 512 0.845632 2128.677 1.410960
COST 32768 8192 2 8 5.50 0.001 512 0.940339 2613.188 1.326111
COST 32768 16384 2 8 5.50 0.001 512 1.000000 2951.079 1.000000
COST 32768 512 2 8 5.50 0.001 512 0.244329 336.365 2.790895
COST 32768 1024 2 8 5.50 0.001 512 0.587987 818.907 2.782676
COST 32768 2048 2 8 5.50 0.001 512 0.805779 1364.917 2.881259
COST 32768 4096 2 8 5.50 0.001 512 0.916714 1740.974 2.307906
COST 32768 8192 2 8 5.50 0.001 512 0.972238 1954.702 1.166199
COST 32768 16384 2 8 5.50 0.001 512 1.000000 2067.458 1.000000
COST 32768 512 2 8 5.50 0.001 512 0.333735 363.773 2.044845
COST 32768 1024 2 8 5.50 0.001 512 0.698389 825.281 2.128092
COST 32768 2048 2 8 5.50 0.001 512 0.883530 1235.861 1.733874
COST 32768 4096 2 8 5.50 0.001 512 0.958434 1446.595 0.762974
COST 32768 8192 2 8 5.50 0.001 512 0.988191 1537.173 0.565544
COST 32768 16384 2 8 5.50 0.001 512 1.000000 1574.078 1.000000
COST 32768 512 2 8 5.50 0.01 512 0.101178 290.065 1.048356
COST 32768 1024 2 8 5.50 0.01 512 0.330389 782.926 1.048699
COST 32768 2048 2 8 5.50 0.01 512 0.556768 1608.110 1.079583
COST 32768 4096 2 8 5.50 0.01 512 0.739539 2601.124 1.116542
COST 32768 8192 2 8 5.50 0.01 512 0.884747 3627.567 1.145267
COST 32768 16384 2 8 5.50 0.01 512 1.000000 4597.157 1.000000
COST 32768 512 2 8 5.50 0.01 512 0.165205 311.891 2.438004
COST 32768 1024 2 8 5.50 0.01 512 0.461245 804.552 2.457576
COST 32768 2048 2 8 5.50 0.01 512 0.695444 1494.300 2.517475
COST 32768 4096 2 8 5.50 0.01 512 0.845632 2128.677 2.356871
COST 32768 8192 2 8 5.50 0.01 512 0.940339 2613.188 1.214351
COST 32768 16384 2 8 5.50 0.01 512 1.000000 2951.079 1.000000
COST 32768 512 2 8 5.50 0.01 512 0.244329 336.365 2.088412
COST 32768 1024 2 8 5.50 0.01 512 0.587987 818.907 3.404140
COST 32768 2048 2 8 5.50 0.01 512 0.805779 1364.917 3.286146
COST 32768 4096 2 8 5.50 0.01 512 0.916714 1740.974 1.508855
COST 32768 8192 2 8 5.50 0.01 512 0.972238 1954.702 0.809482
COST 32768 16384 2 8 5.50 0.01 512 1.000000 2067.458 1.000000
COST 32768 512 2 8 5.50 0.01 512 0.333735 363.773 2.094917
COST 32768 1024 2 8 5.50 0.01 512 0.698389 825.281 2.117918
COST 32768 2048 2 8 5.50 0.01 512 0.883530 1235.861 0.779744
COST 32768 4096 2 8 5.50 0.01 512 0.958434 1446.595 0.359135
COST 32768 8192 2 8 5.50 0.01 512 0.988191 1537.173 0.486729
COST 32768 16384 2 8 5.50 0.01 512 1.000000 1574.078 1.000000
COST 32768 512 2 8 6.00 0.0001 512 0.101178 290.065 0.814133
COST 32768 1024 2 8 6.00 0.0001 512 0.330389 782.926 0.811393
COST 32768 2048 2 8 6.00 0.0001 512 0.556768 1608.110 0.834887
COST 32768 4096 2 8 6.00 0.0001 512 0.739539 2601.124 0.862402
COST 32768 8192 2 8 6.00 0.0001 512 0.884747 3627.567 0.922410
COST 32768 16384 2 8 6.00 0.0001 512 1.000000 4597.157 1.000000
COST 32768 512 2 8 6.00 0.0001 512 0.165205 311.891 1.951660
COST 32768 1024 2 8 6.00 0.0001 512 0.461245 804.552 1.955984
COST 32768 2048 2 8 6.00 0.0001 512 0.695444 1494.300 2.003984
COST 32768 4096 2 8 6.00 0.0001 512 0.845632 2128.677 2.083552
COST 32768 8192 2 8 6.00 0.0001 512 0.940339 2613.188 1.770170
COST 32768 16384 2 8 6.00 0.0001 512 1.000000 2951.079 1.000000
COST 32768 512 2 8 6.00 0.0001 512 0.244329 336.365 3.334328
COST 32768 1024 2 8 6.00 0.0001 512 0.587987 818.907 3.336161
COST 32768 2048 2 8 6.00 0.0001 512 0.805779 1364.917 3.446963
COST 32768 4096 2 8 6.00 0.0001 512 0.916714 1740.974 2.329768
COST 32768 8192 2 8 6.00 0.0001 512 0.972238 1954.702 0.927334
COST 32768 16384 2 8 6.00 0.0001 512 1.000000 2067.458 1.000000
COST 32768 512 2 8 6.00 0.0001 512 0.333735 363.773 3.611732
COST 32768 1024 2 8 6.00 0.0001 512 0.698389 825.281 3.610405
COST 32768 2048 2 8 6.00 0.0001 512 0.883530 1235.861 2.640071
COST 32768 4096 2 8 6.00 0.0001 512 0.958434 1446.595 0.632147
COST 32768 8192 2 8 6.00 0.0001 512 0.988191 1537.173 0.553979
COST 32768 16384 2 8 6.00 0.0001 512 1.000000 1574.078 1.000000
COST 32768 512 2 8 6.00 0.001 512 0.101178 290.065 1.083032
COST 32768 1024 2 8 6.00 0.001 512 0.330389 782.926 1.110950
COST 32768 2048 2 8 6.00 0.001 512 0.556768 1608.110 1.112807
COST 32768 4096 2 8 6.00 0.001 512 0.739539 2601.124 1.179460
COST 32768 8192 2 8 6.00 0.001 512 0.884747 3627.567 1.219068
COST 32768 16384 2 8 6.00 0.001 512 1.000000 4597.157 1.000000
COST 32768 512 2 8 6.00 0.001 512 0.165205 311.891 2.822030
COST 32768 1024 2 8 6.00 0.001 512 0.461245 804.552 2.849045
COST 32768 2048 2 8 6.00 0.001 512 0.695444 1494.300 2.897015
COST 32768 4096 2 8 6.00 0.001 512 0.845632 2128.677 2.849826
COST 32768 8192 2 8 6.00 0.001 512 0.940339 2613.188 1.369457
COST 32768 16384 2 8 6.00 0.001 512 1.000000 2951.079 1.000000
COST 32768 512 2 8 6.00 0.001 512 0.244329 336.365 3.513758
COST 32768 1024 2 8 6.00 0.001 512 0.587987 818.907 3.601817
COST 32768 2048 2 8 6.00 0.001 512 0.805779 1364.917 3.252128
COST 32768 4096 2 8 6.00 0.001 512 0.916714 1740.974 1.057062
COST 32768 8192 2 8 6.00 0.001 512 0.972238 1954.702 0.632740
COST 32768 16384 2 8 6.00 0.001 512 1.000000 2067.458 1.000000
COST 32768 512 2 8 6.00 0.001 512 0.333735 363.773 3.772856
COST 32768 1024 2 8 6.00 0.001 512 0.698389 825.281 3.729963
COST 32768 2048 2 8 6.00 0.001 512 0.883530 1235.861 1.325758
COST 32768 4096 2 8 6.00 0.001 512 0.958434 1446.595 0.430011
COST 32768 8192 2 8 6.00 0.001 512 0.988191 1537.173 0.509045
COST 32768 16384 2 8 6.00 0.001 512 1.000000 1574.078 1.000000
COST 32768 512 2 8 6.00 0.01 512 0.101178 290.065 2.218581
COST 32768 1024 2 8 6.00 0.01 512 0.330389 782.926 2.226823
COST 32768 2048 2 8 6.00 0.01 512 0.556768 1608.110 2.269883
COST 32768 4096 2 8 6.00 0.01 512 0.739539 2601.124 2.307738
COST 32768 8192 2 8 6.00 0.01 512 0.884747 3627.567 1.394080
COST 32768 16384 2 8 6.00 0.01 512 1.000000 4597.157 1.000000
COST 32768 512 2 8 6.00 0.01 512 0.165205 311.891 3.232140
COST 32768 1024 2 8 6.00 0.01 512 0.461245 804.552 3.227813
COST 32768 2048 2 8 6.00 0.01 512 0.695444 1494.300 3.130352
COST 32768 4096 2 8 6.00 0.01 512 0.845632 2128.677 1.552767
COST 32768 8192 2 8 6.00 0.01 512 0.940339 2613.188 0.699595
COST 32768 16384 2 8 6.00 0.01 512 1.000000 2951.079 1.000000
COST 32768 512 2 8 6.00 0.01 512 0.244329 336.365 3.572853
COST 32768 1024 2 8 6.00 0.01 512 0.587987 818.907 3.626198
COST 32768 2048 2 8 6.00 0.01 512 0.805779 1364.917 1.360669
COST 32768 4096 2 8 6.00 0.01 512 0.916714 1740.974 0.448691
COST 32768 8192 2 8 6.00 0.01 512 0.972238 1954.702 0.496915
COST 32768 16384 2 8 6.00 0.01 512 1.000000 2067.458 1.000000
COST 32768 512 2 8 6.00 0.01 512 0.333735 363.773 3.738902
COST 32768 1024 2 8 6.00 0.01 512 0.698389 825.281 2.807133
COST 32768 2048 2 8 6.00 0.01 512 0.883530 1235.861 0.373987
COST 32768 4096 2 8 6.00 0.01 512 0.958434 1446.595 0.274298
COST 32768 8192 2 8 6.00 0.01 512 0.988191 1537.173 0.504086
COST 32768 16384 2 8 6.00 0.01 512 1.000000 1574.078 1.000000
COST 32768 512 2 8 6.50 0.0001 512 0.101178 290.065 1.398892
COST 32768 1024 2 8 6.50 0.0001 512 0.330389 782.926 1.416655
COST 32768 2048 2 8 6.50 0.0001 512 0.556768 1608.110 1.448125
COST 32768 4096 2 8 6.50 0.0001 512 0.739539 2601.124 1.473564
COST 32768 8192 2 8 6.50 0.0001 512 0.884747 3627.567 1.561504
COST 32768 16384 2 8 6.50 0.0001 512 1.000000 4597.157 1.000000
COST 32768 512 2 8 6.50 0.0001 512 0.165205 311.891 1.903363
COST 32768 1024 2 8 6.50 0.0001 512 0.461245 804.552 1.991987
COST 32768 2048 2 8 6.50 0.0001 512 0.695444 1494.300 1.979136
COST 32768 4096 2 8 6.50 0.0001 512 0.845632 2128.677 1.981219
COST 32768 8192 2 8 6.50 0.0001 512 0.940339 2613.188 0.913513
COST 32768 16384 2 8 6.50 0.0001 512 1.000000 2951.079 1.000000
COST 32768 512 2 8 6.50 0.0001 512 0.244329 336.365 3.586712
COST 32768 1024 2 8 6.50 0.0001 512 0.587987 818.907 3.596410
COST 32768 2048 2 8 6.50 0.0001 512 0.805779 1364.917 3.183228
COST 32768 4096 2 8 6.50 0.0001 512 0.916714 1740.974 0.844092
COST 32768 8192 2 8 6.50 0.0001 512 0.972238 1954.702 0.536875
COST 32768 16384 2 8 6.50 0.0001 512 1.000000 2067.458 1.000000
COST 32768 512 2 8 6.50 0.0001 512 0.333735 363.773 3.715015
COST 32768 1024 2 8 6.50 0.0001 512 0.698389 825.281 3.768391
COST 32768 2048 2 8 6.50 0.0001 512 0.883530 1235.861 1.034525
COST 32768 4096 2 8 6.50 0.0001 512 0.958434 1446.595 0.340078
COST 32768 8192 2 8 6.50 0.0001 512 0.988191 1537.173 0.499939
COST 32768 16384 2 8 6.50 0.0001 512 1.000000 1574.078 1.000000
COST 32768 512 2 8 6.50 0.001 512 0.101178 290.065 2.263381
COST 32768 1024 2 8 6.50 0.001 512 0.330389 782.926 2.295679
COST 32768 2048 2 8 6.50 0.001 512 0.556768 1608.110 2.353710
COST 32768 4096 2 8 6.50 0.001 512 0.739539 2601.124 2.397340
COST 32768 8192 2 8 6.50 0.001 512 0.884747 3627.567 1.823962
COST 32768 16384 2 8 6.50 0.001 512 1.000000 4597.157 1.000000
COST 32768 512 2 8 6.50 0.001 512 0.165205 311.891 3.426947
COST 32768 1024 2 8 6.50 0.001 512 0.461245 804.552 3.497939
COST 32768 2048 2 8 6.50 0.001 512 0.695444 1494.300 3.510229
COST 32768 4096 2 8 6.50 0.001 512 0.845632 2128.677 1.867891
COST 32768 8192 2 8 6.50 0.001 512 0.940339 2613.188 0.711888
COST 32768 16384 2 8 6.50 0.001 512 1.000000 2951.079 1.000000
COST 32768 512 2 8 6.50 0.001 512 0.244329 336.365 3.662994
COST 32768 1024 2 8 6.50 0.001 512 0.587987 818.907 3.694919
COST 32768 2048 2 8 6.50 0.001 512 0.805779 1364.917 1.919466
COST 32768 4096 2 8 6.50 0.001 512 0.916714 1740.974 0.385070
COST 32768 8192 2 8 6.50 0.001 512 0.972238 1954.702 0.511125
COST 32768 16384 2 8 6.50 0.001 512 1.000000 2067.458 1.000000
COST 32768 512 2 8 6.50 0.001 512 0.333735 363.773 3.872451
COST 32768 1024 2 8 6.50 0.001 512 0.698389 825.281 3.467730
COST 32768 2048 2 8 6.50 0.001 512 0.883530 1235.861 0.383642
COST 32768 4096 2 8 6.50 0.001 512 0.958434 1446.595 0.247081
COST 32768 8192 2 8 6.50 0.001 512 0.988191 1537.173 0.515692
COST 32768 16384 2 8 6.50 0.001 512 1.000000 1574.078 1.000000
COST 32768 512 2 8 6.50 0.01 512 0.101178 290.065 3.263611
COST 32768 1024 2 8 6.50 0.01 512 0.330389 782.926 3.298052
COST 32768 2048 2 8 6.50 0.01 512 0.556768 1608.110 3.341066
COST 32768 4096 2 8 6.50 0.01 512 0.739539 2601.124 2.528140
COST 32768 8192 2 8 6.50 0.01 512 0.884747 3627.567 0.893207
COST 32768 16384 2 8 6.50 0.01 512 1.000000 4597.157 1.000000
COST 32768 512 2 8 6.50 0.01 512 0.165205 311.891 3.619560
COST 32768 1024 2 8 6.50 0.01 512 0.461245 804.552 3.647318
COST 32768 2048 2 8 6.50 0.01 512 0.695444 1494.300 2.294653
COST 32768 4096 2 8 6.50 0.01 512 0.845632 2128.677 0.603336
COST 32768 8192 2 8 6.50 0.01 512 0.940339 2613.188 0.526628
COST 32768 16384 2 8 6.50 0.01 512 1.000000 2951.079 1.000000
COST 32768 512 2 8 6.50 0.01 512 0.244329 336.365 3.696384
COST 32768 1024 2 8 6.50 0.01 512 0.587987 818.907 3.294066
COST 32768 2048 2 8 6.50 0.01 512 0.805779 1364.917 0.473386
COST 32768 4096 2 8 6.50 0.01 512 0.916714 1740.974 0.261354
COST 32768 8192 2 8 6.50 0.01 512 0.972238 1954.702 0.507102
COST 32768 16384 2 8 6.50 0.01 512 1.000000 2067.458 1.000000
COST 32768 512 2 8 6.50 0.01 512 0.333735 363.773 3.823570
COST 32768 1024 2 8 6.50 0.01 512 0.698389 825.281 1.233626
COST 32768 2048 2 8 6.50 0.01 512 0.883530 1235.861 0.115756
COST 32768 4096 2 8 6.50 0.01 512 0.958434 1446.595 0.242768
COST 32768 8192 2 8 6.50 0.01 512 0.988191 1537.173 0.496786
COST 32768 16384 2 8 6.50 0.01 512 1.000000 1574.078 1.000000
COST 4096 256 2 8 5.00 0.0001 16384 0.556281 200.726 0.855695
COST 4096 512 2 8 5.00 0.0001 16384 0.739362 324.982 0.870923
COST 4096 1024 2 8 5.00 0.0001 16384 0.884695 453.368 1.015257
COST 4096 2048 2 8 5.00 0.0001 16384 1.000000 574.609 1.000000
COST 4096 256 2 8 5.00 0.0001 512 0.556281 200.726 0.709742
COST 4096 512 2 8 5.00 0.0001 512 0.739362 324.982 0.724926
COST 4096 1024 2 8 5.00 0.0001 512 0.884695 453.368 0.759971
COST 4096 2048 2 8 5.00 0.0001 512 1.000000 574.609 1.000000
COST 4096 256 2 8 5.00 0.0001 16384 0.694993 186.575 1.319581
COST 4096 512 2 8 5.00 0.0001 16384 0.845498 265.998 1.337005
COST 4096 1024 2 8 5.00 0.0001 16384 0.940306 326.617 1.506187
COST 4096 2048 2 8 5.00 0.0001 16384 1.000000 368.874 1.000000
COST 4096 256 2 8 5.00 0.0001 512 0.694993 186.575 0.922286
COST 4096 512 2 8 5.00 0.0001 512 0.845498 265.998 0.959919
COST 4096 1024 2 8 5.00 0.0001 512 0.940306 326.617 0.971551
COST 4096 2048 2 8 5.00 0.0001 512 1.000000 368.874 1.000000
COST 4096 256 2 8 5.00 0.0001 16384 0.805405 170.469 2.729866
COST 4096 512 2 8 5.00 0.0001 16384 0.916625 217.578 2.171838
COST 4096 1024 2 8 5.00 0.0001 16384 0.972220 244.326 1.124515
COST 4096 2048 2 8 5.00 0.0001 16384 1.000000 258.429 1.000000
COST 4096 256 2 8 5.00 0.0001 512 0.805405 170.469 1.793687
COST 4096 512 2 8 5.00 0.0001 512 0.916625 217.578 1.478235
COST 4096 1024 2 8 5.00 0.0001 512 0.972220 244.326 0.776829
COST 4096 2048 2 8 5.00 0.0001 512 1.000000 258.429 1.000000
COST 4096 256 2 8 5.00 0.0001 16384 0.883249 154.389 3.631325
COST 4096 512 2 8 5.00 0.0001 16384 0.958380 180.803 1.640564
COST 4096 1024 2 8 5.00 0.0001 16384 0.988182 192.142 1.462782
COST 4096 2048 2 8 5.00 0.0001 16384 1.000000 196.759 1.000000
COST 4096 256 2 8 5.00 0.0001 512 0.883249 154.389 1.802762
COST 4096 512 2 8 5.00 0.0001 512 0.958380 180.803 0.659461
COST 4096 1024 2 8 5.00 0.0001 512 0.988182 192.142 0.401839
COST 4096 2048 2 8 5.00 0.0001 512 1.000000 196.759 1.000000
COST 4096 256 2 8 5.00 0.0001 16384 0.787575 171.100 4.333194
COST 4096 512 2 8 5.00 0.0001 16384 0.930638 232.707 3.462496
COST 4096 1024 2 8 5.00 0.0001 16384 0.986999 261.191 2.025849
COST 4096 2048 2 8 5.00 0.0001 16384 1.000000 268.093 1.000000
COST 4096 256 2 8 5.00 0.0001 512 0.787575 171.100 2.149450
COST 4096 512 2 8 5.00 0.0001 512 0.930638 232.707 1.601210
COST 4096 1024 2 8 5.00 0.0001 512 0.986999 261.191 0.636356
COST 4096 2048 2 8 5.00 0.0001 512 1.000000 268.093 1.000000
COST 4096 256 2 8 5.00 0.001 16384 0.556281 200.726 0.924793
COST 4096 512 2 8 5.00 0.001 16384 0.739362 324.982 0.963945
COST 4096 1024 2 8 5.00 0.001 16384 0.884695 453.368 1.147344
COST 4096 2048 2 8 5.00 0.001 16384 1.000000 574.609 1.000000
COST 4096 256 2 8 5.00 0.001 512 0.556281 200.726 0.706725
COST 4096 512 2 8 5.00 0.001 512 0.739362 324.982 0.737326
COST 4096 1024 2 8 5.00 0.001 512 0.884695 453.368 0.807093
COST 4096 2048 2 8 5.00 0.001 512 1.000000 574.609 1.000000
COST 4096 256 2 8 5.00 0.001 16384 0.694993 186.575 1.958416
COST 4096 512 2 8 5.00 0.001 16384 0.845498 265.998 1.921779
COST 4096 1024 2 8 5.00 0.001 16384 0.940306 326.617 1.671799
COST 4096 2048 2 8 5.00 0.001 16384 1.000000 368.874 1.000000
COST 4096 256 2 8 5.00 0.001 512 0.694993 186.575 1.328664
COST 4096 512 2 8 5.00 0.001 512 0.845498 265.998 1.318140
COST 4096 1024 2 8 5.00 0.001 512 0.940306 326.617 0.847195
COST 4096 2048 2 8 5.00 0.001 512 1.000000 368.874 1.000000
COST 4096 256 2 8 5.00 0.001 16384 0.805405 170.469 3.541937
COST 4096 512 2 8 5.00 0.001 16384 0.916625 217.578 2.058992
COST 4096 1024 2 8 5.00 0.001 16384 0.972220 244.326 1.611955
COST 4096 2048 2 8 5.00 0.001 16384 1.000000 258.429 1.000000
COST 4096 256 2 8 5.00 0.001 512 0.805405 170.469 1.953815
COST 4096 512 2 8 5.00 0.001 512 0.916625 217.578 0.948927
COST 4096 1024 2 8 5.00 0.001 512 0.972220 244.326 0.477509
COST 4096 2048 2 8 5.00 0.001 512 1.000000 258.429 1.000000
COST 4096 256 2 8 5.00 0.001 16384 0.883249 154.389 2.581074
COST 4096 512 2 8 5.00 0.001 16384 0.958380 180.803 0.945823
COST 4096 1024 2 8 5.00 0.001 16384 0.988182 192.142 1.364567
COST 4096 2048 2 8 5.00 0.001 16384 1.000000 196.759 1.000000
COST 4096 256 2 8 5.00 0.001 512 0.883249 154.389 1.047904
COST 4096 512 2 8 5.00 0.001 512 0.958380 180.803 0.357763
COST 4096 1024 2 8 5.00 0.001 512 0.988182 192.142 0.321295
COST 4096 2048 2 8 5.00 0.001 512 1.000000 196.759 1.000000
COST 4096 256 2 8 5.00 0.001 16384 0.787575 171.100 4.443986
COST 4096 512 2 8 5.00 0.001 16384 0.930638 232.707 2.108972
COST 4096 1024 2 8 5.00 0.001 16384 0.986999 261.191 1.643724
COST 4096 2048 2 8 5.00 0.001 16384 1.000000 268.093 1.000000
COST 4096 256 2 8 5.00 0.001 512 0.787575 171.100 2.057915
COST 4096 512 2 8 5.00 0.001 512 0.930638 232.707 0.898316
COST 4096 1024 2 8 5.00 0.001 512 0.986999 261.191 0.400790
COST 4096 2048 2 8 5.00 0.001 512 1.000000 268.093 1.000000
COST 4096 256 2 8 5.00 0.01 16384 0.556281 200.726 1.585488
COST 4096 512 2 8 5.00 0.01 16384 0.739362 324.982 1.570704
COST 4096 1024 2 8 5.00 0.01 16384 0.884695 453.368 1.454525
COST 4096 2048 2 8 5.00 0.01 16384 1.000000 574.609 1.000000
COST 4096 256 2 8 5.00 0.01 512 0.556281 200.726 1.080860
COST 4096 512 2 8 5.00 0.01 512 0.739362 324.982 1.096489
COST 4096 1024 2 8 5.00 0.01 512 0.884695 453.368 0.840858
COST 4096 2048 2 8 5.00 0.01 512 1.000000 574.609 1.000000
COST 4096 256 2 8 5.00 0.01 16384 0.694993 186.575 3.246175
COST 4096 512 2 8 5.00 0.01 16384 0.845498 265.998 2.224028
COST 4096 1024 2 8 5.00 0.01 16384 0.940306 326.617 1.537388
COST 4096 2048 2 8 5.00 0.01 16384 1.000000 368.874 1.000000
COST 4096 256 2 8 5.00 0.01 512 0.694993 186.575 1.903204
COST 4096 512 2 8 5.00 0.01 512 0.845498 265.998 1.197965
COST 4096 1024 2 8 5.00 0.01 512 0.940306 326.617 0.550044
COST 4096 2048 2 8 5.00 0.01 512 1.000000 368.874 1.000000
COST 4096 256 2 8 5.00 0.01 16384 0.805405 170.469 2.398687
COST 4096 512 2 8 5.00 0.01 16384 0.916625 217.578 1.010925
COST 4096 1024 2 8 5.00 0.01 16384 0.972220 244.326 1.407565
COST 4096 2048 2 8 5.00 0.01 16384 1.000000 258.429 1.000000
COST 4096 256 2 8 5.00 0.01 512 0.805405 170.469 0.889858
COST 4096 512 2 8 5.00 0.01 512 0.916625 217.578 0.390636
COST 4096 1024 2 8 5.00 0.01 512 0.972220 244.326 0.314486
COST 4096 2048 2 8 5.00 0.01 512 1.000000 258.429 1.000000
COST 4096 256 2 8 5.00 0.01 16384 0.883249 154.389 0.667437
COST 4096 512 2 8 5.00 0.01 16384 0.958380 180.803 0.253286
COST 4096 1024 2 8 5.00 0.01 16384 0.988182 192.142 0.301755
COST 4096 2048 2 8 5.00 0.01 16384 1.000000 196.759 1.000000
COST 4096 256 2 8 5.00 0.01 512 0.883249 154.389 0.350598
COST 4096 512 2 8 5.00 0.01 512 0.958380 180.803 0.181794
COST 4096 1024 2 8 5.00 0.01 512 0.988182 192.142 0.293833
COST 4096 2048 2 8 5.00 0.01 512 1.000000 196.759 1.000000
COST 4096 256 2 8 5.00 0.01 16384 0.787575 171.100 2.765680
COST 4096 512 2 8 5.00 0.01 16384 0.930638 232.707 0.810973
COST 4096 1024 2 8 5.00 0.01 16384 0.986999 261.191 1.358381
COST 4096 2048 2 8 5.00 0.01 16384 1.000000 268.093 1.000000
COST 4096 256 2 8 5.00 0.01 512 0.787575 171.100 1.059685
COST 4096 512 2 8 5.00 0.01 512 0.930638 232.707 0.339623
COST 4096 1024 2 8 5.00 0.01 512 0.986999 261.191 0.289485
COST 4096 2048 2 8 5.00 0.01 512 1.000000 268.093 1.000000
COST 4096 256 2 8 5.50 0.0001 16384 0.556281 200.726 1.077738
COST 4096 512 2 8 5.50 0.0001 16384 0.739362 324.982 1.102047
COST 4096 1024 2 8 5.50 0.0001 16384 0.884695 453.368 1.335621
COST 4096 2048 2 8 5.50 0.0001 16384 1.000000 574.609 1.000000
COST 4096 256 2 8 5.50 0.0001 512 0.556281 200.726 0.742094
COST 4096 512 2 8 5.50 0.0001 512 0.739362 324.982 0.764163
COST 4096 1024 2 8 5.50 0.0001 512 0.884695 453.368 0.850193
COST 4096 2048 2 8 5.50 0.0001 512 1.000000 574.609 1.000000
COST 4096 256 2 8 5.50 0.0001 16384 0.694993 186.575 2.895659
COST 4096 512 2 8 5.50 0.0001 16384 0.845498 265.998 2.737303
COST 4096 1024 2 8 5.50 0.0001 16384 0.940306 326.617 2.140433
COST 4096 2048 2 8 5.50 0.0001 16384 1.000000 368.874 1.000000
COST 4096 256 2 8 5.50 0.0001 512 0.694993 186.575 1.700349
COST 4096 512 2 8 5.50 0.0001 512 0.845498 265.998 1.661061
COST 4096 1024 2 8 5.50 0.0001 512 0.940306 326.617 0.907784
COST 4096 2048 2 8 5.50 0.0001 512 1.000000 368.874 1.000000
COST 4096 256 2 8 5.50 0.0001 16384 0.805405 170.469 4.309759
COST 4096 512 2 8 5.50 0.0001 16384 0.916625 217.578 1.900257
COST 4096 1024 2 8 5.50 0.0001 16384 0.972220 244.326 1.589188
COST 4096 2048 2 8 5.50 0.0001 16384 1.000000 258.429 1.000000
COST 4096 256 2 8 5.50 0.0001 512 0.805405 170.469 1.986116
COST 4096 512 2 8 5.50 0.0001 512 0.916625 217.578 0.718665
COST 4096 1024 2 8 5.50 0.0001 512 0.972220 244.326 0.369430
COST 4096 2048 2 8 5.50 0.0001 512 1.000000 258.429 1.000000
COST 4096 256 2 8 5.50 0.0001 16384 0.883249 154.389 2.313622
COST 4096 512 2 8 5.50 0.0001 16384 0.958380 180.803 0.604235
COST 4096 1024 2 8 5.50 0.0001 16384 0.988182 192.142 1.276997
COST 4096 2048 2 8 5.50 0.0001 16384 1.000000 196.759 1.000000
COST 4096 256 2 8 5.50 0.0001 512 0.883249 154.389 0.810481
COST 4096 512 2 8 5.50 0.0001 512 0.958380 180.803 0.250264
COST 4096 1024 2 8 5.50 0.0001 512 0.988182 192.142 0.293252
COST 4096 2048 2 8 5.50 0.0001 512 1.000000 196.759 1.000000
COST 4096 256 2 8 5.50 0.0001 16384 0.787575 171.100 4.657247
COST 4096 512 2 8 5.50 0.0001 16384 0.930638 232.707 1.766650
COST 4096 1024 2 8 5.50 0.0001 16384 0.986999 261.191 1.509778
COST 4096 2048 2 8 5.50 0.0001 16384 1.000000 268.093 1.000000
COST 4096 256 2 8 5.50 0.0001 512 0.787575 171.100 2.083424
COST 4096 512 2 8 5.50 0.0001 512 0.930638 232.707 0.747795
COST 4096 1024 2 8 5.50 0.0001 512 0.986999 261.191 0.317962
COST 4096 2048 2 8 5.50 0.0001 512 1.000000 268.093 1.000000
COST 4096 256 2 8 5.50 0.001 16384 0.556281 200.726 1.699107
COST 4096 512 2 8 5.50 0.001 16384 0.739362 324.982 2.135709
COST 4096 1024 2 8 5.50 0.001 16384 0.884695 453.368 2.312327
COST 4096 2048 2 8 5.50 0.001 16384 1.000000 574.609 1.000000
COST 4096 256 2 8 5.50 0.001 512 0.556281 200.726 1.142953
COST 4096 512 2 8 5.50 0.001 512 0.739362 324.982 1.190357
COST 4096 1024 2 8 5.50 0.001 512 0.884695 453.368 1.070203
COST 4096 2048 2 8 5.50 0.001 512 1.000000 574.609 1.000000
COST 4096 256 2 8 5.50 0.001 16384 0.694993 186.575 3.962171
COST 4096 512 2 8 5.50 0.001 16384 0.845498 265.998 2.603430
COST 4096 1024 2 8 5.50 0.001 16384 0.940306 326.617 1.624468
COST 4096 2048 2 8 5.50 0.001 16384 1.000000 368.874 1.000000
COST 4096 256 2 8 5.50 0.001 512 0.694993 186.575 2.166658
COST 4096 512 2 8 5.50 0.001 512 0.845498 265.998 1.277995
COST 4096 1024 2 8 5.50 0.001 512 0.940306 326.617 0.539017
COST 4096 2048 2 8 5.50 0.001 512 1.000000 368.874 1.000000
COST 4096 256 2 8 5.50 0.001 16384 0.805405 170.469 3.016106
COST 4096 512 2 8 5.50 0.001 16384 0.916625 217.578 0.877594
COST 4096 1024 2 8 5.50 0.001 16384 0.972220 244.326 1.232444
COST 4096 2048 2 8 5.50 0.001 16384 1.000000 258.429 1.000000
COST 4096 256 2 8 5.50 0.001 512 0.805405 170.469 1.192674
COST 4096 512 2 8 5.50 0.001 512 0.916625 217.578 0.345067
COST 4096 1024 2 8 5.50 0.001 512 0.972220 244.326 0.309375
COST 4096 2048 2 8 5.50 0.001 512 1.000000 258.429 1.000000
COST 4096 256 2 8 5.50 0.001 16384 0.883249 154.389 1.078027
COST 4096 512 2 8 5.50 0.001 16384 0.958380 180.803 0.330621
COST 4096 1024 2 8 5.50 0.001 16384 0.988182 192.142 1.257720
COST 4096 2048 2 8 5.50 0.001 16384 1.000000 196.759 1.000000
COST 4096 256 2 8 5.50 0.001 512 0.883249 154.389 0.335758
COST 4096 512 2 8 5.50 0.001 512 0.958380 180.803 0.167005
COST 4096 1024 2 8 5.50 0.001 512 0.988182 192.142 0.267317
COST 4096 2048 2 8 5.50 0.001 512 1.000000 196.759 1.000000
COST 4096 256 2 8 5.50 0.001 16384 0.787575 171.100 3.084618
COST 4096 512 2 8 5.50 0.001 16384 0.930638 232.707 0.750692
COST 4096 1024 2 8 5.50 0.001 16384 0.986999 261.191 1.328632
COST 4096 2048 2 8 5.50 0.001 16384 1.000000 268.093 1.000000
COST 4096 256 2 8 5.50 0.001 512 0.787575 171.100 1.151877
COST 4096 512 2 8 5.50 0.001 512 0.930638 232.707 0.306888
COST 4096 1024 2 8 5.50 0.001 512 0.986999 261.191 0.284054
COST 4096 2048 2 8 5.50 0.001 512 1.000000 268.093 1.000000
COST 4096 256 2 8 5.50 0.01 16384 0.556281 200.726 3.317671
COST 4096 512 2 8 5.50 0.01 16384 0.739362 324.982 2.549880
COST 4096 1024 2 8 5.50 0.01 16384 0.884695 453.368 1.652379
COST 4096 2048 2 8 5.50 0.01 16384 1.000000 574.609 1.000000
COST 4096 256 2 8 5.50 0.01 512 0.556281 200.726 2.068077
COST 4096 512 2 8 5.50 0.01 512 0.739362 324.982 1.566487
COST 4096 1024 2 8 5.50 0.01 512 0.884695 453.368 0.667771
COST 4096 2048 2 8 5.50 0.01 512 1.000000 574.609 1.000000
COST 4096 256 2 8 5.50 0.01 16384 0.694993 186.575 3.432807
COST 4096 512 2 8 5.50 0.01 16384 0.845498 265.998 1.258025
COST 4096 1024 2 8 5.50 0.01 16384 0.940306 326.617 1.378902
COST 4096 2048 2 8 5.50 0.01 16384 1.000000 368.874 1.000000
COST 4096 256 2 8 5.50 0.01 512 0.694993 186.575 1.437957
COST 4096 512 2 8 5.50 0.01 512 0.845498 265.998 0.451746
COST 4096 1024 2 8 5.50 0.01 512 0.940306 326.617 0.323576
COST 4096 2048 2 8 5.50 0.01 512 1.000000 368.874 1.000000
COST 4096 256 2 8 5.50 0.01 16384 0.805405 170.469 0.923028
COST 4096 512 2 8 5.50 0.01 16384 0.916625 217.578 0.365748
COST 4096 1024 2 8 5.50 0.01 16384 0.972220 244.326 1.219965
COST 4096 2048 2 8 5.50 0.01 16384 1.000000 258.429 1.000000
COST 4096 256 2 8 5.50 0.01 512 0.805405 170.469 0.340632
COST 4096 512 2 8 5.50 0.01 512 0.916625 217.578 0.182161
COST 4096 1024 2 8 5.50 0.01 512 0.972220 244.326 0.263428
COST 4096 2048 2 8 5.50 0.01 512 1.000000 258.429 1.000000
COST 4096 256 2 8 5.50 0.01 16384 0.883249 154.389 0.322593
COST 4096 512 2 8 5.50 0.01 16384 0.958380 180.803 0.207812
COST 4096 1024 2 8 5.50 0.01 16384 0.988182 192.142 1.274827
COST 4096 2048 2 8 5.50 0.01 16384 1.000000 196.759 1.000000
COST 4096 256 2 8 5.50 0.01 512 0.883249 154.389 0.128032
COST 4096 512 2 8 5.50 0.01 512 0.958380 180.803 0.135550
COST 4096 1024 2 8 5.50 0.01 512 0.988182 192.142 0.292825
COST 4096 2048 2 8 5.50 0.01 512 1.000000 196.759 1.000000
COST 4096 256 2 8 5.50 0.01 16384 0.787575 171.100 1.181525
COST 4096 512 2 8 5.50 0.01 16384 0.930638 232.707 0.301516
COST 4096 1024 2 8 5.50 0.01 16384 0.986999 261.191 1.301498
COST 4096 2048 2 8 5.50 0.01 16384 1.000000 268.093 1.000000
COST 4096 256 2 8 5.50 0.01 512 0.787575 171.100 0.442517
COST 4096 512 2 8 5.50 0.01 512 0.930638 232.707 0.148934
COST 4096 1024 2 8 5.50 0.01 512 0.986999 261.191 0.267340
COST 4096 2048 2 8 5.50 0.01 512 1.000000 268.093 1.000000
COST 4096 256 2 8 6.00 0.0001 16384 0.556281 200.726 2.133507
COST 4096 512 2 8 6.00 0.0001 16384 0.739362 324.982 2.151709
COST 4096 1024 2 8 6.00 0.0001 16384 0.884695 453.368 2.210759
COST 4096 2048 2 8 6.00 0.0001 16384 1.000000 574.609 1.000000
COST 4096 256 2 8 6.00 0.0001 512 0.556281 200.726 1.417012
COST 4096 512 2 8 6.00 0.0001 512 0.739362 324.982 1.468412
COST 4096 1024 2 8 6.00 0.0001 512 0.884695 453.368 1.264728
COST 4096 2048 2 8 6.00 0.0001 512 1.000000 574.609 1.000000
COST 4096 256 2 8 6.00 0.0001 16384 0.694993 186.575 4.668898
COST 4096 512 2 8 6.00 0.0001 16384 0.845498 265.998 2.891611
COST 4096 1024 2 8 6.00 0.0001 16384 0.940306 326.617 1.781672
COST 4096 2048 2 8 6.00 0.0001 16384 1.000000 368.874 1.000000
COST 4096 256 2 8 6.00 0.0001 512 0.694993 186.575 2.209711
COST 4096 512 2 8 6.00 0.0001 512 0.845498 265.998 1.203240
COST 4096 1024 2 8 6.00 0.0001 512 0.940306 326.617 0.491358
COST 4096 2048 2 8 6.00 0.0001 512 1.000000 368.874 1.000000
COST 4096 256 2 8 6.00 0.0001 16384 0.805405 170.469 2.785581
COST 4096 512 2 8 6.00 0.0001 16384 0.916625 217.578 0.650972
COST 4096 1024 2 8 6.00 0.0001 16384 0.972220 244.326 1.323854
COST 4096 2048 2 8 6.00 0.0001 16384 1.000000 258.429 1.000000
COST 4096 256 2 8 6.00 0.0001 512 0.805405 170.469 1.061119
COST 4096 512 2 8 6.00 0.0001 512 0.916625 217.578 0.289281
COST 4096 1024 2 8 6.00 0.0001 512 0.972220 244.326 0.280456
COST 4096 2048 2 8 6.00 0.0001 512 1.000000 258.429 1.000000
COST 4096 256 2 8 6.00 0.0001 16384 0.883249 154.389 0.849916
COST 4096 512 2 8 6.00 0.0001 16384 0.958380 180.803 0.288669
COST 4096 1024 2 8 6.00 0.0001 16384 0.988182 192.142 1.266710
COST 4096 2048 2 8 6.00 0.0001 16384 1.000000 196.759 1.000000
COST 4096 256 2 8 6.00 0.0001 512 0.883249 154.389 0.279473
COST 4096 512 2 8 6.00 0.0001 512 0.958380 180.803 0.141060
COST 4096 1024 2 8 6.00 0.0001 512 0.988182 192.142 0.254646
COST 4096 2048 2 8 6.00 0.0001 512 1.000000 196.759 1.000000
COST 4096 256 2 8 6.00 0.0001 16384 0.787575 171.100 2.802851
COST 4096 512 2 8 6.00 0.0001 16384 0.930638 232.707 0.536433
COST 4096 1024 2 8 6.00 0.0001 16384 0.986999 261.191 0.282820
COST 4096 2048 2 8 6.00 0.0001 16384 1.000000 268.093 1.000000
COST 4096 256 2 8 6.00 0.0001 512 0.787575 171.100 1.062929
COST 4096 512 2 8 6.00 0.0001 512 0.930638 232.707 0.240592
COST 4096 1024 2 8 6.00 0.0001 512 0.986999 261.191 0.265461
COST 4096 2048 2 8 6.00 0.0001 512 1.000000 268.093 1.000000
COST 4096 256 2 8 6.00 0.001 16384 0.556281 200.726 3.439086
COST 4096 512 2 8 6.00 0.001 16384 0.739362 324.982 3.017298
COST 4096 1024 2 8 6.00 0.001 16384 0.884695 453.368 2.046976
COST 4096 2048 2 8 6.00 0.001 16384 1.000000 574.609 1.000000
COST 4096 256 2 8 6.00 0.001 512 0.556281 200.726 2.137111
COST 4096 512 2 8 6.00 0.001 512 0.739362 324.982 1.922380
COST 4096 1024 2 8 6.00 0.001 512 0.884695 453.368 0.876840
COST 4096 2048 2 8 6.00 0.001 512 1.000000 574.609 1.000000
COST 4096 256 2 8 6.00 0.001 16384 0.694993 186.575 4.014725
COST 4096 512 2 8 6.00 0.001 16384 0.845498 265.998 1.357471
COST 4096 1024 2 8 6.00 0.001 16384 0.940306 326.617 1.375029
COST 4096 2048 2 8 6.00 0.001 16384 1.000000 368.874 1.000000
COST 4096 256 2 8 6.00 0.001 512 0.694993 186.575 1.687672
COST 4096 512 2 8 6.00 0.001 512 0.845498 265.998 0.477632
COST 4096 1024 2 8 6.00 0.001 512 0.940306 326.617 0.317335
COST 4096 2048 2 8 6.00 0.001 512 1.000000 368.874 1.000000
COST 4096 256 2 8 6.00 0.001 16384 0.805405 170.469 1.307757
COST 4096 512 2 8 6.00 0.001 16384 0.916625 217.578 0.299961
COST 4096 1024 2 8 6.00 0.001 16384 0.972220 244.326 1.272307
COST 4096 2048 2 8 6.00 0.001 16384 1.000000 258.429 1.000000
COST 4096 256 2 8 6.00 0.001 512 0.805405 170.469 0.480271
COST 4096 512 2 8 6.00 0.001 512 0.916625 217.578 0.158434
COST 4096 1024 2 8 6.00 0.001 512 0.972220 244.326 0.269225
COST 4096 2048 2 8 6.00 0.001 512 1.000000 258.429 1.000000
COST 4096 256 2 8 6.00 0.001 16384 0.883249 154.389 0.326132
COST 4096 512 2 8 6.00 0.001 16384 0.958380 180.803 0.154048
COST 4096 1024 2 8 6.00 0.001 16384 0.988182 192.142 1.269248
COST 4096 2048 2 8 6.00 0.001 16384 1.000000 196.759 1.000000
COST 4096 256 2 8 6.00 0.001 512 0.883249 154.389 0.126359
COST 4096 512 2 8 6.00 0.001 512 0.958380 180.803 0.118830
COST 4096 1024 2 8 6.00 0.001 512 0.988182 192.142 0.278109
COST 4096 2048 2 8 6.00 0.001 512 1.000000 196.759 1.000000
COST 4096 256 2 8 6.00 0.001 16384 0.787575 171.100 1.299939
COST 4096 512 2 8 6.00 0.001 16384 0.930638 232.707 0.321475
COST 4096 1024 2 8 6.00 0.001 16384 0.986999 261.191 1.230088
COST 4096 2048 2 8 6.00 0.001 16384 1.000000 268.093 1.000000
COST 4096 256 2 8 6.00 0.001 512 0.787575 171.100 0.467860
COST 4096 512 2 8 6.00 0.001 512 0.930638 232.707 0.141188
COST 4096 1024 2 8 6.00 0.001 512 0.986999 261.191 0.246409
COST 4096 2048 2 8 6.00 0.001 512 1.000000 268.093 1.000000
COST 4096 256 2 8 6.00 0.01 16384 0.556281 200.726 4.322143
COST 4096 512 2 8 6.00 0.01 16384 0.739362 324.982 1.890640
COST 4096 1024 2 8 6.00 0.01 16384 0.884695 453.368 1.538055
COST 4096 2048 2 8 6.00 0.01 16384 1.000000 574.609 1.000000
COST 4096 256 2 8 6.00 0.01 512 0.556281 200.726 2.039280
COST 4096 512 2 8 6.00 0.01 512 0.739362 324.982 0.788469
COST 4096 1024 2 8 6.00 0.01 512 0.884695 453.368 0.403311
COST 4096 2048 2 8 6.00 0.01 512 1.000000 574.609 1.000000
COST 4096 256 2 8 6.00 0.01 16384 0.694993 186.575 1.679141
COST 4096 512 2 8 6.00 0.01 16384 0.845498 265.998 0.465894
COST 4096 1024 2 8 6.00 0.01 16384 0.940306 326.617 1.397381
COST 4096 2048 2 8 6.00 0.01 16384 1.000000 368.874 1.000000
COST 4096 256 2 8 6.00 0.01 512 0.694993 186.575 0.573363
COST 4096 512 2 8 6.00 0.01 512 0.845498 265.998 0.197563
COST 4096 1024 2 8 6.00 0.01 512 0.940306 326.617 0.297211
COST 4096 2048 2 8 6.00 0.01 512 1.000000 368.874 1.000000
COST 4096 256 2 8 6.00 0.01 16384 0.805405 170.469 0.318525
COST 4096 512 2 8 6.00 0.01 16384 0.916625 217.578 0.177573
COST 4096 1024 2 8 6.00 0.01 16384 0.972220 244.326 1.253719
COST 4096 2048 2 8 6.00 0.01 16384 1.000000 258.429 1.000000
COST 4096 256 2 8 6.00 0.01 512 0.805405 170.469 0.112168
COST 4096 512 2 8 6.00 0.01 512 0.916625 217.578 0.129958
COST 4096 1024 2 8 6.00 0.01 512 0.972220 244.326 0.287408
COST 4096 2048 2 8 6.00 0.01 512 1.000000 258.429 1.000000
COST 4096 256 2 8 6.00 0.01 16384 0.883249 154.389 0.107721
COST 4096 512 2 8 6.00 0.01 16384 0.958380 180.803 0.118327
COST 4096 1024 2 8 6.00 0.01 16384 0.988182 192.142 1.307763
COST 4096 2048 2 8 6.00 0.01 16384 1.000000 196.759 1.000000
COST 4096 256 2 8 6.00 0.01 512 0.883249 154.389 0.063995
COST 4096 512 2 8 6.00 0.01 512 0.958380 180.803 0.113889
COST 4096 1024 2 8 6.00 0.01 512 0.988182 192.142 0.251157
COST 4096 2048 2 8 6.00 0.01 512 1.000000 196.759 1.000000
COST 4096 256 2 8 6.00 0.01 16384 0.787575 171.100 0.356216
COST 4096 512 2 8 6.00 0.01 16384 0.930638 232.707 0.159007
COST 4096 1024 2 8 6.00 0.01 16384 0.986999 261.191 1.302022
COST 4096 2048 2 8 6.00 0.01 16384 1.000000 268.093 1.000000
COST 4096 256 2 8 6.00 0.01 512 0.787575 171.100 0.162459
COST 4096 512 2 8 6.00 0.01 512 0.930638 232.707 0.114657
COST 4096 1024 2 8 6.00 0.01 512 0.986999 261.191 0.271596
COST 4096 2048 2 8 6.00 0.01 512 1.000000 268.093 1.000000
COST 4096 256 2 8 6.50 0.0001 16384 0.556281 200.726 3.916088
COST 4096 512 2 8 6.50 0.0001 16384 0.739362 324.982 4.317998
COST 4096 1024 2 8 6.50 0.0001 16384 0.884695 453.368 2.702834
COST 4096 2048 2 8 6.50 0.0001 16384 1.000000 574.609 1.000000
COST 4096 256 2 8 6.50 0.0001 512 0.556281 200.726 2.286906
COST 4096 512 2 8 6.50 0.0001 512 0.739362 324.982 2.126991
COST 4096 1024 2 8 6.50 0.0001 512 0.884695 453.368 0.947377
COST 4096 2048 2 8 6.50 0.0001 512 1.000000 574.609 1.000000
COST 4096 256 2 8 6.50 0.0001 16384 0.694993 186.575 4.219118
COST 4096 512 2 8 6.50 0.0001 16384 0.845498 265.998 1.277795
COST 4096 1024 2 8 6.50 0.0001 16384 0.940306 326.617 1.514751
COST 4096 2048 2 8 6.50 0.0001 16384 1.000000 368.874 1.000000
COST 4096 256 2 8 6.50 0.0001 512 0.694993 186.575 1.752262
COST 4096 512 2 8 6.50 0.0001 512 0.845498 265.998 0.435679
COST 4096 1024 2 8 6.50 0.0001 512 0.940306 326.617 0.294799
COST 4096 2048 2 8 6.50 0.0001 512 1.000000 368.874 1.000000
COST 4096 256 2 8 6.50 0.0001 16384 0.805405 170.469 1.190104
COST 4096 512 2 8 6.50 0.0001 16384 0.916625 217.578 0.338384
COST 4096 1024 2 8 6.50 0.0001 16384 0.972220 244.326 1.307600
COST 4096 2048 2 8 6.50 0.0001 16384 1.000000 258.429 1.000000
COST 4096 256 2 8 6.50 0.0001 512 0.805405 170.469 0.396663
COST 4096 512 2 8 6.50 0.0001 512 0.916625 217.578 0.168581
COST 4096 1024 2 8 6.50 0.0001 512 0.972220 244.326 0.259736
COST 4096 2048 2 8 6.50 0.0001 512 1.000000 258.429 1.000000
COST 4096 256 2 8 6.50 0.0001 16384 0.883249 154.389 0.219215
COST 4096 512 2 8 6.50 0.0001 16384 0.958380 180.803 0.128032
COST 4096 1024 2 8 6.50 0.0001 16384 0.988182 192.142 0.324791
COST 4096 2048 2 8 6.50 0.0001 16384 1.000000 196.759 1.000000
COST 4096 256 2 8 6.50 0.0001 512 0.883249 154.389 0.106388
COST 4096 512 2 8 6.50 0.0001 512 0.958380 180.803 0.126778
COST 4096 1024 2 8 6.50 0.0001 512 0.988182 192.142 0.270847
COST 4096 2048 2 8 6.50 0.0001 512 1.000000 196.759 1.000000
COST 4096 256 2 8 6.50 0.0001 16384 0.787575 171.100 1.079612
COST 4096 512 2 8 6.50 0.0001 16384 0.930638 232.707 0.219624
COST 4096 1024 2 8 6.50 0.0001 16384 0.986999 261.191 1.282988
COST 4096 2048 2 8 6.50 0.0001 16384 1.000000 268.093 1.000000
COST 4096 256 2 8 6.50 0.0001 512 0.787575 171.100 0.417296
COST 4096 512 2 8 6.50 0.0001 512 0.930638 232.707 0.131859
COST 4096 1024 2 8 6.50 0.0001 512 0.986999 261.191 0.248459
COST 4096 2048 2 8 6.50 0.0001 512 1.000000 268.093 1.000000
COST 4096 256 2 8 6.50 0.001 16384 0.556281 200.726 4.213859
COST 4096 512 2 8 6.50 0.001 16384 0.739362 324.982 2.290144
COST 4096 1024 2 8 6.50 0.001 16384 0.884695 453.368 1.355859
COST 4096 2048 2 8 6.50 0.001 16384 1.000000 574.609 1.000000
COST 4096 256 2 8 6.50 0.001 512 0.556281 200.726 2.288230
COST 4096 512 2 8 6.50 0.001 512 0.739362 324.982 1.154953
COST 4096 1024 2 8 6.50 0.001 512 0.884695 453.368 0.463618
COST 4096 2048 2 8 6.50 0.001 512 1.000000 574.609 1.000000
COST 4096 256 2 8 6.50 0.001 16384 0.694993 186.575 2.050097
COST 4096 512 2 8 6.50 0.001 16384 0.845498 265.998 0.458062
COST 4096 1024 2 8 6.50 0.001 16384 0.940306 326.617 1.229676
COST 4096 2048 2 8 6.50 0.001 16384 1.000000 368.874 1.000000
COST 4096 256 2 8 6.50 0.001 512 0.694993 186.575 0.787870
COST 4096 512 2 8 6.50 0.001 512 0.845498 265.998 0.201683
COST 4096 1024 2 8 6.50 0.001 512 0.940306 326.617 0.263051
COST 4096 2048 2 8 6.50 0.001 512 1.000000 368.874 1.000000
COST 4096 256 2 8 6.50 0.001 16384 0.805405 170.469 0.417488
COST 4096 512 2 8 6.50 0.001 16384 0.916625 217.578 0.140638
COST 4096 1024 2 8 6.50 0.001 16384 0.972220 244.326 1.240452
COST 4096 2048 2 8 6.50 0.001 16384 1.000000 258.429 1.000000
COST 4096 256 2 8 6.50 0.001 512 0.805405 170.469 0.161323
COST 4096 512 2 8 6.50 0.001 512 0.916625 217.578 0.119646
COST 4096 1024 2 8 6.50 0.001 512 0.972220 244.326 0.257230
COST 4096 2048 2 8 6.50 0.001 512 1.000000 258.429 1.000000
COST 4096 256 2 8 6.50 0.001 16384 0.883249 154.389 0.110752
COST 4096 512 2 8 6.50 0.001 16384 0.958380 180.803 0.117367
COST 4096 1024 2 8 6.50 0.001 16384 0.988182 192.142 1.115609
COST 4096 2048 2 8 6.50 0.001 16384 1.000000 196.759 1.000000
COST 4096 256 2 8 6.50 0.001 512 0.883249 154.389 0.065463
COST 4096 512 2 8 6.50 0.001 512 0.958380 180.803 0.116273
COST 4096 1024 2 8 6.50 0.001 512 0.988182 192.142 0.261759
COST 4096 2048 2 8 6.50 0.001 512 1.000000 196.759 1.000000
COST 4096 256 2 8 6.50 0.001 16384 0.787575 171.100 0.347735
COST 4096 512 2 8 6.50 0.001 16384 0.930638 232.707 0.139419
COST 4096 1024 2 8 6.50 0.001 16384 0.986999 261.191 0.954206
COST 4096 2048 2 8 6.50 0.001 16384 1.000000 268.093 1.000000
COST 4096 256 2 8 6.50 0.001 512 0.787575 171.100 0.189750
COST 4096 512 2 8 6.50 0.001 512 0.930638 232.707 0.117424
COST 4096 1024 2 8 6.50 0.001 512 0.986999 261.191 0.258690
COST 4096 2048 2 8 6.50 0.001 512 1.000000 268.093 1.000000
COST 4096 256 2 8 6.50 0.01 16384 0.556281 200.726 2.990907
COST 4096 512 2 8 6.50 0.01 16384 0.739362 324.982 0.714816
COST 4096 1024 2 8 6.50 0.01 16384 0.884695 453.368 1.156152
COST 4096 2048 2 8 6.50 0.01 16384 1.000000 574.609 1.000000
COST 4096 256 2 8 6.50 0.01 512 0.556281 200.726 1.192780
COST 4096 512 2 8 6.50 0.01 512 0.739362 324.982 0.321091
COST 4096 1024 2 8 6.50 0.01 512 0.884695 453.368 0.277996
COST 4096 2048 2 8 6.50 0.01 512 1.000000 574.609 1.000000
COST 4096 256 2 8 6.50 0.01 16384 0.694993 186.575 0.580902
COST 4096 512 2 8 6.50 0.01 16384 0.845498 265.998 0.222215
COST 4096 1024 2 8 6.50 0.01 16384 0.940306 326.617 1.258947
COST 4096 2048 2 8 6.50 0.01 16384 1.000000 368.874 1.000000
COST 4096 256 2 8 6.50 0.01 512 0.694993 186.575 0.205147
COST 4096 512 2 8 6.50 0.01 512 0.845498 265.998 0.126077
COST 4096 1024 2 8 6.50 0.01 512 0.940306 326.617 0.290768
COST 4096 2048 2 8 6.50 0.01 512 1.000000 368.874 1.000000
COST 4096 256 2 8 6.50 0.01 16384 0.805405 170.469 0.070818
COST 4096 512 2 8 6.50 0.01 16384 0.916625 217.578 0.119669
COST 4096 1024 2 8 6.50 0.01 16384 0.972220 244.326 0.300368
COST 4096 2048 2 8 6.50 0.01 16384 1.000000 258.429 1.000000
COST 4096 256 2 8 6.50 0.01 512 0.805405 170.469 0.063014
COST 4096 512 2 8 6.50 0.01 512 0.916625 217.578 0.124346
COST 4096 1024 2 8 6.50 0.01 512 0.972220 244.326 0.257975
COST 4096 2048 2 8 6.50 0.01 512 1.000000 258.429 1.000000
COST 4096 256 2 8 6.50 0.01 16384 0.883249 154.389 0.054601
COST 4096 512 2 8 6.50 0.01 16384 0.958380 180.803 0.122708
COST 4096 1024 2 8 6.50 0.01 16384 0.988182 192.142 0.301463
COST 4096 2048 2 8 6.50 0.01 16384 1.000000 196.759 1.000000
COST 4096 256 2 8 6.50 0.01 512 0.883249 154.389 0.050726
COST 4096 512 2 8 6.50 0.01 512 0.958380 180.803 0.117267
COST 4096 1024 2 8 6.50 0.01 512 0.988182 192.142 0.254460
COST 4096 2048 2 8 6.50 0.01 512 1.000000 196.759 1.000000
COST 4096 256 2 8 6.50 0.01 16384 0.787575 171.100 0.105193
COST 4096 512 2 8 6.50 0.01 16384 0.930638 232.707 0.118820
COST 4096 1024 2 8 6.50 0.01 16384 0.986999 261.191 1.206297
COST 4096 2048 2 8 6.50 0.01 16384 1.000000 268.093 1.000000
COST 4096 256 2 8 6.50 0.01 512 0.787575 171.100 0.069106
COST 4096 512 2 8 6.50 0.01 512 0.930638 232.707 0.109605
COST 4096 1024 2 8 6.50 0.01 512 0.986999 261.191 0.257744
COST 4096 2048 2 8 6.50 0.01 512 1.000000 268.093 1.000000
COST 65536 1024 2 8 5.00 0.0001 512 0.101302 580.541 0.715232
COST 65536 2048 2 8 5.00 0.0001 512 0.330474 1566.336 0.732725
COST 65536 4096 2 8 5.00 0.0001 512 0.556802 3216.549 0.767316
COST 65536 8192 2 8 5.00 0.0001 512 0.739552 5202.429 0.794053
COST 65536 16384 2 8 5.00 0.0001 512 0.884751 7255.222 0.851130
COST 65536 32768 2 8 5.00 0.0001 512 1.000000 9194.355 1.000000
COST 65536 1024 2 8 5.00 0.0001 512 0.165385 624.216 0.709357
COST 65536 2048 2 8 5.00 0.0001 512 0.461344 1609.558 0.761091
COST 65536 4096 2 8 5.00 0.0001 512 0.695477 2988.843 0.753282
COST 65536 8192 2 8 5.00 0.0001 512 0.845641 4257.453 0.797036
COST 65536 16384 2 8 5.00 0.0001 512 0.940341 5226.412 0.865052
COST 65536 32768 2 8 5.00 0.0001 512 1.000000 5902.169 1.000000
COST 65536 1024 2 8 5.00 0.0001 512 0.244563 673.187 0.742339
COST 65536 2048 2 8 5.00 0.0001 512 0.588090 1638.224 0.750546
COST 65536 4096 2 8 5.00 0.0001 512 0.805806 2730.001 0.783005
COST 65536 8192 2 8 5.00 0.0001 512 0.916720 3481.998 0.817910
COST 65536 16384 2 8 5.00 0.0001 512 0.972240 3909.418 0.877925
COST 65536 32768 2 8 5.00 0.0001 512 1.000000 4134.919 1.000000
COST 65536 1024 2 8 5.00 0.0001 512 0.334013 728.024 1.069923
COST 65536 2048 2 8 5.00 0.0001 512 0.698486 1650.915 1.086951
COST 65536 4096 2 8 5.00 0.0001 512 0.883550 2471.828 1.141987
COST 65536 8192 2 8 5.00 0.0001 512 0.958438 2893.214 1.202698
COST 65536 16384 2 8 5.00 0.0001 512 0.988192 3074.351 1.105648
COST 65536 32768 2 8 5.00 0.0001 512 1.000000 3148.158 1.000000
COST 65536 1024 2 8 5.00 0.001 512 0.101302 580.541 0.711462
COST 65536 2048 2 8 5.00 0.001 512 0.330474 1566.336 0.725840
COST 65536 4096 2 8 5.00 0.001 512 0.556802 3216.549 0.747690
COST 65536 8192 2 8 5.00 0.001 512 0.739552 5202.429 0.780766
COST 65536 16384 2 8 5.00 0.001 512 0.884751 7255.222 0.868645
COST 65536 32768 2 8 5.00 0.001 512 1.000000 9194.355 1.000000
COST 65536 1024 2 8 5.00 0.001 512 0.165385 624.216 0.741212
COST 65536 2048 2 8 5.00 0.001 512 0.461344 1609.558 0.748736
COST 65536 4096 2 8 5.00 0.001 512 0.695477 2988.843 0.773425
COST 65536 8192 2 8 5.00 0.001 512 0.845641 4257.453 0.809374
COST 65536 16384 2 8 5.00 0.001 512 0.940341 5226.412 0.862457
COST 65536 32768 2 8 5.00 0.001 512 1.000000 5902.169 1.000000
COST 65536 1024 2 8 5.00 0.001 512 0.244563 673.187 0.873363
COST 65536 2048 2 8 5.00 0.001 512 0.588090 1638.224 0.884550
COST 65536 4096 2 8 5.00 0.001 512 0.805806 2730.001 0.903187
COST 65536 8192 2 8 5.00 0.001 512 0.916720 3481.998 0.960585
COST 65536 16384 2 8 5.00 0.001 512 0.972240 3909.418 1.012090
COST 65536 32768 2 8 5.00 0.001 512 1.000000 4134.919 1.000000
COST 65536 1024 2 8 5.00 0.001 512 0.334013 728.024 1.407965
COST 65536 2048 2 8 5.00 0.001 512 0.698486 1650.915 1.416041
COST 65536 4096 2 8 5.00 0.001 512 0.883550 2471.828 1.434863
COST 65536 8192 2 8 5.00 0.001 512 0.958438 2893.214 1.524720
COST 65536 16384 2 8 5.00 0.001 512 0.988192 3074.351 1.168101
COST 65536 32768 2 8 5.00 0.001 512 1.000000 3148.158 1.000000
COST 65536 1024 2 8 5.00 0.01 512 0.101302 580.541 0.698078
COST 65536 2048 2 8 5.00 0.01 512 0.330474 1566.336 0.715702
COST 65536 4096 2 8 5.00 0.01 512 0.556802 3216.549 0.721899
COST 65536 8192 2 8 5.00 0.01 512 0.739552 5202.429 0.768638
COST 65536 16384 2 8 5.00 0.01 512 0.884751 7255.222 0.819504
COST 65536 32768 2 8 5.00 0.01 512 1.000000 9194.355 1.000000
COST 65536 1024 2 8 5.00 0.01 512 0.165385 624.216 0.817506
COST 65536 2048 2 8 5.00 0.01 512 0.461344 1609.558 0.839912
COST 65536 4096 2 8 5.00 0.01 512 0.695477 2988.843 0.859841
COST 65536 8192 2 8 5.00 0.01 512 0.845641 4257.453 0.898116
COST 65536 16384 2 8 5.00 0.01 512 0.940341 5226.412 0.956748
COST 65536 32768 2 8 5.00 0.01 512 1.000000 5902.169 1.000000
COST 65536 1024 2 8 5.00 0.01 512 0.244563 673.187 1.264879
COST 65536 2048 2 8 5.00 0.01 512 0.588090 1638.224 1.259027
COST 65536 4096 2 8 5.00 0.01 512 0.805806 2730.001 1.303833
COST 65536 8192 2 8 5.00 0.01 512 0.916720 3481.998 1.363326
COST 65536 16384 2 8 5.00 0.01 512 0.972240 3909.418 1.111969
COST 65536 32768 2 8 5.00 0.01 512 1.000000 4134.919 1.000000
COST 65536 1024 2 8 5.00 0.01 512 0.334013 728.024 1.789033
COST 65536 2048 2 8 5.00 0.01 512 0.698486 1650.915 1.786289
COST 65536 4096 2 8 5.00 0.01 512 0.883550 2471.828 1.748287
COST 65536 8192 2 8 5.00 0.01 512 0.958438 2893.214 1.293925
COST 65536 16384 2 8 5.00 0.01 512 0.988192 3074.351 0.830619
COST 65536 32768 2 8 5.00 0.01 512 1.000000 3148.158 1.000000
COST 65536 1024 2 8 5.50 0.0001 512 0.101302 580.541 0.737393
COST 65536 2048 2 8 5.50 0.0001 512 0.330474 1566.336 0.733376
COST 65536 4096 2 8 5.50 0.0001 512 0.556802 3216.549 0.740299
COST 65536 8192 2 8 5.50 0.0001 512 0.739552 5202.429 0.780012
COST 65536 16384 2 8 5.50 0.0001 512 0.884751 7255.222 0.849865
COST 65536 32768 2 8 5.50 0.0001 512 1.000000 9194.355 1.000000
COST 65536 1024 2 8 5.50 0.0001 512 0.165385 624.216 0.757391
COST 65536 2048 2 8 5.50 0.0001 512 0.461344 1609.558 0.775584
COST 65536 4096 2 8 5.50 0.0001 512 0.695477 2988.843 0.795961
COST 65536 8192 2 8 5.50 0.0001 512 0.845641 4257.453 0.817543
COST 65536 16384 2 8 5.50 0.0001 512 0.940341 5226.412 0.920630
COST 65536 32768 2 8 5.50 0.0001 512 1.000000 5902.169 1.000000
COST 65536 1024 2 8 5.50 0.0001 512 0.244563 673.187 1.388763
COST 65536 2048 2 8 5.50 0.0001 512 0.588090 1638.224 1.432792
COST 65536 4096 2 8 5.50 0.0001 512 0.805806 2730.001 1.417599
COST 65536 8192 2 8 5.50 0.0001 512 0.916720 3481.998 1.450746
COST 65536 16384 2 8 5.50 0.0001 512 0.972240 3909.418 1.399016
COST 65536 32768 2 8 5.50 0.0001 512 1.000000 4134.919 1.000000
COST 65536 1024 2 8 5.50 0.0001 512 0.334013 728.024 2.295264
COST 65536 2048 2 8 5.50 0.0001 512 0.698486 1650.915 2.349475
COST 65536 4096 2 8 5.50 0.0001 512 0.883550 2471.828 2.433147
COST 65536 8192 2 8 5.50 0.0001 512 0.958438 2893.214 2.113051
COST 65536 16384 2 8 5.50 0.0001 512 0.988192 3074.351 1.040897
COST 65536 32768 2 8 5.50 0.0001 512 1.000000 3148.158 1.000000
COST 65536 1024 2 8 5.50 0.001 512 0.101302 580.541 0.702075
COST 65536 2048 2 8 5.50 0.001 512 0.330474 1566.336 0.725244
COST 65536 4096 2 8 5.50 0.001 512 0.556802 3216.549 0.728582
COST 65536 8192 2 8 5.50 0.001 512 0.739552 5202.429 0.792453
COST 65536 16384 2 8 5.50 0.001 512 0.884751 7255.222 0.831151
COST 65536 32768 2 8 5.50 0.001 512 1.000000 9194.355 1.000000
COST 65536 1024 2 8 5.50 0.001 512 0.165385 624.216 0.974835
COST 65536 2048 2 8 5.50 0.001 512 0.461344 1609.558 0.998023
COST 65536 4096 2 8 5.50 0.001 512 0.695477 2988.843 1.019300
COST 65536 8192 2 8 5.50 0.001 512 0.845641 4257.453 1.041627
COST 65536 16384 2 8 5.50 0.001 512 0.940341 5226.412 1.135917
COST 65536 32768 2 8 5.50 0.001 512 1.000000 5902.169 1.000000
COST 65536 1024 2 8 5.50 0.001 512 0.244563 673.187 1.877223
COST 65536 2048 2 8 5.50 0.001 512 0.588090 1638.224 1.911546
COST 65536 4096 2 8 5.50 0.001 512 0.805806 2730.001 1.918152
COST 65536 8192 2 8 5.50 0.001 512 0.916720 3481.998 2.035669
COST 65536 16384 2 8 5.50 0.001 512 0.972240 3909.418 1.243921
COST 65536 32768 2 8 5.50 0.001 512 1.000000 4134.919 1.000000
COST 65536 1024 2 8 5.50 0.001 512 0.334013 728.024 2.444523
COST 65536 2048 2 8 5.50 0.001 512 0.698486 1650.915 2.468926
COST 65536 4096 2 8 5.50 0.001 512 0.883550 2471.828 2.393636
COST 65536 8192 2 8 5.50 0.001 512 0.958438 2893.214 1.331665
COST 65536 16384 2 8 5.50 0.001 512 0.988192 3074.351 0.714761
COST 65536 32768 2 8 5.50 0.001 512 1.000000 3148.158 1.000000
COST 65536 1024 2 8 5.50 0.01 512 0.101302 580.541 0.765028
COST 65536 2048 2 8 5.50 0.01 512 0.330474 1566.336 0.769564
COST 65536 4096 2 8 5.50 0.01 512 0.556802 3216.549 0.790869
COST 65536 8192 2 8 5.50 0.01 512 0.739552 5202.429 0.838693
COST 65536 16384 2 8 5.50 0.01 512 0.884751 7255.222 0.891165
COST 65536 32768 2 8 5.50 0.01 512 1.000000 9194.355 1.000000
COST 65536 1024 2 8 5.50 0.01 512 0.165385 624.216 1.612821
COST 65536 2048 2 8 5.50 0.01 512 0.461344 1609.558 1.752910
COST 65536 4096 2 8 5.50 0.01 512 0.695477 2988.843 1.765966
COST 65536 8192 2 8 5.50 0.01 512 0.845641 4257.453 1.780866
COST 65536 16384 2 8 5.50 0.01 512 0.940341 5226.412 1.245931
COST 65536 32768 2 8 5.50 0.01 512 1.000000 5902.169 1.000000
COST 65536 1024 2 8 5.50 0.01 512 0.244563 673.187 2.509339
COST 65536 2048 2 8 5.50 0.01 512 0.588090 1638.224 2.552034
COST 65536 4096 2 8 5.50 0.01 512 0.805806 2730.001 2.446525
COST 65536 8192 2 8 5.50 0.01 512 0.916720 3481.998 1.614654
COST 65536 16384 2 8 5.50 0.01 512 0.972240 3909.418 0.749155
COST 65536 32768 2 8 5.50 0.01 512 1.000000 4134.919 1.000000
COST 65536 1024 2 8 5.50 0.01 512 0.334013 728.024 2.454466
COST 65536 2048 2 8 5.50 0.01 512 0.698486 1650.915 2.487916
COST 65536 4096 2 8 5.50 0.01 512 0.883550 2471.828 1.525825
COST 65536 8192 2 8 5.50 0.01 512 0.958438 2893.214 0.538060
COST 65536 16384 2 8 5.50 0.01 512 0.988192 3074.351 0.496784
COST 65536 32768 2 8 5.50 0.01 512 1.000000 3148.158 1.000000
COST 65536 1024 2 8 6.00 0.0001 512 0.101302 580.541 0.721511
COST 65536 2048 2 8 6.00 0.0001 512 0.330474 1566.336 0.755348
COST 65536 4096 2 8 6.00 0.0001 512 0.556802 3216.549 0.775173
COST 65536 8192 2 8 6.00 0.0001 512 0.739552 5202.429 0.806130
COST 65536 16384 2 8 6.00 0.0001 512 0.884751 7255.222 0.880227
COST 65536 32768 2 8 6.00 0.0001 512 1.000000 9194.355 1.000000
COST 65536 1024 2 8 6.00 0.0001 512 0.165385 624.216 1.337301
COST 65536 2048 2 8 6.00 0.0001 512 0.461344 1609.558 1.387736
COST 65536 4096 2 8 6.00 0.0001 512 0.695477 2988.843 1.389169
COST 65536 8192 2 8 6.00 0.0001 512 0.845641 4257.453 1.435034
COST 65536 16384 2 8 6.00 0.0001 512 0.940341 5226.412 1.480478
COST 65536 32768 2 8 6.00 0.0001 512 1.000000 5902.169 1.000000
COST 65536 1024 2 8 6.00 0.0001 512 0.244563 673.187 2.360878
COST 65536 2048 2 8 6.00 0.0001 512 0.588090 1638.224 2.415864
COST 65536 4096 2 8 6.00 0.0001 512 0.805806 2730.001 2.440354
COST 65536 8192 2 8 6.00 0.0001 512 0.916720 3481.998 2.201653
COST 65536 16384 2 8 6.00 0.0001 512 0.972240 3909.418 1.004033
COST 65536 32768 2 8 6.00 0.0001 512 1.000000 4134.919 1.000000
COST 65536 1024 2 8 6.00 0.0001 512 0.334013 728.024 2.582972
COST 65536 2048 2 8 6.00 0.0001 512 0.698486 1650.915 2.641186
COST 65536 4096 2 8 6.00 0.0001 512 0.883550 2471.828 2.519541
COST 65536 8192 2 8 6.00 0.0001 512 0.958438 2893.214 0.815678
COST 65536 16384 2 8 6.00 0.0001 512 0.988192 3074.351 0.528703
COST 65536 32768 2 8 6.00 0.0001 512 1.000000 3148.158 1.000000
COST 65536 1024 2 8 6.00 0.001 512 0.101302 580.541 0.803340
COST 65536 2048 2 8 6.00 0.001 512 0.330474 1566.336 0.819762
COST 65536 4096 2 8 6.00 0.001 512 0.556802 3216.549 0.867170
COST 65536 8192 2 8 6.00 0.001 512 0.739552 5202.429 0.873851
COST 65536 16384 2 8 6.00 0.001 512 0.884751 7255.222 0.973581
COST 65536 32768 2 8 6.00 0.001 512 1.000000 9194.355 1.000000
COST 65536 1024 2 8 6.00 0.001 512 0.165385 624.216 1.927717
COST 65536 2048 2 8 6.00 0.001 512 0.461344 1609.558 1.970504
COST 65536 4096 2 8 6.00 0.001 512 0.695477 2988.843 2.004743
COST 65536 8192 2 8 6.00 0.001 512 0.845641 4257.453 2.118184
COST 65536 16384 2 8 6.00 0.001 512 0.940341 5226.412 1.385315
COST 65536 32768 2 8 6.00 0.001 512 1.000000 5902.169 1.000000
COST 65536 1024 2 8 6.00 0.001 512 0.244563 673.187 2.446247
COST 65536 2048 2 8 6.00 0.001 512 0.588090 1638.224 2.511744
COST 65536 4096 2 8 6.00 0.001 512 0.805806 2730.001 2.563336
COST 65536 8192 2 8 6.00 0.001 512 0.916720 3481.998 1.265431
COST 65536 16384 2 8 6.00 0.001 512 0.972240 3909.418 0.569145
COST 65536 32768 2 8 6.00 0.001 512 1.000000 4134.919 1.000000
COST 65536 1024 2 8 6.00 0.001 512 0.334013 728.024 2.479197
COST 65536 2048 2 8 6.00 0.001 512 0.698486 1650.915 2.457155
COST 65536 4096 2 8 6.00 0.001 512 0.883550 2471.828 1.526458
COST 65536 8192 2 8 6.00 0.001 512 0.958438 2893.214 0.405435
COST 65536 16384 2 8 6.00 0.001 512 0.988192 3074.351 0.436745
COST 65536 32768 2 8 6.00 0.001 512 1.000000 3148.158 1.000000
COST 65536 1024 2 8 6.00 0.01 512 0.101302 580.541 1.451656
COST 65536 2048 2 8 6.00 0.01 512 0.330474 1566.336 1.510131
COST 65536 4096 2 8 6.00 0.01 512 0.556802 3216.549 1.582622
COST 65536 8192 2 8 6.00 0.01 512 0.739552 5202.429 1.646249
COST 65536 16384 2 8 6.00 0.01 512 0.884751 7255.222 1.314336
COST 65536 32768 2 8 6.00 0.01 512 1.000000 9194.355 1.000000
COST 65536 1024 2 8 6.00 0.01 512 0.165385 624.216 2.438969
COST 65536 2048 2 8 6.00 0.01 512 0.461344 1609.558 2.534805
COST 65536 4096 2 8 6.00 0.01 512 0.695477 2988.843 2.536733
COST 65536 8192 2 8 6.00 0.01 512 0.845641 4257.453 1.854908
COST 65536 16384 2 8 6.00 0.01 512 0.940341 5226.412 0.765354
COST 65536 32768 2 8 6.00 0.01 512 1.000000 5902.169 1.000000
COST 65536 1024 2 8 6.00 0.01 512 0.244563 673.187 2.442527
COST 65536 2048 2 8 6.00 0.01 512 0.588090 1638.224 2.585155
COST 65536 4096 2 8 6.00 0.01 512 0.805806 2730.001 1.628630
COST 65536 8192 2 8 6.00 0.01 512 0.916720 3481.998 0.477966
COST 65536 16384 2 8 6.00 0.01 512 0.972240 3909.418 0.455917
COST 65536 32768 2 8 6.00 0.01 512 1.000000 4134.919 1.000000
COST 65536 1024 2 8 6.00 0.01 512 0.334013 728.024 2.546997
COST 65536 2048 2 8 6.00 0.01 512 0.698486 1650.915 2.443954
COST 65536 4096 2 8 6.00 0.01 512 0.883550 2471.828 0.497596
COST 65536 8192 2 8 6.00 0.01 512 0.958438 2893.214 0.240279
COST 65536 16384 2 8 6.00 0.01 512 0.988192 3074.351 0.430972
COST 65536 32768 2 8 6.00 0.01 512 1.000000 3148.158 1.000000
COST 65536 1024 2 8 6.50 0.0001 512 0.101302 580.541 0.988680
COST 65536 2048 2 8 6.50 0.0001 512 0.330474 1566.336 1.018892
COST 65536 4096 2 8 6.50 0.0001 512 0.556802 3216.549 1.025020
COST 65536 8192 2 8 6.50 0.0001 512 0.739552 5202.429 1.096282
COST 65536 16384 2 8 6.50 0.0001 512 0.884751 7255.222 1.196605
COST 65536 32768 2 8 6.50 0.0001 512 1.000000 9194.355 1.000000
COST 65536 1024 2 8 6.50 0.0001 512 0.165385 624.216 2.363852
COST 65536 2048 2 8 6.50 0.0001 512 0.461344 1609.558 2.364024
COST 65536 4096 2 8 6.50 0.0001 512 0.695477 2988.843 2.382247
COST 65536 8192 2 8 6.50 0.0001 512 0.845641 4257.453 2.455872
COST 65536 16384 2 8 6.50 0.0001 512 0.940341 5226.412 1.430591
COST 65536 32768 2 8 6.50 0.0001 512 1.000000 5902.169 1.000000
COST 65536 1024 2 8 6.50 0.0001 512 0.244563 673.187 2.470178
COST 65536 2048 2 8 6.50 0.0001 512 0.588090 1638.224 2.467573
COST 65536 4096 2 8 6.50 0.0001 512 0.805806 2730.001 2.548031
COST 65536 8192 2 8 6.50 0.0001 512 0.916720 3481.998 0.989757
COST 65536 16384 2 8 6.50 0.0001 512 0.972240 3909.418 0.471957
COST 65536 32768 2 8 6.50 0.0001 512 1.000000 4134.919 1.000000
COST 65536 1024 2 8 6.50 0.0001 512 0.334013 728.024 2.491935
COST 65536 2048 2 8 6.50 0.0001 512 0.698486 1650.915 2.519718
COST 65536 4096 2 8 6.50 0.0001 512 0.883550 2471.828 1.243793
COST 65536 8192 2 8 6.50 0.0001 512 0.958438 2893.214 0.306800
COST 65536 16384 2 8 6.50 0.0001 512 0.988192 3074.351 0.426612
COST 65536 32768 2 8 6.50 0.0001 512 1.000000 3148.158 1.000000
COST 65536 1024 2 8 6.50 0.001 512 0.101302 580.541 1.567868
COST 65536 2048 2 8 6.50 0.001 512 0.330474 1566.336 1.663784
COST 65536 4096 2 8 6.50 0.001 512 0.556802 3216.549 1.668900
COST 65536 8192 2 8 6.50 0.001 512 0.739552 5202.429 1.750623
COST 65536 16384 2 8 6.50 0.001 512 0.884751 7255.222 1.672257
COST 65536 32768 2 8 6.50 0.001 512 1.000000 9194.355 1.000000
COST 65536 1024 2 8 6.50 0.001 512 0.165385 624.216 2.589965
COST 65536 2048 2 8 6.50 0.001 512 0.461344 1609.558 2.639845
COST 65536 4096 2 8 6.50 0.001 512 0.695477 2988.843 2.633781
COST 65536 8192 2 8 6.50 0.001 512 0.845641 4257.453 2.060776
COST 65536 16384 2 8 6.50 0.001 512 0.940341 5226.412 0.736305
COST 65536 32768 2 8 6.50 0.001 512 1.000000 5902.169 1.000000
COST 65536 1024 2 8 6.50 0.001 512 0.244563 673.187 2.531393
COST 65536 2048 2 8 6.50 0.001 512 0.588090 1638.224 2.587797
COST 65536 4096 2 8 6.50 0.001 512 0.805806 2730.001 2.010916
COST 65536 8192 2 8 6.50 0.001 512 0.916720 3481.998 0.440606
COST 65536 16384 2 8 6.50 0.001 512 0.972240 3909.418 0.446210
COST 65536 32768 2 8 6.50 0.001 512 1.000000 4134.919 1.000000
COST 65536 1024 2 8 6.50 0.001 512 0.334013 728.024 2.486318
COST 65536 2048 2 8 6.50 0.001 512 0.698486 1650.915 2.536846
COST 65536 4096 2 8 6.50 0.001 512 0.883550 2471.828 0.489228
COST 65536 8192 2 8 6.50 0.001 512 0.958438 2893.214 0.233588
COST 65536 16384 2 8 6.50 0.001 512 0.988192 3074.351 0.432579
COST 65536 32768 2 8 6.50 0.001 512 1.000000 3148.158 1.000000
COST 65536 1024 2 8 6.50 0.01 512 0.101302 580.541 2.422718
COST 65536 2048 2 8 6.50 0.01 512 0.330474 1566.336 2.493890
COST 65536 4096 2 8 6.50 0.01 512 0.556802 3216.549 2.507174
COST 65536 8192 2 8 6.50 0.01 512 0.739552 5202.429 2.404294
COST 65536 16384 2 8 6.50 0.01 512 0.884751 7255.222 1.031987
COST 65536 32768 2 8 6.50 0.01 512 1.000000 9194.355 1.000000
COST 65536 1024 2 8 6.50 0.01 512 0.165385 624.216 2.695574
COST 65536 2048 2 8 6.50 0.01 512 0.461344 1609.558 2.687345
COST 65536 4096 2 8 6.50 0.01 512 0.695477 2988.843 2.281850
COST 65536 8192 2 8 6.50 0.01 512 0.845641 4257.453 0.692450
COST 65536 16384 2 8 6.50 0.01 512 0.940341 5226.412 0.484011
COST 65536 32768 2 8 6.50 0.01 512 1.000000 5902.169 1.000000
COST 65536 1024 2 8 6.50 0.01 512 0.244563 673.187 2.575436
COST 65536 2048 2 8 6.50 0.01 512 0.588090 1638.224 2.510297
COST 65536 4096 2 8 6.50 0.01 512 0.805806 2730.001 0.508675
COST 65536 8192 2 8 6.50 0.01 512 0.916720 3481.998 0.273115
COST 65536 16384 2 8 6.50 0.01 512 0.972240 3909.418 0.462553
COST 65536 32768 2 8 6.50 0.01 512 1.000000 4134.919 1.000000
COST 65536 1024 2 8 6.50 0.01 512 0.334013 728.024 2.532790
COST 65536 2048 2 8 6.50 0.01 512 0.698486 1650.915 1.484764
COST 65536 4096 2 8 6.50 0.01 512 0.883550 2471.828 0.206138
COST 65536 8192 2 8 6.50 0.01 512 0.958438 2893.214 0.233321
COST 65536 16384 2 8 6.50 0.01 512 0.988192 3074.351 0.445137
COST 65536 32768 2 8 6.50 0.01 512 1.000000 3148.158 1.000000
COST 8192 256 2 8 5.00 0.0001 512 0.329874 195.369 0.364954
COST 8192 512 2 8 5.00 0.0001 512 0.556559 401.781 0.377852
COST 8192 1024 2 8 5.00 0.0001 512 0.739463 650.145 0.398819
COST 8192 2048 2 8 5.00 0.0001 512 0.884725 906.825 0.625993
COST 8192 4096 2 8 5.00 0.0001 512 1.000000 1149.259 1.000000
COST 8192 256 2 8 5.00 0.0001 512 0.460649 200.798 0.452484
COST 8192 512 2 8 5.00 0.0001 512 0.695251 373.393 0.464968
COST 8192 1024 2 8 5.00 0.0001 512 0.845574 532.095 0.509365
COST 8192 2048 2 8 5.00 0.0001 512 0.940325 653.270 0.946685
COST 8192 4096 2 8 5.00 0.0001 512 1.000000 737.761 1.000000
COST 8192 256 2 8 5.00 0.0001 512 0.587370 204.420 0.902403
COST 8192 512 2 8 5.00 0.0001 512 0.805619 341.105 0.919852
COST 8192 1024 2 8 5.00 0.0001 512 0.916676 435.206 0.980245
COST 8192 2048 2 8 5.00 0.0001 512 0.972231 488.665 1.180863
COST 8192 4096 2 8 5.00 0.0001 512 1.000000 516.862 1.000000
COST 8192 256 2 8 5.00 0.0001 512 0.697808 206.055 1.443829
COST 8192 512 2 8 5.00 0.0001 512 0.883410 308.885 1.447700
COST 8192 1024 2 8 5.00 0.0001 512 0.958411 361.631 1.202733
COST 8192 2048 2 8 5.00 0.0001 512 0.988187 384.289 0.962552
COST 8192 4096 2 8 5.00 0.0001 512 1.000000 393.519 1.000000
COST 8192 256 2 8 5.00 0.001 512 0.329874 195.369 0.368942
COST 8192 512 2 8 5.00 0.001 512 0.556559 401.781 0.374670
COST 8192 1024 2 8 5.00 0.001 512 0.739463 650.145 0.412461
COST 8192 2048 2 8 5.00 0.001 512 0.884725 906.825 0.619149
COST 8192 4096 2 8 5.00 0.001 512 1.000000 1149.259 1.000000
COST 8192 256 2 8 5.00 0.001 512 0.460649 200.798 0.569996
COST 8192 512 2 8 5.00 0.001 512 0.695251 373.393 0.585149
COST 8192 1024 2 8 5.00 0.001 512 0.845574 532.095 0.666243
COST 8192 2048 2 8 5.00 0.001 512 0.940325 653.270 0.941286
COST 8192 4096 2 8 5.00 0.001 512 1.000000 737.761 1.000000
COST 8192 256 2 8 5.00 0.001 512 0.587370 204.420 1.152197
COST 8192 512 2 8 5.00 0.001 512 0.805619 341.105 1.156160
COST 8192 1024 2 8 5.00 0.001 512 0.916676 435.206 1.397936
COST 8192 2048 2 8 5.00 0.001 512 0.972231 488.665 1.049573
COST 8192 4096 2 8 5.00 0.001 512 1.000000 516.862 1.000000
COST 8192 256 2 8 5.00 0.001 512 0.697808 206.055 1.592944
COST 8192 512 2 8 5.00 0.001 512 0.883410 308.885 1.449422
COST 8192 1024 2 8 5.00 0.001 512 0.958411 361.631 1.033906
COST 8192 2048 2 8 5.00 0.001 512 0.988187 384.289 0.678045
COST 8192 4096 2 8 5.00 0.001 512 1.000000 393.519 1.000000
COST 8192 256 2 8 5.00 0.01 512 0.329874 195.369 0.547419
COST 8192 512 2 8 5.00 0.01 512 0.556559 401.781 0.552552
COST 8192 1024 2 8 5.00 0.01 512 0.739463 650.145 0.661603
COST 8192 2048 2 8 5.00 0.01 512 0.884725 906.825 1.141999
COST 8192 4096 2 8 5.00 0.01 512 1.000000 1149.259 1.000000
COST 8192 256 2 8 5.00 0.01 512 0.460649 200.798 1.031077
COST 8192 512 2 8 5.00 0.01 512 0.695251 373.393 1.049127
COST 8192 1024 2 8 5.00 0.01 512 0.845574 532.095 1.041750
COST 8192 2048 2 8 5.00 0.01 512 0.940325 653.270 0.905383
COST 8192 4096 2 8 5.00 0.01 512 1.000000 737.761 1.000000
COST 8192 256 2 8 5.00 0.01 512 0.587370 204.420 1.554385
COST 8192 512 2 8 5.00 0.01 512 0.805619 341.105 1.399130
COST 8192 1024 2 8 5.00 0.01 512 0.916676 435.206 0.837267
COST 8192 2048 2 8 5.00 0.01 512 0.972231 488.665 0.802479
COST 8192 4096 2 8 5.00 0.01 512 1.000000 516.862 1.000000
COST 8192 256 2 8 5.00 0.01 512 0.697808 206.055 1.659999
COST 8192 512 2 8 5.00 0.01 512 0.883410 308.885 0.944275
COST 8192 1024 2 8 5.00 0.01 512 0.958411 361.631 0.222473
COST 8192 2048 2 8 5.00 0.01 512 0.988187 384.289 0.417489
COST 8192 4096 2 8 5.00 0.01 512 1.000000 393.519 1.000000
COST 8192 256 2 8 5.50 0.0001 512 0.329874 195.369 0.440388
COST 8192 512 2 8 5.50 0.0001 512 0.556559 401.781 0.446383
COST 8192 1024 2 8 5.50 0.0001 512 0.739463 650.145 0.490806
COST 8192 2048 2 8 5.50 0.0001 512 0.884725 906.825 0.763936
COST 8192 4096 2 8 5.50 0.0001 512 1.000000 1149.259 1.000000
COST 8192 256 2 8 5.50 0.0001 512 0.460649 200.798 0.960510
COST 8192 512 2 8 5.50 0.0001 512 0.695251 373.393 0.936884
COST 8192 1024 2 8 5.50 0.0001 512 0.845574 532.095 1.148822
COST 8192 2048 2 8 5.50 0.0001 512 0.940325 653.270 1.384821
COST 8192 4096 2 8 5.50 0.0001 512 1.000000 737.761 1.000000
COST 8192 256 2 8 5.50 0.0001 512 0.587370 204.420 1.573748
COST 8192 512 2 8 5.50 0.0001 512 0.805619 341.105 1.558354
COST 8192 1024 2 8 5.50 0.0001 512 0.916676 435.206 1.328538
COST 8192 2048 2 8 5.50 0.0001 512 0.972231 488.665 0.927027
COST 8192 4096 2 8 5.50 0.0001 512 1.000000 516.862 1.000000
COST 8192 256 2 8 5.50 0.0001 512 0.697808 206.055 1.952859
COST 8192 512 2 8 5.50 0.0001 512 0.883410 308.885 1.547092
COST 8192 1024 2 8 5.50 0.0001 512 0.958411 361.631 0.371070
COST 8192 2048 2 8 5.50 0.0001 512 0.988187 384.289 0.447535
COST 8192 4096 2 8 5.50 0.0001 512 1.000000 393.519 1.000000
COST 8192 256 2 8 5.50 0.001 512 0.329874 195.369 0.895208
COST 8192 512 2 8 5.50 0.001 512 0.556559 401.781 0.909341
COST 8192 1024 2 8 5.50 0.001 512 0.739463 650.145 0.944700
COST 8192 2048 2 8 5.50 0.001 512 0.884725 906.825 1.059688
COST 8192 4096 2 8 5.50 0.001 512 1.000000 1149.259 1.000000
COST 8192 256 2 8 5.50 0.001 512 0.460649 200.798 1.779946
COST 8192 512 2 8 5.50 0.001 512 0.695251 373.393 1.793084
COST 8192 1024 2 8 5.50 0.001 512 0.845574 532.095 1.603804
COST 8192 2048 2 8 5.50 0.001 512 0.940325 653.270 0.985017
COST 8192 4096 2 8 5.50 0.001 512 1.000000 737.761 1.000000
COST 8192 256 2 8 5.50 0.001 512 0.587370 204.420 1.708260
COST 8192 512 2 8 5.50 0.001 512 0.805619 341.105 1.530951
COST 8192 1024 2 8 5.50 0.001 512 0.916676 435.206 0.748151
COST 8192 2048 2 8 5.50 0.001 512 0.972231 488.665 0.586800
COST 8192 4096 2 8 5.50 0.001 512 1.000000 516.862 1.000000
COST 8192 256 2 8 5.50 0.001 512 0.697808 206.055 1.821721
COST 8192 512 2 8 5.50 0.001 512 0.883410 308.885 0.963783
COST 8192 1024 2 8 5.50 0.001 512 0.958411 361.631 0.189593
COST 8192 2048 2 8 5.50 0.001 512 0.988187 384.289 0.407000
COST 8192 4096 2 8 5.50 0.001 512 1.000000 393.519 1.000000
COST 8192 256 2 8 5.50 0.01 512 0.329874 195.369 0.945663
COST 8192 512 2 8 5.50 0.01 512 0.556559 401.781 0.989216
COST 8192 1024 2 8 5.50 0.01 512 0.739463 650.145 1.320510
COST 8192 2048 2 8 5.50 0.01 512 0.884725 906.825 1.051984
COST 8192 4096 2 8 5.50 0.01 512 1.000000 1149.259 1.000000
COST 8192 256 2 8 5.50 0.01 512 0.460649 200.798 1.635708
COST 8192 512 2 8 5.50 0.01 512 0.695251 373.393 1.500312
COST 8192 1024 2 8 5.50 0.01 512 0.845574 532.095 0.967453
COST 8192 2048 2 8 5.50 0.01 512 0.940325 653.270 0.647514
COST 8192 4096 2 8 5.50 0.01 512 1.000000 737.761 1.000000
COST 8192 256 2 8 5.50 0.01 512 0.587370 204.420 1.826904
COST 8192 512 2 8 5.50 0.01 512 0.805619 341.105 0.831491
COST 8192 1024 2 8 5.50 0.01 512 0.916676 435.206 0.227691
COST 8192 2048 2 8 5.50 0.01 512 0.972231 488.665 0.409472
COST 8192 4096 2 8 5.50 0.01 512 1.000000 516.862 1.000000
COST 8192 256 2 8 5.50 0.01 512 0.697808 206.055 1.582226
COST 8192 512 2 8 5.50 0.01 512 0.883410 308.885 0.207364
COST 8192 1024 2 8 5.50 0.01 512 0.958411 361.631 0.141825
COST 8192 2048 2 8 5.50 0.01 512 0.988187 384.289 0.432076
COST 8192 4096 2 8 5.50 0.01 512 1.000000 393.519 1.000000
COST 8192 256 2 8 6.00 0.0001 512 0.329874 195.369 0.717513
COST 8192 512 2 8 6.00 0.0001 512 0.556559 401.781 0.729801
COST 8192 1024 2 8 6.00 0.0001 512 0.739463 650.145 0.781802
COST 8192 2048 2 8 6.00 0.0001 512 0.884725 906.825 1.476466
COST 8192 4096 2 8 6.00 0.0001 512 1.000000 1149.259 1.000000
COST 8192 256 2 8 6.00 0.0001 512 0.460649 200.798 1.443857
COST 8192 512 2 8 6.00 0.0001 512 0.695251 373.393 1.486449
COST 8192 1024 2 8 6.00 0.0001 512 0.845574 532.095 1.380141
COST 8192 2048 2 8 6.00 0.0001 512 0.940325 653.270 1.009366
COST 8192 4096 2 8 6.00 0.0001 512 1.000000 737.761 1.000000
COST 8192 256 2 8 6.00 0.0001 512 0.587370 204.420 1.847399
COST 8192 512 2 8 6.00 0.0001 512 0.805619 341.105 1.753917
COST 8192 1024 2 8 6.00 0.0001 512 0.916676 435.206 0.756505
COST 8192 2048 2 8 6.00 0.0001 512 0.972231 488.665 0.505898
COST 8192 4096 2 8 6.00 0.0001 512 1.000000 516.862 1.000000
COST 8192 256 2 8 6.00 0.0001 512 0.697808 206.055 2.259144
COST 8192 512 2 8 6.00 0.0001 512 0.883410 308.885 0.709920
COST 8192 1024 2 8 6.00 0.0001 512 0.958411 361.631 0.171984
COST 8192 2048 2 8 6.00 0.0001 512 0.988187 384.289 0.474607
COST 8192 4096 2 8 6.00 0.0001 512 1.000000 393.519 1.000000
COST 8192 256 2 8 6.00 0.001 512 0.329874 195.369 1.416036
COST 8192 512 2 8 6.00 0.001 512 0.556559 401.781 1.473609
COST 8192 1024 2 8 6.00 0.001 512 0.739463 650.145 1.547040
COST 8192 2048 2 8 6.00 0.001 512 0.884725 906.825 1.345991
COST 8192 4096 2 8 6.00 0.001 512 1.000000 1149.259 1.000000
COST 8192 256 2 8 6.00 0.001 512 0.460649 200.798 2.182598
COST 8192 512 2 8 6.00 0.001 512 0.695251 373.393 2.098131
COST 8192 1024 2 8 6.00 0.001 512 0.845574 532.095 1.047525
COST 8192 2048 2 8 6.00 0.001 512 0.940325 653.270 0.673428
COST 8192 4096 2 8 6.00 0.001 512 1.000000 737.761 1.000000
COST 8192 256 2 8 6.00 0.001 512 0.587370 204.420 2.283675
COST 8192 512 2 8 6.00 0.001 512 0.805619 341.105 0.984583
COST 8192 1024 2 8 6.00 0.001 512 0.916676 435.206 0.237745
COST 8192 2048 2 8 6.00 0.001 512 0.972231 488.665 0.499930
COST 8192 4096 2 8 6.00 0.001 512 1.000000 516.862 1.000000
COST 8192 256 2 8 6.00 0.001 512 0.697808 206.055 1.710091
COST 8192 512 2 8 6.00 0.001 512 0.883410 308.885 0.206653
COST 8192 1024 2 8 6.00 0.001 512 0.958411 361.631 0.127272
COST 8192 2048 2 8 6.00 0.001 512 0.988187 384.289 0.417490
COST 8192 4096 2 8 6.00 0.001 512 1.000000 393.519 1.000000
COST 8192 256 2 8 6.00 0.01 512 0.329874 195.369 1.513671
COST 8192 512 2 8 6.00 0.01 512 0.556559 401.781 1.583228
COST 8192 1024 2 8 6.00 0.01 512 0.739463 650.145 1.227653
COST 8192 2048 2 8 6.00 0.01 512 0.884725 906.825 0.851215
COST 8192 4096 2 8 6.00 0.01 512 1.000000 1149.259 1.000000
COST 8192 256 2 8 6.00 0.01 512 0.460649 200.798 1.959908
COST 8192 512 2 8 6.00 0.01 512 0.695251 373.393 1.188999
COST 8192 1024 2 8 6.00 0.01 512 0.845574 532.095 0.284345
COST 8192 2048 2 8 6.00 0.01 512 0.940325 653.270 0.457518
COST 8192 4096 2 8 6.00 0.01 512 1.000000 737.761 1.000000
COST 8192 256 2 8 6.00 0.01 512 0.587370 204.420 1.746195
COST 8192 512 2 8 6.00 0.01 512 0.805619 341.105 0.216392
COST 8192 1024 2 8 6.00 0.01 512 0.916676 435.206 0.129932
COST 8192 2048 2 8 6.00 0.01 512 0.972231 488.665 0.418748
COST 8192 4096 2 8 6.00 0.01 512 1.000000 516.862 1.000000
COST 8192 256 2 8 6.00 0.01 512 0.697808 206.055 0.664193
COST 8192 512 2 8 6.00 0.01 512 0.883410 308.885 0.075095
COST 8192 1024 2 8 6.00 0.01 512 0.958411 361.631 0.110210
COST 8192 2048 2 8 6.00 0.01 512 0.988187 384.289 0.416521
COST 8192 4096 2 8 6.00 0.01 512 1.000000 393.519 1.000000
COST 8192 256 2 8 6.50 0.0001 512 0.329874 195.369 1.191389
COST 8192 512 2 8 6.50 0.0001 512 0.556559 401.781 1.228304
COST 8192 1024 2 8 6.50 0.0001 512 0.739463 650.145 1.292137
COST 8192 2048 2 8 6.50 0.0001 512 0.884725 906.825 1.261648
COST 8192 4096 2 8 6.50 0.0001 512 1.000000 1149.259 1.000000
COST 8192 256 2 8 6.50 0.0001 512 0.460649 200.798 1.792905
COST 8192 512 2 8 6.50 0.0001 512 0.695251 373.393 1.807422
COST 8192 1024 2 8 6.50 0.0001 512 0.845574 532.095 0.912517
COST 8192 2048 2 8 6.50 0.0001 512 0.940325 653.270 0.680326
COST 8192 4096 2 8 6.50 0.0001 512 1.000000 737.761 1.000000
COST 8192 256 2 8 6.50 0.0001 512 0.587370 204.420 2.063046
COST 8192 512 2 8 6.50 0.0001 512 0.805619 341.105 1.041270
COST 8192 1024 2 8 6.50 0.0001 512 0.916676 435.206 0.185228
COST 8192 2048 2 8 6.50 0.0001 512 0.972231 488.665 0.428798
COST 8192 4096 2 8 6.50 0.0001 512 1.000000 516.862 1.000000
COST 8192 256 2 8 6.50 0.0001 512 0.697808 206.055 1.912899
COST 8192 512 2 8 6.50 0.0001 512 0.883410 308.885 0.157395
COST 8192 1024 2 8 6.50 0.0001 512 0.958411 361.631 0.114843
COST 8192 2048 2 8 6.50 0.0001 512 0.988187 384.289 0.404381
COST 8192 4096 2 8 6.50 0.0001 512 1.000000 393.519 1.000000
COST 8192 256 2 8 6.50 0.001 512 0.329874 195.369 1.564223
COST 8192 512 2 8 6.50 0.001 512 0.556559 401.781 1.634854
COST 8192 1024 2 8 6.50 0.001 512 0.739463 650.145 1.433386
COST 8192 2048 2 8 6.50 0.001 512 0.884725 906.825 1.012318
COST 8192 4096 2 8 6.50 0.001 512 1.000000 1149.259 1.000000
COST 8192 256 2 8 6.50 0.001 512 0.460649 200.798 1.994984
COST 8192 512 2 8 6.50 0.001 512 0.695251 373.393 1.539583
COST 8192 1024 2 8 6.50 0.001 512 0.845574 532.095 0.319114
COST 8192 2048 2 8 6.50 0.001 512 0.940325 653.270 0.470375
COST 8192 4096 2 8 6.50 0.001 512 1.000000 737.761 1.000000
COST 8192 256 2 8 6.50 0.001 512 0.587370 204.420 1.881412
COST 8192 512 2 8 6.50 0.001 512 0.805619 341.105 0.309843
COST 8192 1024 2 8 6.50 0.001 512 0.916676 435.206 0.124450
COST 8192 2048 2 8 6.50 0.001 512 0.972231 488.665 0.404726
COST 8192 4096 2 8 6.50 0.001 512 1.000000 516.862 1.000000
COST 8192 256 2 8 6.50 0.001 512 0.697808 206.055 0.857523
COST 8192 512 2 8 6.50 0.001 512 0.883410 308.885 0.076461
COST 8192 1024 2 8 6.50 0.001 512 0.958411 361.631 0.104936
COST 8192 2048 2 8 6.50 0.001 512 0.988187 384.289 0.434109
COST 8192 4096 2 8 6.50 0.001 512 1.000000 393.519 1.000000
COST 8192 256 2 8 6.50 0.01 512 0.329874 195.369 1.853175
COST 8192 512 2 8 6.50 0.01 512 0.556559 401.781 1.680354
COST 8192 1024 2 8 6.50 0.01 512 0.739463 650.145 0.772333
COST 8192 2048 2 8 6.50 0.01 512 0.884725 906.825 0.523376
COST 8192 4096 2 8 6.50 0.01 512 1.000000 1149.259 1.000000
COST 8192 256 2 8 6.50 0.01 512 0.460649 200.798 2.076552
COST 8192 512 2 8 6.50 0.01 512 0.695251 373.393 0.435057
COST 8192 1024 2 8 6.50 0.01 512 0.845574 532.095 0.171267
COST 8192 2048 2 8 6.50 0.01 512 0.940325 653.270 0.436496
COST 8192 4096 2 8 6.50 0.01 512 1.000000 737.761 1.000000
COST 8192 256 2 8 6.50 0.01 512 0.587370 204.420 0.945675
COST 8192 512 2 8 6.50 0.01 512 0.805619 341.105 0.067778
COST 8192 1024 2 8 6.50 0.01 512 0.916676 435.206 0.109107
COST 8192 2048 2 8 6.50 0.01 512 0.972231 488.665 0.408289
COST 8192 4096 2 8 6.50 0.01 512 1.000000 516.862 1.000000
COST 8192 256 2 8 6.50 0.01 512 0.697808 206.055 0.188993
COST 8192 512 2 8 6.50 0.01 512 0.883410 308.885 0.051492
COST 8192 1024 2 8 6.50 0.01 512 0.958411 361.631 0.100011
COST 8192 2048 2 8 6.50 0.01 512 0.988187 384.289 0.400842
COST 8192 4096 2 8 6.50 0.01 512 1.000000 393.519 1.000000
