# matchedfilter CPU COST table -- FDR and batch-aware relative costs
# format cost-fd-pairs-v1
# cpu     Intel(R) Xeon(R) Platinum 8260 CPU @ 2.40GHz
# commit  unknown
# Warm public-API cost relative to the widest band for this profile and shape.
# The reference-profile gate model computes accuracy independently.
# U=2 and K=8 are retained as configuration metadata; taps are inert.
# COST n band U K snr fd pairs f beff relative_cost
COST 1024 256 2 8 5.00 0.0001 512 0.884518 113.275 1.445565
COST 1024 512 2 8 5.00 0.0001 512 1.000000 143.622 1.000000
COST 1024 256 2 8 5.00 0.0001 512 0.940195 81.628 1.581070
COST 1024 512 2 8 5.00 0.0001 512 1.000000 92.210 1.000000
COST 1024 256 2 8 5.00 0.0001 512 0.972159 61.071 1.248865
COST 1024 512 2 8 5.00 0.0001 512 1.000000 64.605 1.000000
COST 1024 256 2 8 5.00 0.0001 512 0.988151 48.031 0.873729
COST 1024 512 2 8 5.00 0.0001 512 1.000000 49.188 1.000000
COST 1024 256 2 8 5.00 0.001 512 0.884518 113.275 1.446076
COST 1024 512 2 8 5.00 0.001 512 1.000000 143.622 1.000000
COST 1024 256 2 8 5.00 0.001 512 0.940195 81.628 1.141896
COST 1024 512 2 8 5.00 0.001 512 1.000000 92.210 1.000000
COST 1024 256 2 8 5.00 0.001 512 0.972159 61.071 0.995068
COST 1024 512 2 8 5.00 0.001 512 1.000000 64.605 1.000000
COST 1024 256 2 8 5.00 0.001 512 0.988151 48.031 0.701314
COST 1024 512 2 8 5.00 0.001 512 1.000000 49.188 1.000000
COST 1024 256 2 8 5.00 0.01 512 0.884518 113.275 1.359604
COST 1024 512 2 8 5.00 0.01 512 1.000000 143.622 1.000000
COST 1024 256 2 8 5.00 0.01 512 0.940195 81.628 0.837119
COST 1024 512 2 8 5.00 0.01 512 1.000000 92.210 1.000000
COST 1024 256 2 8 5.00 0.01 512 0.972159 61.071 0.763443
COST 1024 512 2 8 5.00 0.01 512 1.000000 64.605 1.000000
COST 1024 256 2 8 5.00 0.01 512 0.988151 48.031 0.628548
COST 1024 512 2 8 5.00 0.01 512 1.000000 49.188 1.000000
COST 1024 256 2 8 5.50 0.0001 512 0.884518 113.275 1.728398
COST 1024 512 2 8 5.50 0.0001 512 1.000000 143.622 1.000000
COST 1024 256 2 8 5.50 0.0001 512 0.940195 81.628 1.266288
COST 1024 512 2 8 5.50 0.0001 512 1.000000 92.210 1.000000
COST 1024 256 2 8 5.50 0.0001 512 0.972159 61.071 0.837180
COST 1024 512 2 8 5.50 0.0001 512 1.000000 64.605 1.000000
COST 1024 256 2 8 5.50 0.0001 512 0.988151 48.031 0.722680
COST 1024 512 2 8 5.50 0.0001 512 1.000000 49.188 1.000000
COST 1024 256 2 8 5.50 0.001 512 0.884518 113.275 1.504315
COST 1024 512 2 8 5.50 0.001 512 1.000000 143.622 1.000000
COST 1024 256 2 8 5.50 0.001 512 0.940195 81.628 0.966120
COST 1024 512 2 8 5.50 0.001 512 1.000000 92.210 1.000000
COST 1024 256 2 8 5.50 0.001 512 0.972159 61.071 0.840853
COST 1024 512 2 8 5.50 0.001 512 1.000000 64.605 1.000000
COST 1024 256 2 8 5.50 0.001 512 0.988151 48.031 0.481611
COST 1024 512 2 8 5.50 0.001 512 1.000000 49.188 1.000000
COST 1024 256 2 8 5.50 0.01 512 0.884518 113.275 0.965583
COST 1024 512 2 8 5.50 0.01 512 1.000000 143.622 1.000000
COST 1024 256 2 8 5.50 0.01 512 0.940195 81.628 0.862423
COST 1024 512 2 8 5.50 0.01 512 1.000000 92.210 1.000000
COST 1024 256 2 8 5.50 0.01 512 0.972159 61.071 0.574223
COST 1024 512 2 8 5.50 0.01 512 1.000000 64.605 1.000000
COST 1024 256 2 8 5.50 0.01 512 0.988151 48.031 0.475914
COST 1024 512 2 8 5.50 0.01 512 1.000000 49.188 1.000000
COST 1024 256 2 8 6.00 0.0001 512 0.884518 113.275 1.804470
COST 1024 512 2 8 6.00 0.0001 512 1.000000 143.622 1.000000
COST 1024 256 2 8 6.00 0.0001 512 0.940195 81.628 1.011868
COST 1024 512 2 8 6.00 0.0001 512 1.000000 92.210 1.000000
COST 1024 256 2 8 6.00 0.0001 512 0.972159 61.071 0.681978
COST 1024 512 2 8 6.00 0.0001 512 1.000000 64.605 1.000000
COST 1024 256 2 8 6.00 0.0001 512 0.988151 48.031 0.472659
COST 1024 512 2 8 6.00 0.0001 512 1.000000 49.188 1.000000
COST 1024 256 2 8 6.00 0.001 512 0.884518 113.275 1.239112
COST 1024 512 2 8 6.00 0.001 512 1.000000 143.622 1.000000
COST 1024 256 2 8 6.00 0.001 512 0.940195 81.628 0.856534
COST 1024 512 2 8 6.00 0.001 512 1.000000 92.210 1.000000
COST 1024 256 2 8 6.00 0.001 512 0.972159 61.071 0.474277
COST 1024 512 2 8 6.00 0.001 512 1.000000 64.605 1.000000
COST 1024 256 2 8 6.00 0.001 512 0.988151 48.031 0.481245
COST 1024 512 2 8 6.00 0.001 512 1.000000 49.188 1.000000
COST 1024 256 2 8 6.00 0.01 512 0.884518 113.275 0.811947
COST 1024 512 2 8 6.00 0.01 512 1.000000 143.622 1.000000
COST 1024 256 2 8 6.00 0.01 512 0.940195 81.628 0.598933
COST 1024 512 2 8 6.00 0.01 512 1.000000 92.210 1.000000
COST 1024 256 2 8 6.00 0.01 512 0.972159 61.071 0.477175
COST 1024 512 2 8 6.00 0.01 512 1.000000 64.605 1.000000
COST 1024 256 2 8 6.00 0.01 512 0.988151 48.031 0.483551
COST 1024 512 2 8 6.00 0.01 512 1.000000 49.188 1.000000
COST 1024 256 2 8 6.50 0.0001 512 0.884518 113.275 1.505524
COST 1024 512 2 8 6.50 0.0001 512 1.000000 143.622 1.000000
COST 1024 256 2 8 6.50 0.0001 512 0.940195 81.628 0.746273
COST 1024 512 2 8 6.50 0.0001 512 1.000000 92.210 1.000000
COST 1024 256 2 8 6.50 0.0001 512 0.972159 61.071 0.474376
COST 1024 512 2 8 6.50 0.0001 512 1.000000 64.605 1.000000
COST 1024 256 2 8 6.50 0.0001 512 0.988151 48.031 0.470893
COST 1024 512 2 8 6.50 0.0001 512 1.000000 49.188 1.000000
COST 1024 256 2 8 6.50 0.001 512 0.884518 113.275 1.066129
COST 1024 512 2 8 6.50 0.001 512 1.000000 143.622 1.000000
COST 1024 256 2 8 6.50 0.001 512 0.940195 81.628 0.581632
COST 1024 512 2 8 6.50 0.001 512 1.000000 92.210 1.000000
COST 1024 256 2 8 6.50 0.001 512 0.972159 61.071 0.472695
COST 1024 512 2 8 6.50 0.001 512 1.000000 64.605 1.000000
COST 1024 256 2 8 6.50 0.001 512 0.988151 48.031 0.475319
COST 1024 512 2 8 6.50 0.001 512 1.000000 49.188 1.000000
COST 1024 256 2 8 6.50 0.01 512 0.884518 113.275 0.592860
COST 1024 512 2 8 6.50 0.01 512 1.000000 143.622 1.000000
COST 1024 256 2 8 6.50 0.01 512 0.940195 81.628 0.472393
COST 1024 512 2 8 6.50 0.01 512 1.000000 92.210 1.000000
COST 1024 256 2 8 6.50 0.01 512 0.972159 61.071 0.467554
COST 1024 512 2 8 6.50 0.01 512 1.000000 64.605 1.000000
COST 1024 256 2 8 6.50 0.01 512 0.988151 48.031 0.470173
COST 1024 512 2 8 6.50 0.01 512 1.000000 49.188 1.000000
COST 131072 2048 2 8 5.00 0.0001 512 0.101363 1161.495 0.729075
COST 131072 4096 2 8 5.00 0.0001 512 0.330517 3133.156 0.752121
COST 131072 8192 2 8 5.00 0.0001 512 0.556820 6433.428 0.770351
COST 131072 16384 2 8 5.00 0.0001 512 0.739558 10405.039 0.796014
COST 131072 32768 2 8 5.00 0.0001 512 0.884753 14510.533 0.854343
COST 131072 65536 2 8 5.00 0.0001 512 1.000000 18388.750 1.000000
COST 131072 2048 2 8 5.00 0.0001 512 0.165475 1248.868 0.746328
COST 131072 4096 2 8 5.00 0.0001 512 0.461394 3219.569 0.732171
COST 131072 8192 2 8 5.00 0.0001 512 0.695493 5977.928 0.768047
COST 131072 16384 2 8 5.00 0.0001 512 0.845646 8515.006 0.801398
COST 131072 32768 2 8 5.00 0.0001 512 0.940342 10452.859 0.870467
COST 131072 65536 2 8 5.00 0.0001 512 1.000000 11804.351 1.000000
COST 131072 2048 2 8 5.00 0.0001 512 0.244680 1346.831 0.744113
COST 131072 4096 2 8 5.00 0.0001 512 0.588141 3276.857 0.730355
COST 131072 8192 2 8 5.00 0.0001 512 0.805819 5460.169 0.760789
COST 131072 16384 2 8 5.00 0.0001 512 0.916724 6964.047 0.782224
COST 131072 32768 2 8 5.00 0.0001 512 0.972240 7818.850 0.859667
COST 131072 65536 2 8 5.00 0.0001 512 1.000000 8269.841 1.000000
COST 131072 2048 2 8 5.00 0.0001 512 0.334152 1456.527 0.886146
COST 131072 4096 2 8 5.00 0.0001 512 0.698534 3302.182 0.904757
COST 131072 8192 2 8 5.00 0.0001 512 0.883560 4943.763 0.979051
COST 131072 16384 2 8 5.00 0.0001 512 0.958440 5786.452 0.954347
COST 131072 32768 2 8 5.00 0.0001 512 0.988192 6148.706 1.031175
COST 131072 65536 2 8 5.00 0.0001 512 1.000000 6296.317 1.000000
COST 131072 2048 2 8 5.00 0.001 512 0.101363 1161.495 0.692284
COST 131072 4096 2 8 5.00 0.001 512 0.330517 3133.156 0.714012
COST 131072 8192 2 8 5.00 0.001 512 0.556820 6433.428 0.735842
COST 131072 16384 2 8 5.00 0.001 512 0.739558 10405.039 0.758356
COST 131072 32768 2 8 5.00 0.001 512 0.884753 14510.533 0.835379
COST 131072 65536 2 8 5.00 0.001 512 1.000000 18388.750 1.000000
COST 131072 2048 2 8 5.00 0.001 512 0.165475 1248.868 0.714032
COST 131072 4096 2 8 5.00 0.001 512 0.461394 3219.569 0.761519
COST 131072 8192 2 8 5.00 0.001 512 0.695493 5977.928 0.738919
COST 131072 16384 2 8 5.00 0.001 512 0.845646 8515.006 0.787751
COST 131072 32768 2 8 5.00 0.001 512 0.940342 10452.859 0.848716
COST 131072 65536 2 8 5.00 0.001 512 1.000000 11804.351 1.000000
COST 131072 2048 2 8 5.00 0.001 512 0.244680 1346.831 0.783524
COST 131072 4096 2 8 5.00 0.001 512 0.588141 3276.857 0.766660
COST 131072 8192 2 8 5.00 0.001 512 0.805819 5460.169 0.804418
COST 131072 16384 2 8 5.00 0.001 512 0.916724 6964.047 0.837133
COST 131072 32768 2 8 5.00 0.001 512 0.972240 7818.850 0.908646
COST 131072 65536 2 8 5.00 0.001 512 1.000000 8269.841 1.000000
COST 131072 2048 2 8 5.00 0.001 512 0.334152 1456.527 1.066464
COST 131072 4096 2 8 5.00 0.001 512 0.698534 3302.182 1.104580
COST 131072 8192 2 8 5.00 0.001 512 0.883560 4943.763 1.096488
COST 131072 16384 2 8 5.00 0.001 512 0.958440 5786.452 1.131129
COST 131072 32768 2 8 5.00 0.001 512 0.988192 6148.706 1.088313
COST 131072 65536 2 8 5.00 0.001 512 1.000000 6296.317 1.000000
COST 131072 2048 2 8 5.00 0.01 512 0.101363 1161.495 0.738507
COST 131072 4096 2 8 5.00 0.01 512 0.330517 3133.156 0.766409
COST 131072 8192 2 8 5.00 0.01 512 0.556820 6433.428 0.782837
COST 131072 16384 2 8 5.00 0.01 512 0.739558 10405.039 0.815698
COST 131072 32768 2 8 5.00 0.01 512 0.884753 14510.533 0.860733
COST 131072 65536 2 8 5.00 0.01 512 1.000000 18388.750 1.000000
COST 131072 2048 2 8 5.00 0.01 512 0.165475 1248.868 0.738406
COST 131072 4096 2 8 5.00 0.01 512 0.461394 3219.569 0.738064
COST 131072 8192 2 8 5.00 0.01 512 0.695493 5977.928 0.773895
COST 131072 16384 2 8 5.00 0.01 512 0.845646 8515.006 0.794977
COST 131072 32768 2 8 5.00 0.01 512 0.940342 10452.859 0.875927
COST 131072 65536 2 8 5.00 0.01 512 1.000000 11804.351 1.000000
COST 131072 2048 2 8 5.00 0.01 512 0.244680 1346.831 1.081423
COST 131072 4096 2 8 5.00 0.01 512 0.588141 3276.857 1.061434
COST 131072 8192 2 8 5.00 0.01 512 0.805819 5460.169 1.105279
COST 131072 16384 2 8 5.00 0.01 512 0.916724 6964.047 1.121783
COST 131072 32768 2 8 5.00 0.01 512 0.972240 7818.850 1.103610
COST 131072 65536 2 8 5.00 0.01 512 1.000000 8269.841 1.000000
COST 131072 2048 2 8 5.00 0.01 512 0.334152 1456.527 1.442056
COST 131072 4096 2 8 5.00 0.01 512 0.698534 3302.182 1.500929
COST 131072 8192 2 8 5.00 0.01 512 0.883560 4943.763 1.468588
COST 131072 16384 2 8 5.00 0.01 512 0.958440 5786.452 1.324941
COST 131072 32768 2 8 5.00 0.01 512 0.988192 6148.706 0.968303
COST 131072 65536 2 8 5.00 0.01 512 1.000000 6296.317 1.000000
COST 131072 2048 2 8 5.50 0.0001 512 0.101363 1161.495 0.730477
COST 131072 4096 2 8 5.50 0.0001 512 0.330517 3133.156 0.727167
COST 131072 8192 2 8 5.50 0.0001 512 0.556820 6433.428 0.746656
COST 131072 16384 2 8 5.50 0.0001 512 0.739558 10405.039 0.783126
COST 131072 32768 2 8 5.50 0.0001 512 0.884753 14510.533 0.850975
COST 131072 65536 2 8 5.50 0.0001 512 1.000000 18388.750 1.000000
COST 131072 2048 2 8 5.50 0.0001 512 0.165475 1248.868 0.738307
COST 131072 4096 2 8 5.50 0.0001 512 0.461394 3219.569 0.771246
COST 131072 8192 2 8 5.50 0.0001 512 0.695493 5977.928 0.780365
COST 131072 16384 2 8 5.50 0.0001 512 0.845646 8515.006 0.798036
COST 131072 32768 2 8 5.50 0.0001 512 0.940342 10452.859 0.851740
COST 131072 65536 2 8 5.50 0.0001 512 1.000000 11804.351 1.000000
COST 131072 2048 2 8 5.50 0.0001 512 0.244680 1346.831 0.997798
COST 131072 4096 2 8 5.50 0.0001 512 0.588141 3276.857 1.005455
COST 131072 8192 2 8 5.50 0.0001 512 0.805819 5460.169 1.024234
COST 131072 16384 2 8 5.50 0.0001 512 0.916724 6964.047 1.091048
COST 131072 32768 2 8 5.50 0.0001 512 0.972240 7818.850 1.151779
COST 131072 65536 2 8 5.50 0.0001 512 1.000000 8269.841 1.000000
COST 131072 2048 2 8 5.50 0.0001 512 0.334152 1456.527 1.827530
COST 131072 4096 2 8 5.50 0.0001 512 0.698534 3302.182 1.917316
COST 131072 8192 2 8 5.50 0.0001 512 0.883560 4943.763 2.001469
COST 131072 16384 2 8 5.50 0.0001 512 0.958440 5786.452 1.957533
COST 131072 32768 2 8 5.50 0.0001 512 0.988192 6148.706 1.180668
COST 131072 65536 2 8 5.50 0.0001 512 1.000000 6296.317 1.000000
COST 131072 2048 2 8 5.50 0.001 512 0.101363 1161.495 0.745082
COST 131072 4096 2 8 5.50 0.001 512 0.330517 3133.156 0.778735
COST 131072 8192 2 8 5.50 0.001 512 0.556820 6433.428 0.764440
COST 131072 16384 2 8 5.50 0.001 512 0.739558 10405.039 0.787814
COST 131072 32768 2 8 5.50 0.001 512 0.884753 14510.533 0.868879
COST 131072 65536 2 8 5.50 0.001 512 1.000000 18388.750 1.000000
COST 131072 2048 2 8 5.50 0.001 512 0.165475 1248.868 0.790833
COST 131072 4096 2 8 5.50 0.001 512 0.461394 3219.569 0.801763
COST 131072 8192 2 8 5.50 0.001 512 0.695493 5977.928 0.827425
COST 131072 16384 2 8 5.50 0.001 512 0.845646 8515.006 0.838206
COST 131072 32768 2 8 5.50 0.001 512 0.940342 10452.859 0.894572
COST 131072 65536 2 8 5.50 0.001 512 1.000000 11804.351 1.000000
COST 131072 2048 2 8 5.50 0.001 512 0.244680 1346.831 1.414205
COST 131072 4096 2 8 5.50 0.001 512 0.588141 3276.857 1.396966
COST 131072 8192 2 8 5.50 0.001 512 0.805819 5460.169 1.434282
COST 131072 16384 2 8 5.50 0.001 512 0.916724 6964.047 1.481639
COST 131072 32768 2 8 5.50 0.001 512 0.972240 7818.850 1.192175
COST 131072 65536 2 8 5.50 0.001 512 1.000000 8269.841 1.000000
COST 131072 2048 2 8 5.50 0.001 512 0.334152 1456.527 1.988906
COST 131072 4096 2 8 5.50 0.001 512 0.698534 3302.182 1.997575
COST 131072 8192 2 8 5.50 0.001 512 0.883560 4943.763 2.022485
COST 131072 16384 2 8 5.50 0.001 512 0.958440 5786.452 1.553523
COST 131072 32768 2 8 5.50 0.001 512 0.988192 6148.706 0.768897
COST 131072 65536 2 8 5.50 0.001 512 1.000000 6296.317 1.000000
COST 131072 2048 2 8 5.50 0.01 512 0.101363 1161.495 0.732263
COST 131072 4096 2 8 5.50 0.01 512 0.330517 3133.156 0.770586
COST 131072 8192 2 8 5.50 0.01 512 0.556820 6433.428 0.796760
COST 131072 16384 2 8 5.50 0.01 512 0.739558 10405.039 0.813365
COST 131072 32768 2 8 5.50 0.01 512 0.884753 14510.533 0.878991
COST 131072 65536 2 8 5.50 0.01 512 1.000000 18388.750 1.000000
COST 131072 2048 2 8 5.50 0.01 512 0.165475 1248.868 1.182360
COST 131072 4096 2 8 5.50 0.01 512 0.461394 3219.569 1.225454
COST 131072 8192 2 8 5.50 0.01 512 0.695493 5977.928 1.241092
COST 131072 16384 2 8 5.50 0.01 512 0.845646 8515.006 1.304902
COST 131072 32768 2 8 5.50 0.01 512 0.940342 10452.859 1.130728
COST 131072 65536 2 8 5.50 0.01 512 1.000000 11804.351 1.000000
COST 131072 2048 2 8 5.50 0.01 512 0.244680 1346.831 2.034040
COST 131072 4096 2 8 5.50 0.01 512 0.588141 3276.857 2.102269
COST 131072 8192 2 8 5.50 0.01 512 0.805819 5460.169 2.074629
COST 131072 16384 2 8 5.50 0.01 512 0.916724 6964.047 1.680774
COST 131072 32768 2 8 5.50 0.01 512 0.972240 7818.850 0.803465
COST 131072 65536 2 8 5.50 0.01 512 1.000000 8269.841 1.000000
COST 131072 2048 2 8 5.50 0.01 512 0.334152 1456.527 2.268625
COST 131072 4096 2 8 5.50 0.01 512 0.698534 3302.182 2.233981
COST 131072 8192 2 8 5.50 0.01 512 0.883560 4943.763 1.966298
COST 131072 16384 2 8 5.50 0.01 512 0.958440 5786.452 0.804534
COST 131072 32768 2 8 5.50 0.01 512 0.988192 6148.706 0.562672
COST 131072 65536 2 8 5.50 0.01 512 1.000000 6296.317 1.000000
COST 131072 2048 2 8 6.00 0.0001 512 0.101363 1161.495 0.730878
COST 131072 4096 2 8 6.00 0.0001 512 0.330517 3133.156 0.753710
COST 131072 8192 2 8 6.00 0.0001 512 0.556820 6433.428 0.766351
COST 131072 16384 2 8 6.00 0.0001 512 0.739558 10405.039 0.793487
COST 131072 32768 2 8 6.00 0.0001 512 0.884753 14510.533 0.861591
COST 131072 65536 2 8 6.00 0.0001 512 1.000000 18388.750 1.000000
COST 131072 2048 2 8 6.00 0.0001 512 0.165475 1248.868 1.005688
COST 131072 4096 2 8 6.00 0.0001 512 0.461394 3219.569 1.001620
COST 131072 8192 2 8 6.00 0.0001 512 0.695493 5977.928 1.073400
COST 131072 16384 2 8 6.00 0.0001 512 0.845646 8515.006 1.057667
COST 131072 32768 2 8 6.00 0.0001 512 0.940342 10452.859 1.146158
COST 131072 65536 2 8 6.00 0.0001 512 1.000000 11804.351 1.000000
COST 131072 2048 2 8 6.00 0.0001 512 0.244680 1346.831 1.998985
COST 131072 4096 2 8 6.00 0.0001 512 0.588141 3276.857 2.040193
COST 131072 8192 2 8 6.00 0.0001 512 0.805819 5460.169 2.051360
COST 131072 16384 2 8 6.00 0.0001 512 0.916724 6964.047 2.170100
COST 131072 32768 2 8 6.00 0.0001 512 0.972240 7818.850 1.177166
COST 131072 65536 2 8 6.00 0.0001 512 1.000000 8269.841 1.000000
COST 131072 2048 2 8 6.00 0.0001 512 0.334152 1456.527 2.496071
COST 131072 4096 2 8 6.00 0.0001 512 0.698534 3302.182 2.515655
COST 131072 8192 2 8 6.00 0.0001 512 0.883560 4943.763 2.615579
COST 131072 16384 2 8 6.00 0.0001 512 0.958440 5786.452 1.321152
COST 131072 32768 2 8 6.00 0.0001 512 0.988192 6148.706 0.586385
COST 131072 65536 2 8 6.00 0.0001 512 1.000000 6296.317 1.000000
COST 131072 2048 2 8 6.00 0.001 512 0.101363 1161.495 0.746900
COST 131072 4096 2 8 6.00 0.001 512 0.330517 3133.156 0.784660
COST 131072 8192 2 8 6.00 0.001 512 0.556820 6433.428 0.775038
COST 131072 16384 2 8 6.00 0.001 512 0.739558 10405.039 0.802225
COST 131072 32768 2 8 6.00 0.001 512 0.884753 14510.533 0.861130
COST 131072 65536 2 8 6.00 0.001 512 1.000000 18388.750 1.000000
COST 131072 2048 2 8 6.00 0.001 512 0.165475 1248.868 1.453352
COST 131072 4096 2 8 6.00 0.001 512 0.461394 3219.569 1.479964
COST 131072 8192 2 8 6.00 0.001 512 0.695493 5977.928 1.611510
COST 131072 16384 2 8 6.00 0.001 512 0.845646 8515.006 1.571654
COST 131072 32768 2 8 6.00 0.001 512 0.940342 10452.859 1.372856
COST 131072 65536 2 8 6.00 0.001 512 1.000000 11804.351 1.000000
COST 131072 2048 2 8 6.00 0.001 512 0.244680 1346.831 2.428198
COST 131072 4096 2 8 6.00 0.001 512 0.588141 3276.857 2.392468
COST 131072 8192 2 8 6.00 0.001 512 0.805819 5460.169 2.474676
COST 131072 16384 2 8 6.00 0.001 512 0.916724 6964.047 1.685059
COST 131072 32768 2 8 6.00 0.001 512 0.972240 7818.850 0.732539
COST 131072 65536 2 8 6.00 0.001 512 1.000000 8269.841 1.000000
COST 131072 2048 2 8 6.00 0.001 512 0.334152 1456.527 2.506100
COST 131072 4096 2 8 6.00 0.001 512 0.698534 3302.182 2.466159
COST 131072 8192 2 8 6.00 0.001 512 0.883560 4943.763 2.151037
COST 131072 16384 2 8 6.00 0.001 512 0.958440 5786.452 0.524759
COST 131072 32768 2 8 6.00 0.001 512 0.988192 6148.706 0.486263
COST 131072 65536 2 8 6.00 0.001 512 1.000000 6296.317 1.000000
COST 131072 2048 2 8 6.00 0.01 512 0.101363 1161.495 1.142598
COST 131072 4096 2 8 6.00 0.01 512 0.330517 3133.156 1.156386
COST 131072 8192 2 8 6.00 0.01 512 0.556820 6433.428 1.175995
COST 131072 16384 2 8 6.00 0.01 512 0.739558 10405.039 1.225644
COST 131072 32768 2 8 6.00 0.01 512 0.884753 14510.533 1.259490
COST 131072 65536 2 8 6.00 0.01 512 1.000000 18388.750 1.000000
COST 131072 2048 2 8 6.00 0.01 512 0.165475 1248.868 2.165064
COST 131072 4096 2 8 6.00 0.01 512 0.461394 3219.569 2.245897
COST 131072 8192 2 8 6.00 0.01 512 0.695493 5977.928 2.269153
COST 131072 16384 2 8 6.00 0.01 512 0.845646 8515.006 2.136943
COST 131072 32768 2 8 6.00 0.01 512 0.940342 10452.859 0.830895
COST 131072 65536 2 8 6.00 0.01 512 1.000000 11804.351 1.000000
COST 131072 2048 2 8 6.00 0.01 512 0.244680 1346.831 2.493358
COST 131072 4096 2 8 6.00 0.01 512 0.588141 3276.857 2.506638
COST 131072 8192 2 8 6.00 0.01 512 0.805819 5460.169 2.113032
COST 131072 16384 2 8 6.00 0.01 512 0.916724 6964.047 0.701115
COST 131072 32768 2 8 6.00 0.01 512 0.972240 7818.850 0.483827
COST 131072 65536 2 8 6.00 0.01 512 1.000000 8269.841 1.000000
COST 131072 2048 2 8 6.00 0.01 512 0.334152 1456.527 2.465553
COST 131072 4096 2 8 6.00 0.01 512 0.698534 3302.182 2.497800
COST 131072 8192 2 8 6.00 0.01 512 0.883560 4943.763 0.831342
COST 131072 16384 2 8 6.00 0.01 512 0.958440 5786.452 0.281959
COST 131072 32768 2 8 6.00 0.01 512 0.988192 6148.706 0.451306
COST 131072 65536 2 8 6.00 0.01 512 1.000000 6296.317 1.000000
COST 131072 2048 2 8 6.50 0.0001 512 0.101363 1161.495 0.797972
COST 131072 4096 2 8 6.50 0.0001 512 0.330517 3133.156 0.825225
COST 131072 8192 2 8 6.50 0.0001 512 0.556820 6433.428 0.828056
COST 131072 16384 2 8 6.50 0.0001 512 0.739558 10405.039 0.868708
COST 131072 32768 2 8 6.50 0.0001 512 0.884753 14510.533 0.938213
COST 131072 65536 2 8 6.50 0.0001 512 1.000000 18388.750 1.000000
COST 131072 2048 2 8 6.50 0.0001 512 0.165475 1248.868 1.979083
COST 131072 4096 2 8 6.50 0.0001 512 0.461394 3219.569 2.003783
COST 131072 8192 2 8 6.50 0.0001 512 0.695493 5977.928 2.077927
COST 131072 16384 2 8 6.50 0.0001 512 0.845646 8515.006 2.123411
COST 131072 32768 2 8 6.50 0.0001 512 0.940342 10452.859 1.530710
COST 131072 65536 2 8 6.50 0.0001 512 1.000000 11804.351 1.000000
COST 131072 2048 2 8 6.50 0.0001 512 0.244680 1346.831 2.597230
COST 131072 4096 2 8 6.50 0.0001 512 0.588141 3276.857 2.648567
COST 131072 8192 2 8 6.50 0.0001 512 0.805819 5460.169 2.656334
COST 131072 16384 2 8 6.50 0.0001 512 0.916724 6964.047 1.593745
COST 131072 32768 2 8 6.50 0.0001 512 0.972240 7818.850 0.599795
COST 131072 65536 2 8 6.50 0.0001 512 1.000000 8269.841 1.000000
COST 131072 2048 2 8 6.50 0.0001 512 0.334152 1456.527 2.528925
COST 131072 4096 2 8 6.50 0.0001 512 0.698534 3302.182 2.561762
COST 131072 8192 2 8 6.50 0.0001 512 0.883560 4943.763 1.838380
COST 131072 16384 2 8 6.50 0.0001 512 0.958440 5786.452 0.378988
COST 131072 32768 2 8 6.50 0.0001 512 0.988192 6148.706 0.430397
COST 131072 65536 2 8 6.50 0.0001 512 1.000000 6296.317 1.000000
COST 131072 2048 2 8 6.50 0.001 512 0.101363 1161.495 1.190952
COST 131072 4096 2 8 6.50 0.001 512 0.330517 3133.156 1.181121
COST 131072 8192 2 8 6.50 0.001 512 0.556820 6433.428 1.191214
COST 131072 16384 2 8 6.50 0.001 512 0.739558 10405.039 1.238626
COST 131072 32768 2 8 6.50 0.001 512 0.884753 14510.533 1.316108
COST 131072 65536 2 8 6.50 0.001 512 1.000000 18388.750 1.000000
COST 131072 2048 2 8 6.50 0.001 512 0.165475 1248.868 2.535933
COST 131072 4096 2 8 6.50 0.001 512 0.461394 3219.569 2.502178
COST 131072 8192 2 8 6.50 0.001 512 0.695493 5977.928 2.536080
COST 131072 16384 2 8 6.50 0.001 512 0.845646 8515.006 2.329670
COST 131072 32768 2 8 6.50 0.001 512 0.940342 10452.859 0.864990
COST 131072 65536 2 8 6.50 0.001 512 1.000000 11804.351 1.000000
COST 131072 2048 2 8 6.50 0.001 512 0.244680 1346.831 2.616722
COST 131072 4096 2 8 6.50 0.001 512 0.588141 3276.857 2.713927
COST 131072 8192 2 8 6.50 0.001 512 0.805819 5460.169 2.492832
COST 131072 16384 2 8 6.50 0.001 512 0.916724 6964.047 0.608178
COST 131072 32768 2 8 6.50 0.001 512 0.972240 7818.850 0.479648
COST 131072 65536 2 8 6.50 0.001 512 1.000000 8269.841 1.000000
COST 131072 2048 2 8 6.50 0.001 512 0.334152 1456.527 2.750862
COST 131072 4096 2 8 6.50 0.001 512 0.698534 3302.182 2.577825
COST 131072 8192 2 8 6.50 0.001 512 0.883560 4943.763 0.927289
COST 131072 16384 2 8 6.50 0.001 512 0.958440 5786.452 0.260353
COST 131072 32768 2 8 6.50 0.001 512 0.988192 6148.706 0.466557
COST 131072 65536 2 8 6.50 0.001 512 1.000000 6296.317 1.000000
COST 131072 2048 2 8 6.50 0.01 512 0.101363 1161.495 2.073029
COST 131072 4096 2 8 6.50 0.01 512 0.330517 3133.156 2.112087
COST 131072 8192 2 8 6.50 0.01 512 0.556820 6433.428 2.097565
COST 131072 16384 2 8 6.50 0.01 512 0.739558 10405.039 2.163405
COST 131072 32768 2 8 6.50 0.01 512 0.884753 14510.533 1.169216
COST 131072 65536 2 8 6.50 0.01 512 1.000000 18388.750 1.000000
COST 131072 2048 2 8 6.50 0.01 512 0.165475 1248.868 2.676156
COST 131072 4096 2 8 6.50 0.01 512 0.461394 3219.569 2.651305
COST 131072 8192 2 8 6.50 0.01 512 0.695493 5977.928 2.695466
COST 131072 16384 2 8 6.50 0.01 512 0.845646 8515.006 1.100921
COST 131072 32768 2 8 6.50 0.01 512 0.940342 10452.859 0.514853
COST 131072 65536 2 8 6.50 0.01 512 1.000000 11804.351 1.000000
COST 131072 2048 2 8 6.50 0.01 512 0.244680 1346.831 2.550484
COST 131072 4096 2 8 6.50 0.01 512 0.588141 3276.857 2.681777
COST 131072 8192 2 8 6.50 0.01 512 0.805819 5460.169 0.899294
COST 131072 16384 2 8 6.50 0.01 512 0.916724 6964.047 0.273117
COST 131072 32768 2 8 6.50 0.01 512 0.972240 7818.850 0.461353
COST 131072 65536 2 8 6.50 0.01 512 1.000000 8269.841 1.000000
COST 131072 2048 2 8 6.50 0.01 512 0.334152 1456.527 2.498099
COST 131072 4096 2 8 6.50 0.01 512 0.698534 3302.182 1.900331
COST 131072 8192 2 8 6.50 0.01 512 0.883560 4943.763 0.230998
COST 131072 16384 2 8 6.50 0.01 512 0.958440 5786.452 0.203171
COST 131072 32768 2 8 6.50 0.01 512 0.988192 6148.706 0.421378
COST 131072 65536 2 8 6.50 0.01 512 1.000000 6296.317 1.000000
COST 16384 256 2 8 5.00 0.0001 512 0.100931 144.827 0.664552
COST 16384 512 2 8 5.00 0.0001 512 0.330217 391.221 0.665376
COST 16384 1024 2 8 5.00 0.0001 512 0.556698 803.890 0.678183
COST 16384 2048 2 8 5.00 0.0001 512 0.739514 1300.471 0.745173
COST 16384 4096 2 8 5.00 0.0001 512 0.884740 1813.739 0.811443
COST 16384 8192 2 8 5.00 0.0001 512 1.000000 2298.558 1.000000
COST 16384 256 2 8 5.00 0.0001 512 0.164845 155.728 0.692762
COST 16384 512 2 8 5.00 0.0001 512 0.461047 402.049 0.699103
COST 16384 1024 2 8 5.00 0.0001 512 0.695380 747.028 0.701893
COST 16384 2048 2 8 5.00 0.0001 512 0.845613 1064.289 0.776599
COST 16384 4096 2 8 5.00 0.0001 512 0.940334 1306.576 0.849928
COST 16384 8192 2 8 5.00 0.0001 512 1.000000 1475.533 1.000000
COST 16384 256 2 8 5.00 0.0001 512 0.243860 167.954 1.040057
COST 16384 512 2 8 5.00 0.0001 512 0.587781 409.249 1.046932
COST 16384 1024 2 8 5.00 0.0001 512 0.805726 682.375 1.063896
COST 16384 2048 2 8 5.00 0.0001 512 0.916701 870.462 1.161976
COST 16384 4096 2 8 5.00 0.0001 512 0.972236 977.344 1.109837
COST 16384 8192 2 8 5.00 0.0001 512 1.000000 1033.727 1.000000
COST 16384 256 2 8 5.00 0.0001 512 0.333179 181.648 1.721714
COST 16384 512 2 8 5.00 0.0001 512 0.698196 412.464 1.728518
COST 16384 1024 2 8 5.00 0.0001 512 0.883490 617.877 1.724324
COST 16384 2048 2 8 5.00 0.0001 512 0.958427 723.286 1.538992
COST 16384 4096 2 8 5.00 0.0001 512 0.988190 768.584 0.875330
COST 16384 8192 2 8 5.00 0.0001 512 1.000000 787.039 1.000000
COST 16384 256 2 8 5.00 0.001 512 0.100931 144.827 0.678000
COST 16384 512 2 8 5.00 0.001 512 0.330217 391.221 0.664098
COST 16384 1024 2 8 5.00 0.001 512 0.556698 803.890 0.680498
COST 16384 2048 2 8 5.00 0.001 512 0.739514 1300.471 0.749112
COST 16384 4096 2 8 5.00 0.001 512 0.884740 1813.739 0.819077
COST 16384 8192 2 8 5.00 0.001 512 1.000000 2298.558 1.000000
COST 16384 256 2 8 5.00 0.001 512 0.164845 155.728 0.789885
COST 16384 512 2 8 5.00 0.001 512 0.461047 402.049 0.768812
COST 16384 1024 2 8 5.00 0.001 512 0.695380 747.028 0.814245
COST 16384 2048 2 8 5.00 0.001 512 0.845613 1064.289 0.881003
COST 16384 4096 2 8 5.00 0.001 512 0.940334 1306.576 0.931483
COST 16384 8192 2 8 5.00 0.001 512 1.000000 1475.533 1.000000
COST 16384 256 2 8 5.00 0.001 512 0.243860 167.954 1.477756
COST 16384 512 2 8 5.00 0.001 512 0.587781 409.249 1.477741
COST 16384 1024 2 8 5.00 0.001 512 0.805726 682.375 1.543660
COST 16384 2048 2 8 5.00 0.001 512 0.916701 870.462 1.575321
COST 16384 4096 2 8 5.00 0.001 512 0.972236 977.344 1.042622
COST 16384 8192 2 8 5.00 0.001 512 1.000000 1033.727 1.000000
COST 16384 256 2 8 5.00 0.001 512 0.333179 181.648 1.836230
COST 16384 512 2 8 5.00 0.001 512 0.698196 412.464 1.872497
COST 16384 1024 2 8 5.00 0.001 512 0.883490 617.877 1.810706
COST 16384 2048 2 8 5.00 0.001 512 0.958427 723.286 1.074601
COST 16384 4096 2 8 5.00 0.001 512 0.988190 768.584 0.715797
COST 16384 8192 2 8 5.00 0.001 512 1.000000 787.039 1.000000
COST 16384 256 2 8 5.00 0.01 512 0.100931 144.827 0.725449
COST 16384 512 2 8 5.00 0.01 512 0.330217 391.221 0.736309
COST 16384 1024 2 8 5.00 0.01 512 0.556698 803.890 0.740387
COST 16384 2048 2 8 5.00 0.01 512 0.739514 1300.471 0.806369
COST 16384 4096 2 8 5.00 0.01 512 0.884740 1813.739 0.884897
COST 16384 8192 2 8 5.00 0.01 512 1.000000 2298.558 1.000000
COST 16384 256 2 8 5.00 0.01 512 0.164845 155.728 1.224592
COST 16384 512 2 8 5.00 0.01 512 0.461047 402.049 1.209212
COST 16384 1024 2 8 5.00 0.01 512 0.695380 747.028 1.241091
COST 16384 2048 2 8 5.00 0.01 512 0.845613 1064.289 1.350382
COST 16384 4096 2 8 5.00 0.01 512 0.940334 1306.576 1.010377
COST 16384 8192 2 8 5.00 0.01 512 1.000000 1475.533 1.000000
COST 16384 256 2 8 5.00 0.01 512 0.243860 167.954 1.878298
COST 16384 512 2 8 5.00 0.01 512 0.587781 409.249 1.896857
COST 16384 1024 2 8 5.00 0.01 512 0.805726 682.375 1.782352
COST 16384 2048 2 8 5.00 0.01 512 0.916701 870.462 1.249918
COST 16384 4096 2 8 5.00 0.01 512 0.972236 977.344 0.778742
COST 16384 8192 2 8 5.00 0.01 512 1.000000 1033.727 1.000000
COST 16384 256 2 8 5.00 0.01 512 0.333179 181.648 2.086652
COST 16384 512 2 8 5.00 0.01 512 0.698196 412.464 2.015743
COST 16384 1024 2 8 5.00 0.01 512 0.883490 617.877 1.167015
COST 16384 2048 2 8 5.00 0.01 512 0.958427 723.286 0.550939
COST 16384 4096 2 8 5.00 0.01 512 0.988190 768.584 0.530666
COST 16384 8192 2 8 5.00 0.01 512 1.000000 787.039 1.000000
COST 16384 256 2 8 5.50 0.0001 512 0.100931 144.827 0.657851
COST 16384 512 2 8 5.50 0.0001 512 0.330217 391.221 0.670740
COST 16384 1024 2 8 5.50 0.0001 512 0.556698 803.890 0.680981
COST 16384 2048 2 8 5.50 0.0001 512 0.739514 1300.471 0.747913
COST 16384 4096 2 8 5.50 0.0001 512 0.884740 1813.739 0.819151
COST 16384 8192 2 8 5.50 0.0001 512 1.000000 2298.558 1.000000
COST 16384 256 2 8 5.50 0.0001 512 0.164845 155.728 0.994955
COST 16384 512 2 8 5.50 0.0001 512 0.461047 402.049 1.011155
COST 16384 1024 2 8 5.50 0.0001 512 0.695380 747.028 1.009633
COST 16384 2048 2 8 5.50 0.0001 512 0.845613 1064.289 1.118520
COST 16384 4096 2 8 5.50 0.0001 512 0.940334 1306.576 1.156842
COST 16384 8192 2 8 5.50 0.0001 512 1.000000 1475.533 1.000000
COST 16384 256 2 8 5.50 0.0001 512 0.243860 167.954 1.881825
COST 16384 512 2 8 5.50 0.0001 512 0.587781 409.249 1.959066
COST 16384 1024 2 8 5.50 0.0001 512 0.805726 682.375 1.930752
COST 16384 2048 2 8 5.50 0.0001 512 0.916701 870.462 1.806722
COST 16384 4096 2 8 5.50 0.0001 512 0.972236 977.344 0.943289
COST 16384 8192 2 8 5.50 0.0001 512 1.000000 1033.727 1.000000
COST 16384 256 2 8 5.50 0.0001 512 0.333179 181.648 2.127356
COST 16384 512 2 8 5.50 0.0001 512 0.698196 412.464 2.120330
COST 16384 1024 2 8 5.50 0.0001 512 0.883490 617.877 1.953472
COST 16384 2048 2 8 5.50 0.0001 512 0.958427 723.286 0.772930
COST 16384 4096 2 8 5.50 0.0001 512 0.988190 768.584 0.529806
COST 16384 8192 2 8 5.50 0.0001 512 1.000000 787.039 1.000000
COST 16384 256 2 8 5.50 0.001 512 0.100931 144.827 0.746727
COST 16384 512 2 8 5.50 0.001 512 0.330217 391.221 0.758491
COST 16384 1024 2 8 5.50 0.001 512 0.556698 803.890 0.759340
COST 16384 2048 2 8 5.50 0.001 512 0.739514 1300.471 0.824167
COST 16384 4096 2 8 5.50 0.001 512 0.884740 1813.739 0.902373
COST 16384 8192 2 8 5.50 0.001 512 1.000000 2298.558 1.000000
COST 16384 256 2 8 5.50 0.001 512 0.164845 155.728 1.456038
COST 16384 512 2 8 5.50 0.001 512 0.461047 402.049 1.471956
COST 16384 1024 2 8 5.50 0.001 512 0.695380 747.028 1.472642
COST 16384 2048 2 8 5.50 0.001 512 0.845613 1064.289 1.597603
COST 16384 4096 2 8 5.50 0.001 512 0.940334 1306.576 1.122383
COST 16384 8192 2 8 5.50 0.001 512 1.000000 1475.533 1.000000
COST 16384 256 2 8 5.50 0.001 512 0.243860 167.954 2.084347
COST 16384 512 2 8 5.50 0.001 512 0.587781 409.249 2.088079
COST 16384 1024 2 8 5.50 0.001 512 0.805726 682.375 2.012458
COST 16384 2048 2 8 5.50 0.001 512 0.916701 870.462 1.151948
COST 16384 4096 2 8 5.50 0.001 512 0.972236 977.344 0.650980
COST 16384 8192 2 8 5.50 0.001 512 1.000000 1033.727 1.000000
COST 16384 256 2 8 5.50 0.001 512 0.333179 181.648 2.224642
COST 16384 512 2 8 5.50 0.001 512 0.698196 412.464 2.233246
COST 16384 1024 2 8 5.50 0.001 512 0.883490 617.877 1.195303
COST 16384 2048 2 8 5.50 0.001 512 0.958427 723.286 0.483380
COST 16384 4096 2 8 5.50 0.001 512 0.988190 768.584 0.482114
COST 16384 8192 2 8 5.50 0.001 512 1.000000 787.039 1.000000
COST 16384 256 2 8 5.50 0.01 512 0.100931 144.827 1.163300
COST 16384 512 2 8 5.50 0.01 512 0.330217 391.221 1.154122
COST 16384 1024 2 8 5.50 0.01 512 0.556698 803.890 1.184970
COST 16384 2048 2 8 5.50 0.01 512 0.739514 1300.471 1.248541
COST 16384 4096 2 8 5.50 0.01 512 0.884740 1813.739 1.047184
COST 16384 8192 2 8 5.50 0.01 512 1.000000 2298.558 1.000000
COST 16384 256 2 8 5.50 0.01 512 0.164845 155.728 1.983412
COST 16384 512 2 8 5.50 0.01 512 0.461047 402.049 1.976195
COST 16384 1024 2 8 5.50 0.01 512 0.695380 747.028 1.997120
COST 16384 2048 2 8 5.50 0.01 512 0.845613 1064.289 1.462719
COST 16384 4096 2 8 5.50 0.01 512 0.940334 1306.576 0.716116
COST 16384 8192 2 8 5.50 0.01 512 1.000000 1475.533 1.000000
COST 16384 256 2 8 5.50 0.01 512 0.243860 167.954 2.156470
COST 16384 512 2 8 5.50 0.01 512 0.587781 409.249 2.137432
COST 16384 1024 2 8 5.50 0.01 512 0.805726 682.375 1.181496
COST 16384 2048 2 8 5.50 0.01 512 0.916701 870.462 0.533059
COST 16384 4096 2 8 5.50 0.01 512 0.972236 977.344 0.466424
COST 16384 8192 2 8 5.50 0.01 512 1.000000 1033.727 1.000000
COST 16384 256 2 8 5.50 0.01 512 0.333179 181.648 2.163482
COST 16384 512 2 8 5.50 0.01 512 0.698196 412.464 1.748263
COST 16384 1024 2 8 5.50 0.01 512 0.883490 617.877 0.343743
COST 16384 2048 2 8 5.50 0.01 512 0.958427 723.286 0.250962
COST 16384 4096 2 8 5.50 0.01 512 0.988190 768.584 0.454859
COST 16384 8192 2 8 5.50 0.01 512 1.000000 787.039 1.000000
COST 16384 256 2 8 6.00 0.0001 512 0.100931 144.827 0.829139
COST 16384 512 2 8 6.00 0.0001 512 0.330217 391.221 0.869208
COST 16384 1024 2 8 6.00 0.0001 512 0.556698 803.890 0.814254
COST 16384 2048 2 8 6.00 0.0001 512 0.739514 1300.471 0.894136
COST 16384 4096 2 8 6.00 0.0001 512 0.884740 1813.739 1.026127
COST 16384 8192 2 8 6.00 0.0001 512 1.000000 2298.558 1.000000
COST 16384 256 2 8 6.00 0.0001 512 0.164845 155.728 1.726374
COST 16384 512 2 8 6.00 0.0001 512 0.461047 402.049 1.736771
COST 16384 1024 2 8 6.00 0.0001 512 0.695380 747.028 1.749288
COST 16384 2048 2 8 6.00 0.0001 512 0.845613 1064.289 1.883734
COST 16384 4096 2 8 6.00 0.0001 512 0.940334 1306.576 1.200544
COST 16384 8192 2 8 6.00 0.0001 512 1.000000 1475.533 1.000000
COST 16384 256 2 8 6.00 0.0001 512 0.243860 167.954 2.110517
COST 16384 512 2 8 6.00 0.0001 512 0.587781 409.249 2.087821
COST 16384 1024 2 8 6.00 0.0001 512 0.805726 682.375 2.055713
COST 16384 2048 2 8 6.00 0.0001 512 0.916701 870.462 0.876616
COST 16384 4096 2 8 6.00 0.0001 512 0.972236 977.344 0.502647
COST 16384 8192 2 8 6.00 0.0001 512 1.000000 1033.727 1.000000
COST 16384 256 2 8 6.00 0.0001 512 0.333179 181.648 2.104690
COST 16384 512 2 8 6.00 0.0001 512 0.698196 412.464 2.137726
COST 16384 1024 2 8 6.00 0.0001 512 0.883490 617.877 0.976855
COST 16384 2048 2 8 6.00 0.0001 512 0.958427 723.286 0.315380
COST 16384 4096 2 8 6.00 0.0001 512 0.988190 768.584 0.442236
COST 16384 8192 2 8 6.00 0.0001 512 1.000000 787.039 1.000000
COST 16384 256 2 8 6.00 0.001 512 0.100931 144.827 1.111263
COST 16384 512 2 8 6.00 0.001 512 0.330217 391.221 1.125320
COST 16384 1024 2 8 6.00 0.001 512 0.556698 803.890 1.142260
COST 16384 2048 2 8 6.00 0.001 512 0.739514 1300.471 1.217646
COST 16384 4096 2 8 6.00 0.001 512 0.884740 1813.739 1.201709
COST 16384 8192 2 8 6.00 0.001 512 1.000000 2298.558 1.000000
COST 16384 256 2 8 6.00 0.001 512 0.164845 155.728 2.071060
COST 16384 512 2 8 6.00 0.001 512 0.461047 402.049 2.061844
COST 16384 1024 2 8 6.00 0.001 512 0.695380 747.028 2.057853
COST 16384 2048 2 8 6.00 0.001 512 0.845613 1064.289 1.574027
COST 16384 4096 2 8 6.00 0.001 512 0.940334 1306.576 0.729697
COST 16384 8192 2 8 6.00 0.001 512 1.000000 1475.533 1.000000
COST 16384 256 2 8 6.00 0.001 512 0.243860 167.954 2.128398
COST 16384 512 2 8 6.00 0.001 512 0.587781 409.249 2.146154
COST 16384 1024 2 8 6.00 0.001 512 0.805726 682.375 1.470745
COST 16384 2048 2 8 6.00 0.001 512 0.916701 870.462 0.447937
COST 16384 4096 2 8 6.00 0.001 512 0.972236 977.344 0.453422
COST 16384 8192 2 8 6.00 0.001 512 1.000000 1033.727 1.000000
COST 16384 256 2 8 6.00 0.001 512 0.333179 181.648 2.139301
COST 16384 512 2 8 6.00 0.001 512 0.698196 412.464 2.019833
COST 16384 1024 2 8 6.00 0.001 512 0.883490 617.877 0.322659
COST 16384 2048 2 8 6.00 0.001 512 0.958427 723.286 0.231724
COST 16384 4096 2 8 6.00 0.001 512 0.988190 768.584 0.452112
COST 16384 8192 2 8 6.00 0.001 512 1.000000 787.039 1.000000
COST 16384 256 2 8 6.00 0.01 512 0.100931 144.827 1.740754
COST 16384 512 2 8 6.00 0.01 512 0.330217 391.221 1.779650
COST 16384 1024 2 8 6.00 0.01 512 0.556698 803.890 1.824405
COST 16384 2048 2 8 6.00 0.01 512 0.739514 1300.471 1.739001
COST 16384 4096 2 8 6.00 0.01 512 0.884740 1813.739 0.851525
COST 16384 8192 2 8 6.00 0.01 512 1.000000 2298.558 1.000000
COST 16384 256 2 8 6.00 0.01 512 0.164845 155.728 2.206200
COST 16384 512 2 8 6.00 0.01 512 0.461047 402.049 2.178925
COST 16384 1024 2 8 6.00 0.01 512 0.695380 747.028 1.726012
COST 16384 2048 2 8 6.00 0.01 512 0.845613 1064.289 0.682927
COST 16384 4096 2 8 6.00 0.01 512 0.940334 1306.576 0.491383
COST 16384 8192 2 8 6.00 0.01 512 1.000000 1475.533 1.000000
COST 16384 256 2 8 6.00 0.01 512 0.243860 167.954 2.196039
COST 16384 512 2 8 6.00 0.01 512 0.587781 409.249 1.954979
COST 16384 1024 2 8 6.00 0.01 512 0.805726 682.375 0.371691
COST 16384 2048 2 8 6.00 0.01 512 0.916701 870.462 0.261010
COST 16384 4096 2 8 6.00 0.01 512 0.972236 977.344 0.447391
COST 16384 8192 2 8 6.00 0.01 512 1.000000 1033.727 1.000000
COST 16384 256 2 8 6.00 0.01 512 0.333179 181.648 2.186389
COST 16384 512 2 8 6.00 0.01 512 0.698196 412.464 0.853798
COST 16384 1024 2 8 6.00 0.01 512 0.883490 617.877 0.107036
COST 16384 2048 2 8 6.00 0.01 512 0.958427 723.286 0.221204
COST 16384 4096 2 8 6.00 0.01 512 0.988190 768.584 0.436580
COST 16384 8192 2 8 6.00 0.01 512 1.000000 787.039 1.000000
COST 16384 256 2 8 6.50 0.0001 512 0.100931 144.827 1.313277
COST 16384 512 2 8 6.50 0.0001 512 0.330217 391.221 1.347948
COST 16384 1024 2 8 6.50 0.0001 512 0.556698 803.890 1.395268
COST 16384 2048 2 8 6.50 0.0001 512 0.739514 1300.471 1.477084
COST 16384 4096 2 8 6.50 0.0001 512 0.884740 1813.739 1.442680
COST 16384 8192 2 8 6.50 0.0001 512 1.000000 2298.558 1.000000
COST 16384 256 2 8 6.50 0.0001 512 0.164845 155.728 1.976073
COST 16384 512 2 8 6.50 0.0001 512 0.461047 402.049 2.057742
COST 16384 1024 2 8 6.50 0.0001 512 0.695380 747.028 1.969478
COST 16384 2048 2 8 6.50 0.0001 512 0.845613 1064.289 1.419867
COST 16384 4096 2 8 6.50 0.0001 512 0.940334 1306.576 0.620702
COST 16384 8192 2 8 6.50 0.0001 512 1.000000 1475.533 1.000000
COST 16384 256 2 8 6.50 0.0001 512 0.243860 167.954 2.139778
COST 16384 512 2 8 6.50 0.0001 512 0.587781 409.249 2.147333
COST 16384 1024 2 8 6.50 0.0001 512 0.805726 682.375 1.385903
COST 16384 2048 2 8 6.50 0.0001 512 0.916701 870.462 0.376925
COST 16384 4096 2 8 6.50 0.0001 512 0.972236 977.344 0.453477
COST 16384 8192 2 8 6.50 0.0001 512 1.000000 1033.727 1.000000
COST 16384 256 2 8 6.50 0.0001 512 0.333179 181.648 2.131017
COST 16384 512 2 8 6.50 0.0001 512 0.698196 412.464 2.030467
COST 16384 1024 2 8 6.50 0.0001 512 0.883490 617.877 0.260733
COST 16384 2048 2 8 6.50 0.0001 512 0.958427 723.286 0.227135
COST 16384 4096 2 8 6.50 0.0001 512 0.988190 768.584 0.436170
COST 16384 8192 2 8 6.50 0.0001 512 1.000000 787.039 1.000000
COST 16384 256 2 8 6.50 0.001 512 0.100931 144.827 1.897011
COST 16384 512 2 8 6.50 0.001 512 0.330217 391.221 1.863351
COST 16384 1024 2 8 6.50 0.001 512 0.556698 803.890 1.906510
COST 16384 2048 2 8 6.50 0.001 512 0.739514 1300.471 1.960830
COST 16384 4096 2 8 6.50 0.001 512 0.884740 1813.739 1.116803
COST 16384 8192 2 8 6.50 0.001 512 1.000000 2298.558 1.000000
COST 16384 256 2 8 6.50 0.001 512 0.164845 155.728 2.164348
COST 16384 512 2 8 6.50 0.001 512 0.461047 402.049 2.160312
COST 16384 1024 2 8 6.50 0.001 512 0.695380 747.028 1.969545
COST 16384 2048 2 8 6.50 0.001 512 0.845613 1064.289 0.700076
COST 16384 4096 2 8 6.50 0.001 512 0.940334 1306.576 0.471805
COST 16384 8192 2 8 6.50 0.001 512 1.000000 1475.533 1.000000
COST 16384 256 2 8 6.50 0.001 512 0.243860 167.954 2.194164
COST 16384 512 2 8 6.50 0.001 512 0.587781 409.249 2.115752
COST 16384 1024 2 8 6.50 0.001 512 0.805726 682.375 0.547486
COST 16384 2048 2 8 6.50 0.001 512 0.916701 870.462 0.224903
COST 16384 4096 2 8 6.50 0.001 512 0.972236 977.344 0.445008
COST 16384 8192 2 8 6.50 0.001 512 1.000000 1033.727 1.000000
COST 16384 256 2 8 6.50 0.001 512 0.333179 181.648 2.169821
COST 16384 512 2 8 6.50 0.001 512 0.698196 412.464 1.225688
COST 16384 1024 2 8 6.50 0.001 512 0.883490 617.877 0.102188
COST 16384 2048 2 8 6.50 0.001 512 0.958427 723.286 0.221889
COST 16384 4096 2 8 6.50 0.001 512 0.988190 768.584 0.447281
COST 16384 8192 2 8 6.50 0.001 512 1.000000 787.039 1.000000
COST 16384 256 2 8 6.50 0.01 512 0.100931 144.827 2.125475
COST 16384 512 2 8 6.50 0.01 512 0.330217 391.221 2.151296
COST 16384 1024 2 8 6.50 0.01 512 0.556698 803.890 2.161166
COST 16384 2048 2 8 6.50 0.01 512 0.739514 1300.471 1.080919
COST 16384 4096 2 8 6.50 0.01 512 0.884740 1813.739 0.546815
COST 16384 8192 2 8 6.50 0.01 512 1.000000 2298.558 1.000000
COST 16384 256 2 8 6.50 0.01 512 0.164845 155.728 2.118673
COST 16384 512 2 8 6.50 0.01 512 0.461047 402.049 2.157132
COST 16384 1024 2 8 6.50 0.01 512 0.695380 747.028 0.743989
COST 16384 2048 2 8 6.50 0.01 512 0.845613 1064.289 0.303786
COST 16384 4096 2 8 6.50 0.01 512 0.940334 1306.576 0.430082
COST 16384 8192 2 8 6.50 0.01 512 1.000000 1475.533 1.000000
COST 16384 256 2 8 6.50 0.01 512 0.243860 167.954 2.121155
COST 16384 512 2 8 6.50 0.01 512 0.587781 409.249 1.157804
COST 16384 1024 2 8 6.50 0.01 512 0.805726 682.375 0.119060
COST 16384 2048 2 8 6.50 0.01 512 0.916701 870.462 0.219222
COST 16384 4096 2 8 6.50 0.01 512 0.972236 977.344 0.435257
COST 16384 8192 2 8 6.50 0.01 512 1.000000 1033.727 1.000000
COST 16384 256 2 8 6.50 0.01 512 0.333179 181.648 2.024861
COST 16384 512 2 8 6.50 0.01 512 0.698196 412.464 0.273359
COST 16384 1024 2 8 6.50 0.01 512 0.883490 617.877 0.051302
COST 16384 2048 2 8 6.50 0.01 512 0.958427 723.286 0.208493
COST 16384 4096 2 8 6.50 0.01 512 0.988190 768.584 0.423884
COST 16384 8192 2 8 6.50 0.01 512 1.000000 787.039 1.000000
COST 2048 256 2 8 5.00 0.0001 512 0.739159 162.400 0.879546
COST 2048 512 2 8 5.00 0.0001 512 0.884636 226.640 0.920962
COST 2048 1024 2 8 5.00 0.0001 512 1.000000 287.284 1.000000
COST 2048 256 2 8 5.00 0.0001 512 0.845345 132.949 1.770814
COST 2048 512 2 8 5.00 0.0001 512 0.940269 163.291 1.370606
COST 2048 1024 2 8 5.00 0.0001 512 1.000000 184.431 1.000000
COST 2048 256 2 8 5.00 0.0001 512 0.916522 108.764 2.161786
COST 2048 512 2 8 5.00 0.0001 512 0.972200 122.156 1.040911
COST 2048 1024 2 8 5.00 0.0001 512 1.000000 129.213 1.000000
COST 2048 256 2 8 5.00 0.0001 512 0.958318 90.389 0.881665
COST 2048 512 2 8 5.00 0.0001 512 0.988172 96.068 0.554199
COST 2048 1024 2 8 5.00 0.0001 512 1.000000 98.379 1.000000
COST 2048 256 2 8 5.00 0.001 512 0.739159 162.400 1.237195
COST 2048 512 2 8 5.00 0.001 512 0.884636 226.640 1.202416
COST 2048 1024 2 8 5.00 0.001 512 1.000000 287.284 1.000000
COST 2048 256 2 8 5.00 0.001 512 0.845345 132.949 1.989232
COST 2048 512 2 8 5.00 0.001 512 0.940269 163.291 1.112258
COST 2048 1024 2 8 5.00 0.001 512 1.000000 184.431 1.000000
COST 2048 256 2 8 5.00 0.001 512 0.916522 108.764 1.154807
COST 2048 512 2 8 5.00 0.001 512 0.972200 122.156 0.652985
COST 2048 1024 2 8 5.00 0.001 512 1.000000 129.213 1.000000
COST 2048 256 2 8 5.00 0.001 512 0.958318 90.389 0.520661
COST 2048 512 2 8 5.00 0.001 512 0.988172 96.068 0.477735
COST 2048 1024 2 8 5.00 0.001 512 1.000000 98.379 1.000000
COST 2048 256 2 8 5.00 0.01 512 0.739159 162.400 1.841785
COST 2048 512 2 8 5.00 0.01 512 0.884636 226.640 1.039848
COST 2048 1024 2 8 5.00 0.01 512 1.000000 287.284 1.000000
COST 2048 256 2 8 5.00 0.01 512 0.845345 132.949 1.512254
COST 2048 512 2 8 5.00 0.01 512 0.940269 163.291 0.708863
COST 2048 1024 2 8 5.00 0.01 512 1.000000 184.431 1.000000
COST 2048 256 2 8 5.00 0.01 512 0.916522 108.764 0.569494
COST 2048 512 2 8 5.00 0.01 512 0.972200 122.156 0.503598
COST 2048 1024 2 8 5.00 0.01 512 1.000000 129.213 1.000000
COST 2048 256 2 8 5.00 0.01 512 0.958318 90.389 0.245952
COST 2048 512 2 8 5.00 0.01 512 0.988172 96.068 0.459073
COST 2048 1024 2 8 5.00 0.01 512 1.000000 98.379 1.000000
COST 2048 256 2 8 5.50 0.0001 512 0.739159 162.400 1.521202
COST 2048 512 2 8 5.50 0.0001 512 0.884636 226.640 1.411999
COST 2048 1024 2 8 5.50 0.0001 512 1.000000 287.284 1.000000
COST 2048 256 2 8 5.50 0.0001 512 0.845345 132.949 2.412916
COST 2048 512 2 8 5.50 0.0001 512 0.940269 163.291 1.210339
COST 2048 1024 2 8 5.50 0.0001 512 1.000000 184.431 1.000000
COST 2048 256 2 8 5.50 0.0001 512 0.916522 108.764 0.948741
COST 2048 512 2 8 5.50 0.0001 512 0.972200 122.156 0.509110
COST 2048 1024 2 8 5.50 0.0001 512 1.000000 129.213 1.000000
COST 2048 256 2 8 5.50 0.0001 512 0.958318 90.389 0.275333
COST 2048 512 2 8 5.50 0.0001 512 0.988172 96.068 0.463378
COST 2048 1024 2 8 5.50 0.0001 512 1.000000 98.379 1.000000
COST 2048 256 2 8 5.50 0.001 512 0.739159 162.400 2.063909
COST 2048 512 2 8 5.50 0.001 512 0.884636 226.640 1.356230
COST 2048 1024 2 8 5.50 0.001 512 1.000000 287.284 1.000000
COST 2048 256 2 8 5.50 0.001 512 0.845345 132.949 1.587919
COST 2048 512 2 8 5.50 0.001 512 0.940269 163.291 0.721067
COST 2048 1024 2 8 5.50 0.001 512 1.000000 184.431 1.000000
COST 2048 256 2 8 5.50 0.001 512 0.916522 108.764 0.524940
COST 2048 512 2 8 5.50 0.001 512 0.972200 122.156 0.486330
COST 2048 1024 2 8 5.50 0.001 512 1.000000 129.213 1.000000
COST 2048 256 2 8 5.50 0.001 512 0.958318 90.389 0.251564
COST 2048 512 2 8 5.50 0.001 512 0.988172 96.068 0.469178
COST 2048 1024 2 8 5.50 0.001 512 1.000000 98.379 1.000000
COST 2048 256 2 8 5.50 0.01 512 0.739159 162.400 1.849897
COST 2048 512 2 8 5.50 0.01 512 0.884636 226.640 0.786562
COST 2048 1024 2 8 5.50 0.01 512 1.000000 287.284 1.000000
COST 2048 256 2 8 5.50 0.01 512 0.845345 132.949 0.663448
COST 2048 512 2 8 5.50 0.01 512 0.940269 163.291 0.509166
COST 2048 1024 2 8 5.50 0.01 512 1.000000 184.431 1.000000
COST 2048 256 2 8 5.50 0.01 512 0.916522 108.764 0.264161
COST 2048 512 2 8 5.50 0.01 512 0.972200 122.156 0.446742
COST 2048 1024 2 8 5.50 0.01 512 1.000000 129.213 1.000000
COST 2048 256 2 8 5.50 0.01 512 0.958318 90.389 0.204808
COST 2048 512 2 8 5.50 0.01 512 0.988172 96.068 0.441295
COST 2048 1024 2 8 5.50 0.01 512 1.000000 98.379 1.000000
COST 2048 256 2 8 6.00 0.0001 512 0.739159 162.400 2.548151
COST 2048 512 2 8 6.00 0.0001 512 0.884636 226.640 1.573365
COST 2048 1024 2 8 6.00 0.0001 512 1.000000 287.284 1.000000
COST 2048 256 2 8 6.00 0.0001 512 0.845345 132.949 1.483674
COST 2048 512 2 8 6.00 0.0001 512 0.940269 163.291 0.690189
COST 2048 1024 2 8 6.00 0.0001 512 1.000000 184.431 1.000000
COST 2048 256 2 8 6.00 0.0001 512 0.916522 108.764 0.394768
COST 2048 512 2 8 6.00 0.0001 512 0.972200 122.156 0.467876
COST 2048 1024 2 8 6.00 0.0001 512 1.000000 129.213 1.000000
COST 2048 256 2 8 6.00 0.0001 512 0.958318 90.389 0.221665
COST 2048 512 2 8 6.00 0.0001 512 0.988172 96.068 0.452483
COST 2048 1024 2 8 6.00 0.0001 512 1.000000 98.379 1.000000
COST 2048 256 2 8 6.00 0.001 512 0.739159 162.400 2.159296
COST 2048 512 2 8 6.00 0.001 512 0.884636 226.640 1.036176
COST 2048 1024 2 8 6.00 0.001 512 1.000000 287.284 1.000000
COST 2048 256 2 8 6.00 0.001 512 0.845345 132.949 0.684723
COST 2048 512 2 8 6.00 0.001 512 0.940269 163.291 0.482913
COST 2048 1024 2 8 6.00 0.001 512 1.000000 184.431 1.000000
COST 2048 256 2 8 6.00 0.001 512 0.916522 108.764 0.247746
COST 2048 512 2 8 6.00 0.001 512 0.972200 122.156 0.447580
COST 2048 1024 2 8 6.00 0.001 512 1.000000 129.213 1.000000
COST 2048 256 2 8 6.00 0.001 512 0.958318 90.389 0.212419
COST 2048 512 2 8 6.00 0.001 512 0.988172 96.068 0.440427
COST 2048 1024 2 8 6.00 0.001 512 1.000000 98.379 1.000000
COST 2048 256 2 8 6.00 0.01 512 0.739159 162.400 0.998388
COST 2048 512 2 8 6.00 0.01 512 0.884636 226.640 0.553968
COST 2048 1024 2 8 6.00 0.01 512 1.000000 287.284 1.000000
COST 2048 256 2 8 6.00 0.01 512 0.845345 132.949 0.309293
COST 2048 512 2 8 6.00 0.01 512 0.940269 163.291 0.436343
COST 2048 1024 2 8 6.00 0.01 512 1.000000 184.431 1.000000
COST 2048 256 2 8 6.00 0.01 512 0.916522 108.764 0.206529
COST 2048 512 2 8 6.00 0.01 512 0.972200 122.156 0.431634
COST 2048 1024 2 8 6.00 0.01 512 1.000000 129.213 1.000000
COST 2048 256 2 8 6.00 0.01 512 0.958318 90.389 0.210759
COST 2048 512 2 8 6.00 0.01 512 0.988172 96.068 0.446542
COST 2048 1024 2 8 6.00 0.01 512 1.000000 98.379 1.000000
COST 2048 256 2 8 6.50 0.0001 512 0.739159 162.400 2.392810
COST 2048 512 2 8 6.50 0.0001 512 0.884636 226.640 1.034204
COST 2048 1024 2 8 6.50 0.0001 512 1.000000 287.284 1.000000
COST 2048 256 2 8 6.50 0.0001 512 0.845345 132.949 0.621830
COST 2048 512 2 8 6.50 0.0001 512 0.940269 163.291 0.468930
COST 2048 1024 2 8 6.50 0.0001 512 1.000000 184.431 1.000000
COST 2048 256 2 8 6.50 0.0001 512 0.916522 108.764 0.212983
COST 2048 512 2 8 6.50 0.0001 512 0.972200 122.156 0.437346
COST 2048 1024 2 8 6.50 0.0001 512 1.000000 129.213 1.000000
COST 2048 256 2 8 6.50 0.0001 512 0.958318 90.389 0.205130
COST 2048 512 2 8 6.50 0.0001 512 0.988172 96.068 0.426983
COST 2048 1024 2 8 6.50 0.0001 512 1.000000 98.379 1.000000
COST 2048 256 2 8 6.50 0.001 512 0.739159 162.400 1.332077
COST 2048 512 2 8 6.50 0.001 512 0.884636 226.640 0.692844
COST 2048 1024 2 8 6.50 0.001 512 1.000000 287.284 1.000000
COST 2048 256 2 8 6.50 0.001 512 0.845345 132.949 0.338025
COST 2048 512 2 8 6.50 0.001 512 0.940269 163.291 0.446272
COST 2048 1024 2 8 6.50 0.001 512 1.000000 184.431 1.000000
COST 2048 256 2 8 6.50 0.001 512 0.916522 108.764 0.217794
COST 2048 512 2 8 6.50 0.001 512 0.972200 122.156 0.452537
COST 2048 1024 2 8 6.50 0.001 512 1.000000 129.213 1.000000
COST 2048 256 2 8 6.50 0.001 512 0.958318 90.389 0.217335
COST 2048 512 2 8 6.50 0.001 512 0.988172 96.068 0.448220
COST 2048 1024 2 8 6.50 0.001 512 1.000000 98.379 1.000000
COST 2048 256 2 8 6.50 0.01 512 0.739159 162.400 0.471809
COST 2048 512 2 8 6.50 0.01 512 0.884636 226.640 0.470025
COST 2048 1024 2 8 6.50 0.01 512 1.000000 287.284 1.000000
COST 2048 256 2 8 6.50 0.01 512 0.845345 132.949 0.209685
COST 2048 512 2 8 6.50 0.01 512 0.940269 163.291 0.438084
COST 2048 1024 2 8 6.50 0.01 512 1.000000 184.431 1.000000
COST 2048 256 2 8 6.50 0.01 512 0.916522 108.764 0.208013
COST 2048 512 2 8 6.50 0.01 512 0.972200 122.156 0.430584
COST 2048 1024 2 8 6.50 0.01 512 1.000000 129.213 1.000000
COST 2048 256 2 8 6.50 0.01 512 0.958318 90.389 0.206143
COST 2048 512 2 8 6.50 0.01 512 0.988172 96.068 0.432356
COST 2048 1024 2 8 6.50 0.01 512 1.000000 98.379 1.000000
COST 262144 4096 2 8 5.00 0.0001 512 0.101394 2323.402 0.701214
COST 262144 8192 2 8 5.00 0.0001 512 0.330538 6266.795 0.727923
COST 262144 16384 2 8 5.00 0.0001 512 0.556828 12867.185 0.746049
COST 262144 32768 2 8 5.00 0.0001 512 0.739561 20810.259 0.754352
COST 262144 65536 2 8 5.00 0.0001 512 0.884754 29021.154 0.833253
COST 262144 131072 2 8 5.00 0.0001 512 1.000000 36777.540 1.000000
COST 262144 4096 2 8 5.00 0.0001 512 0.165520 2498.171 0.733922
COST 262144 8192 2 8 5.00 0.0001 512 0.461419 6439.591 0.726914
COST 262144 16384 2 8 5.00 0.0001 512 0.695501 11956.100 0.765933
COST 262144 32768 2 8 5.00 0.0001 512 0.845648 17030.111 0.777419
COST 262144 65536 2 8 5.00 0.0001 512 0.940343 20905.755 0.893146
COST 262144 131072 2 8 5.00 0.0001 512 1.000000 23608.714 1.000000
COST 262144 4096 2 8 5.00 0.0001 512 0.244739 2694.120 0.695594
COST 262144 8192 2 8 5.00 0.0001 512 0.588167 6554.123 0.714960
COST 262144 16384 2 8 5.00 0.0001 512 0.805826 10920.503 0.739752
COST 262144 32768 2 8 5.00 0.0001 512 0.916725 13928.144 0.782393
COST 262144 65536 2 8 5.00 0.0001 512 0.972241 15637.714 0.838162
COST 262144 131072 2 8 5.00 0.0001 512 1.000000 16539.686 1.000000
COST 262144 4096 2 8 5.00 0.0001 512 0.334221 2913.531 0.763266
COST 262144 8192 2 8 5.00 0.0001 512 0.698559 6604.717 0.745682
COST 262144 16384 2 8 5.00 0.0001 512 0.883565 9887.633 0.763543
COST 262144 32768 2 8 5.00 0.0001 512 0.958441 11572.928 0.803641
COST 262144 65536 2 8 5.00 0.0001 512 0.988192 12297.418 0.860007
COST 262144 131072 2 8 5.00 0.0001 512 1.000000 12592.634 1.000000
COST 262144 4096 2 8 5.00 0.001 512 0.101394 2323.402 0.720646
COST 262144 8192 2 8 5.00 0.001 512 0.330538 6266.795 0.704261
COST 262144 16384 2 8 5.00 0.001 512 0.556828 12867.185 0.747048
COST 262144 32768 2 8 5.00 0.001 512 0.739561 20810.259 0.791416
COST 262144 65536 2 8 5.00 0.001 512 0.884754 29021.154 0.874392
COST 262144 131072 2 8 5.00 0.001 512 1.000000 36777.540 1.000000
COST 262144 4096 2 8 5.00 0.001 512 0.165520 2498.171 0.693914
COST 262144 8192 2 8 5.00 0.001 512 0.461419 6439.591 0.712160
COST 262144 16384 2 8 5.00 0.001 512 0.695501 11956.100 0.722784
COST 262144 32768 2 8 5.00 0.001 512 0.845648 17030.111 0.759477
COST 262144 65536 2 8 5.00 0.001 512 0.940343 20905.755 0.903207
COST 262144 131072 2 8 5.00 0.001 512 1.000000 23608.714 1.000000
COST 262144 4096 2 8 5.00 0.001 512 0.244739 2694.120 0.720799
COST 262144 8192 2 8 5.00 0.001 512 0.588167 6554.123 0.752477
COST 262144 16384 2 8 5.00 0.001 512 0.805826 10920.503 0.742207
COST 262144 32768 2 8 5.00 0.001 512 0.916725 13928.144 0.776464
COST 262144 65536 2 8 5.00 0.001 512 0.972241 15637.714 0.852801
COST 262144 131072 2 8 5.00 0.001 512 1.000000 16539.686 1.000000
COST 262144 4096 2 8 5.00 0.001 512 0.334221 2913.531 0.843468
COST 262144 8192 2 8 5.00 0.001 512 0.698559 6604.717 0.850722
COST 262144 16384 2 8 5.00 0.001 512 0.883565 9887.633 0.862313
COST 262144 32768 2 8 5.00 0.001 512 0.958441 11572.928 0.924325
COST 262144 65536 2 8 5.00 0.001 512 0.988192 12297.418 0.957518
COST 262144 131072 2 8 5.00 0.001 512 1.000000 12592.634 1.000000
COST 262144 4096 2 8 5.00 0.01 512 0.101394 2323.402 0.703435
COST 262144 8192 2 8 5.00 0.01 512 0.330538 6266.795 0.749990
COST 262144 16384 2 8 5.00 0.01 512 0.556828 12867.185 0.758656
COST 262144 32768 2 8 5.00 0.01 512 0.739561 20810.259 0.785036
COST 262144 65536 2 8 5.00 0.01 512 0.884754 29021.154 0.842396
COST 262144 131072 2 8 5.00 0.01 512 1.000000 36777.540 1.000000
COST 262144 4096 2 8 5.00 0.01 512 0.165520 2498.171 0.719825
COST 262144 8192 2 8 5.00 0.01 512 0.461419 6439.591 0.770274
COST 262144 16384 2 8 5.00 0.01 512 0.695501 11956.100 0.728070
COST 262144 32768 2 8 5.00 0.01 512 0.845648 17030.111 0.763291
COST 262144 65536 2 8 5.00 0.01 512 0.940343 20905.755 0.866588
COST 262144 131072 2 8 5.00 0.01 512 1.000000 23608.714 1.000000
COST 262144 4096 2 8 5.00 0.01 512 0.244739 2694.120 0.772800
COST 262144 8192 2 8 5.00 0.01 512 0.588167 6554.123 0.815700
COST 262144 16384 2 8 5.00 0.01 512 0.805826 10920.503 0.836900
COST 262144 32768 2 8 5.00 0.01 512 0.916725 13928.144 0.866165
COST 262144 65536 2 8 5.00 0.01 512 0.972241 15637.714 0.921519
COST 262144 131072 2 8 5.00 0.01 512 1.000000 16539.686 1.000000
COST 262144 4096 2 8 5.00 0.01 512 0.334221 2913.531 1.101760
COST 262144 8192 2 8 5.00 0.01 512 0.698559 6604.717 1.108605
COST 262144 16384 2 8 5.00 0.01 512 0.883565 9887.633 1.122506
COST 262144 32768 2 8 5.00 0.01 512 0.958441 11572.928 1.152695
COST 262144 65536 2 8 5.00 0.01 512 0.988192 12297.418 0.976478
COST 262144 131072 2 8 5.00 0.01 512 1.000000 12592.634 1.000000
COST 262144 4096 2 8 5.50 0.0001 512 0.101394 2323.402 0.707144
COST 262144 8192 2 8 5.50 0.0001 512 0.330538 6266.795 0.727876
COST 262144 16384 2 8 5.50 0.0001 512 0.556828 12867.185 0.726917
COST 262144 32768 2 8 5.50 0.0001 512 0.739561 20810.259 0.781332
COST 262144 65536 2 8 5.50 0.0001 512 0.884754 29021.154 0.842313
COST 262144 131072 2 8 5.50 0.0001 512 1.000000 36777.540 1.000000
COST 262144 4096 2 8 5.50 0.0001 512 0.165520 2498.171 0.718074
COST 262144 8192 2 8 5.50 0.0001 512 0.461419 6439.591 0.718375
COST 262144 16384 2 8 5.50 0.0001 512 0.695501 11956.100 0.729125
COST 262144 32768 2 8 5.50 0.0001 512 0.845648 17030.111 0.753549
COST 262144 65536 2 8 5.50 0.0001 512 0.940343 20905.755 0.850017
COST 262144 131072 2 8 5.50 0.0001 512 1.000000 23608.714 1.000000
COST 262144 4096 2 8 5.50 0.0001 512 0.244739 2694.120 0.785230
COST 262144 8192 2 8 5.50 0.0001 512 0.588167 6554.123 0.798572
COST 262144 16384 2 8 5.50 0.0001 512 0.805826 10920.503 0.809792
COST 262144 32768 2 8 5.50 0.0001 512 0.916725 13928.144 0.833305
COST 262144 65536 2 8 5.50 0.0001 512 0.972241 15637.714 0.927338
COST 262144 131072 2 8 5.50 0.0001 512 1.000000 16539.686 1.000000
COST 262144 4096 2 8 5.50 0.0001 512 0.334221 2913.531 1.527143
COST 262144 8192 2 8 5.50 0.0001 512 0.698559 6604.717 1.494540
COST 262144 16384 2 8 5.50 0.0001 512 0.883565 9887.633 1.542204
COST 262144 32768 2 8 5.50 0.0001 512 0.958441 11572.928 1.605424
COST 262144 65536 2 8 5.50 0.0001 512 0.988192 12297.418 1.271478
COST 262144 131072 2 8 5.50 0.0001 512 1.000000 12592.634 1.000000
COST 262144 4096 2 8 5.50 0.001 512 0.101394 2323.402 0.717147
COST 262144 8192 2 8 5.50 0.001 512 0.330538 6266.795 0.723683
COST 262144 16384 2 8 5.50 0.001 512 0.556828 12867.185 0.728205
COST 262144 32768 2 8 5.50 0.001 512 0.739561 20810.259 0.797113
COST 262144 65536 2 8 5.50 0.001 512 0.884754 29021.154 0.852383
COST 262144 131072 2 8 5.50 0.001 512 1.000000 36777.540 1.000000
COST 262144 4096 2 8 5.50 0.001 512 0.165520 2498.171 0.684880
COST 262144 8192 2 8 5.50 0.001 512 0.461419 6439.591 0.711678
COST 262144 16384 2 8 5.50 0.001 512 0.695501 11956.100 0.766232
COST 262144 32768 2 8 5.50 0.001 512 0.845648 17030.111 0.752206
COST 262144 65536 2 8 5.50 0.001 512 0.940343 20905.755 0.836470
COST 262144 131072 2 8 5.50 0.001 512 1.000000 23608.714 1.000000
COST 262144 4096 2 8 5.50 0.001 512 0.244739 2694.120 1.100241
COST 262144 8192 2 8 5.50 0.001 512 0.588167 6554.123 1.148391
COST 262144 16384 2 8 5.50 0.001 512 0.805826 10920.503 1.133310
COST 262144 32768 2 8 5.50 0.001 512 0.916725 13928.144 1.171514
COST 262144 65536 2 8 5.50 0.001 512 0.972241 15637.714 1.194427
COST 262144 131072 2 8 5.50 0.001 512 1.000000 16539.686 1.000000
COST 262144 4096 2 8 5.50 0.001 512 0.334221 2913.531 1.782178
COST 262144 8192 2 8 5.50 0.001 512 0.698559 6604.717 1.794872
COST 262144 16384 2 8 5.50 0.001 512 0.883565 9887.633 1.846218
COST 262144 32768 2 8 5.50 0.001 512 0.958441 11572.928 1.704408
COST 262144 65536 2 8 5.50 0.001 512 0.988192 12297.418 0.955362
COST 262144 131072 2 8 5.50 0.001 512 1.000000 12592.634 1.000000
COST 262144 4096 2 8 5.50 0.01 512 0.101394 2323.402 0.696386
COST 262144 8192 2 8 5.50 0.01 512 0.330538 6266.795 0.702825
COST 262144 16384 2 8 5.50 0.01 512 0.556828 12867.185 0.724020
COST 262144 32768 2 8 5.50 0.01 512 0.739561 20810.259 0.765630
COST 262144 65536 2 8 5.50 0.01 512 0.884754 29021.154 0.833127
COST 262144 131072 2 8 5.50 0.01 512 1.000000 36777.540 1.000000
COST 262144 4096 2 8 5.50 0.01 512 0.165520 2498.171 0.902459
COST 262144 8192 2 8 5.50 0.01 512 0.461419 6439.591 0.910232
COST 262144 16384 2 8 5.50 0.01 512 0.695501 11956.100 0.950192
COST 262144 32768 2 8 5.50 0.01 512 0.845648 17030.111 0.984286
COST 262144 65536 2 8 5.50 0.01 512 0.940343 20905.755 1.062409
COST 262144 131072 2 8 5.50 0.01 512 1.000000 23608.714 1.000000
COST 262144 4096 2 8 5.50 0.01 512 0.244739 2694.120 1.785515
COST 262144 8192 2 8 5.50 0.01 512 0.588167 6554.123 1.737234
COST 262144 16384 2 8 5.50 0.01 512 0.805826 10920.503 1.748006
COST 262144 32768 2 8 5.50 0.01 512 0.916725 13928.144 1.749821
COST 262144 65536 2 8 5.50 0.01 512 0.972241 15637.714 1.061998
COST 262144 131072 2 8 5.50 0.01 512 1.000000 16539.686 1.000000
COST 262144 4096 2 8 5.50 0.01 512 0.334221 2913.531 2.197413
COST 262144 8192 2 8 5.50 0.01 512 0.698559 6604.717 2.288598
COST 262144 16384 2 8 5.50 0.01 512 0.883565 9887.633 2.191563
COST 262144 32768 2 8 5.50 0.01 512 0.958441 11572.928 1.085059
COST 262144 65536 2 8 5.50 0.01 512 0.988192 12297.418 0.652453
COST 262144 131072 2 8 5.50 0.01 512 1.000000 12592.634 1.000000
COST 262144 4096 2 8 6.00 0.0001 512 0.101394 2323.402 0.688655
COST 262144 8192 2 8 6.00 0.0001 512 0.330538 6266.795 0.725012
COST 262144 16384 2 8 6.00 0.0001 512 0.556828 12867.185 0.733150
COST 262144 32768 2 8 6.00 0.0001 512 0.739561 20810.259 0.770986
COST 262144 65536 2 8 6.00 0.0001 512 0.884754 29021.154 0.831312
COST 262144 131072 2 8 6.00 0.0001 512 1.000000 36777.540 1.000000
COST 262144 4096 2 8 6.00 0.0001 512 0.165520 2498.171 0.828136
COST 262144 8192 2 8 6.00 0.0001 512 0.461419 6439.591 0.831896
COST 262144 16384 2 8 6.00 0.0001 512 0.695501 11956.100 0.866926
COST 262144 32768 2 8 6.00 0.0001 512 0.845648 17030.111 0.882809
COST 262144 65536 2 8 6.00 0.0001 512 0.940343 20905.755 0.975388
COST 262144 131072 2 8 6.00 0.0001 512 1.000000 23608.714 1.000000
COST 262144 4096 2 8 6.00 0.0001 512 0.244739 2694.120 1.671506
COST 262144 8192 2 8 6.00 0.0001 512 0.588167 6554.123 1.699777
COST 262144 16384 2 8 6.00 0.0001 512 0.805826 10920.503 1.717217
COST 262144 32768 2 8 6.00 0.0001 512 0.916725 13928.144 1.793881
COST 262144 65536 2 8 6.00 0.0001 512 0.972241 15637.714 1.385256
COST 262144 131072 2 8 6.00 0.0001 512 1.000000 16539.686 1.000000
COST 262144 4096 2 8 6.00 0.0001 512 0.334221 2913.531 2.116489
COST 262144 8192 2 8 6.00 0.0001 512 0.698559 6604.717 2.147154
COST 262144 16384 2 8 6.00 0.0001 512 0.883565 9887.633 2.131387
COST 262144 32768 2 8 6.00 0.0001 512 0.958441 11572.928 1.428725
COST 262144 65536 2 8 6.00 0.0001 512 0.988192 12297.418 0.634842
COST 262144 131072 2 8 6.00 0.0001 512 1.000000 12592.634 1.000000
COST 262144 4096 2 8 6.00 0.001 512 0.101394 2323.402 0.720897
COST 262144 8192 2 8 6.00 0.001 512 0.330538 6266.795 0.721323
COST 262144 16384 2 8 6.00 0.001 512 0.556828 12867.185 0.762277
COST 262144 32768 2 8 6.00 0.001 512 0.739561 20810.259 0.789350
COST 262144 65536 2 8 6.00 0.001 512 0.884754 29021.154 0.866683
COST 262144 131072 2 8 6.00 0.001 512 1.000000 36777.540 1.000000
COST 262144 4096 2 8 6.00 0.001 512 0.165520 2498.171 1.100353
COST 262144 8192 2 8 6.00 0.001 512 0.461419 6439.591 1.151020
COST 262144 16384 2 8 6.00 0.001 512 0.695501 11956.100 1.194461
COST 262144 32768 2 8 6.00 0.001 512 0.845648 17030.111 1.217710
COST 262144 65536 2 8 6.00 0.001 512 0.940343 20905.755 1.303452
COST 262144 131072 2 8 6.00 0.001 512 1.000000 23608.714 1.000000
COST 262144 4096 2 8 6.00 0.001 512 0.244739 2694.120 1.942905
COST 262144 8192 2 8 6.00 0.001 512 0.588167 6554.123 2.023641
COST 262144 16384 2 8 6.00 0.001 512 0.805826 10920.503 2.006143
COST 262144 32768 2 8 6.00 0.001 512 0.916725 13928.144 1.845478
COST 262144 65536 2 8 6.00 0.001 512 0.972241 15637.714 0.892590
COST 262144 131072 2 8 6.00 0.001 512 1.000000 16539.686 1.000000
COST 262144 4096 2 8 6.00 0.001 512 0.334221 2913.531 2.091314
COST 262144 8192 2 8 6.00 0.001 512 0.698559 6604.717 2.172513
COST 262144 16384 2 8 6.00 0.001 512 0.883565 9887.633 2.146725
COST 262144 32768 2 8 6.00 0.001 512 0.958441 11572.928 0.715155
COST 262144 65536 2 8 6.00 0.001 512 0.988192 12297.418 0.532649
COST 262144 131072 2 8 6.00 0.001 512 1.000000 12592.634 1.000000
COST 262144 4096 2 8 6.00 0.01 512 0.101394 2323.402 0.898422
COST 262144 8192 2 8 6.00 0.01 512 0.330538 6266.795 0.858706
COST 262144 16384 2 8 6.00 0.01 512 0.556828 12867.185 0.930781
COST 262144 32768 2 8 6.00 0.01 512 0.739561 20810.259 0.985824
COST 262144 65536 2 8 6.00 0.01 512 0.884754 29021.154 1.023907
COST 262144 131072 2 8 6.00 0.01 512 1.000000 36777.540 1.000000
COST 262144 4096 2 8 6.00 0.01 512 0.165520 2498.171 1.893940
COST 262144 8192 2 8 6.00 0.01 512 0.461419 6439.591 1.940165
COST 262144 16384 2 8 6.00 0.01 512 0.695501 11956.100 2.035513
COST 262144 32768 2 8 6.00 0.01 512 0.845648 17030.111 2.018247
COST 262144 65536 2 8 6.00 0.01 512 0.940343 20905.755 1.172274
COST 262144 131072 2 8 6.00 0.01 512 1.000000 23608.714 1.000000
COST 262144 4096 2 8 6.00 0.01 512 0.244739 2694.120 2.378732
COST 262144 8192 2 8 6.00 0.01 512 0.588167 6554.123 2.429515
COST 262144 16384 2 8 6.00 0.01 512 0.805826 10920.503 2.362356
COST 262144 32768 2 8 6.00 0.01 512 0.916725 13928.144 0.969656
COST 262144 65536 2 8 6.00 0.01 512 0.972241 15637.714 0.540461
COST 262144 131072 2 8 6.00 0.01 512 1.000000 16539.686 1.000000
COST 262144 4096 2 8 6.00 0.01 512 0.334221 2913.531 2.358215
COST 262144 8192 2 8 6.00 0.01 512 0.698559 6604.717 2.369117
COST 262144 16384 2 8 6.00 0.01 512 0.883565 9887.633 1.165450
COST 262144 32768 2 8 6.00 0.01 512 0.958441 11572.928 0.348972
COST 262144 65536 2 8 6.00 0.01 512 0.988192 12297.418 0.447990
COST 262144 131072 2 8 6.00 0.01 512 1.000000 12592.634 1.000000
COST 262144 4096 2 8 6.50 0.0001 512 0.101394 2323.402 0.744754
COST 262144 8192 2 8 6.50 0.0001 512 0.330538 6266.795 0.762983
COST 262144 16384 2 8 6.50 0.0001 512 0.556828 12867.185 0.779896
COST 262144 32768 2 8 6.50 0.0001 512 0.739561 20810.259 0.776043
COST 262144 65536 2 8 6.50 0.0001 512 0.884754 29021.154 0.851252
COST 262144 131072 2 8 6.50 0.0001 512 1.000000 36777.540 1.000000
COST 262144 4096 2 8 6.50 0.0001 512 0.165520 2498.171 1.579168
COST 262144 8192 2 8 6.50 0.0001 512 0.461419 6439.591 1.581052
COST 262144 16384 2 8 6.50 0.0001 512 0.695501 11956.100 1.647535
COST 262144 32768 2 8 6.50 0.0001 512 0.845648 17030.111 1.765974
COST 262144 65536 2 8 6.50 0.0001 512 0.940343 20905.755 1.675302
COST 262144 131072 2 8 6.50 0.0001 512 1.000000 23608.714 1.000000
COST 262144 4096 2 8 6.50 0.0001 512 0.244739 2694.120 2.361477
COST 262144 8192 2 8 6.50 0.0001 512 0.588167 6554.123 2.365117
COST 262144 16384 2 8 6.50 0.0001 512 0.805826 10920.503 2.379523
COST 262144 32768 2 8 6.50 0.0001 512 0.916725 13928.144 1.953762
COST 262144 65536 2 8 6.50 0.0001 512 0.972241 15637.714 0.710552
COST 262144 131072 2 8 6.50 0.0001 512 1.000000 16539.686 1.000000
COST 262144 4096 2 8 6.50 0.0001 512 0.334221 2913.531 2.255613
COST 262144 8192 2 8 6.50 0.0001 512 0.698559 6604.717 2.301498
COST 262144 16384 2 8 6.50 0.0001 512 0.883565 9887.633 2.099219
COST 262144 32768 2 8 6.50 0.0001 512 0.958441 11572.928 0.457400
COST 262144 65536 2 8 6.50 0.0001 512 0.988192 12297.418 0.456709
COST 262144 131072 2 8 6.50 0.0001 512 1.000000 12592.634 1.000000
COST 262144 4096 2 8 6.50 0.001 512 0.101394 2323.402 0.850495
COST 262144 8192 2 8 6.50 0.001 512 0.330538 6266.795 0.883199
COST 262144 16384 2 8 6.50 0.001 512 0.556828 12867.185 0.906686
COST 262144 32768 2 8 6.50 0.001 512 0.739561 20810.259 0.928438
COST 262144 65536 2 8 6.50 0.001 512 0.884754 29021.154 1.035146
COST 262144 131072 2 8 6.50 0.001 512 1.000000 36777.540 1.000000
COST 262144 4096 2 8 6.50 0.001 512 0.165520 2498.171 2.157937
COST 262144 8192 2 8 6.50 0.001 512 0.461419 6439.591 2.202283
COST 262144 16384 2 8 6.50 0.001 512 0.695501 11956.100 2.289416
COST 262144 32768 2 8 6.50 0.001 512 0.845648 17030.111 2.432724
COST 262144 65536 2 8 6.50 0.001 512 0.940343 20905.755 1.273070
COST 262144 131072 2 8 6.50 0.001 512 1.000000 23608.714 1.000000
COST 262144 4096 2 8 6.50 0.001 512 0.244739 2694.120 2.320085
COST 262144 8192 2 8 6.50 0.001 512 0.588167 6554.123 2.283711
COST 262144 16384 2 8 6.50 0.001 512 0.805826 10920.503 2.356850
COST 262144 32768 2 8 6.50 0.001 512 0.916725 13928.144 0.802995
COST 262144 65536 2 8 6.50 0.001 512 0.972241 15637.714 0.483931
COST 262144 131072 2 8 6.50 0.001 512 1.000000 16539.686 1.000000
COST 262144 4096 2 8 6.50 0.001 512 0.334221 2913.531 2.362489
COST 262144 8192 2 8 6.50 0.001 512 0.698559 6604.717 2.390137
COST 262144 16384 2 8 6.50 0.001 512 0.883565 9887.633 1.198870
COST 262144 32768 2 8 6.50 0.001 512 0.958441 11572.928 0.282858
COST 262144 65536 2 8 6.50 0.001 512 0.988192 12297.418 0.435189
COST 262144 131072 2 8 6.50 0.001 512 1.000000 12592.634 1.000000
COST 262144 4096 2 8 6.50 0.01 512 0.101394 2323.402 1.648416
COST 262144 8192 2 8 6.50 0.01 512 0.330538 6266.795 1.731785
COST 262144 16384 2 8 6.50 0.01 512 0.556828 12867.185 1.725620
COST 262144 32768 2 8 6.50 0.01 512 0.739561 20810.259 1.807184
COST 262144 65536 2 8 6.50 0.01 512 0.884754 29021.154 1.463677
COST 262144 131072 2 8 6.50 0.01 512 1.000000 36777.540 1.000000
COST 262144 4096 2 8 6.50 0.01 512 0.165520 2498.171 2.360548
COST 262144 8192 2 8 6.50 0.01 512 0.461419 6439.591 2.401972
COST 262144 16384 2 8 6.50 0.01 512 0.695501 11956.100 2.432377
COST 262144 32768 2 8 6.50 0.01 512 0.845648 17030.111 1.594344
COST 262144 65536 2 8 6.50 0.01 512 0.940343 20905.755 0.578366
COST 262144 131072 2 8 6.50 0.01 512 1.000000 23608.714 1.000000
COST 262144 4096 2 8 6.50 0.01 512 0.244739 2694.120 2.287193
COST 262144 8192 2 8 6.50 0.01 512 0.588167 6554.123 2.311407
COST 262144 16384 2 8 6.50 0.01 512 0.805826 10920.503 1.208015
COST 262144 32768 2 8 6.50 0.01 512 0.916725 13928.144 0.308672
COST 262144 65536 2 8 6.50 0.01 512 0.972241 15637.714 0.452750
COST 262144 131072 2 8 6.50 0.01 512 1.000000 16539.686 1.000000
COST 262144 4096 2 8 6.50 0.01 512 0.334221 2913.531 2.293898
COST 262144 8192 2 8 6.50 0.01 512 0.698559 6604.717 2.199728
COST 262144 16384 2 8 6.50 0.01 512 0.883565 9887.633 0.260075
COST 262144 32768 2 8 6.50 0.01 512 0.958441 11572.928 0.198746
COST 262144 65536 2 8 6.50 0.01 512 0.988192 12297.418 0.435311
COST 262144 131072 2 8 6.50 0.01 512 1.000000 12592.634 1.000000
COST 32768 512 2 8 5.00 0.0001 512 0.101178 290.065 0.645701
COST 32768 1024 2 8 5.00 0.0001 512 0.330389 782.926 0.647041
COST 32768 2048 2 8 5.00 0.0001 512 0.556768 1608.110 0.688793
COST 32768 4096 2 8 5.00 0.0001 512 0.739539 2601.124 0.751967
COST 32768 8192 2 8 5.00 0.0001 512 0.884747 3627.567 0.830536
COST 32768 16384 2 8 5.00 0.0001 512 1.000000 4597.157 1.000000
COST 32768 512 2 8 5.00 0.0001 512 0.165205 311.891 0.660949
COST 32768 1024 2 8 5.00 0.0001 512 0.461245 804.552 0.688592
COST 32768 2048 2 8 5.00 0.0001 512 0.695444 1494.300 0.736501
COST 32768 4096 2 8 5.00 0.0001 512 0.845632 2128.677 0.724677
COST 32768 8192 2 8 5.00 0.0001 512 0.940339 2613.188 0.854889
COST 32768 16384 2 8 5.00 0.0001 512 1.000000 2951.079 1.000000
COST 32768 512 2 8 5.00 0.0001 512 0.244329 336.365 0.725642
COST 32768 1024 2 8 5.00 0.0001 512 0.587987 818.907 0.742590
COST 32768 2048 2 8 5.00 0.0001 512 0.805779 1364.917 0.771732
COST 32768 4096 2 8 5.00 0.0001 512 0.916714 1740.974 0.840851
COST 32768 8192 2 8 5.00 0.0001 512 0.972238 1954.702 0.934789
COST 32768 16384 2 8 5.00 0.0001 512 1.000000 2067.458 1.000000
COST 32768 512 2 8 5.00 0.0001 512 0.333735 363.773 1.170848
COST 32768 1024 2 8 5.00 0.0001 512 0.698389 825.281 1.206106
COST 32768 2048 2 8 5.00 0.0001 512 0.883530 1235.861 1.169269
COST 32768 4096 2 8 5.00 0.0001 512 0.958434 1446.595 1.321629
COST 32768 8192 2 8 5.00 0.0001 512 0.988191 1537.173 1.073284
COST 32768 16384 2 8 5.00 0.0001 512 1.000000 1574.078 1.000000
COST 32768 512 2 8 5.00 0.001 512 0.101178 290.065 0.670162
COST 32768 1024 2 8 5.00 0.001 512 0.330389 782.926 0.673114
COST 32768 2048 2 8 5.00 0.001 512 0.556768 1608.110 0.681173
COST 32768 4096 2 8 5.00 0.001 512 0.739539 2601.124 0.709332
COST 32768 8192 2 8 5.00 0.001 512 0.884747 3627.567 0.844796
COST 32768 16384 2 8 5.00 0.001 512 1.000000 4597.157 1.000000
COST 32768 512 2 8 5.00 0.001 512 0.165205 311.891 0.736414
COST 32768 1024 2 8 5.00 0.001 512 0.461245 804.552 0.711286
COST 32768 2048 2 8 5.00 0.001 512 0.695444 1494.300 0.748836
COST 32768 4096 2 8 5.00 0.001 512 0.845632 2128.677 0.773746
COST 32768 8192 2 8 5.00 0.001 512 0.940339 2613.188 0.876818
COST 32768 16384 2 8 5.00 0.001 512 1.000000 2951.079 1.000000
COST 32768 512 2 8 5.00 0.001 512 0.244329 336.365 0.992363
COST 32768 1024 2 8 5.00 0.001 512 0.587987 818.907 0.965578
COST 32768 2048 2 8 5.00 0.001 512 0.805779 1364.917 0.974609
COST 32768 4096 2 8 5.00 0.001 512 0.916714 1740.974 1.003373
COST 32768 8192 2 8 5.00 0.001 512 0.972238 1954.702 0.996046
COST 32768 16384 2 8 5.00 0.001 512 1.000000 2067.458 1.000000
COST 32768 512 2 8 5.00 0.001 512 0.333735 363.773 1.634704
COST 32768 1024 2 8 5.00 0.001 512 0.698389 825.281 1.664227
COST 32768 2048 2 8 5.00 0.001 512 0.883530 1235.861 1.631668
COST 32768 4096 2 8 5.00 0.001 512 0.958434 1446.595 1.501588
COST 32768 8192 2 8 5.00 0.001 512 0.988191 1537.173 1.018248
COST 32768 16384 2 8 5.00 0.001 512 1.000000 1574.078 1.000000
COST 32768 512 2 8 5.00 0.01 512 0.101178 290.065 0.650870
COST 32768 1024 2 8 5.00 0.01 512 0.330389 782.926 0.659897
COST 32768 2048 2 8 5.00 0.01 512 0.556768 1608.110 0.674232
COST 32768 4096 2 8 5.00 0.01 512 0.739539 2601.124 0.754958
COST 32768 8192 2 8 5.00 0.01 512 0.884747 3627.567 0.784652
COST 32768 16384 2 8 5.00 0.01 512 1.000000 4597.157 1.000000
COST 32768 512 2 8 5.00 0.01 512 0.165205 311.891 0.929213
COST 32768 1024 2 8 5.00 0.01 512 0.461245 804.552 0.931178
COST 32768 2048 2 8 5.00 0.01 512 0.695444 1494.300 0.987167
COST 32768 4096 2 8 5.00 0.01 512 0.845632 2128.677 0.979781
COST 32768 8192 2 8 5.00 0.01 512 0.940339 2613.188 1.038187
COST 32768 16384 2 8 5.00 0.01 512 1.000000 2951.079 1.000000
COST 32768 512 2 8 5.00 0.01 512 0.244329 336.365 1.517724
COST 32768 1024 2 8 5.00 0.01 512 0.587987 818.907 1.522111
COST 32768 2048 2 8 5.00 0.01 512 0.805779 1364.917 1.589407
COST 32768 4096 2 8 5.00 0.01 512 0.916714 1740.974 1.397072
COST 32768 8192 2 8 5.00 0.01 512 0.972238 1954.702 1.017399
COST 32768 16384 2 8 5.00 0.01 512 1.000000 2067.458 1.000000
COST 32768 512 2 8 5.00 0.01 512 0.333735 363.773 1.909909
COST 32768 1024 2 8 5.00 0.01 512 0.698389 825.281 1.908598
COST 32768 2048 2 8 5.00 0.01 512 0.883530 1235.861 1.699630
COST 32768 4096 2 8 5.00 0.01 512 0.958434 1446.595 0.927475
COST 32768 8192 2 8 5.00 0.01 512 0.988191 1537.173 0.693062
COST 32768 16384 2 8 5.00 0.01 512 1.000000 1574.078 1.000000
COST 32768 512 2 8 5.50 0.0001 512 0.101178 290.065 0.642744
COST 32768 1024 2 8 5.50 0.0001 512 0.330389 782.926 0.648212
COST 32768 2048 2 8 5.50 0.0001 512 0.556768 1608.110 0.693023
COST 32768 4096 2 8 5.50 0.0001 512 0.739539 2601.124 0.703112
COST 32768 8192 2 8 5.50 0.0001 512 0.884747 3627.567 0.821880
COST 32768 16384 2 8 5.50 0.0001 512 1.000000 4597.157 1.000000
COST 32768 512 2 8 5.50 0.0001 512 0.165205 311.891 0.772955
COST 32768 1024 2 8 5.50 0.0001 512 0.461245 804.552 0.768460
COST 32768 2048 2 8 5.50 0.0001 512 0.695444 1494.300 0.822152
COST 32768 4096 2 8 5.50 0.0001 512 0.845632 2128.677 0.847937
COST 32768 8192 2 8 5.50 0.0001 512 0.940339 2613.188 0.984002
COST 32768 16384 2 8 5.50 0.0001 512 1.000000 2951.079 1.000000
COST 32768 512 2 8 5.50 0.0001 512 0.244329 336.365 1.437225
COST 32768 1024 2 8 5.50 0.0001 512 0.587987 818.907 1.451748
COST 32768 2048 2 8 5.50 0.0001 512 0.805779 1364.917 1.504486
COST 32768 4096 2 8 5.50 0.0001 512 0.916714 1740.974 1.722808
COST 32768 8192 2 8 5.50 0.0001 512 0.972238 1954.702 1.257377
COST 32768 16384 2 8 5.50 0.0001 512 1.000000 2067.458 1.000000
COST 32768 512 2 8 5.50 0.0001 512 0.333735 363.773 2.016469
COST 32768 1024 2 8 5.50 0.0001 512 0.698389 825.281 2.107180
COST 32768 2048 2 8 5.50 0.0001 512 0.883530 1235.861 2.065116
COST 32768 4096 2 8 5.50 0.0001 512 0.958434 1446.595 1.280115
COST 32768 8192 2 8 5.50 0.0001 512 0.988191 1537.173 0.738845
COST 32768 16384 2 8 5.50 0.0001 512 1.000000 1574.078 1.000000
COST 32768 512 2 8 5.50 0.001 512 0.101178 290.065 0.660416
COST 32768 1024 2 8 5.50 0.001 512 0.330389 782.926 0.631418
COST 32768 2048 2 8 5.50 0.001 512 0.556768 1608.110 0.702719
COST 32768 4096 2 8 5.50 0.001 512 0.739539 2601.124 0.718702
COST 32768 8192 2 8 5.50 0.001 512 0.884747 3627.567 0.810250
COST 32768 16384 2 8 5.50 0.001 512 1.000000 4597.157 1.000000
COST 32768 512 2 8 5.50 0.001 512 0.165205 311.891 1.022550
COST 32768 1024 2 8 5.50 0.001 512 0.461245 804.552 1.015880
COST 32768 2048 2 8 5.50 0.001 512 0.695444 1494.300 1.082526
COST 32768 4096 2 8 5.50 0.001 512 0.845632 2128.677 1.146684
COST 32768 8192 2 8 5.50 0.001 512 0.940339 2613.188 1.122293
COST 32768 16384 2 8 5.50 0.001 512 1.000000 2951.079 1.000000
COST 32768 512 2 8 5.50 0.001 512 0.244329 336.365 1.772613
COST 32768 1024 2 8 5.50 0.001 512 0.587987 818.907 1.856255
COST 32768 2048 2 8 5.50 0.001 512 0.805779 1364.917 1.986644
COST 32768 4096 2 8 5.50 0.001 512 0.916714 1740.974 1.540375
COST 32768 8192 2 8 5.50 0.001 512 0.972238 1954.702 1.019532
COST 32768 16384 2 8 5.50 0.001 512 1.000000 2067.458 1.000000
COST 32768 512 2 8 5.50 0.001 512 0.333735 363.773 2.116092
COST 32768 1024 2 8 5.50 0.001 512 0.698389 825.281 2.195376
COST 32768 2048 2 8 5.50 0.001 512 0.883530 1235.861 1.889916
COST 32768 4096 2 8 5.50 0.001 512 0.958434 1446.595 0.795061
COST 32768 8192 2 8 5.50 0.001 512 0.988191 1537.173 0.633294
COST 32768 16384 2 8 5.50 0.001 512 1.000000 1574.078 1.000000
COST 32768 512 2 8 5.50 0.01 512 0.101178 290.065 0.828859
COST 32768 1024 2 8 5.50 0.01 512 0.330389 782.926 0.856419
COST 32768 2048 2 8 5.50 0.01 512 0.556768 1608.110 0.852129
COST 32768 4096 2 8 5.50 0.01 512 0.739539 2601.124 0.908211
COST 32768 8192 2 8 5.50 0.01 512 0.884747 3627.567 1.074933
COST 32768 16384 2 8 5.50 0.01 512 1.000000 4597.157 1.000000
COST 32768 512 2 8 5.50 0.01 512 0.165205 311.891 1.586749
COST 32768 1024 2 8 5.50 0.01 512 0.461245 804.552 1.942099
COST 32768 2048 2 8 5.50 0.01 512 0.695444 1494.300 1.747065
COST 32768 4096 2 8 5.50 0.01 512 0.845632 2128.677 1.697769
COST 32768 8192 2 8 5.50 0.01 512 0.940339 2613.188 1.050071
COST 32768 16384 2 8 5.50 0.01 512 1.000000 2951.079 1.000000
COST 32768 512 2 8 5.50 0.01 512 0.244329 336.365 2.038793
COST 32768 1024 2 8 5.50 0.01 512 0.587987 818.907 2.103179
COST 32768 2048 2 8 5.50 0.01 512 0.805779 1364.917 1.741609
COST 32768 4096 2 8 5.50 0.01 512 0.916714 1740.974 0.856464
COST 32768 8192 2 8 5.50 0.01 512 0.972238 1954.702 0.625224
COST 32768 16384 2 8 5.50 0.01 512 1.000000 2067.458 1.000000
COST 32768 512 2 8 5.50 0.01 512 0.333735 363.773 2.282488
COST 32768 1024 2 8 5.50 0.01 512 0.698389 825.281 2.154123
COST 32768 2048 2 8 5.50 0.01 512 0.883530 1235.861 0.841523
COST 32768 4096 2 8 5.50 0.01 512 0.958434 1446.595 0.347285
COST 32768 8192 2 8 5.50 0.01 512 0.988191 1537.173 0.485848
COST 32768 16384 2 8 5.50 0.01 512 1.000000 1574.078 1.000000
COST 32768 512 2 8 6.00 0.0001 512 0.101178 290.065 0.721947
COST 32768 1024 2 8 6.00 0.0001 512 0.330389 782.926 0.707253
COST 32768 2048 2 8 6.00 0.0001 512 0.556768 1608.110 0.711492
COST 32768 4096 2 8 6.00 0.0001 512 0.739539 2601.124 0.756652
COST 32768 8192 2 8 6.00 0.0001 512 0.884747 3627.567 0.862411
COST 32768 16384 2 8 6.00 0.0001 512 1.000000 4597.157 1.000000
COST 32768 512 2 8 6.00 0.0001 512 0.165205 311.891 1.402680
COST 32768 1024 2 8 6.00 0.0001 512 0.461245 804.552 1.454404
COST 32768 2048 2 8 6.00 0.0001 512 0.695444 1494.300 1.486402
COST 32768 4096 2 8 6.00 0.0001 512 0.845632 2128.677 1.553419
COST 32768 8192 2 8 6.00 0.0001 512 0.940339 2613.188 1.425516
COST 32768 16384 2 8 6.00 0.0001 512 1.000000 2951.079 1.000000
COST 32768 512 2 8 6.00 0.0001 512 0.244329 336.365 2.053855
COST 32768 1024 2 8 6.00 0.0001 512 0.587987 818.907 2.121505
COST 32768 2048 2 8 6.00 0.0001 512 0.805779 1364.917 2.165835
COST 32768 4096 2 8 6.00 0.0001 512 0.916714 1740.974 1.509586
COST 32768 8192 2 8 6.00 0.0001 512 0.972238 1954.702 0.795207
COST 32768 16384 2 8 6.00 0.0001 512 1.000000 2067.458 1.000000
COST 32768 512 2 8 6.00 0.0001 512 0.333735 363.773 2.180649
COST 32768 1024 2 8 6.00 0.0001 512 0.698389 825.281 2.217322
COST 32768 2048 2 8 6.00 0.0001 512 0.883530 1235.861 1.686725
COST 32768 4096 2 8 6.00 0.0001 512 0.958434 1446.595 0.455550
COST 32768 8192 2 8 6.00 0.0001 512 0.988191 1537.173 0.521815
COST 32768 16384 2 8 6.00 0.0001 512 1.000000 1574.078 1.000000
COST 32768 512 2 8 6.00 0.001 512 0.101178 290.065 0.900002
COST 32768 1024 2 8 6.00 0.001 512 0.330389 782.926 0.864194
COST 32768 2048 2 8 6.00 0.001 512 0.556768 1608.110 0.887785
COST 32768 4096 2 8 6.00 0.001 512 0.739539 2601.124 0.946820
COST 32768 8192 2 8 6.00 0.001 512 0.884747 3627.567 1.050208
COST 32768 16384 2 8 6.00 0.001 512 1.000000 4597.157 1.000000
COST 32768 512 2 8 6.00 0.001 512 0.165205 311.891 1.952553
COST 32768 1024 2 8 6.00 0.001 512 0.461245 804.552 1.874457
COST 32768 2048 2 8 6.00 0.001 512 0.695444 1494.300 1.952280
COST 32768 4096 2 8 6.00 0.001 512 0.845632 2128.677 1.960051
COST 32768 8192 2 8 6.00 0.001 512 0.940339 2613.188 1.041729
COST 32768 16384 2 8 6.00 0.001 512 1.000000 2951.079 1.000000
COST 32768 512 2 8 6.00 0.001 512 0.244329 336.365 2.229711
COST 32768 1024 2 8 6.00 0.001 512 0.587987 818.907 2.273643
COST 32768 2048 2 8 6.00 0.001 512 0.805779 1364.917 2.072982
COST 32768 4096 2 8 6.00 0.001 512 0.916714 1740.974 0.768723
COST 32768 8192 2 8 6.00 0.001 512 0.972238 1954.702 0.614585
COST 32768 16384 2 8 6.00 0.001 512 1.000000 2067.458 1.000000
COST 32768 512 2 8 6.00 0.001 512 0.333735 363.773 2.258707
COST 32768 1024 2 8 6.00 0.001 512 0.698389 825.281 2.355087
COST 32768 2048 2 8 6.00 0.001 512 0.883530 1235.861 0.839430
COST 32768 4096 2 8 6.00 0.001 512 0.958434 1446.595 0.303999
COST 32768 8192 2 8 6.00 0.001 512 0.988191 1537.173 0.470947
COST 32768 16384 2 8 6.00 0.001 512 1.000000 1574.078 1.000000
COST 32768 512 2 8 6.00 0.01 512 0.101178 290.065 1.574123
COST 32768 1024 2 8 6.00 0.01 512 0.330389 782.926 1.547822
COST 32768 2048 2 8 6.00 0.01 512 0.556768 1608.110 1.610934
COST 32768 4096 2 8 6.00 0.01 512 0.739539 2601.124 1.628650
COST 32768 8192 2 8 6.00 0.01 512 0.884747 3627.567 1.113357
COST 32768 16384 2 8 6.00 0.01 512 1.000000 4597.157 1.000000
COST 32768 512 2 8 6.00 0.01 512 0.165205 311.891 2.084134
COST 32768 1024 2 8 6.00 0.01 512 0.461245 804.552 2.082259
COST 32768 2048 2 8 6.00 0.01 512 0.695444 1494.300 2.052897
COST 32768 4096 2 8 6.00 0.01 512 0.845632 2128.677 1.109024
COST 32768 8192 2 8 6.00 0.01 512 0.940339 2613.188 0.656877
COST 32768 16384 2 8 6.00 0.01 512 1.000000 2951.079 1.000000
COST 32768 512 2 8 6.00 0.01 512 0.244329 336.365 2.256597
COST 32768 1024 2 8 6.00 0.01 512 0.587987 818.907 2.315588
COST 32768 2048 2 8 6.00 0.01 512 0.805779 1364.917 0.921618
COST 32768 4096 2 8 6.00 0.01 512 0.916714 1740.974 0.325827
COST 32768 8192 2 8 6.00 0.01 512 0.972238 1954.702 0.465595
COST 32768 16384 2 8 6.00 0.01 512 1.000000 2067.458 1.000000
COST 32768 512 2 8 6.00 0.01 512 0.333735 363.773 2.281859
COST 32768 1024 2 8 6.00 0.01 512 0.698389 825.281 1.756260
COST 32768 2048 2 8 6.00 0.01 512 0.883530 1235.861 0.257323
COST 32768 4096 2 8 6.00 0.01 512 0.958434 1446.595 0.227779
COST 32768 8192 2 8 6.00 0.01 512 0.988191 1537.173 0.464075
COST 32768 16384 2 8 6.00 0.01 512 1.000000 1574.078 1.000000
COST 32768 512 2 8 6.50 0.0001 512 0.101178 290.065 1.027207
COST 32768 1024 2 8 6.50 0.0001 512 0.330389 782.926 1.052180
COST 32768 2048 2 8 6.50 0.0001 512 0.556768 1608.110 1.116552
COST 32768 4096 2 8 6.50 0.0001 512 0.739539 2601.124 1.173435
COST 32768 8192 2 8 6.50 0.0001 512 0.884747 3627.567 1.305165
COST 32768 16384 2 8 6.50 0.0001 512 1.000000 4597.157 1.000000
COST 32768 512 2 8 6.50 0.0001 512 0.165205 311.891 1.996146
COST 32768 1024 2 8 6.50 0.0001 512 0.461245 804.552 2.012553
COST 32768 2048 2 8 6.50 0.0001 512 0.695444 1494.300 2.077454
COST 32768 4096 2 8 6.50 0.0001 512 0.845632 2128.677 1.974471
COST 32768 8192 2 8 6.50 0.0001 512 0.940339 2613.188 0.972660
COST 32768 16384 2 8 6.50 0.0001 512 1.000000 2951.079 1.000000
COST 32768 512 2 8 6.50 0.0001 512 0.244329 336.365 2.242261
COST 32768 1024 2 8 6.50 0.0001 512 0.587987 818.907 2.210447
COST 32768 2048 2 8 6.50 0.0001 512 0.805779 1364.917 2.058667
COST 32768 4096 2 8 6.50 0.0001 512 0.916714 1740.974 0.653336
COST 32768 8192 2 8 6.50 0.0001 512 0.972238 1954.702 0.500267
COST 32768 16384 2 8 6.50 0.0001 512 1.000000 2067.458 1.000000
COST 32768 512 2 8 6.50 0.0001 512 0.333735 363.773 2.206371
COST 32768 1024 2 8 6.50 0.0001 512 0.698389 825.281 2.203057
COST 32768 2048 2 8 6.50 0.0001 512 0.883530 1235.861 0.689357
COST 32768 4096 2 8 6.50 0.0001 512 0.958434 1446.595 0.255890
COST 32768 8192 2 8 6.50 0.0001 512 0.988191 1537.173 0.469102
COST 32768 16384 2 8 6.50 0.0001 512 1.000000 1574.078 1.000000
COST 32768 512 2 8 6.50 0.001 512 0.101178 290.065 1.558181
COST 32768 1024 2 8 6.50 0.001 512 0.330389 782.926 1.553753
COST 32768 2048 2 8 6.50 0.001 512 0.556768 1608.110 1.630214
COST 32768 4096 2 8 6.50 0.001 512 0.739539 2601.124 1.717421
COST 32768 8192 2 8 6.50 0.001 512 0.884747 3627.567 1.374881
COST 32768 16384 2 8 6.50 0.001 512 1.000000 4597.157 1.000000
COST 32768 512 2 8 6.50 0.001 512 0.165205 311.891 2.241780
COST 32768 1024 2 8 6.50 0.001 512 0.461245 804.552 2.112891
COST 32768 2048 2 8 6.50 0.001 512 0.695444 1494.300 2.206265
COST 32768 4096 2 8 6.50 0.001 512 0.845632 2128.677 1.264601
COST 32768 8192 2 8 6.50 0.001 512 0.940339 2613.188 0.663343
COST 32768 16384 2 8 6.50 0.001 512 1.000000 2951.079 1.000000
COST 32768 512 2 8 6.50 0.001 512 0.244329 336.365 2.266604
COST 32768 1024 2 8 6.50 0.001 512 0.587987 818.907 2.258485
COST 32768 2048 2 8 6.50 0.001 512 0.805779 1364.917 1.160823
COST 32768 4096 2 8 6.50 0.001 512 0.916714 1740.974 0.281063
COST 32768 8192 2 8 6.50 0.001 512 0.972238 1954.702 0.482341
COST 32768 16384 2 8 6.50 0.001 512 1.000000 2067.458 1.000000
COST 32768 512 2 8 6.50 0.001 512 0.333735 363.773 2.245231
COST 32768 1024 2 8 6.50 0.001 512 0.698389 825.281 1.952450
COST 32768 2048 2 8 6.50 0.001 512 0.883530 1235.861 0.248943
COST 32768 4096 2 8 6.50 0.001 512 0.958434 1446.595 0.203576
COST 32768 8192 2 8 6.50 0.001 512 0.988191 1537.173 0.455359
COST 32768 16384 2 8 6.50 0.001 512 1.000000 1574.078 1.000000
COST 32768 512 2 8 6.50 0.01 512 0.101178 290.065 2.055933
COST 32768 1024 2 8 6.50 0.01 512 0.330389 782.926 2.089255
COST 32768 2048 2 8 6.50 0.01 512 0.556768 1608.110 2.096132
COST 32768 4096 2 8 6.50 0.01 512 0.739539 2601.124 1.613677
COST 32768 8192 2 8 6.50 0.01 512 0.884747 3627.567 0.788062
COST 32768 16384 2 8 6.50 0.01 512 1.000000 4597.157 1.000000
COST 32768 512 2 8 6.50 0.01 512 0.165205 311.891 2.217606
COST 32768 1024 2 8 6.50 0.01 512 0.461245 804.552 2.273937
COST 32768 2048 2 8 6.50 0.01 512 0.695444 1494.300 1.392332
COST 32768 4096 2 8 6.50 0.01 512 0.845632 2128.677 0.426772
COST 32768 8192 2 8 6.50 0.01 512 0.940339 2613.188 0.497175
COST 32768 16384 2 8 6.50 0.01 512 1.000000 2951.079 1.000000
COST 32768 512 2 8 6.50 0.01 512 0.244329 336.365 2.223959
COST 32768 1024 2 8 6.50 0.01 512 0.587987 818.907 2.027369
COST 32768 2048 2 8 6.50 0.01 512 0.805779 1364.917 0.307592
COST 32768 4096 2 8 6.50 0.01 512 0.916714 1740.974 0.216342
COST 32768 8192 2 8 6.50 0.01 512 0.972238 1954.702 0.468729
COST 32768 16384 2 8 6.50 0.01 512 1.000000 2067.458 1.000000
COST 32768 512 2 8 6.50 0.01 512 0.333735 363.773 2.254860
COST 32768 1024 2 8 6.50 0.01 512 0.698389 825.281 0.770166
COST 32768 2048 2 8 6.50 0.01 512 0.883530 1235.861 0.124233
COST 32768 4096 2 8 6.50 0.01 512 0.958434 1446.595 0.212673
COST 32768 8192 2 8 6.50 0.01 512 0.988191 1537.173 0.473159
COST 32768 16384 2 8 6.50 0.01 512 1.000000 1574.078 1.000000
COST 4096 256 2 8 5.00 0.0001 16384 0.556281 200.726 0.840027
COST 4096 512 2 8 5.00 0.0001 16384 0.739362 324.982 0.823782
COST 4096 1024 2 8 5.00 0.0001 16384 0.884695 453.368 0.993025
COST 4096 2048 2 8 5.00 0.0001 16384 1.000000 574.609 1.000000
COST 4096 256 2 8 5.00 0.0001 512 0.556281 200.726 0.677742
COST 4096 512 2 8 5.00 0.0001 512 0.739362 324.982 0.702983
COST 4096 1024 2 8 5.00 0.0001 512 0.884695 453.368 0.749286
COST 4096 2048 2 8 5.00 0.0001 512 1.000000 574.609 1.000000
COST 4096 256 2 8 5.00 0.0001 16384 0.694993 186.575 1.164508
COST 4096 512 2 8 5.00 0.0001 16384 0.845498 265.998 1.246781
COST 4096 1024 2 8 5.00 0.0001 16384 0.940306 326.617 1.343548
COST 4096 2048 2 8 5.00 0.0001 16384 1.000000 368.874 1.000000
COST 4096 256 2 8 5.00 0.0001 512 0.694993 186.575 1.027591
COST 4096 512 2 8 5.00 0.0001 512 0.845498 265.998 1.082989
COST 4096 1024 2 8 5.00 0.0001 512 0.940306 326.617 1.048827
COST 4096 2048 2 8 5.00 0.0001 512 1.000000 368.874 1.000000
COST 4096 256 2 8 5.00 0.0001 16384 0.805405 170.469 1.964392
COST 4096 512 2 8 5.00 0.0001 16384 0.916625 217.578 1.877236
COST 4096 1024 2 8 5.00 0.0001 16384 0.972220 244.326 1.117537
COST 4096 2048 2 8 5.00 0.0001 16384 1.000000 258.429 1.000000
COST 4096 256 2 8 5.00 0.0001 512 0.805405 170.469 1.768452
COST 4096 512 2 8 5.00 0.0001 512 0.916625 217.578 1.459286
COST 4096 1024 2 8 5.00 0.0001 512 0.972220 244.326 0.733376
COST 4096 2048 2 8 5.00 0.0001 512 1.000000 258.429 1.000000
COST 4096 256 2 8 5.00 0.0001 16384 0.883249 154.389 2.006812
COST 4096 512 2 8 5.00 0.0001 16384 0.958380 180.803 0.942740
COST 4096 1024 2 8 5.00 0.0001 16384 0.988182 192.142 0.495486
COST 4096 2048 2 8 5.00 0.0001 16384 1.000000 196.759 1.000000
COST 4096 256 2 8 5.00 0.0001 512 0.883249 154.389 1.707231
COST 4096 512 2 8 5.00 0.0001 512 0.958380 180.803 0.635702
COST 4096 1024 2 8 5.00 0.0001 512 0.988182 192.142 0.395646
COST 4096 2048 2 8 5.00 0.0001 512 1.000000 196.759 1.000000
COST 4096 256 2 8 5.00 0.0001 16384 0.787575 171.100 2.878167
COST 4096 512 2 8 5.00 0.0001 16384 0.930638 232.707 2.664887
COST 4096 1024 2 8 5.00 0.0001 16384 0.986999 261.191 1.001875
COST 4096 2048 2 8 5.00 0.0001 16384 1.000000 268.093 1.000000
COST 4096 256 2 8 5.00 0.0001 512 0.787575 171.100 2.061328
COST 4096 512 2 8 5.00 0.0001 512 0.930638 232.707 1.525785
COST 4096 1024 2 8 5.00 0.0001 512 0.986999 261.191 0.626065
COST 4096 2048 2 8 5.00 0.0001 512 1.000000 268.093 1.000000
COST 4096 256 2 8 5.00 0.001 16384 0.556281 200.726 0.827060
COST 4096 512 2 8 5.00 0.001 16384 0.739362 324.982 0.868227
COST 4096 1024 2 8 5.00 0.001 16384 0.884695 453.368 0.903454
COST 4096 2048 2 8 5.00 0.001 16384 1.000000 574.609 1.000000
COST 4096 256 2 8 5.00 0.001 512 0.556281 200.726 0.766879
COST 4096 512 2 8 5.00 0.001 512 0.739362 324.982 0.797838
COST 4096 1024 2 8 5.00 0.001 512 0.884695 453.368 0.860565
COST 4096 2048 2 8 5.00 0.001 512 1.000000 574.609 1.000000
COST 4096 256 2 8 5.00 0.001 16384 0.694993 186.575 1.481446
COST 4096 512 2 8 5.00 0.001 16384 0.845498 265.998 1.426788
COST 4096 1024 2 8 5.00 0.001 16384 0.940306 326.617 1.043268
COST 4096 2048 2 8 5.00 0.001 16384 1.000000 368.874 1.000000
COST 4096 256 2 8 5.00 0.001 512 0.694993 186.575 1.419685
COST 4096 512 2 8 5.00 0.001 512 0.845498 265.998 1.403337
COST 4096 1024 2 8 5.00 0.001 512 0.940306 326.617 0.942971
COST 4096 2048 2 8 5.00 0.001 512 1.000000 368.874 1.000000
COST 4096 256 2 8 5.00 0.001 16384 0.805405 170.469 2.186590
COST 4096 512 2 8 5.00 0.001 16384 0.916625 217.578 1.242034
COST 4096 1024 2 8 5.00 0.001 16384 0.972220 244.326 0.664373
COST 4096 2048 2 8 5.00 0.001 16384 1.000000 258.429 1.000000
COST 4096 256 2 8 5.00 0.001 512 0.805405 170.469 1.810781
COST 4096 512 2 8 5.00 0.001 512 0.916625 217.578 0.948780
COST 4096 1024 2 8 5.00 0.001 512 0.972220 244.326 0.492852
COST 4096 2048 2 8 5.00 0.001 512 1.000000 258.429 1.000000
COST 4096 256 2 8 5.00 0.001 16384 0.883249 154.389 1.672894
COST 4096 512 2 8 5.00 0.001 16384 0.958380 180.803 0.558516
COST 4096 1024 2 8 5.00 0.001 16384 0.988182 192.142 0.422787
COST 4096 2048 2 8 5.00 0.001 16384 1.000000 196.759 1.000000
COST 4096 256 2 8 5.00 0.001 512 0.883249 154.389 1.003205
COST 4096 512 2 8 5.00 0.001 512 0.958380 180.803 0.349904
COST 4096 1024 2 8 5.00 0.001 512 0.988182 192.142 0.324233
COST 4096 2048 2 8 5.00 0.001 512 1.000000 196.759 1.000000
COST 4096 256 2 8 5.00 0.001 16384 0.787575 171.100 2.406225
COST 4096 512 2 8 5.00 0.001 16384 0.930638 232.707 1.157025
COST 4096 1024 2 8 5.00 0.001 16384 0.986999 261.191 0.562363
COST 4096 2048 2 8 5.00 0.001 16384 1.000000 268.093 1.000000
COST 4096 256 2 8 5.00 0.001 512 0.787575 171.100 1.824169
COST 4096 512 2 8 5.00 0.001 512 0.930638 232.707 0.837732
COST 4096 1024 2 8 5.00 0.001 512 0.986999 261.191 0.385068
COST 4096 2048 2 8 5.00 0.001 512 1.000000 268.093 1.000000
COST 4096 256 2 8 5.00 0.01 16384 0.556281 200.726 1.368404
COST 4096 512 2 8 5.00 0.01 16384 0.739362 324.982 1.233073
COST 4096 1024 2 8 5.00 0.01 16384 0.884695 453.368 0.973976
COST 4096 2048 2 8 5.00 0.01 16384 1.000000 574.609 1.000000
COST 4096 256 2 8 5.00 0.01 512 0.556281 200.726 1.183092
COST 4096 512 2 8 5.00 0.01 512 0.739362 324.982 1.200624
COST 4096 1024 2 8 5.00 0.01 512 0.884695 453.368 0.906440
COST 4096 2048 2 8 5.00 0.01 512 1.000000 574.609 1.000000
COST 4096 256 2 8 5.00 0.01 16384 0.694993 186.575 2.007353
COST 4096 512 2 8 5.00 0.01 16384 0.845498 265.998 1.379313
COST 4096 1024 2 8 5.00 0.01 16384 0.940306 326.617 0.684527
COST 4096 2048 2 8 5.00 0.01 16384 1.000000 368.874 1.000000
COST 4096 256 2 8 5.00 0.01 512 0.694993 186.575 1.814201
COST 4096 512 2 8 5.00 0.01 512 0.845498 265.998 1.198747
COST 4096 1024 2 8 5.00 0.01 512 0.940306 326.617 0.565276
COST 4096 2048 2 8 5.00 0.01 512 1.000000 368.874 1.000000
COST 4096 256 2 8 5.00 0.01 16384 0.805405 170.469 1.317560
COST 4096 512 2 8 5.00 0.01 16384 0.916625 217.578 0.563280
COST 4096 1024 2 8 5.00 0.01 16384 0.972220 244.326 0.415992
COST 4096 2048 2 8 5.00 0.01 16384 1.000000 258.429 1.000000
COST 4096 256 2 8 5.00 0.01 512 0.805405 170.469 0.917995
COST 4096 512 2 8 5.00 0.01 512 0.916625 217.578 0.395167
COST 4096 1024 2 8 5.00 0.01 512 0.972220 244.326 0.324576
COST 4096 2048 2 8 5.00 0.01 512 1.000000 258.429 1.000000
COST 4096 256 2 8 5.00 0.01 16384 0.883249 154.389 0.553661
COST 4096 512 2 8 5.00 0.01 16384 0.958380 180.803 0.244848
COST 4096 1024 2 8 5.00 0.01 16384 0.988182 192.142 0.325374
COST 4096 2048 2 8 5.00 0.01 16384 1.000000 196.759 1.000000
COST 4096 256 2 8 5.00 0.01 512 0.883249 154.389 0.337013
COST 4096 512 2 8 5.00 0.01 512 0.958380 180.803 0.181672
COST 4096 1024 2 8 5.00 0.01 512 0.988182 192.142 0.284134
COST 4096 2048 2 8 5.00 0.01 512 1.000000 196.759 1.000000
COST 4096 256 2 8 5.00 0.01 16384 0.787575 171.100 1.709526
COST 4096 512 2 8 5.00 0.01 16384 0.930638 232.707 0.483419
COST 4096 1024 2 8 5.00 0.01 16384 0.986999 261.191 0.641586
COST 4096 2048 2 8 5.00 0.01 16384 1.000000 268.093 1.000000
COST 4096 256 2 8 5.00 0.01 512 0.787575 171.100 1.045609
COST 4096 512 2 8 5.00 0.01 512 0.930638 232.707 0.343669
COST 4096 1024 2 8 5.00 0.01 512 0.986999 261.191 0.300167
COST 4096 2048 2 8 5.00 0.01 512 1.000000 268.093 1.000000
COST 4096 256 2 8 5.50 0.0001 16384 0.556281 200.726 1.065192
COST 4096 512 2 8 5.50 0.0001 16384 0.739362 324.982 1.132476
COST 4096 1024 2 8 5.50 0.0001 16384 0.884695 453.368 1.210285
COST 4096 2048 2 8 5.50 0.0001 16384 1.000000 574.609 1.000000
COST 4096 256 2 8 5.50 0.0001 512 0.556281 200.726 0.847262
COST 4096 512 2 8 5.50 0.0001 512 0.739362 324.982 0.867654
COST 4096 1024 2 8 5.50 0.0001 512 0.884695 453.368 0.928171
COST 4096 2048 2 8 5.50 0.0001 512 1.000000 574.609 1.000000
COST 4096 256 2 8 5.50 0.0001 16384 0.694993 186.575 2.437471
COST 4096 512 2 8 5.50 0.0001 16384 0.845498 265.998 2.452635
COST 4096 1024 2 8 5.50 0.0001 16384 0.940306 326.617 1.304396
COST 4096 2048 2 8 5.50 0.0001 16384 1.000000 368.874 1.000000
COST 4096 256 2 8 5.50 0.0001 512 0.694993 186.575 1.754921
COST 4096 512 2 8 5.50 0.0001 512 0.845498 265.998 1.706640
COST 4096 1024 2 8 5.50 0.0001 512 0.940306 326.617 0.917321
COST 4096 2048 2 8 5.50 0.0001 512 1.000000 368.874 1.000000
COST 4096 256 2 8 5.50 0.0001 16384 0.805405 170.469 2.854324
COST 4096 512 2 8 5.50 0.0001 16384 0.916625 217.578 1.301482
COST 4096 1024 2 8 5.50 0.0001 16384 0.972220 244.326 0.532024
COST 4096 2048 2 8 5.50 0.0001 16384 1.000000 258.429 1.000000
COST 4096 256 2 8 5.50 0.0001 512 0.805405 170.469 1.833212
COST 4096 512 2 8 5.50 0.0001 512 0.916625 217.578 0.735672
COST 4096 1024 2 8 5.50 0.0001 512 0.972220 244.326 0.375945
COST 4096 2048 2 8 5.50 0.0001 512 1.000000 258.429 1.000000
COST 4096 256 2 8 5.50 0.0001 16384 0.883249 154.389 1.486924
COST 4096 512 2 8 5.50 0.0001 16384 0.958380 180.803 0.412272
COST 4096 1024 2 8 5.50 0.0001 16384 0.988182 192.142 0.316012
COST 4096 2048 2 8 5.50 0.0001 16384 1.000000 196.759 1.000000
COST 4096 256 2 8 5.50 0.0001 512 0.883249 154.389 1.018736
COST 4096 512 2 8 5.50 0.0001 512 0.958380 180.803 0.265759
COST 4096 1024 2 8 5.50 0.0001 512 0.988182 192.142 0.281861
COST 4096 2048 2 8 5.50 0.0001 512 1.000000 196.759 1.000000
COST 4096 256 2 8 5.50 0.0001 16384 0.787575 171.100 3.285333
COST 4096 512 2 8 5.50 0.0001 16384 0.930638 232.707 1.154009
COST 4096 1024 2 8 5.50 0.0001 16384 0.986999 261.191 0.441124
COST 4096 2048 2 8 5.50 0.0001 16384 1.000000 268.093 1.000000
COST 4096 256 2 8 5.50 0.0001 512 0.787575 171.100 1.927145
COST 4096 512 2 8 5.50 0.0001 512 0.930638 232.707 0.718641
COST 4096 1024 2 8 5.50 0.0001 512 0.986999 261.191 0.319284
COST 4096 2048 2 8 5.50 0.0001 512 1.000000 268.093 1.000000
COST 4096 256 2 8 5.50 0.001 16384 0.556281 200.726 1.464212
COST 4096 512 2 8 5.50 0.001 16384 0.739362 324.982 1.526478
COST 4096 1024 2 8 5.50 0.001 16384 0.884695 453.368 1.295370
COST 4096 2048 2 8 5.50 0.001 16384 1.000000 574.609 1.000000
COST 4096 256 2 8 5.50 0.001 512 0.556281 200.726 1.240423
COST 4096 512 2 8 5.50 0.001 512 0.739362 324.982 1.336186
COST 4096 1024 2 8 5.50 0.001 512 0.884695 453.368 1.088493
COST 4096 2048 2 8 5.50 0.001 512 1.000000 574.609 1.000000
COST 4096 256 2 8 5.50 0.001 16384 0.694993 186.575 2.464996
COST 4096 512 2 8 5.50 0.001 16384 0.845498 265.998 1.739885
COST 4096 1024 2 8 5.50 0.001 16384 0.940306 326.617 0.747002
COST 4096 2048 2 8 5.50 0.001 16384 1.000000 368.874 1.000000
COST 4096 256 2 8 5.50 0.001 512 0.694993 186.575 1.983331
COST 4096 512 2 8 5.50 0.001 512 0.845498 265.998 1.193015
COST 4096 1024 2 8 5.50 0.001 512 0.940306 326.617 0.519301
COST 4096 2048 2 8 5.50 0.001 512 1.000000 368.874 1.000000
COST 4096 256 2 8 5.50 0.001 16384 0.805405 170.469 2.011003
COST 4096 512 2 8 5.50 0.001 16384 0.916625 217.578 0.625420
COST 4096 1024 2 8 5.50 0.001 16384 0.972220 244.326 0.365470
COST 4096 2048 2 8 5.50 0.001 16384 1.000000 258.429 1.000000
COST 4096 256 2 8 5.50 0.001 512 0.805405 170.469 1.244913
COST 4096 512 2 8 5.50 0.001 512 0.916625 217.578 0.338610
COST 4096 1024 2 8 5.50 0.001 512 0.972220 244.326 0.301792
COST 4096 2048 2 8 5.50 0.001 512 1.000000 258.429 1.000000
COST 4096 256 2 8 5.50 0.001 16384 0.883249 154.389 0.721033
COST 4096 512 2 8 5.50 0.001 16384 0.958380 180.803 0.245234
COST 4096 1024 2 8 5.50 0.001 16384 0.988182 192.142 0.291931
COST 4096 2048 2 8 5.50 0.001 16384 1.000000 196.759 1.000000
COST 4096 256 2 8 5.50 0.001 512 0.883249 154.389 0.339856
COST 4096 512 2 8 5.50 0.001 512 0.958380 180.803 0.170678
COST 4096 1024 2 8 5.50 0.001 512 0.988182 192.142 0.262234
COST 4096 2048 2 8 5.50 0.001 512 1.000000 196.759 1.000000
COST 4096 256 2 8 5.50 0.001 16384 0.787575 171.100 2.102161
COST 4096 512 2 8 5.50 0.001 16384 0.930638 232.707 0.495081
COST 4096 1024 2 8 5.50 0.001 16384 0.986999 261.191 0.321317
COST 4096 2048 2 8 5.50 0.001 16384 1.000000 268.093 1.000000
COST 4096 256 2 8 5.50 0.001 512 0.787575 171.100 1.110667
COST 4096 512 2 8 5.50 0.001 512 0.930638 232.707 0.305235
COST 4096 1024 2 8 5.50 0.001 512 0.986999 261.191 0.268263
COST 4096 2048 2 8 5.50 0.001 512 1.000000 268.093 1.000000
COST 4096 256 2 8 5.50 0.01 16384 0.556281 200.726 2.571315
COST 4096 512 2 8 5.50 0.01 16384 0.739362 324.982 2.115863
COST 4096 1024 2 8 5.50 0.01 16384 0.884695 453.368 0.890890
COST 4096 2048 2 8 5.50 0.01 16384 1.000000 574.609 1.000000
COST 4096 256 2 8 5.50 0.01 512 0.556281 200.726 1.856231
COST 4096 512 2 8 5.50 0.01 512 0.739362 324.982 1.402048
COST 4096 1024 2 8 5.50 0.01 512 0.884695 453.368 0.643329
COST 4096 2048 2 8 5.50 0.01 512 1.000000 574.609 1.000000
COST 4096 256 2 8 5.50 0.01 16384 0.694993 186.575 2.069251
COST 4096 512 2 8 5.50 0.01 16384 0.845498 265.998 0.834470
COST 4096 1024 2 8 5.50 0.01 16384 0.940306 326.617 0.404425
COST 4096 2048 2 8 5.50 0.01 16384 1.000000 368.874 1.000000
COST 4096 256 2 8 5.50 0.01 512 0.694993 186.575 1.312253
COST 4096 512 2 8 5.50 0.01 512 0.845498 265.998 0.430833
COST 4096 1024 2 8 5.50 0.01 512 0.940306 326.617 0.318647
COST 4096 2048 2 8 5.50 0.01 512 1.000000 368.874 1.000000
COST 4096 256 2 8 5.50 0.01 16384 0.805405 170.469 0.583555
COST 4096 512 2 8 5.50 0.01 16384 0.916625 217.578 0.249262
COST 4096 1024 2 8 5.50 0.01 16384 0.972220 244.326 0.307333
COST 4096 2048 2 8 5.50 0.01 16384 1.000000 258.429 1.000000
COST 4096 256 2 8 5.50 0.01 512 0.805405 170.469 0.327289
COST 4096 512 2 8 5.50 0.01 512 0.916625 217.578 0.180341
COST 4096 1024 2 8 5.50 0.01 512 0.972220 244.326 0.250171
COST 4096 2048 2 8 5.50 0.01 512 1.000000 258.429 1.000000
COST 4096 256 2 8 5.50 0.01 16384 0.883249 154.389 0.215846
COST 4096 512 2 8 5.50 0.01 16384 0.958380 180.803 0.137827
COST 4096 1024 2 8 5.50 0.01 16384 0.988182 192.142 0.266841
COST 4096 2048 2 8 5.50 0.01 16384 1.000000 196.759 1.000000
COST 4096 256 2 8 5.50 0.01 512 0.883249 154.389 0.131694
COST 4096 512 2 8 5.50 0.01 512 0.958380 180.803 0.141358
COST 4096 1024 2 8 5.50 0.01 512 0.988182 192.142 0.238656
COST 4096 2048 2 8 5.50 0.01 512 1.000000 196.759 1.000000
COST 4096 256 2 8 5.50 0.01 16384 0.787575 171.100 0.712639
COST 4096 512 2 8 5.50 0.01 16384 0.930638 232.707 0.196476
COST 4096 1024 2 8 5.50 0.01 16384 0.986999 261.191 0.276888
COST 4096 2048 2 8 5.50 0.01 16384 1.000000 268.093 1.000000
COST 4096 256 2 8 5.50 0.01 512 0.787575 171.100 0.419357
COST 4096 512 2 8 5.50 0.01 512 0.930638 232.707 0.150881
COST 4096 1024 2 8 5.50 0.01 512 0.986999 261.191 0.253767
COST 4096 2048 2 8 5.50 0.01 512 1.000000 268.093 1.000000
COST 4096 256 2 8 6.00 0.0001 16384 0.556281 200.726 1.632095
COST 4096 512 2 8 6.00 0.0001 16384 0.739362 324.982 1.627926
COST 4096 1024 2 8 6.00 0.0001 16384 0.884695 453.368 1.384072
COST 4096 2048 2 8 6.00 0.0001 16384 1.000000 574.609 1.000000
COST 4096 256 2 8 6.00 0.0001 512 0.556281 200.726 1.555471
COST 4096 512 2 8 6.00 0.0001 512 0.739362 324.982 1.559621
COST 4096 1024 2 8 6.00 0.0001 512 0.884695 453.368 1.319781
COST 4096 2048 2 8 6.00 0.0001 512 1.000000 574.609 1.000000
COST 4096 256 2 8 6.00 0.0001 16384 0.694993 186.575 3.677609
COST 4096 512 2 8 6.00 0.0001 16384 0.845498 265.998 2.020387
COST 4096 1024 2 8 6.00 0.0001 16384 0.940306 326.617 0.748785
COST 4096 2048 2 8 6.00 0.0001 16384 1.000000 368.874 1.000000
COST 4096 256 2 8 6.00 0.0001 512 0.694993 186.575 2.051164
COST 4096 512 2 8 6.00 0.0001 512 0.845498 265.998 1.187473
COST 4096 1024 2 8 6.00 0.0001 512 0.940306 326.617 0.481297
COST 4096 2048 2 8 6.00 0.0001 512 1.000000 368.874 1.000000
COST 4096 256 2 8 6.00 0.0001 16384 0.805405 170.469 1.852721
COST 4096 512 2 8 6.00 0.0001 16384 0.916625 217.578 0.478480
COST 4096 1024 2 8 6.00 0.0001 16384 0.972220 244.326 0.314502
COST 4096 2048 2 8 6.00 0.0001 16384 1.000000 258.429 1.000000
COST 4096 256 2 8 6.00 0.0001 512 0.805405 170.469 0.994245
COST 4096 512 2 8 6.00 0.0001 512 0.916625 217.578 0.283814
COST 4096 1024 2 8 6.00 0.0001 512 0.972220 244.326 0.271185
COST 4096 2048 2 8 6.00 0.0001 512 1.000000 258.429 1.000000
COST 4096 256 2 8 6.00 0.0001 16384 0.883249 154.389 0.582596
COST 4096 512 2 8 6.00 0.0001 16384 0.958380 180.803 0.173487
COST 4096 1024 2 8 6.00 0.0001 16384 0.988182 192.142 0.282276
COST 4096 2048 2 8 6.00 0.0001 16384 1.000000 196.759 1.000000
COST 4096 256 2 8 6.00 0.0001 512 0.883249 154.389 0.274971
COST 4096 512 2 8 6.00 0.0001 512 0.958380 180.803 0.142167
COST 4096 1024 2 8 6.00 0.0001 512 0.988182 192.142 0.245856
COST 4096 2048 2 8 6.00 0.0001 512 1.000000 196.759 1.000000
COST 4096 256 2 8 6.00 0.0001 16384 0.787575 171.100 1.471380
COST 4096 512 2 8 6.00 0.0001 16384 0.930638 232.707 0.307302
COST 4096 1024 2 8 6.00 0.0001 16384 0.986999 261.191 0.274180
COST 4096 2048 2 8 6.00 0.0001 16384 1.000000 268.093 1.000000
COST 4096 256 2 8 6.00 0.0001 512 0.787575 171.100 1.003250
COST 4096 512 2 8 6.00 0.0001 512 0.930638 232.707 0.233565
COST 4096 1024 2 8 6.00 0.0001 512 0.986999 261.191 0.259129
COST 4096 2048 2 8 6.00 0.0001 512 1.000000 268.093 1.000000
COST 4096 256 2 8 6.00 0.001 16384 0.556281 200.726 2.659463
COST 4096 512 2 8 6.00 0.001 16384 0.739362 324.982 2.532758
COST 4096 1024 2 8 6.00 0.001 16384 0.884695 453.368 1.189460
COST 4096 2048 2 8 6.00 0.001 16384 1.000000 574.609 1.000000
COST 4096 256 2 8 6.00 0.001 512 0.556281 200.726 1.992602
COST 4096 512 2 8 6.00 0.001 512 0.739362 324.982 1.744394
COST 4096 1024 2 8 6.00 0.001 512 0.884695 453.368 0.830518
COST 4096 2048 2 8 6.00 0.001 512 1.000000 574.609 1.000000
COST 4096 256 2 8 6.00 0.001 16384 0.694993 186.575 2.792573
COST 4096 512 2 8 6.00 0.001 16384 0.845498 265.998 0.925835
COST 4096 1024 2 8 6.00 0.001 16384 0.940306 326.617 0.416173
COST 4096 2048 2 8 6.00 0.001 16384 1.000000 368.874 1.000000
COST 4096 256 2 8 6.00 0.001 512 0.694993 186.575 1.580209
COST 4096 512 2 8 6.00 0.001 512 0.845498 265.998 0.464588
COST 4096 1024 2 8 6.00 0.001 512 0.940306 326.617 0.308516
COST 4096 2048 2 8 6.00 0.001 512 1.000000 368.874 1.000000
COST 4096 256 2 8 6.00 0.001 16384 0.805405 170.469 0.976862
COST 4096 512 2 8 6.00 0.001 16384 0.916625 217.578 0.225220
COST 4096 1024 2 8 6.00 0.001 16384 0.972220 244.326 0.278453
COST 4096 2048 2 8 6.00 0.001 16384 1.000000 258.429 1.000000
COST 4096 256 2 8 6.00 0.001 512 0.805405 170.469 0.452943
COST 4096 512 2 8 6.00 0.001 512 0.916625 217.578 0.156172
COST 4096 1024 2 8 6.00 0.001 512 0.972220 244.326 0.270773
COST 4096 2048 2 8 6.00 0.001 512 1.000000 258.429 1.000000
COST 4096 256 2 8 6.00 0.001 16384 0.883249 154.389 0.226278
COST 4096 512 2 8 6.00 0.001 16384 0.958380 180.803 0.126353
COST 4096 1024 2 8 6.00 0.001 16384 0.988182 192.142 0.274390
COST 4096 2048 2 8 6.00 0.001 16384 1.000000 196.759 1.000000
COST 4096 256 2 8 6.00 0.001 512 0.883249 154.389 0.128725
COST 4096 512 2 8 6.00 0.001 512 0.958380 180.803 0.120297
COST 4096 1024 2 8 6.00 0.001 512 0.988182 192.142 0.257956
COST 4096 2048 2 8 6.00 0.001 512 1.000000 196.759 1.000000
COST 4096 256 2 8 6.00 0.001 16384 0.787575 171.100 0.805023
COST 4096 512 2 8 6.00 0.001 16384 0.930638 232.707 0.189916
COST 4096 1024 2 8 6.00 0.001 16384 0.986999 261.191 0.275671
COST 4096 2048 2 8 6.00 0.001 16384 1.000000 268.093 1.000000
COST 4096 256 2 8 6.00 0.001 512 0.787575 171.100 0.487552
COST 4096 512 2 8 6.00 0.001 512 0.930638 232.707 0.146167
COST 4096 1024 2 8 6.00 0.001 512 0.986999 261.191 0.244843
COST 4096 2048 2 8 6.00 0.001 512 1.000000 268.093 1.000000
COST 4096 256 2 8 6.00 0.01 16384 0.556281 200.726 3.056995
COST 4096 512 2 8 6.00 0.01 16384 0.739362 324.982 1.244659
COST 4096 1024 2 8 6.00 0.01 16384 0.884695 453.368 0.501630
COST 4096 2048 2 8 6.00 0.01 16384 1.000000 574.609 1.000000
COST 4096 256 2 8 6.00 0.01 512 0.556281 200.726 1.978922
COST 4096 512 2 8 6.00 0.01 512 0.739362 324.982 0.758933
COST 4096 1024 2 8 6.00 0.01 512 0.884695 453.368 0.371559
COST 4096 2048 2 8 6.00 0.01 512 1.000000 574.609 1.000000
COST 4096 256 2 8 6.00 0.01 16384 0.694993 186.575 1.082902
COST 4096 512 2 8 6.00 0.01 16384 0.845498 265.998 0.300236
COST 4096 1024 2 8 6.00 0.01 16384 0.940306 326.617 0.290038
COST 4096 2048 2 8 6.00 0.01 16384 1.000000 368.874 1.000000
COST 4096 256 2 8 6.00 0.01 512 0.694993 186.575 0.573273
COST 4096 512 2 8 6.00 0.01 512 0.845498 265.998 0.193170
COST 4096 1024 2 8 6.00 0.01 512 0.940306 326.617 0.252517
COST 4096 2048 2 8 6.00 0.01 512 1.000000 368.874 1.000000
COST 4096 256 2 8 6.00 0.01 16384 0.805405 170.469 0.219732
COST 4096 512 2 8 6.00 0.01 16384 0.916625 217.578 0.131763
COST 4096 1024 2 8 6.00 0.01 16384 0.972220 244.326 0.264025
COST 4096 2048 2 8 6.00 0.01 16384 1.000000 258.429 1.000000
COST 4096 256 2 8 6.00 0.01 512 0.805405 170.469 0.116611
COST 4096 512 2 8 6.00 0.01 512 0.916625 217.578 0.130630
COST 4096 1024 2 8 6.00 0.01 512 0.972220 244.326 0.257509
COST 4096 2048 2 8 6.00 0.01 512 1.000000 258.429 1.000000
COST 4096 256 2 8 6.00 0.01 16384 0.883249 154.389 0.081233
COST 4096 512 2 8 6.00 0.01 16384 0.958380 180.803 0.115891
COST 4096 1024 2 8 6.00 0.01 16384 0.988182 192.142 0.258396
COST 4096 2048 2 8 6.00 0.01 16384 1.000000 196.759 1.000000
COST 4096 256 2 8 6.00 0.01 512 0.883249 154.389 0.057188
COST 4096 512 2 8 6.00 0.01 512 0.958380 180.803 0.099749
COST 4096 1024 2 8 6.00 0.01 512 0.988182 192.142 0.213639
COST 4096 2048 2 8 6.00 0.01 512 1.000000 196.759 1.000000
COST 4096 256 2 8 6.00 0.01 16384 0.787575 171.100 0.240509
COST 4096 512 2 8 6.00 0.01 16384 0.930638 232.707 0.127846
COST 4096 1024 2 8 6.00 0.01 16384 0.986999 261.191 0.267272
COST 4096 2048 2 8 6.00 0.01 16384 1.000000 268.093 1.000000
COST 4096 256 2 8 6.00 0.01 512 0.787575 171.100 0.213948
COST 4096 512 2 8 6.00 0.01 512 0.930638 232.707 0.152394
COST 4096 1024 2 8 6.00 0.01 512 0.986999 261.191 0.245391
COST 4096 2048 2 8 6.00 0.01 512 1.000000 268.093 1.000000
COST 4096 256 2 8 6.50 0.0001 16384 0.556281 200.726 2.144928
COST 4096 512 2 8 6.50 0.0001 16384 0.739362 324.982 2.073266
COST 4096 1024 2 8 6.50 0.0001 16384 0.884695 453.368 1.061633
COST 4096 2048 2 8 6.50 0.0001 16384 1.000000 574.609 1.000000
COST 4096 256 2 8 6.50 0.0001 512 0.556281 200.726 2.015859
COST 4096 512 2 8 6.50 0.0001 512 0.739362 324.982 1.893971
COST 4096 1024 2 8 6.50 0.0001 512 0.884695 453.368 0.827379
COST 4096 2048 2 8 6.50 0.0001 512 1.000000 574.609 1.000000
COST 4096 256 2 8 6.50 0.0001 16384 0.694993 186.575 2.207404
COST 4096 512 2 8 6.50 0.0001 16384 0.845498 265.998 0.659465
COST 4096 1024 2 8 6.50 0.0001 16384 0.940306 326.617 0.337112
COST 4096 2048 2 8 6.50 0.0001 16384 1.000000 368.874 1.000000
COST 4096 256 2 8 6.50 0.0001 512 0.694993 186.575 1.587990
COST 4096 512 2 8 6.50 0.0001 512 0.845498 265.998 0.418295
COST 4096 1024 2 8 6.50 0.0001 512 0.940306 326.617 0.291399
COST 4096 2048 2 8 6.50 0.0001 512 1.000000 368.874 1.000000
COST 4096 256 2 8 6.50 0.0001 16384 0.805405 170.469 0.619112
COST 4096 512 2 8 6.50 0.0001 16384 0.916625 217.578 0.180177
COST 4096 1024 2 8 6.50 0.0001 16384 0.972220 244.326 0.283722
COST 4096 2048 2 8 6.50 0.0001 16384 1.000000 258.429 1.000000
COST 4096 256 2 8 6.50 0.0001 512 0.805405 170.469 0.395634
COST 4096 512 2 8 6.50 0.0001 512 0.916625 217.578 0.141919
COST 4096 1024 2 8 6.50 0.0001 512 0.972220 244.326 0.252095
COST 4096 2048 2 8 6.50 0.0001 512 1.000000 258.429 1.000000
COST 4096 256 2 8 6.50 0.0001 16384 0.883249 154.389 0.143320
COST 4096 512 2 8 6.50 0.0001 16384 0.958380 180.803 0.124332
COST 4096 1024 2 8 6.50 0.0001 16384 0.988182 192.142 0.269344
COST 4096 2048 2 8 6.50 0.0001 16384 1.000000 196.759 1.000000
COST 4096 256 2 8 6.50 0.0001 512 0.883249 154.389 0.111949
COST 4096 512 2 8 6.50 0.0001 512 0.958380 180.803 0.123356
COST 4096 1024 2 8 6.50 0.0001 512 0.988182 192.142 0.263713
COST 4096 2048 2 8 6.50 0.0001 512 1.000000 196.759 1.000000
COST 4096 256 2 8 6.50 0.0001 16384 0.787575 171.100 0.559490
COST 4096 512 2 8 6.50 0.0001 16384 0.930638 232.707 0.154734
COST 4096 1024 2 8 6.50 0.0001 16384 0.986999 261.191 0.268112
COST 4096 2048 2 8 6.50 0.0001 16384 1.000000 268.093 1.000000
COST 4096 256 2 8 6.50 0.0001 512 0.787575 171.100 0.408054
COST 4096 512 2 8 6.50 0.0001 512 0.930638 232.707 0.135534
COST 4096 1024 2 8 6.50 0.0001 512 0.986999 261.191 0.257776
COST 4096 2048 2 8 6.50 0.0001 512 1.000000 268.093 1.000000
COST 4096 256 2 8 6.50 0.001 16384 0.556281 200.726 2.601576
COST 4096 512 2 8 6.50 0.001 16384 0.739362 324.982 1.343622
COST 4096 1024 2 8 6.50 0.001 16384 0.884695 453.368 0.550642
COST 4096 2048 2 8 6.50 0.001 16384 1.000000 574.609 1.000000
COST 4096 256 2 8 6.50 0.001 512 0.556281 200.726 2.243791
COST 4096 512 2 8 6.50 0.001 512 0.739362 324.982 0.985597
COST 4096 1024 2 8 6.50 0.001 512 0.884695 453.368 0.467882
COST 4096 2048 2 8 6.50 0.001 512 1.000000 574.609 1.000000
COST 4096 256 2 8 6.50 0.001 16384 0.694993 186.575 1.164012
COST 4096 512 2 8 6.50 0.001 16384 0.845498 265.998 0.283449
COST 4096 1024 2 8 6.50 0.001 16384 0.940306 326.617 0.289977
COST 4096 2048 2 8 6.50 0.001 16384 1.000000 368.874 1.000000
COST 4096 256 2 8 6.50 0.001 512 0.694993 186.575 0.743464
COST 4096 512 2 8 6.50 0.001 512 0.845498 265.998 0.200798
COST 4096 1024 2 8 6.50 0.001 512 0.940306 326.617 0.264627
COST 4096 2048 2 8 6.50 0.001 512 1.000000 368.874 1.000000
COST 4096 256 2 8 6.50 0.001 16384 0.805405 170.469 0.237744
COST 4096 512 2 8 6.50 0.001 16384 0.916625 217.578 0.128689
COST 4096 1024 2 8 6.50 0.001 16384 0.972220 244.326 0.263647
COST 4096 2048 2 8 6.50 0.001 16384 1.000000 258.429 1.000000
COST 4096 256 2 8 6.50 0.001 512 0.805405 170.469 0.163334
COST 4096 512 2 8 6.50 0.001 512 0.916625 217.578 0.125613
COST 4096 1024 2 8 6.50 0.001 512 0.972220 244.326 0.251581
COST 4096 2048 2 8 6.50 0.001 512 1.000000 258.429 1.000000
COST 4096 256 2 8 6.50 0.001 16384 0.883249 154.389 0.081932
COST 4096 512 2 8 6.50 0.001 16384 0.958380 180.803 0.123561
COST 4096 1024 2 8 6.50 0.001 16384 0.988182 192.142 0.271648
COST 4096 2048 2 8 6.50 0.001 16384 1.000000 196.759 1.000000
COST 4096 256 2 8 6.50 0.001 512 0.883249 154.389 0.068891
COST 4096 512 2 8 6.50 0.001 512 0.958380 180.803 0.118024
COST 4096 1024 2 8 6.50 0.001 512 0.988182 192.142 0.252870
COST 4096 2048 2 8 6.50 0.001 512 1.000000 196.759 1.000000
COST 4096 256 2 8 6.50 0.001 16384 0.787575 171.100 0.223880
COST 4096 512 2 8 6.50 0.001 16384 0.930638 232.707 0.124087
COST 4096 1024 2 8 6.50 0.001 16384 0.986999 261.191 0.259460
COST 4096 2048 2 8 6.50 0.001 16384 1.000000 268.093 1.000000
COST 4096 256 2 8 6.50 0.001 512 0.787575 171.100 0.188639
COST 4096 512 2 8 6.50 0.001 512 0.930638 232.707 0.116083
COST 4096 1024 2 8 6.50 0.001 512 0.986999 261.191 0.254697
COST 4096 2048 2 8 6.50 0.001 512 1.000000 268.093 1.000000
COST 4096 256 2 8 6.50 0.01 16384 0.556281 200.726 1.744476
COST 4096 512 2 8 6.50 0.01 16384 0.739362 324.982 0.424641
COST 4096 1024 2 8 6.50 0.01 16384 0.884695 453.368 0.319052
COST 4096 2048 2 8 6.50 0.01 16384 1.000000 574.609 1.000000
COST 4096 256 2 8 6.50 0.01 512 0.556281 200.726 1.121705
COST 4096 512 2 8 6.50 0.01 512 0.739362 324.982 0.317530
COST 4096 1024 2 8 6.50 0.01 512 0.884695 453.368 0.259528
COST 4096 2048 2 8 6.50 0.01 512 1.000000 574.609 1.000000
COST 4096 256 2 8 6.50 0.01 16384 0.694993 186.575 0.311049
COST 4096 512 2 8 6.50 0.01 16384 0.845498 265.998 0.146479
COST 4096 1024 2 8 6.50 0.01 16384 0.940306 326.617 0.270463
COST 4096 2048 2 8 6.50 0.01 16384 1.000000 368.874 1.000000
COST 4096 256 2 8 6.50 0.01 512 0.694993 186.575 0.206758
COST 4096 512 2 8 6.50 0.01 512 0.845498 265.998 0.131230
COST 4096 1024 2 8 6.50 0.01 512 0.940306 326.617 0.256177
COST 4096 2048 2 8 6.50 0.01 512 1.000000 368.874 1.000000
COST 4096 256 2 8 6.50 0.01 16384 0.805405 170.469 0.080169
COST 4096 512 2 8 6.50 0.01 16384 0.916625 217.578 0.125583
COST 4096 1024 2 8 6.50 0.01 16384 0.972220 244.326 0.273220
COST 4096 2048 2 8 6.50 0.01 16384 1.000000 258.429 1.000000
COST 4096 256 2 8 6.50 0.01 512 0.805405 170.469 0.069676
COST 4096 512 2 8 6.50 0.01 512 0.916625 217.578 0.117215
COST 4096 1024 2 8 6.50 0.01 512 0.972220 244.326 0.247571
COST 4096 2048 2 8 6.50 0.01 512 1.000000 258.429 1.000000
COST 4096 256 2 8 6.50 0.01 16384 0.883249 154.389 0.059364
COST 4096 512 2 8 6.50 0.01 16384 0.958380 180.803 0.117576
COST 4096 1024 2 8 6.50 0.01 16384 0.988182 192.142 0.260770
COST 4096 2048 2 8 6.50 0.01 16384 1.000000 196.759 1.000000
COST 4096 256 2 8 6.50 0.01 512 0.883249 154.389 0.057312
COST 4096 512 2 8 6.50 0.01 512 0.958380 180.803 0.114377
COST 4096 1024 2 8 6.50 0.01 512 0.988182 192.142 0.252440
COST 4096 2048 2 8 6.50 0.01 512 1.000000 196.759 1.000000
COST 4096 256 2 8 6.50 0.01 16384 0.787575 171.100 0.078575
COST 4096 512 2 8 6.50 0.01 16384 0.930638 232.707 0.118070
COST 4096 1024 2 8 6.50 0.01 16384 0.986999 261.191 0.262098
COST 4096 2048 2 8 6.50 0.01 16384 1.000000 268.093 1.000000
COST 4096 256 2 8 6.50 0.01 512 0.787575 171.100 0.072637
COST 4096 512 2 8 6.50 0.01 512 0.930638 232.707 0.108868
COST 4096 1024 2 8 6.50 0.01 512 0.986999 261.191 0.244793
COST 4096 2048 2 8 6.50 0.01 512 1.000000 268.093 1.000000
COST 65536 1024 2 8 5.00 0.0001 512 0.101302 580.541 0.715232
COST 65536 2048 2 8 5.00 0.0001 512 0.330474 1566.336 0.732725
COST 65536 4096 2 8 5.00 0.0001 512 0.556802 3216.549 0.767316
COST 65536 8192 2 8 5.00 0.0001 512 0.739552 5202.429 0.794053
COST 65536 16384 2 8 5.00 0.0001 512 0.884751 7255.222 0.851130
COST 65536 32768 2 8 5.00 0.0001 512 1.000000 9194.355 1.000000
COST 65536 1024 2 8 5.00 0.0001 512 0.165385 624.216 0.709357
COST 65536 2048 2 8 5.00 0.0001 512 0.461344 1609.558 0.761091
COST 65536 4096 2 8 5.00 0.0001 512 0.695477 2988.843 0.753282
COST 65536 8192 2 8 5.00 0.0001 512 0.845641 4257.453 0.797036
COST 65536 16384 2 8 5.00 0.0001 512 0.940341 5226.412 0.865052
COST 65536 32768 2 8 5.00 0.0001 512 1.000000 5902.169 1.000000
COST 65536 1024 2 8 5.00 0.0001 512 0.244563 673.187 0.742339
COST 65536 2048 2 8 5.00 0.0001 512 0.588090 1638.224 0.750546
COST 65536 4096 2 8 5.00 0.0001 512 0.805806 2730.001 0.783005
COST 65536 8192 2 8 5.00 0.0001 512 0.916720 3481.998 0.817910
COST 65536 16384 2 8 5.00 0.0001 512 0.972240 3909.418 0.877925
COST 65536 32768 2 8 5.00 0.0001 512 1.000000 4134.919 1.000000
COST 65536 1024 2 8 5.00 0.0001 512 0.334013 728.024 1.069923
COST 65536 2048 2 8 5.00 0.0001 512 0.698486 1650.915 1.086951
COST 65536 4096 2 8 5.00 0.0001 512 0.883550 2471.828 1.141987
COST 65536 8192 2 8 5.00 0.0001 512 0.958438 2893.214 1.202698
COST 65536 16384 2 8 5.00 0.0001 512 0.988192 3074.351 1.105648
COST 65536 32768 2 8 5.00 0.0001 512 1.000000 3148.158 1.000000
COST 65536 1024 2 8 5.00 0.001 512 0.101302 580.541 0.711462
COST 65536 2048 2 8 5.00 0.001 512 0.330474 1566.336 0.725840
COST 65536 4096 2 8 5.00 0.001 512 0.556802 3216.549 0.747690
COST 65536 8192 2 8 5.00 0.001 512 0.739552 5202.429 0.780766
COST 65536 16384 2 8 5.00 0.001 512 0.884751 7255.222 0.868645
COST 65536 32768 2 8 5.00 0.001 512 1.000000 9194.355 1.000000
COST 65536 1024 2 8 5.00 0.001 512 0.165385 624.216 0.741212
COST 65536 2048 2 8 5.00 0.001 512 0.461344 1609.558 0.748736
COST 65536 4096 2 8 5.00 0.001 512 0.695477 2988.843 0.773425
COST 65536 8192 2 8 5.00 0.001 512 0.845641 4257.453 0.809374
COST 65536 16384 2 8 5.00 0.001 512 0.940341 5226.412 0.862457
COST 65536 32768 2 8 5.00 0.001 512 1.000000 5902.169 1.000000
COST 65536 1024 2 8 5.00 0.001 512 0.244563 673.187 0.873363
COST 65536 2048 2 8 5.00 0.001 512 0.588090 1638.224 0.884550
COST 65536 4096 2 8 5.00 0.001 512 0.805806 2730.001 0.903187
COST 65536 8192 2 8 5.00 0.001 512 0.916720 3481.998 0.960585
COST 65536 16384 2 8 5.00 0.001 512 0.972240 3909.418 1.012090
COST 65536 32768 2 8 5.00 0.001 512 1.000000 4134.919 1.000000
COST 65536 1024 2 8 5.00 0.001 512 0.334013 728.024 1.407965
COST 65536 2048 2 8 5.00 0.001 512 0.698486 1650.915 1.416041
COST 65536 4096 2 8 5.00 0.001 512 0.883550 2471.828 1.434863
COST 65536 8192 2 8 5.00 0.001 512 0.958438 2893.214 1.524720
COST 65536 16384 2 8 5.00 0.001 512 0.988192 3074.351 1.168101
COST 65536 32768 2 8 5.00 0.001 512 1.000000 3148.158 1.000000
COST 65536 1024 2 8 5.00 0.01 512 0.101302 580.541 0.698078
COST 65536 2048 2 8 5.00 0.01 512 0.330474 1566.336 0.715702
COST 65536 4096 2 8 5.00 0.01 512 0.556802 3216.549 0.721899
COST 65536 8192 2 8 5.00 0.01 512 0.739552 5202.429 0.768638
COST 65536 16384 2 8 5.00 0.01 512 0.884751 7255.222 0.819504
COST 65536 32768 2 8 5.00 0.01 512 1.000000 9194.355 1.000000
COST 65536 1024 2 8 5.00 0.01 512 0.165385 624.216 0.817506
COST 65536 2048 2 8 5.00 0.01 512 0.461344 1609.558 0.839912
COST 65536 4096 2 8 5.00 0.01 512 0.695477 2988.843 0.859841
COST 65536 8192 2 8 5.00 0.01 512 0.845641 4257.453 0.898116
COST 65536 16384 2 8 5.00 0.01 512 0.940341 5226.412 0.956748
COST 65536 32768 2 8 5.00 0.01 512 1.000000 5902.169 1.000000
COST 65536 1024 2 8 5.00 0.01 512 0.244563 673.187 1.264879
COST 65536 2048 2 8 5.00 0.01 512 0.588090 1638.224 1.259027
COST 65536 4096 2 8 5.00 0.01 512 0.805806 2730.001 1.303833
COST 65536 8192 2 8 5.00 0.01 512 0.916720 3481.998 1.363326
COST 65536 16384 2 8 5.00 0.01 512 0.972240 3909.418 1.111969
COST 65536 32768 2 8 5.00 0.01 512 1.000000 4134.919 1.000000
COST 65536 1024 2 8 5.00 0.01 512 0.334013 728.024 1.789033
COST 65536 2048 2 8 5.00 0.01 512 0.698486 1650.915 1.786289
COST 65536 4096 2 8 5.00 0.01 512 0.883550 2471.828 1.748287
COST 65536 8192 2 8 5.00 0.01 512 0.958438 2893.214 1.293925
COST 65536 16384 2 8 5.00 0.01 512 0.988192 3074.351 0.830619
COST 65536 32768 2 8 5.00 0.01 512 1.000000 3148.158 1.000000
COST 65536 1024 2 8 5.50 0.0001 512 0.101302 580.541 0.737393
COST 65536 2048 2 8 5.50 0.0001 512 0.330474 1566.336 0.733376
COST 65536 4096 2 8 5.50 0.0001 512 0.556802 3216.549 0.740299
COST 65536 8192 2 8 5.50 0.0001 512 0.739552 5202.429 0.780012
COST 65536 16384 2 8 5.50 0.0001 512 0.884751 7255.222 0.849865
COST 65536 32768 2 8 5.50 0.0001 512 1.000000 9194.355 1.000000
COST 65536 1024 2 8 5.50 0.0001 512 0.165385 624.216 0.757391
COST 65536 2048 2 8 5.50 0.0001 512 0.461344 1609.558 0.775584
COST 65536 4096 2 8 5.50 0.0001 512 0.695477 2988.843 0.795961
COST 65536 8192 2 8 5.50 0.0001 512 0.845641 4257.453 0.817543
COST 65536 16384 2 8 5.50 0.0001 512 0.940341 5226.412 0.920630
COST 65536 32768 2 8 5.50 0.0001 512 1.000000 5902.169 1.000000
COST 65536 1024 2 8 5.50 0.0001 512 0.244563 673.187 1.388763
COST 65536 2048 2 8 5.50 0.0001 512 0.588090 1638.224 1.432792
COST 65536 4096 2 8 5.50 0.0001 512 0.805806 2730.001 1.417599
COST 65536 8192 2 8 5.50 0.0001 512 0.916720 3481.998 1.450746
COST 65536 16384 2 8 5.50 0.0001 512 0.972240 3909.418 1.399016
COST 65536 32768 2 8 5.50 0.0001 512 1.000000 4134.919 1.000000
COST 65536 1024 2 8 5.50 0.0001 512 0.334013 728.024 2.295264
COST 65536 2048 2 8 5.50 0.0001 512 0.698486 1650.915 2.349475
COST 65536 4096 2 8 5.50 0.0001 512 0.883550 2471.828 2.433147
COST 65536 8192 2 8 5.50 0.0001 512 0.958438 2893.214 2.113051
COST 65536 16384 2 8 5.50 0.0001 512 0.988192 3074.351 1.040897
COST 65536 32768 2 8 5.50 0.0001 512 1.000000 3148.158 1.000000
COST 65536 1024 2 8 5.50 0.001 512 0.101302 580.541 0.702075
COST 65536 2048 2 8 5.50 0.001 512 0.330474 1566.336 0.725244
COST 65536 4096 2 8 5.50 0.001 512 0.556802 3216.549 0.728582
COST 65536 8192 2 8 5.50 0.001 512 0.739552 5202.429 0.792453
COST 65536 16384 2 8 5.50 0.001 512 0.884751 7255.222 0.831151
COST 65536 32768 2 8 5.50 0.001 512 1.000000 9194.355 1.000000
COST 65536 1024 2 8 5.50 0.001 512 0.165385 624.216 0.974835
COST 65536 2048 2 8 5.50 0.001 512 0.461344 1609.558 0.998023
COST 65536 4096 2 8 5.50 0.001 512 0.695477 2988.843 1.019300
COST 65536 8192 2 8 5.50 0.001 512 0.845641 4257.453 1.041627
COST 65536 16384 2 8 5.50 0.001 512 0.940341 5226.412 1.135917
COST 65536 32768 2 8 5.50 0.001 512 1.000000 5902.169 1.000000
COST 65536 1024 2 8 5.50 0.001 512 0.244563 673.187 1.877223
COST 65536 2048 2 8 5.50 0.001 512 0.588090 1638.224 1.911546
COST 65536 4096 2 8 5.50 0.001 512 0.805806 2730.001 1.918152
COST 65536 8192 2 8 5.50 0.001 512 0.916720 3481.998 2.035669
COST 65536 16384 2 8 5.50 0.001 512 0.972240 3909.418 1.243921
COST 65536 32768 2 8 5.50 0.001 512 1.000000 4134.919 1.000000
COST 65536 1024 2 8 5.50 0.001 512 0.334013 728.024 2.444523
COST 65536 2048 2 8 5.50 0.001 512 0.698486 1650.915 2.468926
COST 65536 4096 2 8 5.50 0.001 512 0.883550 2471.828 2.393636
COST 65536 8192 2 8 5.50 0.001 512 0.958438 2893.214 1.331665
COST 65536 16384 2 8 5.50 0.001 512 0.988192 3074.351 0.714761
COST 65536 32768 2 8 5.50 0.001 512 1.000000 3148.158 1.000000
COST 65536 1024 2 8 5.50 0.01 512 0.101302 580.541 0.765028
COST 65536 2048 2 8 5.50 0.01 512 0.330474 1566.336 0.769564
COST 65536 4096 2 8 5.50 0.01 512 0.556802 3216.549 0.790869
COST 65536 8192 2 8 5.50 0.01 512 0.739552 5202.429 0.838693
COST 65536 16384 2 8 5.50 0.01 512 0.884751 7255.222 0.891165
COST 65536 32768 2 8 5.50 0.01 512 1.000000 9194.355 1.000000
COST 65536 1024 2 8 5.50 0.01 512 0.165385 624.216 1.612821
COST 65536 2048 2 8 5.50 0.01 512 0.461344 1609.558 1.752910
COST 65536 4096 2 8 5.50 0.01 512 0.695477 2988.843 1.765966
COST 65536 8192 2 8 5.50 0.01 512 0.845641 4257.453 1.780866
COST 65536 16384 2 8 5.50 0.01 512 0.940341 5226.412 1.245931
COST 65536 32768 2 8 5.50 0.01 512 1.000000 5902.169 1.000000
COST 65536 1024 2 8 5.50 0.01 512 0.244563 673.187 2.509339
COST 65536 2048 2 8 5.50 0.01 512 0.588090 1638.224 2.552034
COST 65536 4096 2 8 5.50 0.01 512 0.805806 2730.001 2.446525
COST 65536 8192 2 8 5.50 0.01 512 0.916720 3481.998 1.614654
COST 65536 16384 2 8 5.50 0.01 512 0.972240 3909.418 0.749155
COST 65536 32768 2 8 5.50 0.01 512 1.000000 4134.919 1.000000
COST 65536 1024 2 8 5.50 0.01 512 0.334013 728.024 2.454466
COST 65536 2048 2 8 5.50 0.01 512 0.698486 1650.915 2.487916
COST 65536 4096 2 8 5.50 0.01 512 0.883550 2471.828 1.525825
COST 65536 8192 2 8 5.50 0.01 512 0.958438 2893.214 0.538060
COST 65536 16384 2 8 5.50 0.01 512 0.988192 3074.351 0.496784
COST 65536 32768 2 8 5.50 0.01 512 1.000000 3148.158 1.000000
COST 65536 1024 2 8 6.00 0.0001 512 0.101302 580.541 0.721511
COST 65536 2048 2 8 6.00 0.0001 512 0.330474 1566.336 0.755348
COST 65536 4096 2 8 6.00 0.0001 512 0.556802 3216.549 0.775173
COST 65536 8192 2 8 6.00 0.0001 512 0.739552 5202.429 0.806130
COST 65536 16384 2 8 6.00 0.0001 512 0.884751 7255.222 0.880227
COST 65536 32768 2 8 6.00 0.0001 512 1.000000 9194.355 1.000000
COST 65536 1024 2 8 6.00 0.0001 512 0.165385 624.216 1.337301
COST 65536 2048 2 8 6.00 0.0001 512 0.461344 1609.558 1.387736
COST 65536 4096 2 8 6.00 0.0001 512 0.695477 2988.843 1.389169
COST 65536 8192 2 8 6.00 0.0001 512 0.845641 4257.453 1.435034
COST 65536 16384 2 8 6.00 0.0001 512 0.940341 5226.412 1.480478
COST 65536 32768 2 8 6.00 0.0001 512 1.000000 5902.169 1.000000
COST 65536 1024 2 8 6.00 0.0001 512 0.244563 673.187 2.360878
COST 65536 2048 2 8 6.00 0.0001 512 0.588090 1638.224 2.415864
COST 65536 4096 2 8 6.00 0.0001 512 0.805806 2730.001 2.440354
COST 65536 8192 2 8 6.00 0.0001 512 0.916720 3481.998 2.201653
COST 65536 16384 2 8 6.00 0.0001 512 0.972240 3909.418 1.004033
COST 65536 32768 2 8 6.00 0.0001 512 1.000000 4134.919 1.000000
COST 65536 1024 2 8 6.00 0.0001 512 0.334013 728.024 2.582972
COST 65536 2048 2 8 6.00 0.0001 512 0.698486 1650.915 2.641186
COST 65536 4096 2 8 6.00 0.0001 512 0.883550 2471.828 2.519541
COST 65536 8192 2 8 6.00 0.0001 512 0.958438 2893.214 0.815678
COST 65536 16384 2 8 6.00 0.0001 512 0.988192 3074.351 0.528703
COST 65536 32768 2 8 6.00 0.0001 512 1.000000 3148.158 1.000000
COST 65536 1024 2 8 6.00 0.001 512 0.101302 580.541 0.803340
COST 65536 2048 2 8 6.00 0.001 512 0.330474 1566.336 0.819762
COST 65536 4096 2 8 6.00 0.001 512 0.556802 3216.549 0.867170
COST 65536 8192 2 8 6.00 0.001 512 0.739552 5202.429 0.873851
COST 65536 16384 2 8 6.00 0.001 512 0.884751 7255.222 0.973581
COST 65536 32768 2 8 6.00 0.001 512 1.000000 9194.355 1.000000
COST 65536 1024 2 8 6.00 0.001 512 0.165385 624.216 1.927717
COST 65536 2048 2 8 6.00 0.001 512 0.461344 1609.558 1.970504
COST 65536 4096 2 8 6.00 0.001 512 0.695477 2988.843 2.004743
COST 65536 8192 2 8 6.00 0.001 512 0.845641 4257.453 2.118184
COST 65536 16384 2 8 6.00 0.001 512 0.940341 5226.412 1.385315
COST 65536 32768 2 8 6.00 0.001 512 1.000000 5902.169 1.000000
COST 65536 1024 2 8 6.00 0.001 512 0.244563 673.187 2.446247
COST 65536 2048 2 8 6.00 0.001 512 0.588090 1638.224 2.511744
COST 65536 4096 2 8 6.00 0.001 512 0.805806 2730.001 2.563336
COST 65536 8192 2 8 6.00 0.001 512 0.916720 3481.998 1.265431
COST 65536 16384 2 8 6.00 0.001 512 0.972240 3909.418 0.569145
COST 65536 32768 2 8 6.00 0.001 512 1.000000 4134.919 1.000000
COST 65536 1024 2 8 6.00 0.001 512 0.334013 728.024 2.479197
COST 65536 2048 2 8 6.00 0.001 512 0.698486 1650.915 2.457155
COST 65536 4096 2 8 6.00 0.001 512 0.883550 2471.828 1.526458
COST 65536 8192 2 8 6.00 0.001 512 0.958438 2893.214 0.405435
COST 65536 16384 2 8 6.00 0.001 512 0.988192 3074.351 0.436745
COST 65536 32768 2 8 6.00 0.001 512 1.000000 3148.158 1.000000
COST 65536 1024 2 8 6.00 0.01 512 0.101302 580.541 1.451656
COST 65536 2048 2 8 6.00 0.01 512 0.330474 1566.336 1.510131
COST 65536 4096 2 8 6.00 0.01 512 0.556802 3216.549 1.582622
COST 65536 8192 2 8 6.00 0.01 512 0.739552 5202.429 1.646249
COST 65536 16384 2 8 6.00 0.01 512 0.884751 7255.222 1.314336
COST 65536 32768 2 8 6.00 0.01 512 1.000000 9194.355 1.000000
COST 65536 1024 2 8 6.00 0.01 512 0.165385 624.216 2.438969
COST 65536 2048 2 8 6.00 0.01 512 0.461344 1609.558 2.534805
COST 65536 4096 2 8 6.00 0.01 512 0.695477 2988.843 2.536733
COST 65536 8192 2 8 6.00 0.01 512 0.845641 4257.453 1.854908
COST 65536 16384 2 8 6.00 0.01 512 0.940341 5226.412 0.765354
COST 65536 32768 2 8 6.00 0.01 512 1.000000 5902.169 1.000000
COST 65536 1024 2 8 6.00 0.01 512 0.244563 673.187 2.442527
COST 65536 2048 2 8 6.00 0.01 512 0.588090 1638.224 2.585155
COST 65536 4096 2 8 6.00 0.01 512 0.805806 2730.001 1.628630
COST 65536 8192 2 8 6.00 0.01 512 0.916720 3481.998 0.477966
COST 65536 16384 2 8 6.00 0.01 512 0.972240 3909.418 0.455917
COST 65536 32768 2 8 6.00 0.01 512 1.000000 4134.919 1.000000
COST 65536 1024 2 8 6.00 0.01 512 0.334013 728.024 2.546997
COST 65536 2048 2 8 6.00 0.01 512 0.698486 1650.915 2.443954
COST 65536 4096 2 8 6.00 0.01 512 0.883550 2471.828 0.497596
COST 65536 8192 2 8 6.00 0.01 512 0.958438 2893.214 0.240279
COST 65536 16384 2 8 6.00 0.01 512 0.988192 3074.351 0.430972
COST 65536 32768 2 8 6.00 0.01 512 1.000000 3148.158 1.000000
COST 65536 1024 2 8 6.50 0.0001 512 0.101302 580.541 0.988680
COST 65536 2048 2 8 6.50 0.0001 512 0.330474 1566.336 1.018892
COST 65536 4096 2 8 6.50 0.0001 512 0.556802 3216.549 1.025020
COST 65536 8192 2 8 6.50 0.0001 512 0.739552 5202.429 1.096282
COST 65536 16384 2 8 6.50 0.0001 512 0.884751 7255.222 1.196605
COST 65536 32768 2 8 6.50 0.0001 512 1.000000 9194.355 1.000000
COST 65536 1024 2 8 6.50 0.0001 512 0.165385 624.216 2.363852
COST 65536 2048 2 8 6.50 0.0001 512 0.461344 1609.558 2.364024
COST 65536 4096 2 8 6.50 0.0001 512 0.695477 2988.843 2.382247
COST 65536 8192 2 8 6.50 0.0001 512 0.845641 4257.453 2.455872
COST 65536 16384 2 8 6.50 0.0001 512 0.940341 5226.412 1.430591
COST 65536 32768 2 8 6.50 0.0001 512 1.000000 5902.169 1.000000
COST 65536 1024 2 8 6.50 0.0001 512 0.244563 673.187 2.470178
COST 65536 2048 2 8 6.50 0.0001 512 0.588090 1638.224 2.467573
COST 65536 4096 2 8 6.50 0.0001 512 0.805806 2730.001 2.548031
COST 65536 8192 2 8 6.50 0.0001 512 0.916720 3481.998 0.989757
COST 65536 16384 2 8 6.50 0.0001 512 0.972240 3909.418 0.471957
COST 65536 32768 2 8 6.50 0.0001 512 1.000000 4134.919 1.000000
COST 65536 1024 2 8 6.50 0.0001 512 0.334013 728.024 2.491935
COST 65536 2048 2 8 6.50 0.0001 512 0.698486 1650.915 2.519718
COST 65536 4096 2 8 6.50 0.0001 512 0.883550 2471.828 1.243793
COST 65536 8192 2 8 6.50 0.0001 512 0.958438 2893.214 0.306800
COST 65536 16384 2 8 6.50 0.0001 512 0.988192 3074.351 0.426612
COST 65536 32768 2 8 6.50 0.0001 512 1.000000 3148.158 1.000000
COST 65536 1024 2 8 6.50 0.001 512 0.101302 580.541 1.567868
COST 65536 2048 2 8 6.50 0.001 512 0.330474 1566.336 1.663784
COST 65536 4096 2 8 6.50 0.001 512 0.556802 3216.549 1.668900
COST 65536 8192 2 8 6.50 0.001 512 0.739552 5202.429 1.750623
COST 65536 16384 2 8 6.50 0.001 512 0.884751 7255.222 1.672257
COST 65536 32768 2 8 6.50 0.001 512 1.000000 9194.355 1.000000
COST 65536 1024 2 8 6.50 0.001 512 0.165385 624.216 2.589965
COST 65536 2048 2 8 6.50 0.001 512 0.461344 1609.558 2.639845
COST 65536 4096 2 8 6.50 0.001 512 0.695477 2988.843 2.633781
COST 65536 8192 2 8 6.50 0.001 512 0.845641 4257.453 2.060776
COST 65536 16384 2 8 6.50 0.001 512 0.940341 5226.412 0.736305
COST 65536 32768 2 8 6.50 0.001 512 1.000000 5902.169 1.000000
COST 65536 1024 2 8 6.50 0.001 512 0.244563 673.187 2.531393
COST 65536 2048 2 8 6.50 0.001 512 0.588090 1638.224 2.587797
COST 65536 4096 2 8 6.50 0.001 512 0.805806 2730.001 2.010916
COST 65536 8192 2 8 6.50 0.001 512 0.916720 3481.998 0.440606
COST 65536 16384 2 8 6.50 0.001 512 0.972240 3909.418 0.446210
COST 65536 32768 2 8 6.50 0.001 512 1.000000 4134.919 1.000000
COST 65536 1024 2 8 6.50 0.001 512 0.334013 728.024 2.486318
COST 65536 2048 2 8 6.50 0.001 512 0.698486 1650.915 2.536846
COST 65536 4096 2 8 6.50 0.001 512 0.883550 2471.828 0.489228
COST 65536 8192 2 8 6.50 0.001 512 0.958438 2893.214 0.233588
COST 65536 16384 2 8 6.50 0.001 512 0.988192 3074.351 0.432579
COST 65536 32768 2 8 6.50 0.001 512 1.000000 3148.158 1.000000
COST 65536 1024 2 8 6.50 0.01 512 0.101302 580.541 2.422718
COST 65536 2048 2 8 6.50 0.01 512 0.330474 1566.336 2.493890
COST 65536 4096 2 8 6.50 0.01 512 0.556802 3216.549 2.507174
COST 65536 8192 2 8 6.50 0.01 512 0.739552 5202.429 2.404294
COST 65536 16384 2 8 6.50 0.01 512 0.884751 7255.222 1.031987
COST 65536 32768 2 8 6.50 0.01 512 1.000000 9194.355 1.000000
COST 65536 1024 2 8 6.50 0.01 512 0.165385 624.216 2.695574
COST 65536 2048 2 8 6.50 0.01 512 0.461344 1609.558 2.687345
COST 65536 4096 2 8 6.50 0.01 512 0.695477 2988.843 2.281850
COST 65536 8192 2 8 6.50 0.01 512 0.845641 4257.453 0.692450
COST 65536 16384 2 8 6.50 0.01 512 0.940341 5226.412 0.484011
COST 65536 32768 2 8 6.50 0.01 512 1.000000 5902.169 1.000000
COST 65536 1024 2 8 6.50 0.01 512 0.244563 673.187 2.575436
COST 65536 2048 2 8 6.50 0.01 512 0.588090 1638.224 2.510297
COST 65536 4096 2 8 6.50 0.01 512 0.805806 2730.001 0.508675
COST 65536 8192 2 8 6.50 0.01 512 0.916720 3481.998 0.273115
COST 65536 16384 2 8 6.50 0.01 512 0.972240 3909.418 0.462553
COST 65536 32768 2 8 6.50 0.01 512 1.000000 4134.919 1.000000
COST 65536 1024 2 8 6.50 0.01 512 0.334013 728.024 2.532790
COST 65536 2048 2 8 6.50 0.01 512 0.698486 1650.915 1.484764
COST 65536 4096 2 8 6.50 0.01 512 0.883550 2471.828 0.206138
COST 65536 8192 2 8 6.50 0.01 512 0.958438 2893.214 0.233321
COST 65536 16384 2 8 6.50 0.01 512 0.988192 3074.351 0.445137
COST 65536 32768 2 8 6.50 0.01 512 1.000000 3148.158 1.000000
COST 8192 256 2 8 5.00 0.0001 512 0.329874 195.369 0.694038
COST 8192 512 2 8 5.00 0.0001 512 0.556559 401.781 0.690798
COST 8192 1024 2 8 5.00 0.0001 512 0.739463 650.145 0.708997
COST 8192 2048 2 8 5.00 0.0001 512 0.884725 906.825 0.859740
COST 8192 4096 2 8 5.00 0.0001 512 1.000000 1149.259 1.000000
COST 8192 256 2 8 5.00 0.0001 512 0.460649 200.798 0.796379
COST 8192 512 2 8 5.00 0.0001 512 0.695251 373.393 0.824422
COST 8192 1024 2 8 5.00 0.0001 512 0.845574 532.095 0.842349
COST 8192 2048 2 8 5.00 0.0001 512 0.940325 653.270 0.949999
COST 8192 4096 2 8 5.00 0.0001 512 1.000000 737.761 1.000000
COST 8192 256 2 8 5.00 0.0001 512 0.587370 204.420 1.444612
COST 8192 512 2 8 5.00 0.0001 512 0.805619 341.105 1.454628
COST 8192 1024 2 8 5.00 0.0001 512 0.916676 435.206 1.432357
COST 8192 2048 2 8 5.00 0.0001 512 0.972231 488.665 1.156428
COST 8192 4096 2 8 5.00 0.0001 512 1.000000 516.862 1.000000
COST 8192 256 2 8 5.00 0.0001 512 0.697808 206.055 2.022159
COST 8192 512 2 8 5.00 0.0001 512 0.883410 308.885 2.027069
COST 8192 1024 2 8 5.00 0.0001 512 0.958411 361.631 1.272964
COST 8192 2048 2 8 5.00 0.0001 512 0.988187 384.289 0.851506
COST 8192 4096 2 8 5.00 0.0001 512 1.000000 393.519 1.000000
COST 8192 256 2 8 5.00 0.001 512 0.329874 195.369 0.713431
COST 8192 512 2 8 5.00 0.001 512 0.556559 401.781 0.723864
COST 8192 1024 2 8 5.00 0.001 512 0.739463 650.145 0.758486
COST 8192 2048 2 8 5.00 0.001 512 0.884725 906.825 0.888866
COST 8192 4096 2 8 5.00 0.001 512 1.000000 1149.259 1.000000
COST 8192 256 2 8 5.00 0.001 512 0.460649 200.798 1.067289
COST 8192 512 2 8 5.00 0.001 512 0.695251 373.393 1.060343
COST 8192 1024 2 8 5.00 0.001 512 0.845574 532.095 1.079926
COST 8192 2048 2 8 5.00 0.001 512 0.940325 653.270 1.097147
COST 8192 4096 2 8 5.00 0.001 512 1.000000 737.761 1.000000
COST 8192 256 2 8 5.00 0.001 512 0.587370 204.420 1.784356
COST 8192 512 2 8 5.00 0.001 512 0.805619 341.105 1.841096
COST 8192 1024 2 8 5.00 0.001 512 0.916676 435.206 1.485029
COST 8192 2048 2 8 5.00 0.001 512 0.972231 488.665 0.973506
COST 8192 4096 2 8 5.00 0.001 512 1.000000 516.862 1.000000
COST 8192 256 2 8 5.00 0.001 512 0.697808 206.055 2.105289
COST 8192 512 2 8 5.00 0.001 512 0.883410 308.885 1.727070
COST 8192 1024 2 8 5.00 0.001 512 0.958411 361.631 0.816814
COST 8192 2048 2 8 5.00 0.001 512 0.988187 384.289 0.657637
COST 8192 4096 2 8 5.00 0.001 512 1.000000 393.519 1.000000
COST 8192 256 2 8 5.00 0.01 512 0.329874 195.369 0.869243
COST 8192 512 2 8 5.00 0.01 512 0.556559 401.781 0.882709
COST 8192 1024 2 8 5.00 0.01 512 0.739463 650.145 0.942477
COST 8192 2048 2 8 5.00 0.01 512 0.884725 906.825 1.000786
COST 8192 4096 2 8 5.00 0.01 512 1.000000 1149.259 1.000000
COST 8192 256 2 8 5.00 0.01 512 0.460649 200.798 1.546073
COST 8192 512 2 8 5.00 0.01 512 0.695251 373.393 1.563575
COST 8192 1024 2 8 5.00 0.01 512 0.845574 532.095 1.409351
COST 8192 2048 2 8 5.00 0.01 512 0.940325 653.270 0.930606
COST 8192 4096 2 8 5.00 0.01 512 1.000000 737.761 1.000000
COST 8192 256 2 8 5.00 0.01 512 0.587370 204.420 2.075453
COST 8192 512 2 8 5.00 0.01 512 0.805619 341.105 1.613196
COST 8192 1024 2 8 5.00 0.01 512 0.916676 435.206 0.779152
COST 8192 2048 2 8 5.00 0.01 512 0.972231 488.665 0.689697
COST 8192 4096 2 8 5.00 0.01 512 1.000000 516.862 1.000000
COST 8192 256 2 8 5.00 0.01 512 0.697808 206.055 2.130397
COST 8192 512 2 8 5.00 0.01 512 0.883410 308.885 0.865036
COST 8192 1024 2 8 5.00 0.01 512 0.958411 361.631 0.306287
COST 8192 2048 2 8 5.00 0.01 512 0.988187 384.289 0.523174
COST 8192 4096 2 8 5.00 0.01 512 1.000000 393.519 1.000000
COST 8192 256 2 8 5.50 0.0001 512 0.329874 195.369 0.724527
COST 8192 512 2 8 5.50 0.0001 512 0.556559 401.781 0.740096
COST 8192 1024 2 8 5.50 0.0001 512 0.739463 650.145 0.755703
COST 8192 2048 2 8 5.50 0.0001 512 0.884725 906.825 0.879973
COST 8192 4096 2 8 5.50 0.0001 512 1.000000 1149.259 1.000000
COST 8192 256 2 8 5.50 0.0001 512 0.460649 200.798 1.452471
COST 8192 512 2 8 5.50 0.0001 512 0.695251 373.393 1.513271
COST 8192 1024 2 8 5.50 0.0001 512 0.845574 532.095 1.532873
COST 8192 2048 2 8 5.50 0.0001 512 0.940325 653.270 1.420024
COST 8192 4096 2 8 5.50 0.0001 512 1.000000 737.761 1.000000
COST 8192 256 2 8 5.50 0.0001 512 0.587370 204.420 2.033238
COST 8192 512 2 8 5.50 0.0001 512 0.805619 341.105 2.108963
COST 8192 1024 2 8 5.50 0.0001 512 0.916676 435.206 1.394634
COST 8192 2048 2 8 5.50 0.0001 512 0.972231 488.665 0.783841
COST 8192 4096 2 8 5.50 0.0001 512 1.000000 516.862 1.000000
COST 8192 256 2 8 5.50 0.0001 512 0.697808 206.055 2.273317
COST 8192 512 2 8 5.50 0.0001 512 0.883410 308.885 1.672252
COST 8192 1024 2 8 5.50 0.0001 512 0.958411 361.631 0.444663
COST 8192 2048 2 8 5.50 0.0001 512 0.988187 384.289 0.528843
COST 8192 4096 2 8 5.50 0.0001 512 1.000000 393.519 1.000000
COST 8192 256 2 8 5.50 0.001 512 0.329874 195.369 0.924283
COST 8192 512 2 8 5.50 0.001 512 0.556559 401.781 0.918379
COST 8192 1024 2 8 5.50 0.001 512 0.739463 650.145 0.940905
COST 8192 2048 2 8 5.50 0.001 512 0.884725 906.825 1.084947
COST 8192 4096 2 8 5.50 0.001 512 1.000000 1149.259 1.000000
COST 8192 256 2 8 5.50 0.001 512 0.460649 200.798 1.798390
COST 8192 512 2 8 5.50 0.001 512 0.695251 373.393 1.798999
COST 8192 1024 2 8 5.50 0.001 512 0.845574 532.095 1.638700
COST 8192 2048 2 8 5.50 0.001 512 0.940325 653.270 1.005924
COST 8192 4096 2 8 5.50 0.001 512 1.000000 737.761 1.000000
COST 8192 256 2 8 5.50 0.001 512 0.587370 204.420 2.227530
COST 8192 512 2 8 5.50 0.001 512 0.805619 341.105 1.919987
COST 8192 1024 2 8 5.50 0.001 512 0.916676 435.206 0.685567
COST 8192 2048 2 8 5.50 0.001 512 0.972231 488.665 0.611887
COST 8192 4096 2 8 5.50 0.001 512 1.000000 516.862 1.000000
COST 8192 256 2 8 5.50 0.001 512 0.697808 206.055 2.258946
COST 8192 512 2 8 5.50 0.001 512 0.883410 308.885 0.824268
COST 8192 1024 2 8 5.50 0.001 512 0.958411 361.631 0.252171
COST 8192 2048 2 8 5.50 0.001 512 0.988187 384.289 0.526021
COST 8192 4096 2 8 5.50 0.001 512 1.000000 393.519 1.000000
COST 8192 256 2 8 5.50 0.01 512 0.329874 195.369 1.522520
COST 8192 512 2 8 5.50 0.01 512 0.556559 401.781 1.534947
COST 8192 1024 2 8 5.50 0.01 512 0.739463 650.145 1.862962
COST 8192 2048 2 8 5.50 0.01 512 0.884725 906.825 1.049136
COST 8192 4096 2 8 5.50 0.01 512 1.000000 1149.259 1.000000
COST 8192 256 2 8 5.50 0.01 512 0.460649 200.798 2.173349
COST 8192 512 2 8 5.50 0.01 512 0.695251 373.393 1.919004
COST 8192 1024 2 8 5.50 0.01 512 0.845574 532.095 0.948475
COST 8192 2048 2 8 5.50 0.01 512 0.940325 653.270 0.676631
COST 8192 4096 2 8 5.50 0.01 512 1.000000 737.761 1.000000
COST 8192 256 2 8 5.50 0.01 512 0.587370 204.420 2.234789
COST 8192 512 2 8 5.50 0.01 512 0.805619 341.105 0.794462
COST 8192 1024 2 8 5.50 0.01 512 0.916676 435.206 0.278095
COST 8192 2048 2 8 5.50 0.01 512 0.972231 488.665 0.517781
COST 8192 4096 2 8 5.50 0.01 512 1.000000 516.862 1.000000
COST 8192 256 2 8 5.50 0.01 512 0.697808 206.055 1.561392
COST 8192 512 2 8 5.50 0.01 512 0.883410 308.885 0.251091
COST 8192 1024 2 8 5.50 0.01 512 0.958411 361.631 0.171198
COST 8192 2048 2 8 5.50 0.01 512 0.988187 384.289 0.513645
COST 8192 4096 2 8 5.50 0.01 512 1.000000 393.519 1.000000
COST 8192 256 2 8 6.00 0.0001 512 0.329874 195.369 1.185649
COST 8192 512 2 8 6.00 0.0001 512 0.556559 401.781 1.109889
COST 8192 1024 2 8 6.00 0.0001 512 0.739463 650.145 1.195723
COST 8192 2048 2 8 6.00 0.0001 512 0.884725 906.825 1.295807
COST 8192 4096 2 8 6.00 0.0001 512 1.000000 1149.259 1.000000
COST 8192 256 2 8 6.00 0.0001 512 0.460649 200.798 2.015706
COST 8192 512 2 8 6.00 0.0001 512 0.695251 373.393 2.120001
COST 8192 1024 2 8 6.00 0.0001 512 0.845574 532.095 1.834801
COST 8192 2048 2 8 6.00 0.0001 512 0.940325 653.270 0.970136
COST 8192 4096 2 8 6.00 0.0001 512 1.000000 737.761 1.000000
COST 8192 256 2 8 6.00 0.0001 512 0.587370 204.420 2.211176
COST 8192 512 2 8 6.00 0.0001 512 0.805619 341.105 1.868386
COST 8192 1024 2 8 6.00 0.0001 512 0.916676 435.206 0.556793
COST 8192 2048 2 8 6.00 0.0001 512 0.972231 488.665 0.577986
COST 8192 4096 2 8 6.00 0.0001 512 1.000000 516.862 1.000000
COST 8192 256 2 8 6.00 0.0001 512 0.697808 206.055 2.407037
COST 8192 512 2 8 6.00 0.0001 512 0.883410 308.885 0.717828
COST 8192 1024 2 8 6.00 0.0001 512 0.958411 361.631 0.190125
COST 8192 2048 2 8 6.00 0.0001 512 0.988187 384.289 0.529036
COST 8192 4096 2 8 6.00 0.0001 512 1.000000 393.519 1.000000
COST 8192 256 2 8 6.00 0.001 512 0.329874 195.369 1.555922
COST 8192 512 2 8 6.00 0.001 512 0.556559 401.781 1.595403
COST 8192 1024 2 8 6.00 0.001 512 0.739463 650.145 1.619167
COST 8192 2048 2 8 6.00 0.001 512 0.884725 906.825 1.319650
COST 8192 4096 2 8 6.00 0.001 512 1.000000 1149.259 1.000000
COST 8192 256 2 8 6.00 0.001 512 0.460649 200.798 2.210158
COST 8192 512 2 8 6.00 0.001 512 0.695251 373.393 2.162292
COST 8192 1024 2 8 6.00 0.001 512 0.845574 532.095 1.072405
COST 8192 2048 2 8 6.00 0.001 512 0.940325 653.270 0.685289
COST 8192 4096 2 8 6.00 0.001 512 1.000000 737.761 1.000000
COST 8192 256 2 8 6.00 0.001 512 0.587370 204.420 2.501692
COST 8192 512 2 8 6.00 0.001 512 0.805619 341.105 1.059438
COST 8192 1024 2 8 6.00 0.001 512 0.916676 435.206 0.247481
COST 8192 2048 2 8 6.00 0.001 512 0.972231 488.665 0.533072
COST 8192 4096 2 8 6.00 0.001 512 1.000000 516.862 1.000000
COST 8192 256 2 8 6.00 0.001 512 0.697808 206.055 1.893290
COST 8192 512 2 8 6.00 0.001 512 0.883410 308.885 0.250129
COST 8192 1024 2 8 6.00 0.001 512 0.958411 361.631 0.147091
COST 8192 2048 2 8 6.00 0.001 512 0.988187 384.289 0.509593
COST 8192 4096 2 8 6.00 0.001 512 1.000000 393.519 1.000000
COST 8192 256 2 8 6.00 0.01 512 0.329874 195.369 2.075795
COST 8192 512 2 8 6.00 0.01 512 0.556559 401.781 2.098924
COST 8192 1024 2 8 6.00 0.01 512 0.739463 650.145 1.434943
COST 8192 2048 2 8 6.00 0.01 512 0.884725 906.825 0.772354
COST 8192 4096 2 8 6.00 0.01 512 1.000000 1149.259 1.000000
COST 8192 256 2 8 6.00 0.01 512 0.460649 200.798 2.335984
COST 8192 512 2 8 6.00 0.01 512 0.695251 373.393 1.229427
COST 8192 1024 2 8 6.00 0.01 512 0.845574 532.095 0.357960
COST 8192 2048 2 8 6.00 0.01 512 0.940325 653.270 0.537320
COST 8192 4096 2 8 6.00 0.01 512 1.000000 737.761 1.000000
COST 8192 256 2 8 6.00 0.01 512 0.587370 204.420 1.725891
COST 8192 512 2 8 6.00 0.01 512 0.805619 341.105 0.256775
COST 8192 1024 2 8 6.00 0.01 512 0.916676 435.206 0.161118
COST 8192 2048 2 8 6.00 0.01 512 0.972231 488.665 0.493666
COST 8192 4096 2 8 6.00 0.01 512 1.000000 516.862 1.000000
COST 8192 256 2 8 6.00 0.01 512 0.697808 206.055 0.662491
COST 8192 512 2 8 6.00 0.01 512 0.883410 308.885 0.093413
COST 8192 1024 2 8 6.00 0.01 512 0.958411 361.631 0.129547
COST 8192 2048 2 8 6.00 0.01 512 0.988187 384.289 0.489855
COST 8192 4096 2 8 6.00 0.01 512 1.000000 393.519 1.000000
COST 8192 256 2 8 6.50 0.0001 512 0.329874 195.369 1.776151
COST 8192 512 2 8 6.50 0.0001 512 0.556559 401.781 1.837399
COST 8192 1024 2 8 6.50 0.0001 512 0.739463 650.145 1.879006
COST 8192 2048 2 8 6.50 0.0001 512 0.884725 906.825 1.445749
COST 8192 4096 2 8 6.50 0.0001 512 1.000000 1149.259 1.000000
COST 8192 256 2 8 6.50 0.0001 512 0.460649 200.798 2.213955
COST 8192 512 2 8 6.50 0.0001 512 0.695251 373.393 2.149460
COST 8192 1024 2 8 6.50 0.0001 512 0.845574 532.095 0.909844
COST 8192 2048 2 8 6.50 0.0001 512 0.940325 653.270 0.652796
COST 8192 4096 2 8 6.50 0.0001 512 1.000000 737.761 1.000000
COST 8192 256 2 8 6.50 0.0001 512 0.587370 204.420 2.368880
COST 8192 512 2 8 6.50 0.0001 512 0.805619 341.105 0.909411
COST 8192 1024 2 8 6.50 0.0001 512 0.916676 435.206 0.220231
COST 8192 2048 2 8 6.50 0.0001 512 0.972231 488.665 0.513030
COST 8192 4096 2 8 6.50 0.0001 512 1.000000 516.862 1.000000
COST 8192 256 2 8 6.50 0.0001 512 0.697808 206.055 1.915895
COST 8192 512 2 8 6.50 0.0001 512 0.883410 308.885 0.196454
COST 8192 1024 2 8 6.50 0.0001 512 0.958411 361.631 0.138020
COST 8192 2048 2 8 6.50 0.0001 512 0.988187 384.289 0.498747
COST 8192 4096 2 8 6.50 0.0001 512 1.000000 393.519 1.000000
COST 8192 256 2 8 6.50 0.001 512 0.329874 195.369 2.157475
COST 8192 512 2 8 6.50 0.001 512 0.556559 401.781 2.164776
COST 8192 1024 2 8 6.50 0.001 512 0.739463 650.145 1.755897
COST 8192 2048 2 8 6.50 0.001 512 0.884725 906.825 0.884194
COST 8192 4096 2 8 6.50 0.001 512 1.000000 1149.259 1.000000
COST 8192 256 2 8 6.50 0.001 512 0.460649 200.798 2.435844
COST 8192 512 2 8 6.50 0.001 512 0.695251 373.393 1.648957
COST 8192 1024 2 8 6.50 0.001 512 0.845574 532.095 0.387612
COST 8192 2048 2 8 6.50 0.001 512 0.940325 653.270 0.556203
COST 8192 4096 2 8 6.50 0.001 512 1.000000 737.761 1.000000
COST 8192 256 2 8 6.50 0.001 512 0.587370 204.420 2.220256
COST 8192 512 2 8 6.50 0.001 512 0.805619 341.105 0.372400
COST 8192 1024 2 8 6.50 0.001 512 0.916676 435.206 0.154154
COST 8192 2048 2 8 6.50 0.001 512 0.972231 488.665 0.490245
COST 8192 4096 2 8 6.50 0.001 512 1.000000 516.862 1.000000
COST 8192 256 2 8 6.50 0.001 512 0.697808 206.055 0.891030
COST 8192 512 2 8 6.50 0.001 512 0.883410 308.885 0.090796
COST 8192 1024 2 8 6.50 0.001 512 0.958411 361.631 0.122679
COST 8192 2048 2 8 6.50 0.001 512 0.988187 384.289 0.508682
COST 8192 4096 2 8 6.50 0.001 512 1.000000 393.519 1.000000
COST 8192 256 2 8 6.50 0.01 512 0.329874 195.369 2.303944
COST 8192 512 2 8 6.50 0.01 512 0.556559 401.781 2.010300
COST 8192 1024 2 8 6.50 0.01 512 0.739463 650.145 0.674678
COST 8192 2048 2 8 6.50 0.01 512 0.884725 906.825 0.625556
COST 8192 4096 2 8 6.50 0.01 512 1.000000 1149.259 1.000000
COST 8192 256 2 8 6.50 0.01 512 0.460649 200.798 2.361487
COST 8192 512 2 8 6.50 0.01 512 0.695251 373.393 0.484117
COST 8192 1024 2 8 6.50 0.01 512 0.845574 532.095 0.209007
COST 8192 2048 2 8 6.50 0.01 512 0.940325 653.270 0.531005
COST 8192 4096 2 8 6.50 0.01 512 1.000000 737.761 1.000000
COST 8192 256 2 8 6.50 0.01 512 0.587370 204.420 0.918418
COST 8192 512 2 8 6.50 0.01 512 0.805619 341.105 0.087146
COST 8192 1024 2 8 6.50 0.01 512 0.916676 435.206 0.128208
COST 8192 2048 2 8 6.50 0.01 512 0.972231 488.665 0.508754
COST 8192 4096 2 8 6.50 0.01 512 1.000000 516.862 1.000000
COST 8192 256 2 8 6.50 0.01 512 0.697808 206.055 0.225858
COST 8192 512 2 8 6.50 0.01 512 0.883410 308.885 0.065168
COST 8192 1024 2 8 6.50 0.01 512 0.958411 361.631 0.122585
COST 8192 2048 2 8 6.50 0.01 512 0.988187 384.289 0.506391
COST 8192 4096 2 8 6.50 0.01 512 1.000000 393.519 1.000000
